status,age,truth,fitted_rate_sd,rate_variance_estimated,interval_status,interval_available,lower,upper,width,covered,fixed_target,truth_within_domain,full_domain,family,seed,optimizer_seed,target,method,actual_estimator,error
completed,20.956485678267978,20.0,0.07921791139044031,True,conditional-laplace,True,18.78001313450858,23.132958222027376,4.352945087518798,True,False,True,False,0,20261012,20261012,D,laplace,joint-map,
completed,20.956485678267978,20.0,0.07921791139044031,True,conditional-studentized-curvature,True,17.484582874197464,25.7318612302424,8.247278356044937,True,False,True,False,0,20261012,20261012,D,studentized,joint-map,
completed,20.956485678267978,20.0,0.07921791139044031,True,conditional-profile,True,18.97384041586147,23.352481848344336,4.3786414324828655,True,False,True,False,0,20261012,20261012,D,profile,joint-map,
completed,20.57044450782204,20.0,0.07834439840861984,True,conditional-laplace,True,18.480767013215672,22.660122002428405,4.179354989212733,True,False,True,False,1,20261013,20261013,D,laplace,joint-map,
completed,20.57044450782204,20.0,0.07834439840861984,True,conditional-studentized-curvature,True,17.236903659862367,25.15828031334713,7.921376653484764,True,False,True,False,1,20261013,20261013,D,studentized,joint-map,
completed,20.57044450782204,20.0,0.07834439840861984,True,conditional-profile,True,18.665253835723078,22.868795428979062,4.203541593255984,True,False,True,False,1,20261013,20261013,D,profile,joint-map,
completed,21.839661983561506,20.0,0.15685087012366405,True,conditional-laplace,True,18.247626336712198,25.431697630410813,7.184071293698615,True,False,True,False,2,20261014,20261014,D,laplace,joint-map,
completed,21.839661983561506,20.0,0.15685087012366405,True,conditional-studentized-curvature,True,16.565063434997803,30.319971065192355,13.754907630194552,True,False,True,False,2,20261014,20261014,D,studentized,joint-map,
completed,21.839661983561506,20.0,0.15685087012366405,True,conditional-profile,True,18.738283272612648,26.030918174702723,7.292634902090075,True,False,True,False,2,20261014,20261014,D,profile,joint-map,
completed,19.362339677213022,20.0,0.10827603869486203,True,conditional-laplace,True,17.119489804872558,21.605189549553483,4.485699744680925,True,False,True,False,3,20261015,20261015,D,laplace,joint-map,
completed,19.362339677213022,20.0,0.10827603869486203,True,conditional-studentized-curvature,True,15.913675435582357,24.47592293085405,8.562247495271693,True,False,True,False,3,20261015,20261015,D,studentized,joint-map,
completed,19.362339677213022,20.0,0.10827603869486203,True,conditional-profile,True,17.36093857225442,21.886410479562453,4.5254719073080345,True,False,True,False,3,20261015,20261015,D,profile,joint-map,
completed,20.056922907791378,20.0,0.0903899880159119,True,conditional-laplace,True,17.872429345324502,22.241416470258258,4.368987124933756,True,False,True,False,4,20261016,20261016,D,laplace,joint-map,
completed,20.056922907791378,20.0,0.0903899880159119,True,conditional-studentized-curvature,True,16.63086200778228,24.93603556897473,8.30517356119245,True,False,True,False,4,20261016,20261016,D,studentized,joint-map,
completed,20.056922907791378,20.0,0.0903899880159119,True,conditional-profile,True,18.084905769625163,22.484974390970677,4.400068621345515,True,False,True,False,4,20261016,20261016,D,profile,joint-map,
completed,20.793870382027286,20.0,0.10370438899260526,True,conditional-laplace,True,18.299170465843464,23.288570298211113,4.989399832367649,True,False,True,False,5,20261017,20261017,D,laplace,joint-map,
completed,20.793870382027286,20.0,0.10370438899260526,True,conditional-studentized-curvature,True,16.919522566441803,26.409069691766668,9.489547125324865,True,False,True,False,5,20261017,20261017,D,studentized,joint-map,
completed,20.793870382027286,20.0,0.10370438899260526,True,conditional-profile,True,18.559596764973662,23.59048865677673,5.030891891803069,True,False,True,False,5,20261017,20261017,D,profile,joint-map,
completed,19.788630616861777,20.0,0.11208665563321074,True,conditional-laplace,True,17.425127330485452,22.152133903238106,4.727006572752654,True,False,True,False,6,20261018,20261018,D,laplace,joint-map,
completed,19.788630616861777,20.0,0.11208665563321074,True,conditional-studentized-curvature,True,16.156770758081326,25.175146949986733,9.018376191905407,True,False,True,False,6,20261018,20261018,D,studentized,joint-map,
completed,19.788630616861777,20.0,0.11208665563321074,True,conditional-profile,True,17.682626609497195,22.45273144010117,4.770104830603977,True,False,True,False,6,20261018,20261018,D,profile,joint-map,
completed,19.040152735275655,20.0,0.10038197163091371,True,conditional-laplace,True,16.978653698443946,21.10165177210736,4.122998073663414,True,False,True,False,7,20261019,20261019,D,laplace,joint-map,
completed,19.040152735275655,20.0,0.10038197163091371,True,conditional-studentized-curvature,True,15.842280149108777,23.703416253919805,7.8611361048110275,True,False,True,False,7,20261019,20261019,D,studentized,joint-map,
completed,19.040152735275655,20.0,0.10038197163091371,True,conditional-profile,True,17.189431758109738,21.345071006993706,4.155639248883968,True,False,True,False,7,20261019,20261019,D,profile,joint-map,
completed,18.47933643987288,20.0,0.11362601802495842,True,conditional-laplace,True,16.368140788097225,20.590532091648534,4.2223913035513085,True,False,True,False,8,20261020,20261020,D,laplace,joint-map,
completed,18.47933643987288,20.0,0.11362601802495842,True,conditional-studentized-curvature,True,15.264245337507072,23.348685738195822,8.08444040068875,True,False,True,False,8,20261020,20261020,D,studentized,joint-map,
completed,18.47933643987288,20.0,0.11362601802495842,True,conditional-profile,True,16.6035551288555,20.866304823644697,4.262749694789196,True,False,True,False,8,20261020,20261020,D,profile,joint-map,
completed,19.344325155862876,20.0,0.0576997018887356,True,conditional-laplace,True,17.647814290200692,21.04083602152506,3.3930217313243674,True,False,True,False,9,20261021,20261021,D,laplace,joint-map,
completed,19.344325155862876,20.0,0.0576997018887356,True,conditional-studentized-curvature,True,16.608080806957158,23.036460217171197,6.428379410214038,True,False,True,False,9,20261021,20261021,D,studentized,joint-map,
completed,19.344325155862876,20.0,0.0576997018887356,True,conditional-profile,True,17.780462483793947,21.188570175073917,3.4081076912799695,True,False,True,False,9,20261021,20261021,D,profile,joint-map,
completed,20.185738286897212,20.0,0.11874570548226523,True,conditional-laplace,True,17.63843424747329,22.733042326321137,5.094608078847848,True,False,True,False,10,20261022,20261022,D,laplace,joint-map,
completed,20.185738286897212,20.0,0.11874570548226523,True,conditional-studentized-curvature,True,16.29559117076663,26.019625715244644,9.724034544478013,True,False,True,False,10,20261022,20261022,D,studentized,joint-map,
completed,20.185738286897212,20.0,0.11874570548226523,True,conditional-profile,True,17.926584633421903,23.07170676529789,5.145122131875986,True,False,True,False,10,20261022,20261022,D,profile,joint-map,
completed,22.40660873313172,20.0,0.07267377649134828,True,conditional-laplace,True,20.068388925280356,24.744828540983086,4.67643961570273,False,False,True,False,11,20261023,20261023,D,laplace,joint-map,
completed,22.40660873313172,20.0,0.07267377649134828,True,conditional-studentized-curvature,True,18.63508976158107,27.47167836979663,8.83658860821556,True,False,True,False,11,20261023,20261023,D,studentized,joint-map,
completed,22.40660873313172,20.0,0.07267377649134828,True,conditional-profile,True,20.266715104829363,24.968148697681908,4.7014335928525455,False,False,True,False,11,20261023,20261023,D,profile,joint-map,
completed,18.98123536411118,20.0,0.08599465589010198,True,conditional-laplace,True,17.086375771390713,20.876094956831643,3.78971918544093,True,False,True,False,12,20261024,20261024,D,laplace,joint-map,
completed,18.98123536411118,20.0,0.08599465589010198,True,conditional-studentized-curvature,True,16.00052409295344,23.209744742390548,7.209220649437107,True,False,True,False,12,20261024,20261024,D,studentized,joint-map,
completed,18.98123536411118,20.0,0.08599465589010198,True,conditional-profile,True,17.26386796154619,21.078363282522254,3.8144953209760644,True,False,True,False,12,20261024,20261024,D,profile,joint-map,
completed,19.41939888389121,20.0,0.0640100527566208,True,conditional-laplace,True,17.677070688130108,21.16172707965231,3.4846563915222006,True,False,True,False,13,20261025,20261025,D,laplace,joint-map,
completed,19.41939888389121,20.0,0.0640100527566208,True,conditional-studentized-curvature,True,16.61680287553731,23.220840641108307,6.604037765570997,True,False,True,False,13,20261025,20261025,D,studentized,joint-map,
completed,19.41939888389121,20.0,0.0640100527566208,True,conditional-profile,True,17.817316652130668,21.318463625962053,3.5011469738313856,True,False,True,False,13,20261025,20261025,D,profile,joint-map,
completed,18.887442112248113,20.0,0.05232858643081489,True,conditional-laplace,True,17.31858647940288,20.456297745093348,3.1377112656904664,True,False,True,False,14,20261026,20261026,D,laplace,joint-map,
completed,18.887442112248113,20.0,0.05232858643081489,True,conditional-studentized-curvature,True,16.348548435976596,22.29247898323127,5.9439305472546735,True,False,True,False,14,20261026,20261026,D,studentized,joint-map,
completed,18.887442112248113,20.0,0.05232858643081489,True,conditional-profile,True,17.435948970780174,20.586341521683043,3.1503925509028683,True,False,True,False,14,20261026,20261026,D,profile,joint-map,
completed,19.22534879045594,20.0,0.07806243934726848,True,conditional-laplace,True,17.33605190790151,21.114645673010365,3.7785937651088553,True,False,True,False,15,20261027,20261027,D,laplace,joint-map,
completed,19.22534879045594,20.0,0.07806243934726848,True,conditional-studentized-curvature,True,16.23675545459337,23.416661884353225,7.179906429759853,True,False,True,False,15,20261027,20261027,D,studentized,joint-map,
completed,19.22534879045594,20.0,0.07806243934726848,True,conditional-profile,True,17.506904842384753,21.308391144240826,3.801486301856073,True,False,True,False,15,20261027,20261027,D,profile,joint-map,
completed,20.928654954441015,20.0,0.11078996230204109,True,conditional-laplace,True,18.300196915694773,23.557112993187257,5.256916077492484,True,False,True,False,16,20261028,20261028,D,laplace,joint-map,
completed,20.928654954441015,20.0,0.11078996230204109,True,conditional-studentized-curvature,True,16.87645044279733,26.883747945967546,10.007297503170214,True,False,True,False,16,20261028,20261028,D,studentized,joint-map,
completed,20.928654954441015,20.0,0.11078996230204109,True,conditional-profile,True,18.586286190261752,23.89112909548257,5.304842905220816,True,False,True,False,16,20261028,20261028,D,profile,joint-map,
completed,20.539763034093376,20.0,0.15950817911981927,True,conditional-laplace,True,17.287086615980392,23.79243945220636,6.505352836225967,True,False,True,False,17,20261029,20261029,D,laplace,joint-map,
completed,20.539763034093376,20.0,0.15950817911981927,True,conditional-studentized-curvature,True,15.799281806023311,28.31247857439642,12.513196768373108,True,False,True,False,17,20261029,20261029,D,studentized,joint-map,
completed,20.539763034093376,20.0,0.15950817911981927,True,conditional-profile,True,17.73785314939047,24.34461363627044,6.6067604868799705,True,False,True,False,17,20261029,20261029,D,profile,joint-map,
completed,21.286232613044575,20.0,0.0762814023496431,True,conditional-laplace,True,19.09629549440596,23.476169731683182,4.379874237277221,True,False,True,False,18,20261030,20261030,D,laplace,joint-map,
completed,21.286232613044575,20.0,0.0762814023496431,True,conditional-studentized-curvature,True,17.777461369278132,26.06861535508979,8.291153985811658,True,False,True,False,18,20261030,20261030,D,studentized,joint-map,
completed,21.286232613044575,20.0,0.0762814023496431,True,conditional-profile,True,19.286868955896225,23.69137948642711,4.404510530530885,True,False,True,False,18,20261030,20261030,D,profile,joint-map,
completed,19.66936887209402,20.0,0.09355460288474654,True,conditional-laplace,True,17.572281196816206,21.76645654737183,4.194175350555625,True,False,True,False,19,20261031,20261031,D,laplace,joint-map,
completed,19.66936887209402,20.0,0.09355460288474654,True,conditional-studentized-curvature,True,16.38207076512088,24.35913219847276,7.9770614333518814,True,False,True,False,19,20261031,20261031,D,studentized,joint-map,
completed,19.66936887209402,20.0,0.09355460288474654,True,conditional-profile,True,17.77653177877788,22.000633572835344,4.224101794057464,True,False,True,False,19,20261031,20261031,D,profile,joint-map,
completed,19.21067395239662,20.0,0.12740978320446258,True,conditional-laplace,True,16.766510334261234,21.654837570532006,4.888327236270772,True,False,True,False,20,20261032,20261032,D,laplace,joint-map,
completed,19.21067395239662,20.0,0.12740978320446258,True,conditional-studentized-curvature,True,15.532448349561419,24.902893260439303,9.370444910877884,True,False,True,False,20,20261032,20261032,D,studentized,joint-map,
completed,19.21067395239662,20.0,0.12740978320446258,True,conditional-profile,True,17.058491086651117,22.00137354299603,4.942882456344915,True,False,True,False,20,20261032,20261032,D,profile,joint-map,
completed,21.80516730496233,20.0,0.020103091096217236,True,conditional-laplace,True,20.04078903410975,23.569545575814903,3.528756541705153,False,False,True,False,21,20261033,20261033,D,laplace,joint-map,
completed,21.80516730496233,20.0,0.020103091096217236,True,conditional-studentized-curvature,True,18.871475873931423,25.52336676903856,6.651890895107137,True,False,True,False,21,20261033,20261033,D,studentized,joint-map,
completed,21.80516730496233,20.0,0.020103091096217236,True,conditional-profile,True,20.15095903342154,23.68985979285697,3.538900759435432,False,False,True,False,21,20261033,20261033,D,profile,joint-map,
completed,19.72806451772246,20.0,0.08590635797764155,True,conditional-laplace,True,17.672052792455773,21.784076242989137,4.112023450533364,True,False,True,False,22,20261034,20261034,D,laplace,joint-map,
completed,19.72806451772246,20.0,0.08590635797764155,True,conditional-studentized-curvature,True,16.490091223374847,24.30477711562972,7.814685892254872,True,False,True,False,22,20261034,20261034,D,studentized,joint-map,
completed,19.72806451772246,20.0,0.08590635797764155,True,conditional-profile,True,17.865928568138905,22.00528179521641,4.139353227077503,True,False,True,False,22,20261034,20261034,D,profile,joint-map,
completed,18.76177768663481,20.0,0.042670911562097805,True,conditional-laplace,True,17.266886473573443,20.25666889969618,2.989782426122737,True,False,True,False,23,20261035,20261035,D,laplace,joint-map,
completed,18.76177768663481,20.0,0.042670911562097805,True,conditional-studentized-curvature,True,16.331194255156163,21.99173891657115,5.660544661414988,True,False,True,False,23,20261035,20261035,D,studentized,joint-map,
completed,18.76177768663481,20.0,0.042670911562097805,True,conditional-profile,True,17.372207307953737,20.37262600752679,3.0004186995730535,True,False,True,False,23,20261035,20261035,D,profile,joint-map,
completed,19.126520522165254,20.0,0.1751815625833417,True,conditional-laplace,True,16.065613545602382,22.187427498728127,6.121813953125745,True,False,True,False,24,20261036,20261036,D,laplace,joint-map,
completed,19.126520522165254,20.0,0.1751815625833417,True,conditional-studentized-curvature,True,14.776881381662758,26.66240985765861,11.885528475995851,True,False,True,False,24,20261036,20261036,D,studentized,joint-map,
completed,19.126520522165254,20.0,0.1751815625833417,True,conditional-profile,True,16.52280106381126,22.75740235447707,6.2346012906658075,True,False,True,False,24,20261036,20261036,D,profile,joint-map,
completed,19.85718220458894,20.0,0.09125247885157355,True,conditional-laplace,True,17.72921463516125,21.985149774016634,4.255935138855385,True,False,True,False,25,20261037,20261037,D,laplace,joint-map,
completed,19.85718220458894,20.0,0.09125247885157355,True,conditional-studentized-curvature,True,16.517474910239546,24.60876263234106,8.091287722101516,True,False,True,False,25,20261037,20261037,D,studentized,joint-map,
completed,19.85718220458894,20.0,0.09125247885157355,True,conditional-profile,True,17.934979197476334,22.220804492034105,4.285825294557771,True,False,True,False,25,20261037,20261037,D,profile,joint-map,
completed,19.741304812006927,20.0,0.0912363946354835,True,conditional-laplace,True,17.665316880798386,21.817292743215468,4.151975862417082,True,False,True,False,26,20261038,20261038,D,laplace,joint-map,
completed,19.741304812006927,20.0,0.0912363946354835,True,conditional-studentized-curvature,True,16.476519979755086,24.36872878959438,7.892208809839293,True,False,True,False,26,20261038,20261038,D,studentized,joint-map,
completed,19.741304812006927,20.0,0.0912363946354835,True,conditional-profile,True,17.863884438236106,22.044353475474626,4.18046903723852,True,False,True,False,26,20261038,20261038,D,profile,joint-map,
completed,21.96012832853315,20.0,0.14514509554743266,True,conditional-laplace,True,18.561691687254662,25.35856496981164,6.796873282556977,True,False,True,False,27,20261039,20261039,D,laplace,joint-map,
completed,21.96012832853315,20.0,0.14514509554743266,True,conditional-studentized-curvature,True,16.89033027520005,29.868434049941364,12.978103774741314,True,False,True,False,27,20261039,20261039,D,studentized,joint-map,
completed,21.96012832853315,20.0,0.14514509554743266,True,conditional-profile,True,18.998499177799573,25.885066125483238,6.886566947683665,True,False,True,False,27,20261039,20261039,D,profile,joint-map,
completed,21.071384811939346,20.0,0.17245428025386353,True,conditional-laplace,True,17.432250418269085,24.710519205609604,7.278268787340519,True,False,True,False,28,20261040,20261040,D,laplace,joint-map,
completed,21.071384811939346,20.0,0.17245428025386353,True,conditional-studentized-curvature,True,15.845912267602493,29.865145453117634,14.01923318551514,True,False,True,False,28,20261040,20261040,D,studentized,joint-map,
completed,21.071384811939346,20.0,0.17245428025386353,True,conditional-profile,True,17.966969154262017,25.374707940009394,7.407738785747377,True,False,True,False,28,20261040,20261040,D,profile,joint-map,
completed,20.57120439082255,20.0,0.17896872007475892,True,conditional-laplace,True,17.00245266842488,24.139956113220222,7.1375034447953425,True,False,True,False,29,20261041,20261041,D,laplace,joint-map,
completed,20.57120439082255,20.0,0.17896872007475892,True,conditional-studentized-curvature,True,15.490087108110018,29.28197541007482,13.791888301964804,True,False,True,False,29,20261041,20261041,D,studentized,joint-map,
completed,20.57120439082255,20.0,0.17896872007475892,True,conditional-profile,True,17.53989731054526,24.811653773071555,7.2717564625262945,True,False,True,False,29,20261041,20261041,D,profile,joint-map,
completed,20.45932533467244,20.0,0.028511435910452316,True,conditional-laplace,True,18.810372160933422,22.108278508411452,3.2979063474780297,True,False,True,False,30,20261042,20261042,D,laplace,joint-map,
completed,20.45932533467244,20.0,0.028511435910452316,True,conditional-studentized-curvature,True,17.741781080136377,23.96879902494866,6.227017944812282,True,False,True,False,30,20261042,20261042,D,studentized,joint-map,
completed,20.45932533467244,20.0,0.028511435910452316,True,conditional-profile,True,18.918284195154495,22.226436023240574,3.3081518280860784,True,False,True,False,30,20261042,20261042,D,profile,joint-map,
completed,18.775104317222322,20.0,0.08871351931227606,True,conditional-laplace,True,16.879489685009133,20.67071894943551,3.791229264426377,True,False,True,False,31,20261043,20261043,D,laplace,joint-map,
completed,18.775104317222322,20.0,0.08871351931227606,True,conditional-studentized-curvature,True,15.806807575218171,23.025968596847743,7.2191610216295725,True,False,True,False,31,20261043,20261043,D,studentized,joint-map,
completed,18.775104317222322,20.0,0.08871351931227606,True,conditional-profile,True,17.061320410373526,20.878619322329953,3.817298911956428,True,False,True,False,31,20261043,20261043,D,profile,joint-map,
completed,20.35980781684064,20.0,0.19750236769305862,True,conditional-laplace,True,16.55570742751746,24.16390820616382,7.60820077864636,True,False,True,False,32,20261044,20261044,D,laplace,joint-map,
completed,20.35980781684064,20.0,0.19750236769305862,True,conditional-studentized-curvature,True,15.074200584700112,29.863468873274538,14.789268288574426,True,False,True,False,32,20261044,20261044,D,studentized,joint-map,
completed,20.35980781684064,20.0,0.19750236769305862,True,conditional-profile,True,17.1736866990128,24.951871176143765,7.778184477130964,True,False,True,False,32,20261044,20261044,D,profile,joint-map,
completed,19.298983290128632,20.0,0.14884723883209244,True,conditional-laplace,True,16.54997883092951,22.047987749327756,5.498008918398245,True,False,True,False,33,20261045,20261045,D,laplace,joint-map,
completed,19.298983290128632,20.0,0.14884723883209244,True,conditional-studentized-curvature,True,15.262338334688724,25.85278212630781,10.590443791619087,True,False,True,False,33,20261045,20261045,D,studentized,joint-map,
completed,19.298983290128632,20.0,0.14884723883209244,True,conditional-profile,True,16.91481996453992,22.490450392394685,5.575630427854765,True,False,True,False,33,20261045,20261045,D,profile,joint-map,
completed,21.03122799810079,20.0,0.10058813233372732,True,conditional-laplace,True,18.53815710311506,23.52429889308652,4.986141789971459,True,False,True,False,34,20261046,20261046,D,laplace,joint-map,
completed,21.03122799810079,20.0,0.10058813233372732,True,conditional-studentized-curvature,True,17.14126029914942,26.615229761977773,9.473969462828354,True,False,True,False,34,20261046,20261046,D,studentized,joint-map,
completed,21.03122799810079,20.0,0.10058813233372732,True,conditional-profile,True,18.793155660942677,23.818995894216993,5.025840233274316,True,False,True,False,34,20261046,20261046,D,profile,joint-map,
completed,22.351223998207228,20.0,0.04748690236658518,True,conditional-laplace,True,20.31585017695539,24.386597819459066,4.070747642503676,False,False,True,False,35,20261047,20261047,D,laplace,joint-map,
completed,22.351223998207228,20.0,0.04748690236658518,True,conditional-studentized-curvature,True,19.005407103846032,26.684063380545812,7.67865627669978,True,False,True,False,35,20261047,20261047,D,studentized,joint-map,
completed,22.351223998207228,20.0,0.04748690236658518,True,conditional-profile,True,20.462735669461267,24.549076323791486,4.086340654330218,False,False,True,False,35,20261047,20261047,D,profile,joint-map,
completed,21.774907582659363,20.0,0.08120831545480836,True,conditional-laplace,True,19.385370389003423,24.1644447763153,4.779074387311876,True,False,True,False,36,20261048,20261048,D,laplace,joint-map,
completed,21.774907582659363,20.0,0.08120831545480836,True,conditional-studentized-curvature,True,17.970158875988762,27.019111471584054,9.048952595595292,True,False,True,False,36,20261048,20261048,D,studentized,joint-map,
completed,21.774907582659363,20.0,0.08120831545480836,True,conditional-profile,True,19.60360952648043,24.412534079980972,4.8089245535005425,True,False,True,False,36,20261048,20261048,D,profile,joint-map,
completed,21.925241564110447,20.0,0.10373036796332034,True,conditional-laplace,True,19.211297564960166,24.639185563260728,5.427887998300562,True,False,True,False,37,20261049,20261049,D,laplace,joint-map,
completed,21.925241564110447,20.0,0.10373036796332034,True,conditional-studentized-curvature,True,17.687855534647092,27.987793483046115,10.299937948399023,True,False,True,False,37,20261049,20261049,D,studentized,joint-map,
completed,21.925241564110447,20.0,0.10373036796332034,True,conditional-profile,True,19.49211183635224,24.964412663295622,5.472300826943382,True,False,True,False,37,20261049,20261049,D,profile,joint-map,
completed,20.69105548314933,20.0,0.11141381685788927,True,conditional-laplace,True,18.117651513169037,23.26445945312962,5.146807939960585,True,False,True,False,38,20261050,20261050,D,laplace,joint-map,
completed,20.69105548314933,20.0,0.11141381685788927,True,conditional-studentized-curvature,True,16.726439792197304,26.528629380645565,9.802189588448261,True,False,True,False,38,20261050,20261050,D,studentized,joint-map,
completed,20.69105548314933,20.0,0.11141381685788927,True,conditional-profile,True,18.397936573471767,23.59172419618051,5.193787622708744,True,False,True,False,38,20261050,20261050,D,profile,joint-map,
completed,22.101966459691308,20.0,0.1539581520089981,True,conditional-laplace,True,18.494802163107046,25.709130756275577,7.214328593168531,True,False,True,False,39,20261051,20261051,D,laplace,joint-map,
completed,22.101966459691308,20.0,0.1539581520089981,True,conditional-studentized-curvature,True,16.778816446824464,30.57189233495476,13.793075888130296,True,False,True,False,39,20261051,20261051,D,studentized,joint-map,
completed,22.101966459691308,20.0,0.1539581520089981,True,conditional-profile,True,18.979651962320016,26.29916780691431,7.319515844594292,True,False,True,False,39,20261051,20261051,D,profile,joint-map,
completed,21.063917200859386,20.0,0.028488845784776652,True,conditional-laplace,True,19.370524305574317,22.757310096144458,3.3867857905701406,True,False,True,False,40,20261052,20261052,D,laplace,joint-map,
completed,21.063917200859386,20.0,0.028488845784776652,True,conditional-studentized-curvature,True,18.259857386740592,24.64929867093864,6.38944128419805,True,False,True,False,40,20261052,20261052,D,studentized,joint-map,
completed,21.063917200859386,20.0,0.028488845784776652,True,conditional-profile,True,19.47910073776798,22.876038640155354,3.396937902387375,True,False,True,False,40,20261052,20261052,D,profile,joint-map,
completed,19.641268111939823,20.0,0.04267078177466534,True,conditional-laplace,True,18.018085608463473,21.264450615416173,3.2463650069527006,True,False,True,False,41,20261053,20261053,D,laplace,joint-map,
completed,19.641268111939823,20.0,0.04267078177466534,True,conditional-studentized-curvature,True,16.993246543884553,23.13332922679571,6.1400826829111566,True,False,True,False,41,20261053,20261053,D,studentized,joint-map,
completed,19.641268111939823,20.0,0.04267078177466534,True,conditional-profile,True,18.13263314177061,21.390673471273487,3.258040329502876,True,False,True,False,41,20261053,20261053,D,profile,joint-map,
completed,20.306977678953263,20.0,0.03989742531010499,True,conditional-laplace,True,18.62863607503286,21.985319282873668,3.3566832078408098,True,False,True,False,42,20261054,20261054,D,laplace,joint-map,
completed,20.306977678953263,20.0,0.03989742531010499,True,conditional-studentized-curvature,True,17.553420338958258,23.895154354140217,6.3417340151819594,True,False,True,False,42,20261054,20261054,D,studentized,joint-map,
completed,20.306977678953263,20.0,0.03989742531010499,True,conditional-profile,True,18.744054982222124,22.11224700185559,3.368192019633465,True,False,True,False,42,20261054,20261054,D,profile,joint-map,
completed,19.38076489724361,20.0,0.0525013517240313,True,conditional-laplace,True,17.747950171013635,21.01357962347358,3.265629452459944,True,False,True,False,43,20261055,20261055,D,laplace,joint-map,
completed,19.38076489724361,20.0,0.0525013517240313,True,conditional-studentized-curvature,True,16.73072038746048,22.912399203388148,6.181678815927668,True,False,True,False,43,20261055,20261055,D,studentized,joint-map,
completed,19.38076489724361,20.0,0.0525013517240313,True,conditional-profile,True,17.86933480751754,21.148033552679628,3.278698745162089,True,False,True,False,43,20261055,20261055,D,profile,joint-map,
completed,18.115254266014112,20.0,0.07967768536329502,True,conditional-laplace,True,16.44110879595961,19.78939973606861,3.348290940108999,False,False,True,False,44,20261056,20261056,D,laplace,joint-map,
completed,18.115254266014112,20.0,0.07967768536329502,True,conditional-studentized-curvature,True,15.475856332281142,21.848522106901545,6.372665774620403,True,False,True,False,44,20261056,20261056,D,studentized,joint-map,
completed,18.115254266014112,20.0,0.07967768536329502,True,conditional-profile,True,16.591944132707336,19.960295417535878,3.3683512848285417,False,False,True,False,44,20261056,20261056,D,profile,joint-map,
completed,18.315478356534282,20.0,0.047914351611553344,True,conditional-laplace,True,16.86450200674653,19.766454706322033,2.901952699575503,False,False,True,False,45,20261057,20261057,D,laplace,joint-map,
completed,18.315478356534282,20.0,0.047914351611553344,True,conditional-studentized-curvature,True,15.96565449055548,21.464604908979574,5.498950418424094,True,False,True,False,45,20261057,20261057,D,studentized,joint-map,
completed,18.315478356534282,20.0,0.047914351611553344,True,conditional-profile,True,16.96956165800717,19.88241872731387,2.9128570693066997,False,False,True,False,45,20261057,20261057,D,profile,joint-map,
completed,18.33143821166334,20.0,0.03437719453348772,True,conditional-laplace,True,16.923027194417944,19.73984922890873,2.8168220344907873,False,False,True,False,46,20261058,20261058,D,laplace,joint-map,
completed,18.33143821166334,20.0,0.03437719453348772,True,conditional-studentized-curvature,True,16.04010639535305,21.37423771099817,5.33413131564512,True,False,True,False,46,20261058,20261058,D,studentized,joint-map,
completed,18.33143821166334,20.0,0.03437719453348772,True,conditional-profile,True,17.019118052093127,19.845235811894323,2.826117759801196,False,False,True,False,46,20261058,20261058,D,profile,joint-map,
completed,19.51512342750768,20.0,0.12722143235447625,True,conditional-laplace,True,17.004365566816194,22.02588128819917,5.0215157213829755,True,False,True,False,47,20261059,20261059,D,laplace,joint-map,
completed,19.51512342750768,20.0,0.12722143235447625,True,conditional-studentized-curvature,True,15.729461341743507,25.34659069199438,9.617129350250872,True,False,True,False,47,20261059,20261059,D,studentized,joint-map,
completed,19.51512342750768,20.0,0.12722143235447625,True,conditional-profile,True,17.302986330901483,22.380036431456716,5.077050100555233,True,False,True,False,47,20261059,20261059,D,profile,joint-map,
completed,18.378668052226317,20.0,0.04991235368603026,True,conditional-laplace,True,16.874682284228363,19.88265382022427,3.0079715359959067,False,False,True,False,48,20261060,20261060,D,laplace,joint-map,
completed,18.378668052226317,20.0,0.04991235368603026,True,conditional-studentized-curvature,True,15.952889103978883,21.655855482518845,5.702966378539962,True,False,True,False,48,20261060,20261060,D,studentized,joint-map,
completed,18.378668052226317,20.0,0.04991235368603026,True,conditional-profile,True,16.98694981336247,20.006960964037027,3.0200111506745557,True,False,True,False,48,20261060,20261060,D,profile,joint-map,
completed,20.309616588110142,20.0,0.12323733581221485,True,conditional-laplace,True,17.652660915041384,22.9665722611789,5.313911346137516,True,False,True,False,49,20261061,20261061,D,laplace,joint-map,
completed,20.309616588110142,20.0,0.12323733581221485,True,conditional-studentized-curvature,True,16.276072924649085,26.426845811968214,10.150772887319128,True,False,True,False,49,20261061,20261061,D,studentized,joint-map,
completed,20.309616588110142,20.0,0.12323733581221485,True,conditional-profile,True,17.962105033264166,23.332195150173007,5.370090116908841,True,False,True,False,49,20261061,20261061,D,profile,joint-map,
completed,22.035161967354846,20.0,0.21270664613194804,True,conditional-laplace,True,17.345062030164392,26.725261904545295,9.380199874380903,True,False,True,False,50,20261062,20261062,D,laplace,joint-map,
completed,22.035161967354846,20.0,0.21270664613194804,True,conditional-studentized-curvature,True,15.60489335797846,33.765239660740974,18.160346302762512,True,False,True,False,50,20261062,20261062,D,studentized,joint-map,
completed,22.035161967354846,20.0,0.21270664613194804,True,conditional-profile,True,18.149257266753104,27.766945871125543,9.61768860437244,True,False,True,False,50,20261062,20261062,D,profile,joint-map,
completed,22.178022987586367,20.0,0.166727249930787,True,conditional-laplace,True,18.32655886571499,26.029487109457747,7.7029282437427575,True,False,True,False,51,20261063,20261063,D,laplace,joint-map,
completed,22.178022987586367,20.0,0.166727249930787,True,conditional-studentized-curvature,True,16.575751204713423,31.332705123603407,14.756953918889984,True,False,True,False,51,20261063,20261063,D,studentized,joint-map,
completed,22.178022987586367,20.0,0.166727249930787,True,conditional-profile,True,18.87364203751719,26.7037291137917,7.830087076274509,True,False,True,False,51,20261063,20261063,D,profile,joint-map,
completed,19.0751188113607,20.0,0.0790120501085658,True,conditional-laplace,True,17.20791635269585,20.942321270025552,3.7344049173297016,True,False,True,False,52,20261064,20261064,D,laplace,joint-map,
completed,19.0751188113607,20.0,0.0790120501085658,True,conditional-studentized-curvature,True,16.124655684993748,23.222851326636516,7.098195641642768,True,False,True,False,52,20261064,20261064,D,studentized,joint-map,
completed,19.0751188113607,20.0,0.0790120501085658,True,conditional-profile,True,17.377191709619083,21.13432977881093,3.7571380691918463,True,False,True,False,52,20261064,20261064,D,profile,joint-map,
completed,19.870925329018487,20.0,0.08717624735866857,True,conditional-laplace,True,17.799155537131924,21.94269512090505,4.143539583773126,True,False,True,False,53,20261065,20261065,D,laplace,joint-map,
completed,19.870925329018487,20.0,0.08717624735866857,True,conditional-studentized-curvature,True,16.60328784543455,24.474897627333483,7.871609781898933,True,False,True,False,53,20261065,20261065,D,studentized,joint-map,
completed,19.870925329018487,20.0,0.08717624735866857,True,conditional-profile,True,17.99369706058593,22.164552373545057,4.170855312959127,True,False,True,False,53,20261065,20261065,D,profile,joint-map,
completed,20.58657223594068,20.0,0.09422578561131481,True,conditional-laplace,True,18.288943689186272,22.884200782695086,4.595257093508813,True,False,True,False,54,20261066,20261066,D,laplace,joint-map,
completed,20.58657223594068,20.0,0.09422578561131481,True,conditional-studentized-curvature,True,16.97863255076312,25.706911893793492,8.728279343030373,True,False,True,False,54,20261066,20261066,D,studentized,joint-map,
completed,20.58657223594068,20.0,0.09422578561131481,True,conditional-profile,True,18.513932975360746,23.142437131310842,4.628504155950097,True,False,True,False,54,20261066,20261066,D,profile,joint-map,
completed,21.126697247748215,20.0,0.15126102957291176,True,conditional-laplace,True,17.841594430420628,24.411800065075802,6.570205634655174,True,False,True,False,55,20261067,20261067,D,laplace,joint-map,
completed,21.126697247748215,20.0,0.15126102957291176,True,conditional-studentized-curvature,True,16.27977206039049,28.87137084999576,12.591598789605271,True,False,True,False,55,20261067,20261067,D,studentized,joint-map,
completed,21.126697247748215,20.0,0.15126102957291176,True,conditional-profile,True,18.278707645376947,24.942467165725695,6.663759520348748,True,False,True,False,55,20261067,20261067,D,profile,joint-map,
completed,20.47435428076915,20.0,0.11903722851432233,True,conditional-laplace,True,17.842897700868345,23.105810860669955,5.2629131598016095,True,False,True,False,56,20261068,20261068,D,laplace,joint-map,
completed,20.47435428076915,20.0,0.11903722851432233,True,conditional-studentized-curvature,True,16.45684418730189,26.497954630434897,10.041110443133007,True,False,True,False,56,20261068,20261068,D,studentized,joint-map,
completed,20.47435428076915,20.0,0.11903722851432233,True,conditional-profile,True,18.141879720076815,23.457489447999563,5.315609727922748,True,False,True,False,56,20261068,20261068,D,profile,joint-map,
completed,20.956422092353847,20.0,0.16250815578650907,True,conditional-laplace,True,17.51831274343137,24.394531441276328,6.876218697844958,True,False,True,False,57,20261069,20261069,D,laplace,joint-map,
completed,20.956422092353847,20.0,0.16250815578650907,True,conditional-studentized-curvature,True,15.961391669578855,29.18148896130491,13.220097291726056,True,False,True,False,57,20261069,20261069,D,studentized,joint-map,
completed,20.956422092353847,20.0,0.16250815578650907,True,conditional-profile,True,18.002205663077536,24.989423972333245,6.987218309255709,True,False,True,False,57,20261069,20261069,D,profile,joint-map,
completed,19.6462677486053,20.0,0.11401542334661934,True,conditional-laplace,True,17.284772284259827,22.007763212950778,4.722990928690951,True,False,True,False,58,20261070,20261070,D,laplace,joint-map,
completed,19.6462677486053,20.0,0.11401542334661934,True,conditional-studentized-curvature,True,16.028572742284695,25.04592220646405,9.017349464179354,True,False,True,False,58,20261070,20261070,D,studentized,joint-map,
completed,19.6462677486053,20.0,0.11401542334661934,True,conditional-profile,True,17.54552365753335,22.31285005335878,4.767326395825428,True,False,True,False,58,20261070,20261070,D,profile,joint-map,
completed,20.740672819687536,20.0,0.18190763797082568,True,conditional-laplace,True,17.040142323445107,24.441203315929965,7.401060992484858,True,False,True,False,59,20261071,20261071,D,laplace,joint-map,
completed,20.740672819687536,20.0,0.18190763797082568,True,conditional-studentized-curvature,True,15.498990388483627,29.807578094328267,14.30858770584464,True,False,True,False,59,20261071,20261071,D,studentized,joint-map,
completed,20.740672819687536,20.0,0.18190763797082568,True,conditional-profile,True,17.607557550753544,25.153575147160936,7.546017596407392,True,False,True,False,59,20261071,20261071,D,profile,joint-map,
completed,19.36840952065762,20.0,0.1288930105477002,True,conditional-laplace,True,16.85090360040065,21.885915440914594,5.0350118405139455,True,False,True,False,60,20261072,20261072,D,laplace,joint-map,
completed,19.36840952065762,20.0,0.1288930105477002,True,conditional-studentized-curvature,True,15.588881571695111,25.24234240020924,9.653460828514127,True,False,True,False,60,20261072,20261072,D,studentized,joint-map,
completed,19.36840952065762,20.0,0.1288930105477002,True,conditional-profile,True,17.15518390195455,22.24784724882666,5.092663346872108,True,False,True,False,60,20261072,20261072,D,profile,joint-map,
completed,18.668196088521714,20.0,0.1357079612042835,True,conditional-laplace,True,16.24571251098541,21.090679666058016,4.844967155072606,True,False,True,False,61,20261073,20261073,D,laplace,joint-map,
completed,18.668196088521714,20.0,0.1357079612042835,True,conditional-studentized-curvature,True,15.06897441230445,24.39003780804076,9.32106339573631,True,False,True,False,61,20261073,20261073,D,studentized,joint-map,
completed,18.668196088521714,20.0,0.1357079612042835,True,conditional-profile,True,16.549299622697568,21.454319437854746,4.905019815157178,True,False,True,False,61,20261073,20261073,D,profile,joint-map,
completed,19.787903398239827,20.0,0.05487038143877461,True,conditional-laplace,True,18.098825942219385,21.476980854260272,3.3781549120408876,True,False,True,False,62,20261074,20261074,D,laplace,joint-map,
completed,19.787903398239827,20.0,0.05487038143877461,True,conditional-studentized-curvature,True,17.041241814185454,23.432505619956842,6.391263805771388,True,False,True,False,62,20261074,20261074,D,studentized,joint-map,
completed,19.787903398239827,20.0,0.05487038143877461,True,conditional-profile,True,18.224499688239128,21.616239300495753,3.3917396122566252,True,False,True,False,62,20261074,20261074,D,profile,joint-map,
completed,20.703273317076608,20.0,0.11434609365691069,True,conditional-laplace,True,18.094303418668193,23.312243215485022,5.217939796816829,True,False,True,False,63,20261075,20261075,D,laplace,joint-map,
completed,20.703273317076608,20.0,0.11434609365691069,True,conditional-studentized-curvature,True,16.69371986775735,26.634969918889453,9.941250051132105,True,False,True,False,63,20261075,20261075,D,studentized,joint-map,
completed,20.703273317076608,20.0,0.11434609365691069,True,conditional-profile,True,18.382289194414604,23.649287539911555,5.266998345496951,True,False,True,False,63,20261075,20261075,D,profile,joint-map,
completed,19.295953161026823,20.0,0.06163246057471159,True,conditional-laplace,True,17.560116752922628,21.031789569131018,3.4716728162083896,True,False,True,False,64,20261076,20261076,D,laplace,joint-map,
completed,19.295953161026823,20.0,0.06163246057471159,True,conditional-studentized-curvature,True,16.508470639118322,23.090099409861608,6.581628770743286,True,False,True,False,64,20261076,20261076,D,studentized,joint-map,
completed,19.295953161026823,20.0,0.06163246057471159,True,conditional-profile,True,17.700252559919104,21.188433227334258,3.488180667415154,True,False,True,False,64,20261076,20261076,D,profile,joint-map,
completed,20.326341236146913,20.0,0.14839193904078518,True,conditional-laplace,True,17.316580142034695,23.33610233025913,6.019522188224435,True,False,True,False,65,20261077,20261077,D,laplace,joint-map,
completed,20.326341236146913,20.0,0.14839193904078518,True,conditional-studentized-curvature,True,15.880810517334858,27.435859821363753,11.555049304028895,True,False,True,False,65,20261077,20261077,D,studentized,joint-map,
completed,20.326341236146913,20.0,0.14839193904078518,True,conditional-profile,True,17.711845474744457,23.814545832724235,6.102700357979778,True,False,True,False,65,20261077,20261077,D,profile,joint-map,
completed,19.450710227446,20.0,0.11421827699417621,True,conditional-laplace,True,17.14582101895172,21.75559943594028,4.609778416988558,True,False,True,False,66,20261078,20261078,D,laplace,joint-map,
completed,19.450710227446,20.0,0.11421827699417621,True,conditional-studentized-curvature,True,15.918549771203757,24.72176217240228,8.803212401198522,True,False,True,False,66,20261078,20261078,D,studentized,joint-map,
completed,19.450710227446,20.0,0.11421827699417621,True,conditional-profile,True,17.399439834101017,22.05216739634411,4.6527275622430935,True,False,True,False,66,20261078,20261078,D,profile,joint-map,
completed,21.199847597797167,20.0,0.09359739851733669,True,conditional-laplace,True,18.778356558001303,23.621338637593034,4.8429820795917315,True,False,True,False,67,20261079,20261079,D,laplace,joint-map,
completed,21.199847597797167,20.0,0.09359739851733669,True,conditional-studentized-curvature,True,17.39001009369408,26.579610789486622,9.189600695792542,True,False,True,False,67,20261079,20261079,D,studentized,joint-map,
completed,21.199847597797167,20.0,0.09359739851733669,True,conditional-profile,True,19.014884133459,23.892765719079385,4.877881585620386,True,False,True,False,67,20261079,20261079,D,profile,joint-map,
completed,20.594862850443903,20.0,0.09993770052058493,True,conditional-laplace,True,18.222591762572115,22.96713393831569,4.744542175743575,True,False,True,False,68,20261080,20261080,D,laplace,joint-map,
completed,20.594862850443903,20.0,0.09993770052058493,True,conditional-studentized-curvature,True,16.890492016838184,25.90949849184891,9.019006475010727,True,False,True,False,68,20261080,20261080,D,studentized,joint-map,
completed,20.594862850443903,20.0,0.09993770052058493,True,conditional-profile,True,18.46266676663996,23.244086656166083,4.7814198895261235,True,False,True,False,68,20261080,20261080,D,profile,joint-map,
completed,20.141206029065497,20.0,0.0926141301242328,True,conditional-laplace,True,17.945368830801385,22.33704322732961,4.391674396528224,True,False,True,False,69,20261081,20261081,D,laplace,joint-map,
completed,20.141206029065497,20.0,0.0926141301242328,True,conditional-studentized-curvature,True,16.6948253152835,25.041389996115182,8.346564680831683,True,False,True,False,69,20261081,20261081,D,studentized,joint-map,
completed,20.141206029065497,20.0,0.0926141301242328,True,conditional-profile,True,18.159028103182653,22.581995725232737,4.422967622050084,True,False,True,False,69,20261081,20261081,D,profile,joint-map,
completed,19.11777588027013,20.0,0.1362851790875586,True,conditional-laplace,True,16.58660972035715,21.648942040183115,5.062332319825966,True,False,True,False,70,20261082,20261082,D,laplace,joint-map,
completed,19.11777588027013,20.0,0.1362851790875586,True,conditional-studentized-curvature,True,15.347453123018724,25.073096603808736,9.725643480790012,True,False,True,False,70,20261082,20261082,D,studentized,joint-map,
completed,19.11777588027013,20.0,0.1362851790875586,True,conditional-profile,True,16.902630463700667,22.02728505516271,5.124654591462043,True,False,True,False,70,20261082,20261082,D,profile,joint-map,
completed,21.71297820949089,20.0,0.14064254317243063,True,conditional-laplace,True,18.436395035795776,24.989561383186,6.553166347390224,True,False,True,False,71,20261083,20261083,D,laplace,joint-map,
completed,21.71297820949089,20.0,0.14064254317243063,True,conditional-studentized-curvature,True,16.810566717812048,29.32452322702531,12.513956509213262,True,False,True,False,71,20261083,20261083,D,studentized,joint-map,
completed,21.71297820949089,20.0,0.14064254317243063,True,conditional-profile,True,18.850923432069617,25.48752097881168,6.636597546742063,True,False,True,False,71,20261083,20261083,D,profile,joint-map,
completed,21.301819558284247,20.0,0.07576466105337804,True,conditional-laplace,True,19.066225852058253,23.537413264510242,4.4711874124519895,True,False,True,False,72,20261084,20261084,D,laplace,joint-map,
completed,21.301819558284247,20.0,0.07576466105337804,True,conditional-studentized-curvature,True,17.730747592675314,26.19769872318356,8.466951130508246,True,False,True,False,72,20261084,20261084,D,studentized,joint-map,
completed,21.301819558284247,20.0,0.07576466105337804,True,conditional-profile,True,19.263981105108087,23.761216190539393,4.497235085431306,True,False,True,False,72,20261084,20261084,D,profile,joint-map,
completed,20.268507169475658,20.0,0.1818413786352355,True,conditional-laplace,True,16.753796823825404,23.783217515125912,7.029420691300508,True,False,True,False,73,20261085,20261085,D,laplace,joint-map,
completed,20.268507169475658,20.0,0.1818413786352355,True,conditional-studentized-curvature,True,15.287184942079847,28.896123568038842,13.608938625958995,True,False,True,False,73,20261085,20261085,D,studentized,joint-map,
completed,20.268507169475658,20.0,0.1818413786352355,True,conditional-profile,True,17.289629489962792,24.454954239969915,7.165324750007123,True,False,True,False,73,20261085,20261085,D,profile,joint-map,
completed,19.57715143718161,20.0,0.11954243430854881,True,conditional-laplace,True,17.148856464520527,22.00544640984269,4.856589945322163,True,False,True,False,74,20261086,20261086,D,laplace,joint-map,
completed,19.57715143718161,20.0,0.11954243430854881,True,conditional-studentized-curvature,True,15.884237886417107,25.169742471158646,9.285504584741538,True,False,True,False,74,20261086,20261086,D,studentized,joint-map,
completed,19.57715143718161,20.0,0.11954243430854881,True,conditional-profile,True,17.42644542739668,22.332238158864016,4.905792731467336,True,False,True,False,74,20261086,20261086,D,profile,joint-map,
completed,20.270068969287777,20.0,0.1708478501669373,True,conditional-laplace,True,16.924902314530538,23.615235624045013,6.690333309514475,True,False,True,False,75,20261087,20261087,D,laplace,joint-map,
completed,20.270068969287777,20.0,0.1708478501669373,True,conditional-studentized-curvature,True,15.465140371163614,28.380918353959295,12.915777982795682,True,False,True,False,75,20261087,20261087,D,studentized,joint-map,
completed,20.270068969287777,20.0,0.1708478501669373,True,conditional-profile,True,17.412109910578423,24.219057625499975,6.806947714921552,True,False,True,False,75,20261087,20261087,D,profile,joint-map,
completed,22.53650996840061,20.0,0.0941736151826418,True,conditional-laplace,True,19.859477138888654,25.21354279791256,5.354065659023906,True,False,True,False,76,20261088,20261088,D,laplace,joint-map,
completed,22.53650996840061,20.0,0.0941736151826418,True,conditional-studentized-curvature,True,18.303574092131683,28.440222426630818,10.136648334499135,True,False,True,False,76,20261088,20261088,D,studentized,joint-map,
completed,22.53650996840061,20.0,0.0941736151826418,True,conditional-profile,True,20.11969078430328,25.512062615546714,5.392371831243434,False,False,True,False,76,20261088,20261088,D,profile,joint-map,
completed,21.137749688747867,20.0,0.06837101089562798,True,conditional-laplace,True,19.069467483555886,23.20603189393985,4.136564410383965,True,False,True,False,77,20261089,20261089,D,laplace,joint-map,
completed,21.137749688747867,20.0,0.06837101089562798,True,conditional-studentized-curvature,True,17.802307382693876,25.62797634441668,7.825668961722805,True,False,True,False,77,20261089,20261089,D,studentized,joint-map,
completed,21.137749688747867,20.0,0.06837101089562798,True,conditional-profile,True,19.240491133727502,23.39792177764872,4.1574306439212165,True,False,True,False,77,20261089,20261089,D,profile,joint-map,
completed,22.20034830388189,20.0,0.10471102022818488,True,conditional-laplace,True,19.416541720980057,24.984154886783724,5.567613165803667,True,False,True,False,78,20261090,20261090,D,laplace,joint-map,
completed,22.20034830388189,20.0,0.10471102022818488,True,conditional-studentized-curvature,True,17.853330653287685,28.41417493342724,10.560844280139555,True,False,True,False,78,20261090,20261090,D,studentized,joint-map,
completed,22.20034830388189,20.0,0.10471102022818488,True,conditional-profile,True,19.7055217876759,25.31903027504281,5.613508487366911,True,False,True,False,78,20261090,20261090,D,profile,joint-map,
completed,22.67780830844726,20.0,0.13893698800386256,True,conditional-laplace,True,19.165230274812842,26.19038634208168,7.0251560672688385,True,False,True,False,79,20261091,20261091,D,laplace,joint-map,
completed,22.67780830844726,20.0,0.13893698800386256,True,conditional-studentized-curvature,True,17.398328863388134,30.77710410375744,13.378775240369308,True,False,True,False,79,20261091,20261091,D,studentized,joint-map,
completed,22.67780830844726,20.0,0.13893698800386256,True,conditional-profile,True,19.606006042168026,26.719074028592207,7.113067986424181,True,False,True,False,79,20261091,20261091,D,profile,joint-map,
completed,19.528918132767707,20.0,0.05219823143571859,True,conditional-laplace,True,17.85744374966075,21.200392515874658,3.342948766213908,True,False,True,False,80,20261092,20261092,D,laplace,joint-map,
completed,19.528918132767707,20.0,0.05219823143571859,True,conditional-studentized-curvature,True,16.818461128056462,23.146541302058147,6.328080174001684,True,False,True,False,80,20261092,20261092,D,studentized,joint-map,
completed,19.528918132767707,20.0,0.05219823143571859,True,conditional-profile,True,17.982330086321316,21.338811986387427,3.356481900066111,True,False,True,False,80,20261092,20261092,D,profile,joint-map,
completed,20.57491295744593,20.0,0.07111791027202613,True,conditional-laplace,True,18.56518503576038,22.584640879131477,4.019455843371098,True,False,True,False,81,20261093,20261093,D,laplace,joint-map,
completed,20.57491295744593,20.0,0.07111791027202613,True,conditional-studentized-curvature,True,17.348789786332205,24.960942880872004,7.612153094539799,True,False,True,False,81,20261093,20261093,D,studentized,joint-map,
completed,20.57491295744593,20.0,0.07111791027202613,True,conditional-profile,True,18.734842495503678,22.775438179432857,4.04059568392918,True,False,True,False,81,20261093,20261093,D,profile,joint-map,
completed,21.33883871124574,20.0,0.11176426943136832,True,conditional-laplace,True,18.642796137440932,24.034881285050545,5.392085147609613,True,False,True,False,82,20261094,20261094,D,laplace,joint-map,
completed,21.33883871124574,20.0,0.11176426943136832,True,conditional-studentized-curvature,True,17.16938863997465,27.423041003943815,10.253652363969167,True,False,True,False,82,20261094,20261094,D,studentized,joint-map,
completed,21.33883871124574,20.0,0.11176426943136832,True,conditional-profile,True,18.93405483092359,24.374579454380303,5.440524623456714,True,False,True,False,82,20261094,20261094,D,profile,joint-map,
completed,19.576944128047767,20.0,0.1509475920142074,True,conditional-laplace,True,16.732666554943897,22.421221701151637,5.68855514620774,True,False,True,False,83,20261095,20261095,D,laplace,joint-map,
completed,19.576944128047767,20.0,0.1509475920142074,True,conditional-studentized-curvature,True,15.40227282119858,26.354003633498646,10.951730812300067,True,False,True,False,83,20261095,20261095,D,studentized,joint-map,
completed,19.576944128047767,20.0,0.1509475920142074,True,conditional-profile,True,17.11225832753835,22.88219722923365,5.769938901695301,True,False,True,False,83,20261095,20261095,D,profile,joint-map,
completed,21.551233429948038,20.0,0.07019186419129149,True,conditional-laplace,True,19.387766620549243,23.714700239346836,4.326933618797593,True,False,True,False,84,20261096,20261096,D,laplace,joint-map,
completed,21.551233429948038,20.0,0.07019186419129149,True,conditional-studentized-curvature,True,18.064067522500466,26.247344469353493,8.183276946853027,True,False,True,False,84,20261096,20261096,D,studentized,joint-map,
completed,21.551233429948038,20.0,0.07019186419129149,True,conditional-profile,True,19.568944980739612,23.91832986827126,4.349384887531649,True,False,True,False,84,20261096,20261096,D,profile,joint-map,
completed,20.062027260223374,20.0,0.05404566250712347,True,conditional-laplace,True,18.273566285118225,21.850488235328523,3.5769219502102985,True,False,True,False,85,20261097,20261097,D,laplace,joint-map,
completed,20.062027260223374,20.0,0.05404566250712347,True,conditional-studentized-curvature,True,17.164721629085424,23.93387814663849,6.769156517553068,True,False,True,False,85,20261097,20261097,D,studentized,joint-map,
completed,20.062027260223374,20.0,0.05404566250712347,True,conditional-profile,True,18.410571667234436,22.002792987647336,3.5922213204129,True,False,True,False,85,20261097,20261097,D,profile,joint-map,
completed,20.87040829654629,20.0,0.07031768638897005,True,conditional-laplace,True,18.822450753105127,22.91836583998745,4.095915086882325,True,False,True,False,86,20261098,20261098,D,laplace,joint-map,
completed,20.87040829654629,20.0,0.07031768638897005,True,conditional-studentized-curvature,True,17.57665142963227,25.32973077159035,7.7530793419580775,True,False,True,False,86,20261098,20261098,D,studentized,joint-map,
completed,20.87040829654629,20.0,0.07031768638897005,True,conditional-profile,True,18.993924450781982,23.111030931867916,4.1171064810859335,True,False,True,False,86,20261098,20261098,D,profile,joint-map,
completed,19.27816805540872,20.0,0.10347480642474521,True,conditional-laplace,True,17.1463174099057,21.410018700911742,4.2637012910060434,True,False,True,False,87,20261099,20261099,D,laplace,joint-map,
completed,19.27816805540872,20.0,0.10347480642474521,True,conditional-studentized-curvature,True,15.974262768429007,24.102549947463633,8.128287179034626,True,False,True,False,87,20261099,20261099,D,studentized,joint-map,
completed,19.27816805540872,20.0,0.10347480642474521,True,conditional-profile,True,17.366792548570917,21.6651506468271,4.298358098256184,True,False,True,False,87,20261099,20261099,D,profile,joint-map,
completed,20.961145316311473,20.0,0.1967885693616033,True,conditional-laplace,True,16.95084430272537,24.97144632989757,8.020602027172202,True,False,True,False,88,20261100,20261100,D,laplace,joint-map,
completed,20.961145316311473,20.0,0.1967885693616033,True,conditional-studentized-curvature,True,15.373942955697641,30.921194144467282,15.547251188769641,True,False,True,False,88,20261100,20261100,D,studentized,joint-map,
completed,20.961145316311473,20.0,0.1967885693616033,True,conditional-profile,True,17.600486222287824,25.799225700980962,8.198739478693138,True,False,True,False,88,20261100,20261100,D,profile,joint-map,
completed,18.752954569568573,20.0,0.11723796391437484,True,conditional-laplace,True,16.534243649939015,20.97166548919813,4.437421839259116,True,False,True,False,89,20261101,20261101,D,laplace,joint-map,
completed,18.752954569568573,20.0,0.11723796391437484,True,conditional-studentized-curvature,True,15.384663676543685,23.882541401145822,8.497877724602137,True,False,True,False,89,20261101,20261101,D,studentized,joint-map,
completed,18.752954569568573,20.0,0.11723796391437484,True,conditional-profile,True,16.78658711754734,21.26834903815414,4.481761920606797,True,False,True,False,89,20261101,20261101,D,profile,joint-map,
completed,19.912657549284262,20.0,0.14638370132918946,True,conditional-laplace,True,17.038647334877574,22.786667763690946,5.748020428813373,True,False,True,False,90,20261102,20261102,D,laplace,joint-map,
completed,19.912657549284262,20.0,0.14638370132918946,True,conditional-studentized-curvature,True,15.666593299373863,26.709947140747175,11.043353841373312,True,False,True,False,90,20261102,20261102,D,studentized,joint-map,
completed,19.912657549284262,20.0,0.14638370132918946,True,conditional-profile,True,17.41373437537514,23.240007389657947,5.826273014282808,True,False,True,False,90,20261102,20261102,D,profile,joint-map,
completed,20.92910519733822,20.0,0.09601770022779496,True,conditional-laplace,True,18.54439473000569,23.31381566467075,4.76942093466506,True,False,True,False,91,20261103,20261103,D,laplace,joint-map,
completed,20.92910519733822,20.0,0.09601770022779496,True,conditional-studentized-curvature,True,17.185321494020513,26.24097777527746,9.055656281256947,True,False,True,False,91,20261103,20261103,D,studentized,joint-map,
completed,20.92910519733822,20.0,0.09601770022779496,True,conditional-profile,True,18.779743929932565,23.584297872918533,4.804553942985969,True,False,True,False,91,20261103,20261103,D,profile,joint-map,
completed,22.095914532069962,20.0,0.0739158439387964,True,conditional-laplace,True,19.76980155909977,24.422027505040155,4.652225945940387,True,False,True,False,92,20261104,20261104,D,laplace,joint-map,
completed,22.095914532069962,20.0,0.0739158439387964,True,conditional-studentized-curvature,True,18.357802951422,27.154633371483186,8.796830420061188,True,False,True,False,92,20261104,20261104,D,studentized,joint-map,
completed,22.095914532069962,20.0,0.0739158439387964,True,conditional-profile,True,19.97102419271368,24.649163148926245,4.678138956212564,True,False,True,False,92,20261104,20261104,D,profile,joint-map,
completed,19.728514771826116,20.0,0.07934630652052967,True,conditional-laplace,True,17.772065211873777,21.684964331778453,3.912899119904676,True,False,True,False,93,20261105,20261105,D,laplace,joint-map,
completed,19.728514771826116,20.0,0.07934630652052967,True,conditional-studentized-curvature,True,16.62127501262691,24.048240961077234,7.426965948450324,True,False,True,False,93,20261105,20261105,D,studentized,joint-map,
completed,19.728514771826116,20.0,0.07934630652052967,True,conditional-profile,True,17.94713630824298,21.883275174334752,3.936138866091774,True,False,True,False,93,20261105,20261105,D,profile,joint-map,
completed,21.701680803540448,20.0,0.19136539902702424,True,conditional-laplace,True,17.536432122752203,25.86692948432869,8.330497361576487,True,False,True,False,94,20261106,20261106,D,laplace,joint-map,
completed,21.701680803540448,20.0,0.19136539902702424,True,conditional-studentized-curvature,True,15.840393752742354,31.91359332502654,16.073199572284185,True,False,True,False,94,20261106,20261106,D,studentized,joint-map,
completed,21.701680803540448,20.0,0.19136539902702424,True,conditional-profile,True,18.19498237583536,26.70060479234966,8.505622416514303,True,False,True,False,94,20261106,20261106,D,profile,joint-map,
completed,19.76537277652558,20.0,0.08456205632347998,True,conditional-laplace,True,17.73702796706143,21.793717585989736,4.056689618928306,True,False,True,False,95,20261107,20261107,D,laplace,joint-map,
completed,19.76537277652558,20.0,0.08456205632347998,True,conditional-studentized-curvature,True,16.561162995448527,24.266831080036514,7.7056680845879875,True,False,True,False,95,20261107,20261107,D,studentized,joint-map,
completed,19.76537277652558,20.0,0.08456205632347998,True,conditional-profile,True,17.925113266637943,22.007818323403573,4.082705056765629,True,False,True,False,95,20261107,20261107,D,profile,joint-map,
completed,19.074859807309938,20.0,0.021579793815792704,True,conditional-laplace,True,17.66309781074187,20.48662180387801,2.8235239931361384,True,False,True,False,96,20261108,20261108,D,laplace,joint-map,
completed,19.074859807309938,20.0,0.021579793815792704,True,conditional-studentized-curvature,True,16.74939046668422,22.085246126178916,5.3358556594946975,True,False,True,False,96,20261108,20261108,D,studentized,joint-map,
completed,19.074859807309938,20.0,0.021579793815792704,True,conditional-profile,True,17.750442091315154,20.581653811798045,2.831211720482891,True,False,True,False,96,20261108,20261108,D,profile,joint-map,
completed,20.723996576437372,20.0,0.08435402335625633,True,conditional-laplace,True,18.502733463829504,22.945259689045237,4.442526225215733,True,False,True,False,97,20261109,20261109,D,laplace,joint-map,
completed,20.723996576437372,20.0,0.08435402335625633,True,conditional-studentized-curvature,True,17.206688457223326,25.63381136131783,8.427122904094503,True,False,True,False,97,20261109,20261109,D,studentized,joint-map,
completed,20.723996576437372,20.0,0.08435402335625633,True,conditional-profile,True,18.709095432411253,23.18031115072462,4.471215718313367,True,False,True,False,97,20261109,20261109,D,profile,joint-map,
completed,21.979065921061945,20.0,0.07776730076952704,True,conditional-laplace,True,19.658861387151024,24.299270454972866,4.640409067821842,True,False,True,False,98,20261110,20261110,D,laplace,joint-map,
completed,21.979065921061945,20.0,0.07776730076952704,True,conditional-studentized-curvature,True,18.25546912645692,27.032234060720004,8.776764934263085,True,False,True,False,98,20261110,20261110,D,studentized,joint-map,
completed,21.979065921061945,20.0,0.07776730076952704,True,conditional-profile,True,19.86177304289957,24.528616642731734,4.666843599832163,True,False,True,False,98,20261110,20261110,D,profile,joint-map,
completed,20.67737568906844,20.0,0.11372918062873985,True,conditional-laplace,True,18.1006159637918,23.25413541434508,5.153519450553279,True,False,True,False,99,20261111,20261111,D,laplace,joint-map,
completed,20.67737568906844,20.0,0.11372918062873985,True,conditional-studentized-curvature,True,16.709722445301132,26.525707651192988,9.815985205891856,True,False,True,False,99,20261111,20261111,D,studentized,joint-map,
completed,20.67737568906844,20.0,0.11372918062873985,True,conditional-profile,True,18.382562475076647,23.583632759841077,5.20107028476443,True,False,True,False,99,20261111,20261111,D,profile,joint-map,
completed,19.38811972674131,20.0,0.09844719760195383,True,conditional-laplace,True,17.264451488164635,21.511787965317982,4.247336477153347,True,False,True,False,100,20261112,20261112,D,laplace,joint-map,
completed,19.38811972674131,20.0,0.09844719760195383,True,conditional-studentized-curvature,True,16.086483846586482,24.17813328385921,8.091649437272729,True,False,True,False,100,20261112,20261112,D,studentized,joint-map,
completed,19.38811972674131,20.0,0.09844719760195383,True,conditional-profile,True,17.47988422275831,21.760292246383703,4.280408023625391,True,False,True,False,100,20261112,20261112,D,profile,joint-map,
completed,20.823855755008633,20.0,0.14132239834857185,True,conditional-laplace,True,17.782863359558316,23.86484815045895,6.081984790900634,True,False,True,False,101,20261113,20261113,D,laplace,joint-map,
completed,20.823855755008633,20.0,0.14132239834857185,True,conditional-studentized-curvature,True,16.28824285841773,27.93022082092613,11.641977962508403,True,False,True,False,101,20261113,20261113,D,studentized,joint-map,
completed,20.823855755008633,20.0,0.14132239834857185,True,conditional-profile,True,18.16868982639549,24.32851875856703,6.159828932171539,True,False,True,False,101,20261113,20261113,D,profile,joint-map,
completed,19.196249716167987,20.0,0.22079948722693804,True,conditional-laplace,True,15.463183703095982,22.929315729239992,7.46613202614401,True,False,True,False,102,20261114,20261114,D,laplace,joint-map,
completed,19.196249716167987,20.0,0.22079948722693804,True,conditional-studentized-curvature,True,14.183993011112644,28.891187355454395,14.707194344341751,True,False,True,False,102,20261114,20261114,D,studentized,joint-map,
completed,19.196249716167987,20.0,0.22079948722693804,True,conditional-profile,True,16.125862501406235,23.7964042860717,7.670541784665463,True,False,True,False,102,20261114,20261114,D,profile,joint-map,
completed,20.184116987490903,20.0,0.08098664363777275,True,conditional-laplace,True,18.102693917310933,22.26554005767087,4.162846140359935,True,False,True,False,103,20261115,20261115,D,laplace,joint-map,
completed,20.184116987490903,20.0,0.08098664363777275,True,conditional-studentized-curvature,True,16.88435504839291,24.784168215113354,7.899813166720445,True,False,True,False,103,20261115,20261115,D,studentized,joint-map,
completed,20.184116987490903,20.0,0.08098664363777275,True,conditional-profile,True,18.292360245121746,22.480948807662923,4.188588562541177,True,False,True,False,103,20261115,20261115,D,profile,joint-map,
completed,20.760290786386832,20.0,0.07831614066929281,True,conditional-laplace,True,18.635736559865695,22.884845012907967,4.249108453042272,True,False,True,False,104,20261116,20261116,D,laplace,joint-map,
completed,20.760290786386832,20.0,0.07831614066929281,True,conditional-studentized-curvature,True,17.369181583854083,25.42067881714468,8.051497233290597,True,False,True,False,104,20261116,20261116,D,studentized,joint-map,
completed,20.760290786386832,20.0,0.07831614066929281,True,conditional-profile,True,18.823604436052047,23.097409435427878,4.27380499937583,True,False,True,False,104,20261116,20261116,D,profile,joint-map,
completed,19.153856314821397,20.0,0.1502714214512008,True,conditional-laplace,True,16.432178540153778,21.875534089489012,5.443355549335234,True,False,True,False,105,20261117,20261117,D,laplace,joint-map,
completed,19.153856314821397,20.0,0.1502714214512008,True,conditional-studentized-curvature,True,15.164269141672996,25.656732954670996,10.492463812998,True,False,True,False,105,20261117,20261117,D,studentized,joint-map,
completed,19.153856314821397,20.0,0.1502714214512008,True,conditional-profile,True,16.795394265989685,22.31655327310794,5.5211590071182535,True,False,True,False,105,20261117,20261117,D,profile,joint-map,
completed,18.354328701917257,20.0,0.061451856276294285,True,conditional-laplace,True,16.78158732926704,19.927070074567474,3.145482745300434,False,False,True,False,106,20261118,20261118,D,laplace,joint-map,
completed,18.354328701917257,20.0,0.061451856276294285,True,conditional-studentized-curvature,True,15.836185293926873,21.80656164536609,5.970376351439219,True,False,True,False,106,20261118,20261118,D,studentized,joint-map,
completed,18.354328701917257,20.0,0.061451856276294285,True,conditional-profile,True,16.908181233083816,20.068451669359725,3.1602704362759084,True,False,True,False,106,20261118,20261118,D,profile,joint-map,
completed,20.134320425896064,20.0,0.06614722347750016,True,conditional-laplace,True,18.212982953546494,22.055657898245634,3.842674944699141,True,False,True,False,107,20261119,20261119,D,laplace,joint-map,
completed,20.134320425896064,20.0,0.06614722347750016,True,conditional-studentized-curvature,True,17.0514703175485,24.33209284524277,7.28062252769427,True,False,True,False,107,20261119,20261119,D,studentized,joint-map,
completed,20.134320425896064,20.0,0.06614722347750016,True,conditional-profile,True,18.372797438498615,22.23502019033038,3.8622227518317658,True,False,True,False,107,20261119,20261119,D,profile,joint-map,
completed,19.433398207351846,20.0,0.04644140769471549,True,conditional-laplace,True,17.84893093593666,21.017865478767032,3.168934542830371,True,False,True,False,108,20261120,20261120,D,laplace,joint-map,
completed,19.433398207351846,20.0,0.04644140769471549,True,conditional-studentized-curvature,True,16.848598878130264,22.843074404682202,5.994475526551938,True,False,True,False,108,20261120,20261120,D,studentized,joint-map,
completed,19.433398207351846,20.0,0.04644140769471549,True,conditional-profile,True,17.961065886765454,21.141458304416485,3.1803924176510314,True,False,True,False,108,20261120,20261120,D,profile,joint-map,
completed,20.05113765474117,20.0,0.16664535300180935,True,conditional-laplace,True,16.831255956842583,23.27101935263975,6.4397633957971685,True,False,True,False,109,20261121,20261121,D,laplace,joint-map,
completed,20.05113765474117,20.0,0.16664535300180935,True,conditional-studentized-curvature,True,15.408599670589133,27.83831760890387,12.429717938314738,True,False,True,False,109,20261121,20261121,D,studentized,joint-map,
completed,20.05113765474117,20.0,0.16664535300180935,True,conditional-profile,True,17.292894307090517,23.840955879240234,6.548061572149717,True,False,True,False,109,20261121,20261121,D,profile,joint-map,
completed,20.4875311141743,20.0,0.13220024179446058,True,conditional-laplace,True,17.658806914779444,23.316255313569158,5.657448398789715,True,False,True,False,110,20261122,20261122,D,laplace,joint-map,
completed,20.4875311141743,20.0,0.13220024179446058,True,conditional-studentized-curvature,True,16.23326034556151,27.054242422461563,10.820982076900052,True,False,True,False,110,20261122,20261122,D,studentized,joint-map,
completed,20.4875311141743,20.0,0.13220024179446058,True,conditional-profile,True,18.003440404479456,23.72700231911713,5.723561914637674,True,False,True,False,110,20261122,20261122,D,profile,joint-map,
completed,22.68588299128593,20.0,0.08616083795506478,True,conditional-laplace,True,20.131780996052232,25.239984986519627,5.108203990467395,False,False,True,False,111,20261123,20261123,D,laplace,joint-map,
completed,22.68588299128593,20.0,0.08616083795506478,True,conditional-studentized-curvature,True,18.606243839279053,28.26542480081267,9.659180961533618,True,False,True,False,111,20261123,20261123,D,studentized,joint-map,
completed,22.68588299128593,20.0,0.08616083795506478,True,conditional-profile,True,20.36567017478262,25.506028875533787,5.140358700751168,False,False,True,False,111,20261123,20261123,D,profile,joint-map,
completed,19.565272777633588,20.0,0.1471952369509426,True,conditional-laplace,True,16.766087435271753,22.36445811999542,5.598370684723665,True,False,True,False,112,20261124,20261124,D,laplace,joint-map,
completed,19.565272777633588,20.0,0.1471952369509426,True,conditional-studentized-curvature,True,15.442300626048905,26.21283574448053,10.770535118431624,True,False,True,False,112,20261124,20261124,D,studentized,joint-map,
completed,19.565272777633588,20.0,0.1471952369509426,True,conditional-profile,True,17.134351309142474,22.810270021610656,5.675918712468182,True,False,True,False,112,20261124,20261124,D,profile,joint-map,
completed,18.70929876393623,20.0,0.1469159613381008,True,conditional-laplace,True,16.143992190654796,21.27460533721766,5.130613146562865,True,False,True,False,113,20261125,20261125,D,laplace,joint-map,
completed,18.70929876393623,20.0,0.1469159613381008,True,conditional-studentized-curvature,True,14.944346513236342,24.840907306791316,9.896560793554974,True,False,True,False,113,20261125,20261125,D,studentized,joint-map,
completed,18.70929876393623,20.0,0.1469159613381008,True,conditional-profile,True,16.482541214226202,21.684565748096155,5.2020245338699524,True,False,True,False,113,20261125,20261125,D,profile,joint-map,
completed,18.279457748586406,20.0,0.12614719756292816,True,conditional-laplace,True,16.085362849405772,20.473552647767036,4.388189798361264,True,False,True,False,114,20261126,20261126,D,laplace,joint-map,
completed,18.279457748586406,20.0,0.12614719756292816,True,conditional-studentized-curvature,True,14.983422984571543,23.411588908972067,8.428165924400524,True,False,True,False,114,20261126,20261126,D,studentized,joint-map,
completed,18.279457748586406,20.0,0.12614719756292816,True,conditional-profile,True,16.346232993127202,20.78278756429466,4.436554571167459,True,False,True,False,114,20261126,20261126,D,profile,joint-map,
completed,18.585306996702183,20.0,0.1624162215607393,True,conditional-laplace,True,15.870357182728526,21.300256810675844,5.429899627947318,True,False,True,False,115,20261127,20261127,D,laplace,joint-map,
completed,18.585306996702183,20.0,0.1624162215607393,True,conditional-studentized-curvature,True,14.671908182464847,25.19307313329735,10.521164950832503,True,False,True,False,115,20261127,20261127,D,studentized,joint-map,
completed,18.585306996702183,20.0,0.1624162215607393,True,conditional-profile,True,16.254011062152987,21.77211503171526,5.518103969562272,True,False,True,False,115,20261127,20261127,D,profile,joint-map,
completed,19.75811774368188,20.0,0.06778050335288083,True,conditional-laplace,True,17.91117510028897,21.605060387074786,3.693885286785818,True,False,True,False,116,20261128,20261128,D,laplace,joint-map,
completed,19.75811774368188,20.0,0.06778050335288083,True,conditional-studentized-curvature,True,16.795933670653184,23.797342106583947,7.001408435930763,True,False,True,False,116,20261128,20261128,D,studentized,joint-map,
completed,19.75811774368188,20.0,0.06778050335288083,True,conditional-profile,True,18.064425852687787,21.77697874557115,3.7125528928833624,True,False,True,False,116,20261128,20261128,D,profile,joint-map,
completed,18.672418041139846,20.0,0.1507621866841421,True,conditional-laplace,True,16.07076579951482,21.27407028276487,5.203304483250051,True,False,True,False,117,20261129,20261129,D,laplace,joint-map,
completed,18.672418041139846,20.0,0.1507621866841421,True,conditional-studentized-curvature,True,14.871428474509113,24.91940231469314,10.047973840184028,True,False,True,False,117,20261129,20261129,D,studentized,joint-map,
completed,18.672418041139846,20.0,0.1507621866841421,True,conditional-profile,True,16.420279663586943,21.69897513051901,5.278695466932067,True,False,True,False,117,20261129,20261129,D,profile,joint-map,
completed,19.944715944257144,20.0,0.049288125180036856,True,conditional-laplace,True,18.212826500502423,21.676605388011865,3.4637788875094415,True,False,True,False,118,20261130,20261130,D,laplace,joint-map,
completed,19.944715944257144,20.0,0.049288125180036856,True,conditional-studentized-curvature,True,17.131340410598128,23.684706431952904,6.553366021354776,True,False,True,False,118,20261130,20261130,D,studentized,joint-map,
completed,19.944715944257144,20.0,0.049288125180036856,True,conditional-profile,True,18.341688029894105,21.81939947506198,3.477711445167877,True,False,True,False,118,20261130,20261130,D,profile,joint-map,
completed,18.389658354316854,20.0,0.09685254462996602,True,conditional-laplace,True,16.483903217595824,20.29541349103788,3.8115102734420567,True,False,True,False,119,20261131,20261131,D,laplace,joint-map,
completed,18.389658354316854,20.0,0.09685254462996602,True,conditional-studentized-curvature,True,15.435124052213594,22.7089060437455,7.273781991531907,True,False,True,False,119,20261131,20261131,D,studentized,joint-map,
completed,18.389658354316854,20.0,0.09685254462996602,True,conditional-profile,True,16.67640006677781,20.517209869941297,3.840809803163488,True,False,True,False,119,20261131,20261131,D,profile,joint-map,
completed,20.59436744078151,20.0,0.054911208219966,True,conditional-laplace,True,18.742258900916738,22.44647598064628,3.704217079729542,True,False,True,False,120,20261132,20261132,D,laplace,joint-map,
completed,20.59436744078151,20.0,0.054911208219966,True,conditional-studentized-curvature,True,17.58390799100283,24.588312680367807,7.004404689364975,True,False,True,False,120,20261132,20261132,D,studentized,joint-map,
completed,20.59436744078151,20.0,0.054911208219966,True,conditional-profile,True,18.882953068648366,22.602780817588027,3.719827748939661,True,False,True,False,120,20261132,20261132,D,profile,joint-map,
completed,19.785157779586203,20.0,0.05129407419509092,True,conditional-laplace,True,18.085805195225284,21.484510363947123,3.3987051687218397,True,False,True,False,121,20261133,20261133,D,laplace,joint-map,
completed,19.785157779586203,20.0,0.05129407419509092,True,conditional-studentized-curvature,True,17.024299995639915,23.455189647423992,6.430889651784078,True,False,True,False,121,20261133,20261133,D,studentized,joint-map,
completed,19.785157779586203,20.0,0.05129407419509092,True,conditional-profile,True,18.212110994062435,21.624444034719204,3.412333040656769,True,False,True,False,121,20261133,20261133,D,profile,joint-map,
completed,21.23255161672548,20.0,0.12679618784407853,True,conditional-laplace,True,18.338911319151332,24.12619191429963,5.787280595148296,True,False,True,False,122,20261134,20261134,D,laplace,joint-map,
completed,21.23255161672548,20.0,0.12679618784407853,True,conditional-studentized-curvature,True,16.829991977194258,27.863445745203464,11.033453768009206,True,False,True,False,122,20261134,20261134,D,studentized,joint-map,
completed,21.23255161672548,20.0,0.12679618784407853,True,conditional-profile,True,18.677232774623416,24.526379980340494,5.8491472057170775,True,False,True,False,122,20261134,20261134,D,profile,joint-map,
completed,21.110543041149775,20.0,0.0862076622668166,True,conditional-laplace,True,18.824915079690776,23.396171002608774,4.571255922917999,True,False,True,False,123,20261135,20261135,D,laplace,joint-map,
completed,21.110543041149775,20.0,0.0862076622668166,True,conditional-studentized-curvature,True,17.484328687343776,26.14982293834032,8.665494250996545,True,False,True,False,123,20261135,20261135,D,studentized,joint-map,
completed,21.110543041149775,20.0,0.0862076622668166,True,conditional-profile,True,19.03688252748417,23.637588059554115,4.600705532069945,True,False,True,False,123,20261135,20261135,D,profile,joint-map,
completed,19.858320136997566,20.0,0.060779305933303496,True,conditional-laplace,True,18.032304006694336,21.684336267300797,3.652032260606461,True,False,True,False,124,20261136,20261136,D,laplace,joint-map,
completed,19.858320136997566,20.0,0.060779305933303496,True,conditional-studentized-curvature,True,16.919391820012425,23.83761464668311,6.918222826670686,True,False,True,False,124,20261136,20261136,D,studentized,joint-map,
completed,19.858320136997566,20.0,0.060779305933303496,True,conditional-profile,True,18.179425585086292,21.848804634580187,3.6693790494938945,True,False,True,False,124,20261136,20261136,D,profile,joint-map,
completed,20.202390405734413,20.0,0.1373151789748416,True,conditional-laplace,True,17.389582569105876,23.015198242362946,5.6256156732570695,True,False,True,False,125,20261137,20261137,D,laplace,joint-map,
completed,20.202390405734413,20.0,0.1373151789748416,True,conditional-studentized-curvature,True,15.995407982829256,26.772022530228163,10.776614547398907,True,False,True,False,125,20261137,20261137,D,studentized,joint-map,
completed,20.202390405734413,20.0,0.1373151789748416,True,conditional-profile,True,17.739732052873535,23.43431566503847,5.694583612164934,True,False,True,False,125,20261137,20261137,D,profile,joint-map,
completed,20.675697679039565,20.0,0.06981581691589454,True,conditional-laplace,True,18.639777605260136,22.711617752819,4.071840147558863,True,False,True,False,126,20261138,20261138,D,laplace,joint-map,
completed,20.675697679039565,20.0,0.06981581691589454,True,conditional-studentized-curvature,True,17.408667557447625,25.119664601857934,7.710997044410309,True,False,True,False,126,20261138,20261138,D,studentized,joint-map,
completed,20.675697679039565,20.0,0.06981581691589454,True,conditional-profile,True,18.811947091560274,22.9052888697968,4.093341778236525,True,False,True,False,126,20261138,20261138,D,profile,joint-map,
completed,20.607474728260385,20.0,0.06599838399796461,True,conditional-laplace,True,18.64828783495126,22.566661621569505,3.9183737866182433,True,False,True,False,127,20261139,20261139,D,laplace,joint-map,
completed,20.607474728260385,20.0,0.06599838399796461,True,conditional-studentized-curvature,True,17.448510839948938,24.86493183989463,7.416420999945693,True,False,True,False,127,20261139,20261139,D,studentized,joint-map,
completed,20.607474728260385,20.0,0.06599838399796461,True,conditional-profile,True,18.808218652609444,22.745789564648234,3.9375709120387903,True,False,True,False,127,20261139,20261139,D,profile,joint-map,
completed,18.27566001511625,20.0,0.12257006572967725,True,conditional-laplace,True,16.111802488235966,20.43951754199654,4.327715053760574,True,False,True,False,128,20261140,20261140,D,laplace,joint-map,
completed,18.27566001511625,20.0,0.12257006572967725,True,conditional-studentized-curvature,True,15.015593754210293,23.32254036785656,8.306946613646268,True,False,True,False,128,20261140,20261140,D,studentized,joint-map,
completed,18.27566001511625,20.0,0.12257006572967725,True,conditional-profile,True,16.365240697724182,20.739057986207527,4.373817288483345,True,False,True,False,128,20261140,20261140,D,profile,joint-map,
completed,20.168698157305972,20.0,0.044619210929851764,True,conditional-laplace,True,18.468511399185257,21.868884915426683,3.4003735162414266,True,False,True,False,129,20261141,20261141,D,laplace,joint-map,
completed,20.168698157305972,20.0,0.044619210929851764,True,conditional-studentized-curvature,True,17.389919825186904,23.81759030777289,6.4276704825859845,True,False,True,False,129,20261141,20261141,D,studentized,joint-map,
completed,20.168698157305972,20.0,0.044619210929851764,True,conditional-profile,True,18.589249381701666,22.00206140075913,3.412812019057462,True,False,True,False,129,20261141,20261141,D,profile,joint-map,
completed,18.5421429213512,20.0,0.15459877285486145,True,conditional-laplace,True,15.94340133240387,21.140884510298534,5.197483177894664,True,False,True,False,130,20261142,20261142,D,laplace,joint-map,
completed,18.5421429213512,20.0,0.15459877285486145,True,conditional-studentized-curvature,True,14.759707385611257,24.80821689092627,10.048509505315014,True,False,True,False,130,20261142,20261142,D,studentized,joint-map,
completed,18.5421429213512,20.0,0.15459877285486145,True,conditional-profile,True,16.297473047185797,21.57272201625686,5.275248969071065,True,False,True,False,130,20261142,20261142,D,profile,joint-map,
completed,22.04516991017126,20.0,0.10377075119532797,True,conditional-laplace,True,19.268777047657583,24.821562772684942,5.552785725027359,True,False,True,False,131,20261143,20261143,D,laplace,joint-map,
completed,22.04516991017126,20.0,0.10377075119532797,True,conditional-studentized-curvature,True,17.71933767027418,28.257256700210924,10.537919029936745,True,False,True,False,131,20261143,20261143,D,studentized,joint-map,
completed,22.04516991017126,20.0,0.10377075119532797,True,conditional-profile,True,19.559144919188405,25.158421937362675,5.59927701817427,True,False,True,False,131,20261143,20261143,D,profile,joint-map,
completed,23.418449050767233,20.0,0.16245613040351478,True,conditional-laplace,True,19.250889384979263,27.586008716555206,8.335119331575942,True,False,True,False,132,20261144,20261144,D,laplace,joint-map,
completed,23.418449050767233,20.0,0.16245613040351478,True,conditional-studentized-curvature,True,17.30850033116684,33.20306911497979,15.89456878381295,True,False,True,False,132,20261144,20261144,D,studentized,joint-map,
completed,23.418449050767233,20.0,0.16245613040351478,True,conditional-profile,True,19.833405897555586,28.301317240023813,8.467911342468227,True,False,True,False,132,20261144,20261144,D,profile,joint-map,
completed,20.36825859012772,20.0,0.11250837450056703,True,conditional-laplace,True,17.850769111437078,22.885748068818362,5.034978957381284,True,False,True,False,133,20261145,20261145,D,laplace,joint-map,
completed,20.36825859012772,20.0,0.11250837450056703,True,conditional-studentized-curvature,True,16.499172921296026,26.096665927992873,9.597493006696848,True,False,True,False,133,20261145,20261145,D,studentized,joint-map,
completed,20.36825859012772,20.0,0.11250837450056703,True,conditional-profile,True,18.127044254130965,23.208717507656328,5.081673253525363,True,False,True,False,133,20261145,20261145,D,profile,joint-map,
completed,20.944903560867914,20.0,0.05276831342578727,True,conditional-laplace,True,19.05546821975828,22.834338901977553,3.7788706822192744,True,False,True,False,134,20261146,20261146,D,laplace,joint-map,
completed,20.944903560867914,20.0,0.05276831342578727,True,conditional-studentized-curvature,True,17.866360923591337,25.008099186567367,7.14173826297603,True,False,True,False,134,20261146,20261146,D,studentized,joint-map,
completed,20.944903560867914,20.0,0.05276831342578727,True,conditional-profile,True,19.1975681399772,22.992068099993617,3.7944999600164167,True,False,True,False,134,20261146,20261146,D,profile,joint-map,
completed,21.533742701839017,20.0,0.08224869860975403,True,conditional-laplace,True,19.206208772439563,23.861276631238475,4.655067858798912,True,False,True,False,135,20261147,20261147,D,laplace,joint-map,
completed,21.533742701839017,20.0,0.08224869860975403,True,conditional-studentized-curvature,True,17.826126070740735,26.64211019667217,8.815984125931436,True,False,True,False,135,20261147,20261147,D,studentized,joint-map,
completed,21.533742701839017,20.0,0.08224869860975403,True,conditional-profile,True,19.417927846410766,24.101799448651274,4.683871602240508,True,False,True,False,135,20261147,20261147,D,profile,joint-map,
completed,21.324182823794352,20.0,0.05266054007857331,True,conditional-laplace,True,19.372253688113716,23.276111959474992,3.903858271361276,True,False,True,False,136,20261148,20261148,D,laplace,joint-map,
completed,21.324182823794352,20.0,0.05266054007857331,True,conditional-studentized-curvature,True,18.140979952473163,25.51612702541331,7.375147072940148,True,False,True,False,136,20261148,20261148,D,studentized,joint-map,
completed,21.324182823794352,20.0,0.05266054007857331,True,conditional-profile,True,19.519202249013905,23.439279120015645,3.92007687100174,True,False,True,False,136,20261148,20261148,D,profile,joint-map,
completed,19.898063117438795,20.0,0.17029366843497304,True,conditional-laplace,True,16.676818588462194,23.1193076464154,6.442489057953207,True,False,True,False,137,20261149,20261149,D,laplace,joint-map,
completed,19.898063117438795,20.0,0.17029366843497304,True,conditional-studentized-curvature,True,15.274481261855332,27.726663142351654,12.452181880496322,True,False,True,False,137,20261149,20261149,D,studentized,joint-map,
completed,19.898063117438795,20.0,0.17029366843497304,True,conditional-profile,True,17.145325524355897,23.6996988965547,6.554373372198803,True,False,True,False,137,20261149,20261149,D,profile,joint-map,
completed,18.329303584626512,20.0,0.04860432286121075,True,conditional-laplace,True,16.85939798425865,19.799209184994375,2.9398112007357255,False,False,True,False,138,20261150,20261150,D,laplace,joint-map,
completed,18.329303584626512,20.0,0.04860432286121075,True,conditional-studentized-curvature,True,15.952702020012762,21.524649868654997,5.571947848642235,True,False,True,False,138,20261150,20261150,D,studentized,joint-map,
completed,18.329303584626512,20.0,0.04860432286121075,True,conditional-profile,True,16.96775086758344,19.91901727617384,2.9512664085903992,False,False,True,False,138,20261150,20261150,D,profile,joint-map,
completed,21.17055060928211,20.0,0.05968666928970609,True,conditional-laplace,True,19.202514005797536,23.138587212766684,3.936073206969148,True,False,True,False,139,20261151,20261151,D,laplace,joint-map,
completed,21.17055060928211,20.0,0.05968666928970609,True,conditional-studentized-curvature,True,17.971899212417398,25.411499842983794,7.439600630566396,True,False,True,False,139,20261151,20261151,D,studentized,joint-map,
completed,21.17055060928211,20.0,0.05968666928970609,True,conditional-profile,True,19.355168813398464,23.30860837170775,3.9534395583092845,True,False,True,False,139,20261151,20261151,D,profile,joint-map,
completed,20.029918486583714,20.0,0.04369921292576546,True,conditional-laplace,True,18.39753066568216,21.662306307485263,3.2647756418031015,True,False,True,False,140,20261152,20261152,D,laplace,joint-map,
completed,20.029918486583714,20.0,0.04369921292576546,True,conditional-studentized-curvature,True,17.352809923486955,23.522266521097173,6.169456597610218,True,False,True,False,140,20261152,20261152,D,studentized,joint-map,
completed,20.029918486583714,20.0,0.04369921292576546,True,conditional-profile,True,18.510237373913867,21.786275092992923,3.2760377190790564,True,False,True,False,140,20261152,20261152,D,profile,joint-map,
completed,20.82437816099322,20.0,0.09763599353884703,True,conditional-laplace,True,18.403746094684475,23.245010227301965,4.841264132617489,True,False,True,False,141,20261153,20261153,D,laplace,joint-map,
completed,20.82437816099322,20.0,0.09763599353884703,True,conditional-studentized-curvature,True,17.041798362217058,26.24102894041757,9.199230578200513,True,False,True,False,141,20261153,20261153,D,studentized,joint-map,
completed,20.82437816099322,20.0,0.09763599353884703,True,conditional-profile,True,18.648004301374886,23.526660628647925,4.878656327273038,True,False,True,False,141,20261153,20261153,D,profile,joint-map,
completed,20.615113468666053,20.0,0.09172945488173928,True,conditional-laplace,True,18.33057898370575,22.899647953626356,4.5690689699206075,True,False,True,False,142,20261154,20261154,D,laplace,joint-map,
completed,20.615113468666053,20.0,0.09172945488173928,True,conditional-studentized-curvature,True,17.022199710164642,25.698553422055923,8.67635371189128,True,False,True,False,142,20261154,20261154,D,studentized,joint-map,
completed,20.615113468666053,20.0,0.09172945488173928,True,conditional-profile,True,18.551911719954536,23.153273743349388,4.601362023394852,True,False,True,False,142,20261154,20261154,D,profile,joint-map,
completed,22.7393719666035,20.0,0.1993105293452924,True,conditional-laplace,True,18.062774974566864,27.415968958640136,9.353193984073272,True,False,True,False,143,20261155,20261155,D,laplace,joint-map,
completed,22.7393719666035,20.0,0.1993105293452924,True,conditional-studentized-curvature,True,16.19785782681454,34.19199990266972,17.99414207585518,True,False,True,False,143,20261155,20261155,D,studentized,joint-map,
completed,22.7393719666035,20.0,0.1993105293452924,True,conditional-profile,True,18.82337530222885,28.38643654717194,9.56306124494309,True,False,True,False,143,20261155,20261155,D,profile,joint-map,
completed,20.277298284848673,20.0,0.04394308540164474,True,conditional-laplace,True,18.532829135451273,22.021767434246073,3.4889382987947997,True,False,True,False,144,20261156,20261156,D,laplace,joint-map,
completed,20.277298284848673,20.0,0.04394308540164474,True,conditional-studentized-curvature,True,17.43155722818971,24.027617645845602,6.596060417655892,True,False,True,False,144,20261156,20261156,D,studentized,joint-map,
completed,20.277298284848673,20.0,0.04394308540164474,True,conditional-profile,True,18.658472487897917,22.160566717989475,3.502094230091558,True,False,True,False,144,20261156,20261156,D,profile,joint-map,
completed,22.70841133052975,20.0,0.12507222927050982,True,conditional-laplace,True,19.46198513585167,25.95483752520782,6.492852389356152,True,False,True,False,145,20261157,20261157,D,laplace,joint-map,
completed,22.70841133052975,20.0,0.12507222927050982,True,conditional-studentized-curvature,True,17.74321363287875,30.0802250868562,12.33701145397745,True,False,True,False,145,20261157,20261157,D,studentized,joint-map,
completed,22.70841133052975,20.0,0.12507222927050982,True,conditional-profile,True,19.83923468109906,26.40067798929155,6.561443308192491,True,False,True,False,145,20261157,20261157,D,profile,joint-map,
completed,21.67448445903227,20.0,0.10080553208510888,True,conditional-laplace,True,19.046598157952698,24.302370760111845,5.255772602159148,True,False,True,False,146,20261158,20261158,D,laplace,joint-map,
completed,21.67448445903227,20.0,0.10080553208510888,True,conditional-studentized-curvature,True,17.56546589091693,27.540362541374975,9.974896650458046,True,False,True,False,146,20261158,20261158,D,studentized,joint-map,
completed,21.67448445903227,20.0,0.10080553208510888,True,conditional-profile,True,19.31507440796905,24.612650558630207,5.297576150661158,True,False,True,False,146,20261158,20261158,D,profile,joint-map,
completed,20.528554988110525,20.0,0.09665345561196015,True,conditional-laplace,True,18.205283760191374,22.851826216029675,4.646542455838301,True,False,True,False,147,20261159,20261159,D,laplace,joint-map,
completed,20.528554988110525,20.0,0.09665345561196015,True,conditional-studentized-curvature,True,16.89158549799882,25.72180813147402,8.830222633475202,True,False,True,False,147,20261159,20261159,D,studentized,joint-map,
completed,20.528554988110525,20.0,0.09665345561196015,True,conditional-profile,True,18.43659529413383,23.11798264846957,4.68138735433574,True,False,True,False,147,20261159,20261159,D,profile,joint-map,
completed,19.581855364486067,20.0,0.084984439345595,True,conditional-laplace,True,17.60841748979403,21.555293239178106,3.946875749384077,True,False,True,False,148,20261160,20261160,D,laplace,joint-map,
completed,19.581855364486067,20.0,0.084984439345595,True,conditional-studentized-curvature,True,16.46100476460316,23.958289119496953,7.497284354893793,True,False,True,False,148,20261160,20261160,D,studentized,joint-map,
completed,19.581855364486067,20.0,0.084984439345595,True,conditional-profile,True,17.789988564667944,21.761756194642512,3.9717676299745683,True,False,True,False,148,20261160,20261160,D,profile,joint-map,
completed,18.334794159429148,20.0,0.16402672036998478,True,conditional-laplace,True,15.67071830494247,20.998870013915827,5.3281517089733565,True,False,True,False,149,20261161,20261161,D,laplace,joint-map,
completed,18.334794159429148,20.0,0.16402672036998478,True,conditional-studentized-curvature,True,14.507703006038586,24.846855549341484,10.339152543302898,True,False,True,False,149,20261161,20261161,D,studentized,joint-map,
completed,18.334794159429148,20.0,0.16402672036998478,True,conditional-profile,True,16.050749862760945,21.46727134430055,5.416521481539604,True,False,True,False,149,20261161,20261161,D,profile,joint-map,
completed,18.593924873051414,20.0,0.12231238946046581,True,conditional-laplace,True,16.361723086696934,20.82612665940589,4.464403572708957,True,False,True,False,150,20261162,20261162,D,laplace,joint-map,
completed,18.593924873051414,20.0,0.12231238946046581,True,conditional-studentized-curvature,True,15.223747345616125,23.784871209612746,8.56112386399662,True,False,True,False,150,20261162,20261162,D,studentized,joint-map,
completed,18.593924873051414,20.0,0.12231238946046581,True,conditional-profile,True,16.62196606140238,21.133495162609968,4.511529101207589,True,False,True,False,150,20261162,20261162,D,profile,joint-map,
completed,20.017566693640795,20.0,0.14254764670103656,True,conditional-laplace,True,17.178824822832176,22.856308564449414,5.6774837416172375,True,False,True,False,151,20261163,20261163,D,laplace,joint-map,
completed,20.017566693640795,20.0,0.14254764670103656,True,conditional-studentized-curvature,True,15.800097001644836,26.693709065049642,10.893612063404806,True,False,True,False,151,20261163,20261163,D,studentized,joint-map,
completed,20.017566693640795,20.0,0.14254764670103656,True,conditional-profile,True,17.541529847305714,23.292756358359878,5.751226511054163,True,False,True,False,151,20261163,20261163,D,profile,joint-map,
completed,20.97243428820393,20.0,0.09057064944109466,True,conditional-laplace,True,18.63857915549977,23.306289420908094,4.667710265408324,True,False,True,False,152,20261164,20261164,D,laplace,joint-map,
completed,20.97243428820393,20.0,0.09057064944109466,True,conditional-studentized-curvature,True,17.291726819205373,26.148331114431084,8.856604295225711,True,False,True,False,152,20261164,20261164,D,studentized,joint-map,
completed,20.97243428820393,20.0,0.09057064944109466,True,conditional-profile,True,18.86264759195792,23.562749810671924,4.7001022187140045,True,False,True,False,152,20261164,20261164,D,profile,joint-map,
completed,19.886637608116636,20.0,0.06569238260127006,True,conditional-laplace,True,18.024654259249168,21.7486209569841,3.7239666977349337,True,False,True,False,153,20261165,20261165,D,laplace,joint-map,
completed,19.886637608116636,20.0,0.06569238260127006,True,conditional-studentized-curvature,True,16.897315359747623,23.953998342324052,7.0566829825764295,True,False,True,False,153,20261165,20261165,D,studentized,joint-map,
completed,19.886637608116636,20.0,0.06569238260127006,True,conditional-profile,True,18.17825729361428,21.92081756765791,3.7425602740436297,True,False,True,False,153,20261165,20261165,D,profile,joint-map,
completed,21.111457213263982,20.0,0.12625120173552223,True,conditional-laplace,True,18.231275453565885,23.99163897296208,5.7603635193961935,True,False,True,False,154,20261166,20261166,D,laplace,joint-map,
completed,21.111457213263982,20.0,0.12625120173552223,True,conditional-studentized-curvature,True,16.736274470443284,27.723429780690523,10.987155310247239,True,False,True,False,154,20261166,20261166,D,studentized,joint-map,
completed,21.111457213263982,20.0,0.12625120173552223,True,conditional-profile,True,18.56950030142514,24.39198419733167,5.8224838959065295,True,False,True,False,154,20261166,20261166,D,profile,joint-map,
completed,20.543888972096674,20.0,0.11050832799097311,True,conditional-laplace,True,18.021939494260277,23.06583844993307,5.043898955672795,True,False,True,False,155,20261167,20261167,D,laplace,joint-map,
completed,20.543888972096674,20.0,0.11050832799097311,True,conditional-studentized-curvature,True,16.654985121900644,26.261907216797063,9.606922094896419,True,False,True,False,155,20261167,20261167,D,studentized,joint-map,
completed,20.543888972096674,20.0,0.11050832799097311,True,conditional-profile,True,18.29475116221678,23.383991878814886,5.0892407165981055,True,False,True,False,155,20261167,20261167,D,profile,joint-map,
completed,20.554591327595965,20.0,0.0867260747157794,True,conditional-laplace,True,18.35497388027546,22.754208774916474,4.399234894641015,True,False,True,False,156,20261168,20261168,D,laplace,joint-map,
completed,20.554591327595965,20.0,0.0867260747157794,True,conditional-studentized-curvature,True,17.07636022102855,25.42446292814678,8.34810270711823,True,False,True,False,156,20261168,20261168,D,studentized,joint-map,
completed,20.554591327595965,20.0,0.0867260747157794,True,conditional-profile,True,18.561108233715874,22.989288628193055,4.428180394477181,True,False,True,False,156,20261168,20261168,D,profile,joint-map,
completed,20.600266826439476,20.0,0.0836009861723024,True,conditional-laplace,True,18.445119504906753,22.755414147972203,4.3102946430654505,True,False,True,False,157,20261169,20261169,D,laplace,joint-map,
completed,20.600266826439476,20.0,0.0836009861723024,True,conditional-studentized-curvature,True,17.17783670351734,25.352050415986152,8.174213712468813,True,False,True,False,157,20261169,20261169,D,studentized,joint-map,
completed,20.600266826439476,20.0,0.0836009861723024,True,conditional-profile,True,18.64204969371688,22.979211701993055,4.337162008276174,True,False,True,False,157,20261169,20261169,D,profile,joint-map,
completed,19.18561877423786,20.0,0.15598228897296507,True,conditional-laplace,True,16.367309345392272,22.003928203083447,5.636618857691175,True,False,True,False,158,20261170,20261170,D,laplace,joint-map,
completed,19.18561877423786,20.0,0.15598228897296507,True,conditional-studentized-curvature,True,15.085941866275775,25.968504891266605,10.88256302499083,True,False,True,False,158,20261170,20261170,D,studentized,joint-map,
completed,19.18561877423786,20.0,0.15598228897296507,True,conditional-profile,True,16.754558866040597,22.47716245581576,5.7226035897751615,True,False,True,False,158,20261170,20261170,D,profile,joint-map,
completed,17.6567698965205,20.0,0.06295927998543276,True,conditional-laplace,True,16.181927704973567,19.131612088067435,2.9496843830938673,False,False,True,False,159,20261171,20261171,D,laplace,joint-map,
completed,17.6567698965205,20.0,0.06295927998543276,True,conditional-studentized-curvature,True,15.306865803175631,20.913142181345545,5.606276378169914,True,False,True,False,159,20261171,20261171,D,studentized,joint-map,
completed,17.6567698965205,20.0,0.06295927998543276,True,conditional-profile,True,16.302357677963016,19.26627932593857,2.9639216479755532,False,False,True,False,159,20261171,20261171,D,profile,joint-map,
completed,18.996775197723487,20.0,0.1100078120764698,True,conditional-laplace,True,16.82979828541667,21.163752110030302,4.3339538246136335,True,False,True,False,160,20261172,20261172,D,laplace,joint-map,
completed,18.996775197723487,20.0,0.1100078120764698,True,conditional-studentized-curvature,True,15.670918071808249,23.950492101962872,8.279574030154624,True,False,True,False,160,20261172,20261172,D,studentized,joint-map,
completed,18.996775197723487,20.0,0.1100078120764698,True,conditional-profile,True,17.06442533155443,21.437285682429604,4.372860350875175,True,False,True,False,160,20261172,20261172,D,profile,joint-map,
completed,18.560417492392457,20.0,0.04948424426723342,True,conditional-laplace,True,17.07935148499107,20.041483499793845,2.9621320148027763,True,False,True,False,161,20261173,20261173,D,laplace,joint-map,
completed,18.560417492392457,20.0,0.04948424426723342,True,conditional-studentized-curvature,True,16.157921785678838,21.76867021483754,5.610748429158704,True,False,True,False,161,20261173,20261173,D,studentized,joint-map,
completed,18.560417492392457,20.0,0.04948424426723342,True,conditional-profile,True,17.18662365733268,20.159929215687576,2.9733055583548946,True,False,True,False,161,20261173,20261173,D,profile,joint-map,
completed,20.1213486094284,20.0,0.11199329959144542,True,conditional-laplace,True,17.657166095338688,22.585531123518106,4.928365028179417,True,False,True,False,162,20261174,20261174,D,laplace,joint-map,
completed,20.1213486094284,20.0,0.11199329959144542,True,conditional-studentized-curvature,True,16.33826842611667,25.737660350864267,9.399391924747597,True,False,True,False,162,20261174,20261174,D,studentized,joint-map,
completed,20.1213486094284,20.0,0.11199329959144542,True,conditional-profile,True,17.927901556303432,22.902054145054485,4.974152588751053,True,False,True,False,162,20261174,20261174,D,profile,joint-map,
completed,18.894322680873273,20.0,0.15214315782365,True,conditional-laplace,True,16.22842488740859,21.560220474337957,5.331795586929367,True,False,True,False,163,20261175,20261175,D,laplace,joint-map,
completed,18.894322680873273,20.0,0.15214315782365,True,conditional-studentized-curvature,True,14.99658338188696,25.285843018220078,10.289259636333117,True,False,True,False,163,20261175,20261175,D,studentized,joint-map,
completed,18.894322680873273,20.0,0.15214315782365,True,conditional-profile,True,16.586876615147784,21.99616336235497,5.409286747207187,True,False,True,False,163,20261175,20261175,D,profile,joint-map,
completed,19.706478360052607,20.0,0.15542626478895608,True,conditional-laplace,True,16.754677668203136,22.658279051902074,5.903601383698938,True,False,True,False,164,20261176,20261176,D,laplace,joint-map,
completed,19.706478360052607,20.0,0.15542626478895608,True,conditional-studentized-curvature,True,15.397658415658121,26.772995285069467,11.375336869411345,True,False,True,False,164,20261176,20261176,D,studentized,joint-map,
completed,19.706478360052607,20.0,0.15542626478895608,True,conditional-profile,True,17.15748910654503,23.14987355489746,5.992384448352432,True,False,True,False,164,20261176,20261176,D,profile,joint-map,
completed,20.290889696872863,20.0,0.1901653584803727,True,conditional-laplace,True,16.631159997625723,23.950619396120004,7.319459398494281,True,False,True,False,165,20261177,20261177,D,laplace,joint-map,
completed,20.290889696872863,20.0,0.1901653584803727,True,conditional-studentized-curvature,True,15.159259713032478,29.361830665746005,14.202570952713527,True,False,True,False,165,20261177,20261177,D,studentized,joint-map,
completed,20.290889696872863,20.0,0.1901653584803727,True,conditional-profile,True,17.20878942232384,24.681374419591776,7.472584997267937,True,False,True,False,165,20261177,20261177,D,profile,joint-map,
completed,21.535508262824187,20.0,0.03614553214405345,True,conditional-laplace,True,19.73840280872817,23.3326137169202,3.5942109081920286,True,False,True,False,166,20261178,20261178,D,laplace,joint-map,
completed,21.535508262824187,20.0,0.03614553214405345,True,conditional-studentized-curvature,True,18.564000772430994,25.343794746855384,6.77979397442439,True,False,True,False,166,20261178,20261178,D,studentized,joint-map,
completed,21.535508262824187,20.0,0.03614553214405345,True,conditional-profile,True,19.85768764751097,23.46347711446935,3.6057894669583774,True,False,True,False,166,20261178,20261178,D,profile,joint-map,
completed,20.30560158747473,20.0,0.20544148734256523,True,conditional-laplace,True,16.40334770837043,24.20785546657903,7.804507758208601,True,False,True,False,167,20261179,20261179,D,laplace,joint-map,
completed,20.30560158747473,20.0,0.20544148734256523,True,conditional-studentized-curvature,True,14.934070811832768,30.14037766013101,15.20630684829824,True,False,True,False,167,20261179,20261179,D,studentized,joint-map,
completed,20.30560158747473,20.0,0.20544148734256523,True,conditional-profile,True,17.055138295162912,25.045523712028626,7.990385416865713,True,False,True,False,167,20261179,20261179,D,profile,joint-map,
completed,22.28113610199059,20.0,0.13428535423569807,True,conditional-laplace,True,18.974031973147362,25.588240230833815,6.614208257686453,True,False,True,False,168,20261180,20261180,D,laplace,joint-map,
completed,22.28113610199059,20.0,0.13428535423569807,True,conditional-studentized-curvature,True,17.284223837198617,29.881954309757663,12.597730472559046,True,False,True,False,168,20261180,20261180,D,studentized,joint-map,
completed,22.28113610199059,20.0,0.13428535423569807,True,conditional-profile,True,19.377987569846788,26.07015798168662,6.692170411839832,True,False,True,False,168,20261180,20261180,D,profile,joint-map,
completed,19.61709871134186,20.0,0.0985517906603931,True,conditional-laplace,True,17.424299933947555,21.80989748873617,4.385597554788614,True,False,True,False,169,20261181,20261181,D,laplace,joint-map,
completed,19.61709871134186,20.0,0.0985517906603931,True,conditional-studentized-curvature,True,16.211424152557278,24.565472839009086,8.354048686451808,True,False,True,False,169,20261181,20261181,D,studentized,joint-map,
completed,19.61709871134186,20.0,0.0985517906603931,True,conditional-profile,True,17.64854257567149,22.068896907680305,4.420354332008813,True,False,True,False,169,20261181,20261181,D,profile,joint-map,
completed,21.508091704379474,20.0,0.09619507592241006,True,conditional-laplace,True,18.954417216408295,24.061766192350653,5.107348975942358,True,False,True,False,170,20261182,20261182,D,laplace,joint-map,
completed,21.508091704379474,20.0,0.09619507592241006,True,conditional-studentized-curvature,True,17.506203622140724,27.198742117580423,9.692538495439699,True,False,True,False,170,20261182,20261182,D,studentized,joint-map,
completed,21.508091704379474,20.0,0.09619507592241006,True,conditional-profile,True,19.210701456061315,24.3570990379557,5.146397581894384,True,False,True,False,170,20261182,20261182,D,profile,joint-map,
completed,20.68063484969441,20.0,0.09876939247757013,True,conditional-laplace,True,18.308373749871194,23.052895949517627,4.744522199646433,True,False,True,False,171,20261183,20261183,D,laplace,joint-map,
completed,20.68063484969441,20.0,0.09876939247757013,True,conditional-studentized-curvature,True,16.97017153079841,25.986012655684,9.01584112488559,True,False,True,False,171,20261183,20261183,D,studentized,joint-map,
completed,20.68063484969441,20.0,0.09876939247757013,True,conditional-profile,True,18.546765893940055,23.327620173000284,4.780854279060229,True,False,True,False,171,20261183,20261183,D,profile,joint-map,
completed,19.672846386938573,20.0,0.11654306191918976,True,conditional-laplace,True,17.255411132607684,22.090281641269456,4.834870508661773,True,False,True,False,172,20261184,20261184,D,laplace,joint-map,
completed,19.672846386938573,20.0,0.11654306191918976,True,conditional-studentized-curvature,True,15.984717214460606,25.222017843006075,9.23730062854547,True,False,True,False,172,20261184,20261184,D,studentized,joint-map,
completed,19.672846386938573,20.0,0.11654306191918976,True,conditional-profile,True,17.527607085193537,22.40984023850008,4.882233153306544,True,False,True,False,172,20261184,20261184,D,profile,joint-map,
completed,21.679980437739644,20.0,0.08684473899419676,True,conditional-laplace,True,19.274730696195235,24.085230179284054,4.810499483088819,True,False,True,False,173,20261185,20261185,D,laplace,joint-map,
completed,21.679980437739644,20.0,0.08684473899419676,True,conditional-studentized-curvature,True,17.860224226333873,26.97243182467078,9.112207598336909,True,False,True,False,173,20261185,20261185,D,studentized,joint-map,
completed,21.679980437739644,20.0,0.08684473899419676,True,conditional-profile,True,19.49888546477538,24.34075630937525,4.841870844599871,True,False,True,False,173,20261185,20261185,D,profile,joint-map,
completed,18.920746078744415,20.0,0.10797186331034818,True,conditional-laplace,True,16.783542242906094,21.057949914582732,4.274407671676638,True,False,True,False,174,20261186,20261186,D,laplace,joint-map,
completed,18.920746078744415,20.0,0.10797186331034818,True,conditional-studentized-curvature,True,15.637637396303264,23.80296898428356,8.165331587980296,True,False,True,False,174,20261186,20261186,D,studentized,joint-map,
completed,18.920746078744415,20.0,0.10797186331034818,True,conditional-profile,True,17.01330041156175,21.325460615389144,4.312160203827393,True,False,True,False,174,20261186,20261186,D,profile,joint-map,
completed,18.74239610975535,20.0,0.14850054507672145,True,conditional-laplace,True,16.136645845547044,21.348146373963658,5.2115005284166145,True,False,True,False,175,20261187,20261187,D,laplace,joint-map,
completed,18.74239610975535,20.0,0.14850054507672145,True,conditional-studentized-curvature,True,14.928763054501005,24.98698766227796,10.058224607776957,True,False,True,False,175,20261187,20261187,D,studentized,joint-map,
completed,18.74239610975535,20.0,0.14850054507672145,True,conditional-profile,True,16.48442778712526,21.77032178327188,5.285893996146619,True,False,True,False,175,20261187,20261187,D,profile,joint-map,
completed,19.320321270297505,20.0,0.09307699300821336,True,conditional-laplace,True,17.274382126668723,21.366260413926284,4.091878287257561,True,False,True,False,176,20261188,20261188,D,laplace,joint-map,
completed,19.320321270297505,20.0,0.09307699300821336,True,conditional-studentized-curvature,True,16.12239238978051,23.911591585585512,7.789199195805001,True,False,True,False,176,20261188,20261188,D,studentized,joint-map,
completed,19.320321270297505,20.0,0.09307699300821336,True,conditional-profile,True,17.475144427277883,21.59664472401721,4.1215002967393275,True,False,True,False,176,20261188,20261188,D,profile,joint-map,
completed,18.124077765150588,20.0,0.009426283740042523,True,conditional-laplace,True,16.818845670704793,19.429309859596383,2.6104641888915907,False,False,True,False,177,20261189,20261189,D,laplace,joint-map,
completed,18.124077765150588,20.0,0.009426283740042523,True,conditional-studentized-curvature,True,15.986389174628092,20.9258441714946,4.939454996866507,True,False,True,False,177,20261189,20261189,D,studentized,joint-map,
completed,18.124077765150588,20.0,0.009426283740042523,True,conditional-profile,True,16.89912777852758,19.5164502075886,2.617322429061023,False,False,True,False,177,20261189,20261189,D,profile,joint-map,
completed,20.565242854573576,20.0,0.11813312153585466,True,conditional-laplace,True,17.914540935433457,23.215944773713698,5.30140383828024,True,False,True,False,178,20261190,20261190,D,laplace,joint-map,
completed,20.565242854573576,20.0,0.11813312153585466,True,conditional-studentized-curvature,True,16.516402455405192,26.628668698860483,10.112266243455291,True,False,True,False,178,20261190,20261190,D,studentized,joint-map,
completed,20.565242854573576,20.0,0.11813312153585466,True,conditional-profile,True,18.215220150817053,23.569517560369402,5.354297409552348,True,False,True,False,178,20261190,20261190,D,profile,joint-map,
completed,21.301173532455525,20.0,0.1300867270662401,True,conditional-laplace,True,18.303208090161895,24.299138974749155,5.99593088458726,True,False,True,False,179,20261191,20261191,D,laplace,joint-map,
completed,21.301173532455525,20.0,0.1300867270662401,True,conditional-studentized-curvature,True,16.76740201418489,28.20786142997634,11.440459415791452,True,False,True,False,179,20261191,20261191,D,studentized,joint-map,
completed,21.301173532455525,20.0,0.1300867270662401,True,conditional-profile,True,18.663388068808036,24.72734532992403,6.063957261115995,True,False,True,False,179,20261191,20261191,D,profile,joint-map,
completed,19.021916788416046,20.0,0.054972770758577386,True,conditional-laplace,True,17.407188207026646,20.636645369805446,3.2294571627788002,True,False,True,False,180,20261192,20261192,D,laplace,joint-map,
completed,19.021916788416046,20.0,0.054972770758577386,True,conditional-studentized-curvature,True,16.413492431589724,22.532153997093562,6.118661565503839,True,False,True,False,180,20261192,20261192,D,studentized,joint-map,
completed,19.021916788416046,20.0,0.054972770758577386,True,conditional-profile,True,17.530376166588468,20.77344449959021,3.243068333001741,True,False,True,False,180,20261192,20261192,D,profile,joint-map,
completed,17.729645638387744,20.0,0.03328962431950396,True,conditional-laplace,True,16.414235892754704,19.045055384020785,2.630819491266081,False,False,True,False,181,20261193,20261193,D,laplace,joint-map,
completed,17.729645638387744,20.0,0.03328962431950396,True,conditional-studentized-curvature,True,15.593736833856674,20.578909931208248,4.9851730973515735,True,False,True,False,181,20261193,20261193,D,studentized,joint-map,
completed,17.729645638387744,20.0,0.03328962431950396,True,conditional-profile,True,16.502811409436305,19.142012134874268,2.639200725437963,False,False,True,False,181,20261193,20261193,D,profile,joint-map,
completed,20.503554681261775,20.0,0.2851712230702935,True,conditional-laplace,True,15.170601728293999,25.83650763422955,10.665905905935553,True,False,True,False,182,20261194,20261194,D,laplace,joint-map,
completed,20.503554681261775,20.0,0.2851712230702935,True,conditional-studentized-curvature,True,13.873253354668158,35.167166475064825,21.293913120396667,True,False,True,False,182,20261194,20261194,D,studentized,joint-map,
completed,20.503554681261775,20.0,0.2851712230702935,True,conditional-profile,True,16.320561793162312,27.448856208411854,11.128294415249542,True,False,True,False,182,20261194,20261194,D,profile,joint-map,
completed,20.672559318700387,20.0,0.05339763319953819,True,conditional-laplace,True,18.829633027219785,22.51548561018099,3.6858525829612034,True,False,True,False,183,20261195,20261195,D,laplace,joint-map,
completed,20.672559318700387,20.0,0.05339763319953819,True,conditional-studentized-curvature,True,17.671360701188334,24.639114162274048,6.967753461085714,True,False,True,False,183,20261195,20261195,D,studentized,joint-map,
completed,20.672559318700387,20.0,0.05339763319953819,True,conditional-profile,True,18.967876885907057,22.668865868026874,3.700988982119817,True,False,True,False,183,20261195,20261195,D,profile,joint-map,
completed,19.043852968266922,20.0,0.10946004574903055,True,conditional-laplace,True,16.877501114477965,21.210204822055886,4.33270370757792,True,False,True,False,184,20261196,20261196,D,laplace,joint-map,
completed,19.043852968266922,20.0,0.10946004574903055,True,conditional-studentized-curvature,True,15.714999851227114,23.98984796957199,8.274848118344876,True,False,True,False,184,20261196,20261196,D,studentized,joint-map,
completed,19.043852968266922,20.0,0.10946004574903055,True,conditional-profile,True,17.11088082135874,21.482061386611804,4.371180565253063,True,False,True,False,184,20261196,20261196,D,profile,joint-map,
completed,21.320951367782655,20.0,0.09584655019873574,True,conditional-laplace,True,18.83038110160449,23.811521633960822,4.981140532356331,True,False,True,False,185,20261197,20261197,D,laplace,joint-map,
completed,21.320951367782655,20.0,0.09584655019873574,True,conditional-studentized-curvature,True,17.413472920354863,26.867337430352283,9.45386450999742,True,False,True,False,185,20261197,20261197,D,studentized,joint-map,
completed,21.320951367782655,20.0,0.09584655019873574,True,conditional-profile,True,19.078356210460644,24.09692391299448,5.018567702533836,True,False,True,False,185,20261197,20261197,D,profile,joint-map,
completed,22.56090669383333,20.0,0.19184966636871692,True,conditional-laplace,True,18.099037219679957,27.022776167986706,8.923738948306749,True,False,True,False,186,20261198,20261198,D,laplace,joint-map,
completed,22.56090669383333,20.0,0.19184966636871692,True,conditional-studentized-curvature,True,16.263492114194037,33.419069321413374,17.155577207219338,True,False,True,False,186,20261198,20261198,D,studentized,joint-map,
completed,22.56090669383333,20.0,0.19184966636871692,True,conditional-profile,True,18.803579499223808,27.914490638547235,9.110911139323427,True,False,True,False,186,20261198,20261198,D,profile,joint-map,
completed,20.848590876215173,20.0,0.10446479203188654,True,conditional-laplace,True,18.35354735824469,23.343634394185656,4.990087035940967,True,False,True,False,187,20261199,20261199,D,laplace,joint-map,
completed,20.848590876215173,20.0,0.10446479203188654,True,conditional-studentized-curvature,True,16.96967254990831,26.45837516927733,9.488702619369018,True,False,True,False,187,20261199,20261199,D,studentized,joint-map,
completed,20.848590876215173,20.0,0.10446479203188654,True,conditional-profile,True,18.613328331763622,23.64470448674993,5.031376154986308,True,False,True,False,187,20261199,20261199,D,profile,joint-map,
completed,18.929298212659184,20.0,0.11255724206960746,True,conditional-laplace,True,16.751155789585695,21.107440635732672,4.356284846146977,True,False,True,False,188,20261200,20261200,D,laplace,joint-map,
completed,18.929298212659184,20.0,0.11255724206960746,True,conditional-studentized-curvature,True,15.595225135211182,23.92237116856716,8.327146033355978,True,False,True,False,188,20261200,20261200,D,studentized,joint-map,
completed,18.929298212659184,20.0,0.11255724206960746,True,conditional-profile,True,16.99009092106895,21.386624408688306,4.3965334876193545,True,False,True,False,188,20261200,20261200,D,profile,joint-map,
completed,21.440125146567457,20.0,0.2507256206500421,True,conditional-laplace,True,16.272911625972352,26.607338667162566,10.334427041190214,True,False,True,False,189,20261201,20261201,D,laplace,joint-map,
completed,21.440125146567457,20.0,0.2507256206500421,True,conditional-studentized-curvature,True,14.707594571973527,34.98107315195325,20.27347857997972,True,False,True,False,189,20261201,20261201,D,studentized,joint-map,
completed,21.440125146567457,20.0,0.2507256206500421,True,conditional-profile,True,17.281082728075642,27.96884631791479,10.687763589839147,True,False,True,False,189,20261201,20261201,D,profile,joint-map,
completed,20.84210202454477,20.0,0.15483437427426794,True,conditional-laplace,True,17.584058445382407,24.100145603707126,6.516087158324719,True,False,True,False,190,20261202,20261202,D,laplace,joint-map,
completed,20.84210202454477,20.0,0.15483437427426794,True,conditional-studentized-curvature,True,16.058891373695165,28.566224995706506,12.507333622011341,True,False,True,False,190,20261202,20261202,D,studentized,joint-map,
completed,20.84210202454477,20.0,0.15483437427426794,True,conditional-profile,True,18.024742501610753,24.63707472530025,6.612332223689496,True,False,True,False,190,20261202,20261202,D,profile,joint-map,
completed,19.952357281360324,20.0,0.09596042115351074,True,conditional-laplace,True,17.741171881080202,22.163542681640447,4.422370800560245,True,False,True,False,191,20261203,20261203,D,laplace,joint-map,
completed,19.952357281360324,20.0,0.09596042115351074,True,conditional-studentized-curvature,True,16.499255311559867,24.91246452852847,8.413209216968603,True,False,True,False,191,20261203,20261203,D,studentized,joint-map,
completed,19.952357281360324,20.0,0.09596042115351074,True,conditional-profile,True,17.961965804538835,22.417651325100685,4.45568552056185,True,False,True,False,191,20261203,20261203,D,profile,joint-map,
completed,21.468228725978324,20.0,0.10719902901340002,True,conditional-laplace,True,18.785923780362673,24.150533671593976,5.364609891231304,True,False,True,False,192,20261204,20261204,D,laplace,joint-map,
completed,21.468228725978324,20.0,0.10719902901340002,True,conditional-studentized-curvature,True,17.30576133970978,27.50037771796745,10.19461637825767,True,False,True,False,192,20261204,20261204,D,studentized,joint-map,
completed,21.468228725978324,20.0,0.10719902901340002,True,conditional-profile,True,19.07037927390514,24.481241941451888,5.410862667546748,True,False,True,False,192,20261204,20261204,D,profile,joint-map,
completed,21.262095100711285,20.0,0.060061103479130525,True,conditional-laplace,True,19.260260343942715,23.263929857479862,4.003669513537147,True,False,True,False,193,20261205,20261205,D,laplace,joint-map,
completed,21.262095100711285,20.0,0.060061103479130525,True,conditional-studentized-curvature,True,18.012118203196287,25.579857677821167,7.567739474624879,True,False,True,False,193,20261205,20261205,D,studentized,joint-map,
completed,21.262095100711285,20.0,0.060061103479130525,True,conditional-profile,True,19.417288094606317,23.439051344928,4.021763250321683,True,False,True,False,193,20261205,20261205,D,profile,joint-map,
completed,17.963455248197548,20.0,0.07099319778701332,True,conditional-laplace,True,16.380604824294714,19.546305672100384,3.1657008478056703,False,False,True,False,194,20261206,20261206,D,laplace,joint-map,
completed,17.963455248197548,20.0,0.07099319778701332,True,conditional-studentized-curvature,True,15.452987310784287,21.472865386081658,6.01987807529737,True,False,True,False,194,20261206,20261206,D,studentized,joint-map,
completed,17.963455248197548,20.0,0.07099319778701332,True,conditional-profile,True,16.516565635768202,19.699346098415603,3.1827804626474006,False,False,True,False,194,20261206,20261206,D,profile,joint-map,
completed,18.948789036748398,20.0,0.07878495080301884,True,conditional-laplace,True,17.10443400531998,20.793144068176815,3.688710062856835,True,False,True,False,195,20261207,20261207,D,laplace,joint-map,
completed,18.948789036748398,20.0,0.07878495080301884,True,conditional-studentized-curvature,True,16.03597954248672,23.04879518785757,7.01281564537085,True,False,True,False,195,20261207,20261207,D,studentized,joint-map,
completed,18.948789036748398,20.0,0.07878495080301884,True,conditional-profile,True,17.271856795453882,20.983073116859444,3.711216321405562,True,False,True,False,195,20261207,20261207,D,profile,joint-map,
completed,19.8898547966941,20.0,0.06622061642901557,True,conditional-laplace,True,18.021530186008423,21.75817940737977,3.736649221371348,True,False,True,False,196,20261208,20261208,D,laplace,joint-map,
completed,19.8898547966941,20.0,0.06622061642901557,True,conditional-studentized-curvature,True,16.891764147362647,23.972908804750823,7.081144657388176,True,False,True,False,196,20261208,20261208,D,studentized,joint-map,
completed,19.8898547966941,20.0,0.06622061642901557,True,conditional-profile,True,18.176211982260334,21.9316621155405,3.755450133280167,True,False,True,False,196,20261208,20261208,D,profile,joint-map,
completed,18.007641454105492,20.0,0.09653750688327783,True,conditional-laplace,True,16.178476863198547,19.836806045012437,3.6583291818138903,False,False,True,False,197,20261209,20261209,D,laplace,joint-map,
completed,18.007641454105492,20.0,0.09653750688327783,True,conditional-studentized-curvature,True,15.177004997257493,22.164038669457398,6.987033672199905,True,False,True,False,197,20261209,20261209,D,studentized,joint-map,
completed,18.007641454105492,20.0,0.09653750688327783,True,conditional-profile,True,16.363915511585642,20.050552764406135,3.6866372528204927,True,False,True,False,197,20261209,20261209,D,profile,joint-map,
completed,19.28224776702972,20.0,0.04018717109575166,True,conditional-laplace,True,17.76177240455268,20.802723129506763,3.040950724954083,True,False,True,False,198,20261210,20261210,D,laplace,joint-map,
completed,19.28224776702972,20.0,0.04018717109575166,True,conditional-studentized-curvature,True,16.79391661087196,22.544548923248744,5.7506323123767835,True,False,True,False,198,20261210,20261210,D,studentized,joint-map,
completed,19.28224776702972,20.0,0.04018717109575166,True,conditional-profile,True,17.865385763825472,20.916485646829468,3.051099883003996,True,False,True,False,198,20261210,20261210,D,profile,joint-map,
completed,19.289538903369536,20.0,0.11059772706080165,True,conditional-laplace,True,17.06417851530056,21.51489929143851,4.450720776137949,True,False,True,False,199,20261211,20261211,D,laplace,joint-map,
completed,19.289538903369536,20.0,0.11059772706080165,True,conditional-studentized-curvature,True,15.868281307072461,24.364852018588017,8.496570711515556,True,False,True,False,199,20261211,20261211,D,studentized,joint-map,
completed,19.289538903369536,20.0,0.11059772706080165,True,conditional-profile,True,17.304203346483035,21.794583269419896,4.49037992293686,True,False,True,False,199,20261211,20261211,D,profile,joint-map,
