+ /Users/kf/miniforge3/bin/python -m build --wheel --outdir direct-dist
* Creating isolated environment: venv+pip...
* Installing packages in isolated environment:
  - setuptools>=77.0.3
* Getting build dependencies for wheel...
running egg_info
creating nwkit.egg-info
writing nwkit.egg-info/PKG-INFO
writing dependency_links to nwkit.egg-info/dependency_links.txt
writing entry points to nwkit.egg-info/entry_points.txt
writing requirements to nwkit.egg-info/requires.txt
writing top-level names to nwkit.egg-info/top_level.txt
writing manifest file 'nwkit.egg-info/SOURCES.txt'
reading manifest file 'nwkit.egg-info/SOURCES.txt'
reading manifest template 'MANIFEST.in'
warning: no previously-included files matching '__pycache__' found anywhere in distribution
adding license file 'LICENSE'
writing manifest file 'nwkit.egg-info/SOURCES.txt'
* Building wheel...
running bdist_wheel
running build
running build_py
creating build/lib/nwkit
copying nwkit/asr_bootstrap_intervals.py -> build/lib/nwkit
copying nwkit/transformed_continuous_asr.py -> build/lib/nwkit
copying nwkit/radte_sequence_fit.py -> build/lib/nwkit
copying nwkit/mark.py -> build/lib/nwkit
copying nwkit/rescale.py -> build/lib/nwkit
copying nwkit/vector_simulation.py -> build/lib/nwkit
copying nwkit/asr_averaging.py -> build/lib/nwkit
copying nwkit/shift_reference.py -> build/lib/nwkit
copying nwkit/vector_mean.py -> build/lib/nwkit
copying nwkit/compiled_tree.py -> build/lib/nwkit
copying nwkit/file_paths.py -> build/lib/nwkit
copying nwkit/model_matrix.py -> build/lib/nwkit
copying nwkit/ou_asr.py -> build/lib/nwkit
copying nwkit/asr_regimes.py -> build/lib/nwkit
copying nwkit/regime_drift_asr.py -> build/lib/nwkit
copying nwkit/draw_setup.py -> build/lib/nwkit
copying nwkit/root_compare.py -> build/lib/nwkit
copying nwkit/tree_outputs.py -> build/lib/nwkit
copying nwkit/skim.py -> build/lib/nwkit
copying nwkit/shift_math.py -> build/lib/nwkit
copying nwkit/radte_components.py -> build/lib/nwkit
copying nwkit/radte_species.py -> build/lib/nwkit
copying nwkit/branch_gaussian.py -> build/lib/nwkit
copying nwkit/nonstationary_continuous_asr.py -> build/lib/nwkit
copying nwkit/iqtree_library.py -> build/lib/nwkit
copying nwkit/table2nwk.py -> build/lib/nwkit
copying nwkit/asr_compare_figure.py -> build/lib/nwkit
copying nwkit/multivariate_asr.py -> build/lib/nwkit
copying nwkit/radte.py -> build/lib/nwkit
copying nwkit/monophyly.py -> build/lib/nwkit
copying nwkit/draw_output.py -> build/lib/nwkit
copying nwkit/shift_calibration.py -> build/lib/nwkit
copying nwkit/sparse_laplace.py -> build/lib/nwkit
copying nwkit/hidden_rate_asr.py -> build/lib/nwkit
copying nwkit/continuous_asr.py -> build/lib/nwkit
copying nwkit/continuous_asr_optimize.py -> build/lib/nwkit
copying nwkit/nhx2nwk.py -> build/lib/nwkit
copying nwkit/rsc_diagnostics.py -> build/lib/nwkit
copying nwkit/dtt.py -> build/lib/nwkit
copying nwkit/compose.py -> build/lib/nwkit
copying nwkit/radte_marginal.py -> build/lib/nwkit
copying nwkit/root_evaluation.py -> build/lib/nwkit
copying nwkit/rename.py -> build/lib/nwkit
copying nwkit/regression_pipeline.py -> build/lib/nwkit
copying nwkit/util.py -> build/lib/nwkit
copying nwkit/species_parser.py -> build/lib/nwkit
copying nwkit/latent_gaussian.py -> build/lib/nwkit
copying nwkit/rf_distance.py -> build/lib/nwkit
copying nwkit/full_ou_fit.py -> build/lib/nwkit
copying nwkit/vector_fit.py -> build/lib/nwkit
copying nwkit/tree_formats.py -> build/lib/nwkit
copying nwkit/asr_diagnostics.py -> build/lib/nwkit
copying nwkit/discrete_observation.py -> build/lib/nwkit
copying nwkit/evolution.py -> build/lib/nwkit
copying nwkit/radte_iqtree.py -> build/lib/nwkit
copying nwkit/convert.py -> build/lib/nwkit
copying nwkit/radte_uncertainty.py -> build/lib/nwkit
copying nwkit/asr_heatmap.py -> build/lib/nwkit
copying nwkit/phylogenetic_predictive.py -> build/lib/nwkit
copying nwkit/iqtree_worker.py -> build/lib/nwkit
copying nwkit/gaussian_inference.py -> build/lib/nwkit
copying nwkit/optimization.py -> build/lib/nwkit
copying nwkit/collapse.py -> build/lib/nwkit
copying nwkit/subtree.py -> build/lib/nwkit
copying nwkit/__init__.py -> build/lib/nwkit
copying nwkit/asr_paths.py -> build/lib/nwkit
copying nwkit/continuous_observation.py -> build/lib/nwkit
copying nwkit/radte_paml.py -> build/lib/nwkit
copying nwkit/asr.py -> build/lib/nwkit
copying nwkit/mcmctree.py -> build/lib/nwkit
copying nwkit/asr_multivariate_diagnostics.py -> build/lib/nwkit
copying nwkit/multivariate_gaussian_asr.py -> build/lib/nwkit
copying nwkit/vector_ou_fit.py -> build/lib/nwkit
copying nwkit/annotate.py -> build/lib/nwkit
copying nwkit/asr_cross_validation.py -> build/lib/nwkit
copying nwkit/image_metadata.py -> build/lib/nwkit
copying nwkit/radte_ensemble.py -> build/lib/nwkit
copying nwkit/vector_gaussian.py -> build/lib/nwkit
copying nwkit/asr_models.py -> build/lib/nwkit
copying nwkit/shift_backend_probe.py -> build/lib/nwkit
copying nwkit/constrain.py -> build/lib/nwkit
copying nwkit/shuffle.py -> build/lib/nwkit
copying nwkit/reconciliation_properties.py -> build/lib/nwkit
copying nwkit/time_tree.py -> build/lib/nwkit
copying nwkit/continuous_asr_process.py -> build/lib/nwkit
copying nwkit/asr_tree_ensemble.py -> build/lib/nwkit
copying nwkit/clade_mapping.py -> build/lib/nwkit
copying nwkit/transfer.py -> build/lib/nwkit
copying nwkit/validate.py -> build/lib/nwkit
copying nwkit/result_plot_data.py -> build/lib/nwkit
copying nwkit/shift.py -> build/lib/nwkit
copying nwkit/model_specs.py -> build/lib/nwkit
copying nwkit/conventions.py -> build/lib/nwkit
copying nwkit/cli.py -> build/lib/nwkit
copying nwkit/radte_sequence.py -> build/lib/nwkit
copying nwkit/threshold_asr.py -> build/lib/nwkit
copying nwkit/consensus.py -> build/lib/nwkit
copying nwkit/vector_processes.py -> build/lib/nwkit
copying nwkit/asr_compare.py -> build/lib/nwkit
copying nwkit/asr_continuous_diagnostics.py -> build/lib/nwkit
copying nwkit/asr_tip_labels.py -> build/lib/nwkit
copying nwkit/result_plot_cli.py -> build/lib/nwkit
copying nwkit/rooting_state.py -> build/lib/nwkit
copying nwkit/radte_studentized.py -> build/lib/nwkit
copying nwkit/label.py -> build/lib/nwkit
copying nwkit/continuous_asr_io.py -> build/lib/nwkit
copying nwkit/disparity.py -> build/lib/nwkit
copying nwkit/general_ou_asr.py -> build/lib/nwkit
copying nwkit/markov_gaussian_asr.py -> build/lib/nwkit
copying nwkit/regime_gaussian_asr.py -> build/lib/nwkit
copying nwkit/dtt_cli.py -> build/lib/nwkit
copying nwkit/sample.py -> build/lib/nwkit
copying nwkit/prune.py -> build/lib/nwkit
copying nwkit/asr_discrete_cross_validation.py -> build/lib/nwkit
copying nwkit/dtt_figure.py -> build/lib/nwkit
copying nwkit/radte_inputs.py -> build/lib/nwkit
copying nwkit/shift_candidates.py -> build/lib/nwkit
copying nwkit/shift_bootstrap.py -> build/lib/nwkit
copying nwkit/clade_index.py -> build/lib/nwkit
copying nwkit/asr_compare_panels.py -> build/lib/nwkit
copying nwkit/gaussian_tree.py -> build/lib/nwkit
copying nwkit/diff.py -> build/lib/nwkit
copying nwkit/full_ou.py -> build/lib/nwkit
copying nwkit/shift_results.py -> build/lib/nwkit
copying nwkit/radte_cli.py -> build/lib/nwkit
copying nwkit/shift_cli.py -> build/lib/nwkit
copying nwkit/result_plot.py -> build/lib/nwkit
copying nwkit/radte_compare_plot.py -> build/lib/nwkit
copying nwkit/draw_helpers.py -> build/lib/nwkit
copying nwkit/draw_prep.py -> build/lib/nwkit
copying nwkit/provenance.py -> build/lib/nwkit
copying nwkit/root.py -> build/lib/nwkit
copying nwkit/radte_codon.py -> build/lib/nwkit
copying nwkit/shift_calibrated_output.py -> build/lib/nwkit
copying nwkit/multivariate_pgls.py -> build/lib/nwkit
copying nwkit/intersection.py -> build/lib/nwkit
copying nwkit/asr_figure.py -> build/lib/nwkit
copying nwkit/printlabel.py -> build/lib/nwkit
copying nwkit/measurement_error.py -> build/lib/nwkit
copying nwkit/shift_backend.py -> build/lib/nwkit
copying nwkit/output_transaction.py -> build/lib/nwkit
copying nwkit/info.py -> build/lib/nwkit
copying nwkit/regress.py -> build/lib/nwkit
copying nwkit/radte_compare.py -> build/lib/nwkit
copying nwkit/regime_continuous_asr.py -> build/lib/nwkit
copying nwkit/asr_latent.py -> build/lib/nwkit
copying nwkit/reconcile.py -> build/lib/nwkit
copying nwkit/radte_model.py -> build/lib/nwkit
copying nwkit/draw_render.py -> build/lib/nwkit
copying nwkit/sanitize.py -> build/lib/nwkit
copying nwkit/jump_asr.py -> build/lib/nwkit
copying nwkit/discrete_asr_models.py -> build/lib/nwkit
copying nwkit/draw.py -> build/lib/nwkit
copying nwkit/phylogenetic_glmm.py -> build/lib/nwkit
copying nwkit/image.py -> build/lib/nwkit
copying nwkit/pagel_asr.py -> build/lib/nwkit
copying nwkit/__main__.py -> build/lib/nwkit
copying nwkit/dist.py -> build/lib/nwkit
copying nwkit/gaussian.py -> build/lib/nwkit
copying nwkit/nwk2table.py -> build/lib/nwkit
copying nwkit/fasta.py -> build/lib/nwkit
copying nwkit/contrast.py -> build/lib/nwkit
copying nwkit/cladefreq.py -> build/lib/nwkit
copying nwkit/draw_quality.py -> build/lib/nwkit
copying nwkit/drop.py -> build/lib/nwkit
copying nwkit/asr_comparison.py -> build/lib/nwkit
copying nwkit/asr_input.py -> build/lib/nwkit
copying nwkit/draw_layouts.py -> build/lib/nwkit
copying nwkit/draw_types.py -> build/lib/nwkit
copying nwkit/shift_convergence.py -> build/lib/nwkit
copying nwkit/trait_input.py -> build/lib/nwkit
copying nwkit/ordinary_regression.py -> build/lib/nwkit
copying nwkit/replicates.py -> build/lib/nwkit
creating build/lib/nwkit/data_tree
copying nwkit/data_tree/apgiv.nwk -> build/lib/nwkit/data_tree
creating build/lib/nwkit/data_model
copying nwkit/data_model/ECMunrest.txt -> build/lib/nwkit/data_model
copying nwkit/data_model/lg.txt -> build/lib/nwkit/data_model
copying nwkit/data_model/ECMrest.txt -> build/lib/nwkit/data_model
creating build/lib/nwkit/data_iqtree
copying nwkit/data_iqtree/worker.cpp -> build/lib/nwkit/data_iqtree
installing to build/bdist.macosx-10.9-x86_64/wheel
running install
running install_lib
creating build/bdist.macosx-10.9-x86_64/wheel
creating build/bdist.macosx-10.9-x86_64/wheel/nwkit
copying build/lib/nwkit/asr_bootstrap_intervals.py -> build/bdist.macosx-10.9-x86_64/wheel/./nwkit
copying build/lib/nwkit/transformed_continuous_asr.py -> build/bdist.macosx-10.9-x86_64/wheel/./nwkit
copying build/lib/nwkit/radte_sequence_fit.py -> build/bdist.macosx-10.9-x86_64/wheel/./nwkit
copying build/lib/nwkit/mark.py -> build/bdist.macosx-10.9-x86_64/wheel/./nwkit
copying build/lib/nwkit/rescale.py -> build/bdist.macosx-10.9-x86_64/wheel/./nwkit
copying build/lib/nwkit/vector_simulation.py -> build/bdist.macosx-10.9-x86_64/wheel/./nwkit
copying build/lib/nwkit/asr_averaging.py -> build/bdist.macosx-10.9-x86_64/wheel/./nwkit
copying build/lib/nwkit/shift_reference.py -> build/bdist.macosx-10.9-x86_64/wheel/./nwkit
copying build/lib/nwkit/vector_mean.py -> build/bdist.macosx-10.9-x86_64/wheel/./nwkit
copying build/lib/nwkit/compiled_tree.py -> build/bdist.macosx-10.9-x86_64/wheel/./nwkit
copying build/lib/nwkit/file_paths.py -> build/bdist.macosx-10.9-x86_64/wheel/./nwkit
copying build/lib/nwkit/model_matrix.py -> build/bdist.macosx-10.9-x86_64/wheel/./nwkit
copying build/lib/nwkit/ou_asr.py -> build/bdist.macosx-10.9-x86_64/wheel/./nwkit
copying build/lib/nwkit/asr_regimes.py -> build/bdist.macosx-10.9-x86_64/wheel/./nwkit
copying build/lib/nwkit/regime_drift_asr.py -> build/bdist.macosx-10.9-x86_64/wheel/./nwkit
copying build/lib/nwkit/draw_setup.py -> build/bdist.macosx-10.9-x86_64/wheel/./nwkit
copying build/lib/nwkit/root_compare.py -> build/bdist.macosx-10.9-x86_64/wheel/./nwkit
copying build/lib/nwkit/tree_outputs.py -> build/bdist.macosx-10.9-x86_64/wheel/./nwkit
copying build/lib/nwkit/skim.py -> build/bdist.macosx-10.9-x86_64/wheel/./nwkit
copying build/lib/nwkit/shift_math.py -> build/bdist.macosx-10.9-x86_64/wheel/./nwkit
copying build/lib/nwkit/radte_components.py -> build/bdist.macosx-10.9-x86_64/wheel/./nwkit
copying build/lib/nwkit/radte_species.py -> build/bdist.macosx-10.9-x86_64/wheel/./nwkit
copying build/lib/nwkit/branch_gaussian.py -> build/bdist.macosx-10.9-x86_64/wheel/./nwkit
copying build/lib/nwkit/nonstationary_continuous_asr.py -> build/bdist.macosx-10.9-x86_64/wheel/./nwkit
copying build/lib/nwkit/iqtree_library.py -> build/bdist.macosx-10.9-x86_64/wheel/./nwkit
copying build/lib/nwkit/table2nwk.py -> build/bdist.macosx-10.9-x86_64/wheel/./nwkit
copying build/lib/nwkit/asr_compare_figure.py -> build/bdist.macosx-10.9-x86_64/wheel/./nwkit
copying build/lib/nwkit/multivariate_asr.py -> build/bdist.macosx-10.9-x86_64/wheel/./nwkit
copying build/lib/nwkit/radte.py -> build/bdist.macosx-10.9-x86_64/wheel/./nwkit
copying build/lib/nwkit/monophyly.py -> build/bdist.macosx-10.9-x86_64/wheel/./nwkit
copying build/lib/nwkit/draw_output.py -> build/bdist.macosx-10.9-x86_64/wheel/./nwkit
copying build/lib/nwkit/shift_calibration.py -> build/bdist.macosx-10.9-x86_64/wheel/./nwkit
copying build/lib/nwkit/sparse_laplace.py -> build/bdist.macosx-10.9-x86_64/wheel/./nwkit
copying build/lib/nwkit/hidden_rate_asr.py -> build/bdist.macosx-10.9-x86_64/wheel/./nwkit
copying build/lib/nwkit/continuous_asr.py -> build/bdist.macosx-10.9-x86_64/wheel/./nwkit
copying build/lib/nwkit/continuous_asr_optimize.py -> build/bdist.macosx-10.9-x86_64/wheel/./nwkit
copying build/lib/nwkit/nhx2nwk.py -> build/bdist.macosx-10.9-x86_64/wheel/./nwkit
copying build/lib/nwkit/rsc_diagnostics.py -> build/bdist.macosx-10.9-x86_64/wheel/./nwkit
copying build/lib/nwkit/dtt.py -> build/bdist.macosx-10.9-x86_64/wheel/./nwkit
copying build/lib/nwkit/compose.py -> build/bdist.macosx-10.9-x86_64/wheel/./nwkit
copying build/lib/nwkit/radte_marginal.py -> build/bdist.macosx-10.9-x86_64/wheel/./nwkit
copying build/lib/nwkit/root_evaluation.py -> build/bdist.macosx-10.9-x86_64/wheel/./nwkit
copying build/lib/nwkit/rename.py -> build/bdist.macosx-10.9-x86_64/wheel/./nwkit
copying build/lib/nwkit/regression_pipeline.py -> build/bdist.macosx-10.9-x86_64/wheel/./nwkit
copying build/lib/nwkit/util.py -> build/bdist.macosx-10.9-x86_64/wheel/./nwkit
copying build/lib/nwkit/species_parser.py -> build/bdist.macosx-10.9-x86_64/wheel/./nwkit
copying build/lib/nwkit/latent_gaussian.py -> build/bdist.macosx-10.9-x86_64/wheel/./nwkit
copying build/lib/nwkit/rf_distance.py -> build/bdist.macosx-10.9-x86_64/wheel/./nwkit
copying build/lib/nwkit/full_ou_fit.py -> build/bdist.macosx-10.9-x86_64/wheel/./nwkit
copying build/lib/nwkit/vector_fit.py -> build/bdist.macosx-10.9-x86_64/wheel/./nwkit
copying build/lib/nwkit/tree_formats.py -> build/bdist.macosx-10.9-x86_64/wheel/./nwkit
copying build/lib/nwkit/asr_diagnostics.py -> build/bdist.macosx-10.9-x86_64/wheel/./nwkit
copying build/lib/nwkit/discrete_observation.py -> build/bdist.macosx-10.9-x86_64/wheel/./nwkit
copying build/lib/nwkit/evolution.py -> build/bdist.macosx-10.9-x86_64/wheel/./nwkit
copying build/lib/nwkit/radte_iqtree.py -> build/bdist.macosx-10.9-x86_64/wheel/./nwkit
copying build/lib/nwkit/convert.py -> build/bdist.macosx-10.9-x86_64/wheel/./nwkit
copying build/lib/nwkit/radte_uncertainty.py -> build/bdist.macosx-10.9-x86_64/wheel/./nwkit
copying build/lib/nwkit/asr_heatmap.py -> build/bdist.macosx-10.9-x86_64/wheel/./nwkit
copying build/lib/nwkit/phylogenetic_predictive.py -> build/bdist.macosx-10.9-x86_64/wheel/./nwkit
copying build/lib/nwkit/iqtree_worker.py -> build/bdist.macosx-10.9-x86_64/wheel/./nwkit
copying build/lib/nwkit/gaussian_inference.py -> build/bdist.macosx-10.9-x86_64/wheel/./nwkit
copying build/lib/nwkit/optimization.py -> build/bdist.macosx-10.9-x86_64/wheel/./nwkit
copying build/lib/nwkit/collapse.py -> build/bdist.macosx-10.9-x86_64/wheel/./nwkit
copying build/lib/nwkit/subtree.py -> build/bdist.macosx-10.9-x86_64/wheel/./nwkit
copying build/lib/nwkit/__init__.py -> build/bdist.macosx-10.9-x86_64/wheel/./nwkit
copying build/lib/nwkit/asr_paths.py -> build/bdist.macosx-10.9-x86_64/wheel/./nwkit
copying build/lib/nwkit/continuous_observation.py -> build/bdist.macosx-10.9-x86_64/wheel/./nwkit
copying build/lib/nwkit/radte_paml.py -> build/bdist.macosx-10.9-x86_64/wheel/./nwkit
creating build/bdist.macosx-10.9-x86_64/wheel/nwkit/data_tree
copying build/lib/nwkit/data_tree/apgiv.nwk -> build/bdist.macosx-10.9-x86_64/wheel/./nwkit/data_tree
copying build/lib/nwkit/asr.py -> build/bdist.macosx-10.9-x86_64/wheel/./nwkit
copying build/lib/nwkit/mcmctree.py -> build/bdist.macosx-10.9-x86_64/wheel/./nwkit
copying build/lib/nwkit/asr_multivariate_diagnostics.py -> build/bdist.macosx-10.9-x86_64/wheel/./nwkit
copying build/lib/nwkit/multivariate_gaussian_asr.py -> build/bdist.macosx-10.9-x86_64/wheel/./nwkit
copying build/lib/nwkit/vector_ou_fit.py -> build/bdist.macosx-10.9-x86_64/wheel/./nwkit
copying build/lib/nwkit/annotate.py -> build/bdist.macosx-10.9-x86_64/wheel/./nwkit
copying build/lib/nwkit/asr_cross_validation.py -> build/bdist.macosx-10.9-x86_64/wheel/./nwkit
copying build/lib/nwkit/image_metadata.py -> build/bdist.macosx-10.9-x86_64/wheel/./nwkit
copying build/lib/nwkit/radte_ensemble.py -> build/bdist.macosx-10.9-x86_64/wheel/./nwkit
copying build/lib/nwkit/vector_gaussian.py -> build/bdist.macosx-10.9-x86_64/wheel/./nwkit
copying build/lib/nwkit/asr_models.py -> build/bdist.macosx-10.9-x86_64/wheel/./nwkit
copying build/lib/nwkit/shift_backend_probe.py -> build/bdist.macosx-10.9-x86_64/wheel/./nwkit
copying build/lib/nwkit/constrain.py -> build/bdist.macosx-10.9-x86_64/wheel/./nwkit
copying build/lib/nwkit/shuffle.py -> build/bdist.macosx-10.9-x86_64/wheel/./nwkit
copying build/lib/nwkit/reconciliation_properties.py -> build/bdist.macosx-10.9-x86_64/wheel/./nwkit
copying build/lib/nwkit/time_tree.py -> build/bdist.macosx-10.9-x86_64/wheel/./nwkit
copying build/lib/nwkit/continuous_asr_process.py -> build/bdist.macosx-10.9-x86_64/wheel/./nwkit
copying build/lib/nwkit/asr_tree_ensemble.py -> build/bdist.macosx-10.9-x86_64/wheel/./nwkit
copying build/lib/nwkit/clade_mapping.py -> build/bdist.macosx-10.9-x86_64/wheel/./nwkit
copying build/lib/nwkit/transfer.py -> build/bdist.macosx-10.9-x86_64/wheel/./nwkit
copying build/lib/nwkit/validate.py -> build/bdist.macosx-10.9-x86_64/wheel/./nwkit
copying build/lib/nwkit/result_plot_data.py -> build/bdist.macosx-10.9-x86_64/wheel/./nwkit
creating build/bdist.macosx-10.9-x86_64/wheel/nwkit/data_model
copying build/lib/nwkit/data_model/ECMunrest.txt -> build/bdist.macosx-10.9-x86_64/wheel/./nwkit/data_model
copying build/lib/nwkit/data_model/lg.txt -> build/bdist.macosx-10.9-x86_64/wheel/./nwkit/data_model
copying build/lib/nwkit/data_model/ECMrest.txt -> build/bdist.macosx-10.9-x86_64/wheel/./nwkit/data_model
copying build/lib/nwkit/shift.py -> build/bdist.macosx-10.9-x86_64/wheel/./nwkit
copying build/lib/nwkit/model_specs.py -> build/bdist.macosx-10.9-x86_64/wheel/./nwkit
copying build/lib/nwkit/conventions.py -> build/bdist.macosx-10.9-x86_64/wheel/./nwkit
copying build/lib/nwkit/cli.py -> build/bdist.macosx-10.9-x86_64/wheel/./nwkit
copying build/lib/nwkit/radte_sequence.py -> build/bdist.macosx-10.9-x86_64/wheel/./nwkit
copying build/lib/nwkit/threshold_asr.py -> build/bdist.macosx-10.9-x86_64/wheel/./nwkit
copying build/lib/nwkit/consensus.py -> build/bdist.macosx-10.9-x86_64/wheel/./nwkit
copying build/lib/nwkit/vector_processes.py -> build/bdist.macosx-10.9-x86_64/wheel/./nwkit
copying build/lib/nwkit/asr_compare.py -> build/bdist.macosx-10.9-x86_64/wheel/./nwkit
copying build/lib/nwkit/asr_continuous_diagnostics.py -> build/bdist.macosx-10.9-x86_64/wheel/./nwkit
copying build/lib/nwkit/asr_tip_labels.py -> build/bdist.macosx-10.9-x86_64/wheel/./nwkit
copying build/lib/nwkit/result_plot_cli.py -> build/bdist.macosx-10.9-x86_64/wheel/./nwkit
copying build/lib/nwkit/rooting_state.py -> build/bdist.macosx-10.9-x86_64/wheel/./nwkit
copying build/lib/nwkit/radte_studentized.py -> build/bdist.macosx-10.9-x86_64/wheel/./nwkit
copying build/lib/nwkit/label.py -> build/bdist.macosx-10.9-x86_64/wheel/./nwkit
creating build/bdist.macosx-10.9-x86_64/wheel/nwkit/data_iqtree
copying build/lib/nwkit/data_iqtree/worker.cpp -> build/bdist.macosx-10.9-x86_64/wheel/./nwkit/data_iqtree
copying build/lib/nwkit/continuous_asr_io.py -> build/bdist.macosx-10.9-x86_64/wheel/./nwkit
copying build/lib/nwkit/disparity.py -> build/bdist.macosx-10.9-x86_64/wheel/./nwkit
copying build/lib/nwkit/general_ou_asr.py -> build/bdist.macosx-10.9-x86_64/wheel/./nwkit
copying build/lib/nwkit/markov_gaussian_asr.py -> build/bdist.macosx-10.9-x86_64/wheel/./nwkit
copying build/lib/nwkit/regime_gaussian_asr.py -> build/bdist.macosx-10.9-x86_64/wheel/./nwkit
copying build/lib/nwkit/dtt_cli.py -> build/bdist.macosx-10.9-x86_64/wheel/./nwkit
copying build/lib/nwkit/sample.py -> build/bdist.macosx-10.9-x86_64/wheel/./nwkit
copying build/lib/nwkit/prune.py -> build/bdist.macosx-10.9-x86_64/wheel/./nwkit
copying build/lib/nwkit/asr_discrete_cross_validation.py -> build/bdist.macosx-10.9-x86_64/wheel/./nwkit
copying build/lib/nwkit/dtt_figure.py -> build/bdist.macosx-10.9-x86_64/wheel/./nwkit
copying build/lib/nwkit/radte_inputs.py -> build/bdist.macosx-10.9-x86_64/wheel/./nwkit
copying build/lib/nwkit/shift_candidates.py -> build/bdist.macosx-10.9-x86_64/wheel/./nwkit
copying build/lib/nwkit/shift_bootstrap.py -> build/bdist.macosx-10.9-x86_64/wheel/./nwkit
copying build/lib/nwkit/clade_index.py -> build/bdist.macosx-10.9-x86_64/wheel/./nwkit
copying build/lib/nwkit/asr_compare_panels.py -> build/bdist.macosx-10.9-x86_64/wheel/./nwkit
copying build/lib/nwkit/gaussian_tree.py -> build/bdist.macosx-10.9-x86_64/wheel/./nwkit
copying build/lib/nwkit/diff.py -> build/bdist.macosx-10.9-x86_64/wheel/./nwkit
copying build/lib/nwkit/full_ou.py -> build/bdist.macosx-10.9-x86_64/wheel/./nwkit
copying build/lib/nwkit/shift_results.py -> build/bdist.macosx-10.9-x86_64/wheel/./nwkit
copying build/lib/nwkit/radte_cli.py -> build/bdist.macosx-10.9-x86_64/wheel/./nwkit
copying build/lib/nwkit/shift_cli.py -> build/bdist.macosx-10.9-x86_64/wheel/./nwkit
copying build/lib/nwkit/result_plot.py -> build/bdist.macosx-10.9-x86_64/wheel/./nwkit
copying build/lib/nwkit/radte_compare_plot.py -> build/bdist.macosx-10.9-x86_64/wheel/./nwkit
copying build/lib/nwkit/draw_helpers.py -> build/bdist.macosx-10.9-x86_64/wheel/./nwkit
copying build/lib/nwkit/draw_prep.py -> build/bdist.macosx-10.9-x86_64/wheel/./nwkit
copying build/lib/nwkit/provenance.py -> build/bdist.macosx-10.9-x86_64/wheel/./nwkit
copying build/lib/nwkit/root.py -> build/bdist.macosx-10.9-x86_64/wheel/./nwkit
copying build/lib/nwkit/radte_codon.py -> build/bdist.macosx-10.9-x86_64/wheel/./nwkit
copying build/lib/nwkit/shift_calibrated_output.py -> build/bdist.macosx-10.9-x86_64/wheel/./nwkit
copying build/lib/nwkit/multivariate_pgls.py -> build/bdist.macosx-10.9-x86_64/wheel/./nwkit
copying build/lib/nwkit/intersection.py -> build/bdist.macosx-10.9-x86_64/wheel/./nwkit
copying build/lib/nwkit/asr_figure.py -> build/bdist.macosx-10.9-x86_64/wheel/./nwkit
copying build/lib/nwkit/printlabel.py -> build/bdist.macosx-10.9-x86_64/wheel/./nwkit
copying build/lib/nwkit/measurement_error.py -> build/bdist.macosx-10.9-x86_64/wheel/./nwkit
copying build/lib/nwkit/shift_backend.py -> build/bdist.macosx-10.9-x86_64/wheel/./nwkit
copying build/lib/nwkit/output_transaction.py -> build/bdist.macosx-10.9-x86_64/wheel/./nwkit
copying build/lib/nwkit/info.py -> build/bdist.macosx-10.9-x86_64/wheel/./nwkit
copying build/lib/nwkit/regress.py -> build/bdist.macosx-10.9-x86_64/wheel/./nwkit
copying build/lib/nwkit/radte_compare.py -> build/bdist.macosx-10.9-x86_64/wheel/./nwkit
copying build/lib/nwkit/regime_continuous_asr.py -> build/bdist.macosx-10.9-x86_64/wheel/./nwkit
copying build/lib/nwkit/asr_latent.py -> build/bdist.macosx-10.9-x86_64/wheel/./nwkit
copying build/lib/nwkit/reconcile.py -> build/bdist.macosx-10.9-x86_64/wheel/./nwkit
copying build/lib/nwkit/radte_model.py -> build/bdist.macosx-10.9-x86_64/wheel/./nwkit
copying build/lib/nwkit/draw_render.py -> build/bdist.macosx-10.9-x86_64/wheel/./nwkit
copying build/lib/nwkit/sanitize.py -> build/bdist.macosx-10.9-x86_64/wheel/./nwkit
copying build/lib/nwkit/jump_asr.py -> build/bdist.macosx-10.9-x86_64/wheel/./nwkit
copying build/lib/nwkit/discrete_asr_models.py -> build/bdist.macosx-10.9-x86_64/wheel/./nwkit
copying build/lib/nwkit/draw.py -> build/bdist.macosx-10.9-x86_64/wheel/./nwkit
copying build/lib/nwkit/phylogenetic_glmm.py -> build/bdist.macosx-10.9-x86_64/wheel/./nwkit
copying build/lib/nwkit/image.py -> build/bdist.macosx-10.9-x86_64/wheel/./nwkit
copying build/lib/nwkit/pagel_asr.py -> build/bdist.macosx-10.9-x86_64/wheel/./nwkit
copying build/lib/nwkit/__main__.py -> build/bdist.macosx-10.9-x86_64/wheel/./nwkit
copying build/lib/nwkit/dist.py -> build/bdist.macosx-10.9-x86_64/wheel/./nwkit
copying build/lib/nwkit/gaussian.py -> build/bdist.macosx-10.9-x86_64/wheel/./nwkit
copying build/lib/nwkit/nwk2table.py -> build/bdist.macosx-10.9-x86_64/wheel/./nwkit
copying build/lib/nwkit/fasta.py -> build/bdist.macosx-10.9-x86_64/wheel/./nwkit
copying build/lib/nwkit/contrast.py -> build/bdist.macosx-10.9-x86_64/wheel/./nwkit
copying build/lib/nwkit/cladefreq.py -> build/bdist.macosx-10.9-x86_64/wheel/./nwkit
copying build/lib/nwkit/draw_quality.py -> build/bdist.macosx-10.9-x86_64/wheel/./nwkit
copying build/lib/nwkit/drop.py -> build/bdist.macosx-10.9-x86_64/wheel/./nwkit
copying build/lib/nwkit/asr_comparison.py -> build/bdist.macosx-10.9-x86_64/wheel/./nwkit
copying build/lib/nwkit/asr_input.py -> build/bdist.macosx-10.9-x86_64/wheel/./nwkit
copying build/lib/nwkit/draw_layouts.py -> build/bdist.macosx-10.9-x86_64/wheel/./nwkit
copying build/lib/nwkit/draw_types.py -> build/bdist.macosx-10.9-x86_64/wheel/./nwkit
copying build/lib/nwkit/shift_convergence.py -> build/bdist.macosx-10.9-x86_64/wheel/./nwkit
copying build/lib/nwkit/trait_input.py -> build/bdist.macosx-10.9-x86_64/wheel/./nwkit
copying build/lib/nwkit/ordinary_regression.py -> build/bdist.macosx-10.9-x86_64/wheel/./nwkit
copying build/lib/nwkit/replicates.py -> build/bdist.macosx-10.9-x86_64/wheel/./nwkit
running install_egg_info
running egg_info
writing nwkit.egg-info/PKG-INFO
writing dependency_links to nwkit.egg-info/dependency_links.txt
writing entry points to nwkit.egg-info/entry_points.txt
writing requirements to nwkit.egg-info/requires.txt
writing top-level names to nwkit.egg-info/top_level.txt
reading manifest file 'nwkit.egg-info/SOURCES.txt'
reading manifest template 'MANIFEST.in'
warning: no previously-included files matching '__pycache__' found anywhere in distribution
adding license file 'LICENSE'
writing manifest file 'nwkit.egg-info/SOURCES.txt'
Copying nwkit.egg-info to build/bdist.macosx-10.9-x86_64/wheel/./nwkit-0.43.15-py3.10.egg-info
running install_scripts
creating build/bdist.macosx-10.9-x86_64/wheel/nwkit-0.43.15.dist-info/WHEEL
creating '/Users/kf/.codex/worktrees/bfb0/nwkit/direct-dist/.tmp-tbycjpsv/nwkit-0.43.15-py3-none-any.whl' and adding 'build/bdist.macosx-10.9-x86_64/wheel' to it
adding 'nwkit/__init__.py'
adding 'nwkit/__main__.py'
adding 'nwkit/annotate.py'
adding 'nwkit/asr.py'
adding 'nwkit/asr_averaging.py'
adding 'nwkit/asr_bootstrap_intervals.py'
adding 'nwkit/asr_compare.py'
adding 'nwkit/asr_compare_figure.py'
adding 'nwkit/asr_compare_panels.py'
adding 'nwkit/asr_comparison.py'
adding 'nwkit/asr_continuous_diagnostics.py'
adding 'nwkit/asr_cross_validation.py'
adding 'nwkit/asr_diagnostics.py'
adding 'nwkit/asr_discrete_cross_validation.py'
adding 'nwkit/asr_figure.py'
adding 'nwkit/asr_heatmap.py'
adding 'nwkit/asr_input.py'
adding 'nwkit/asr_latent.py'
adding 'nwkit/asr_models.py'
adding 'nwkit/asr_multivariate_diagnostics.py'
adding 'nwkit/asr_paths.py'
adding 'nwkit/asr_regimes.py'
adding 'nwkit/asr_tip_labels.py'
adding 'nwkit/asr_tree_ensemble.py'
adding 'nwkit/branch_gaussian.py'
adding 'nwkit/clade_index.py'
adding 'nwkit/clade_mapping.py'
adding 'nwkit/cladefreq.py'
adding 'nwkit/cli.py'
adding 'nwkit/collapse.py'
adding 'nwkit/compiled_tree.py'
adding 'nwkit/compose.py'
adding 'nwkit/consensus.py'
adding 'nwkit/constrain.py'
adding 'nwkit/continuous_asr.py'
adding 'nwkit/continuous_asr_io.py'
adding 'nwkit/continuous_asr_optimize.py'
adding 'nwkit/continuous_asr_process.py'
adding 'nwkit/continuous_observation.py'
adding 'nwkit/contrast.py'
adding 'nwkit/conventions.py'
adding 'nwkit/convert.py'
adding 'nwkit/diff.py'
adding 'nwkit/discrete_asr_models.py'
adding 'nwkit/discrete_observation.py'
adding 'nwkit/disparity.py'
adding 'nwkit/dist.py'
adding 'nwkit/draw.py'
adding 'nwkit/draw_helpers.py'
adding 'nwkit/draw_layouts.py'
adding 'nwkit/draw_output.py'
adding 'nwkit/draw_prep.py'
adding 'nwkit/draw_quality.py'
adding 'nwkit/draw_render.py'
adding 'nwkit/draw_setup.py'
adding 'nwkit/draw_types.py'
adding 'nwkit/drop.py'
adding 'nwkit/dtt.py'
adding 'nwkit/dtt_cli.py'
adding 'nwkit/dtt_figure.py'
adding 'nwkit/evolution.py'
adding 'nwkit/fasta.py'
adding 'nwkit/file_paths.py'
adding 'nwkit/full_ou.py'
adding 'nwkit/full_ou_fit.py'
adding 'nwkit/gaussian.py'
adding 'nwkit/gaussian_inference.py'
adding 'nwkit/gaussian_tree.py'
adding 'nwkit/general_ou_asr.py'
adding 'nwkit/hidden_rate_asr.py'
adding 'nwkit/image.py'
adding 'nwkit/image_metadata.py'
adding 'nwkit/info.py'
adding 'nwkit/intersection.py'
adding 'nwkit/iqtree_library.py'
adding 'nwkit/iqtree_worker.py'
adding 'nwkit/jump_asr.py'
adding 'nwkit/label.py'
adding 'nwkit/latent_gaussian.py'
adding 'nwkit/mark.py'
adding 'nwkit/markov_gaussian_asr.py'
adding 'nwkit/mcmctree.py'
adding 'nwkit/measurement_error.py'
adding 'nwkit/model_matrix.py'
adding 'nwkit/model_specs.py'
adding 'nwkit/monophyly.py'
adding 'nwkit/multivariate_asr.py'
adding 'nwkit/multivariate_gaussian_asr.py'
adding 'nwkit/multivariate_pgls.py'
adding 'nwkit/nhx2nwk.py'
adding 'nwkit/nonstationary_continuous_asr.py'
adding 'nwkit/nwk2table.py'
adding 'nwkit/optimization.py'
adding 'nwkit/ordinary_regression.py'
adding 'nwkit/ou_asr.py'
adding 'nwkit/output_transaction.py'
adding 'nwkit/pagel_asr.py'
adding 'nwkit/phylogenetic_glmm.py'
adding 'nwkit/phylogenetic_predictive.py'
adding 'nwkit/printlabel.py'
adding 'nwkit/provenance.py'
adding 'nwkit/prune.py'
adding 'nwkit/radte.py'
adding 'nwkit/radte_cli.py'
adding 'nwkit/radte_codon.py'
adding 'nwkit/radte_compare.py'
adding 'nwkit/radte_compare_plot.py'
adding 'nwkit/radte_components.py'
adding 'nwkit/radte_ensemble.py'
adding 'nwkit/radte_inputs.py'
adding 'nwkit/radte_iqtree.py'
adding 'nwkit/radte_marginal.py'
adding 'nwkit/radte_model.py'
adding 'nwkit/radte_paml.py'
adding 'nwkit/radte_sequence.py'
adding 'nwkit/radte_sequence_fit.py'
adding 'nwkit/radte_species.py'
adding 'nwkit/radte_studentized.py'
adding 'nwkit/radte_uncertainty.py'
adding 'nwkit/reconcile.py'
adding 'nwkit/reconciliation_properties.py'
adding 'nwkit/regime_continuous_asr.py'
adding 'nwkit/regime_drift_asr.py'
adding 'nwkit/regime_gaussian_asr.py'
adding 'nwkit/regress.py'
adding 'nwkit/regression_pipeline.py'
adding 'nwkit/rename.py'
adding 'nwkit/replicates.py'
adding 'nwkit/rescale.py'
adding 'nwkit/result_plot.py'
adding 'nwkit/result_plot_cli.py'
adding 'nwkit/result_plot_data.py'
adding 'nwkit/rf_distance.py'
adding 'nwkit/root.py'
adding 'nwkit/root_compare.py'
adding 'nwkit/root_evaluation.py'
adding 'nwkit/rooting_state.py'
adding 'nwkit/rsc_diagnostics.py'
adding 'nwkit/sample.py'
adding 'nwkit/sanitize.py'
adding 'nwkit/shift.py'
adding 'nwkit/shift_backend.py'
adding 'nwkit/shift_backend_probe.py'
adding 'nwkit/shift_bootstrap.py'
adding 'nwkit/shift_calibrated_output.py'
adding 'nwkit/shift_calibration.py'
adding 'nwkit/shift_candidates.py'
adding 'nwkit/shift_cli.py'
adding 'nwkit/shift_convergence.py'
adding 'nwkit/shift_math.py'
adding 'nwkit/shift_reference.py'
adding 'nwkit/shift_results.py'
adding 'nwkit/shuffle.py'
adding 'nwkit/skim.py'
adding 'nwkit/sparse_laplace.py'
adding 'nwkit/species_parser.py'
adding 'nwkit/subtree.py'
adding 'nwkit/table2nwk.py'
adding 'nwkit/threshold_asr.py'
adding 'nwkit/time_tree.py'
adding 'nwkit/trait_input.py'
adding 'nwkit/transfer.py'
adding 'nwkit/transformed_continuous_asr.py'
adding 'nwkit/tree_formats.py'
adding 'nwkit/tree_outputs.py'
adding 'nwkit/util.py'
adding 'nwkit/validate.py'
adding 'nwkit/vector_fit.py'
adding 'nwkit/vector_gaussian.py'
adding 'nwkit/vector_mean.py'
adding 'nwkit/vector_ou_fit.py'
adding 'nwkit/vector_processes.py'
adding 'nwkit/vector_simulation.py'
adding 'nwkit/data_iqtree/worker.cpp'
adding 'nwkit/data_model/ECMrest.txt'
adding 'nwkit/data_model/ECMunrest.txt'
adding 'nwkit/data_model/lg.txt'
adding 'nwkit/data_tree/apgiv.nwk'
adding 'nwkit-0.43.15.dist-info/licenses/LICENSE'
adding 'nwkit-0.43.15.dist-info/METADATA'
adding 'nwkit-0.43.15.dist-info/WHEEL'
adding 'nwkit-0.43.15.dist-info/entry_points.txt'
adding 'nwkit-0.43.15.dist-info/top_level.txt'
adding 'nwkit-0.43.15.dist-info/RECORD'
removing build/bdist.macosx-10.9-x86_64/wheel
Successfully built nwkit-0.43.15-py3-none-any.whl
+ /Users/kf/miniforge3/bin/python -m build --sdist --outdir direct-dist
* Creating isolated environment: venv+pip...
* Installing packages in isolated environment:
  - setuptools>=77.0.3
* Getting build dependencies for sdist...
running egg_info
writing nwkit.egg-info/PKG-INFO
writing dependency_links to nwkit.egg-info/dependency_links.txt
writing entry points to nwkit.egg-info/entry_points.txt
writing requirements to nwkit.egg-info/requires.txt
writing top-level names to nwkit.egg-info/top_level.txt
reading manifest file 'nwkit.egg-info/SOURCES.txt'
reading manifest template 'MANIFEST.in'
warning: no previously-included files matching '__pycache__' found anywhere in distribution
adding license file 'LICENSE'
writing manifest file 'nwkit.egg-info/SOURCES.txt'
* Building sdist...
running sdist
running egg_info
writing nwkit.egg-info/PKG-INFO
writing dependency_links to nwkit.egg-info/dependency_links.txt
writing entry points to nwkit.egg-info/entry_points.txt
writing requirements to nwkit.egg-info/requires.txt
writing top-level names to nwkit.egg-info/top_level.txt
reading manifest file 'nwkit.egg-info/SOURCES.txt'
reading manifest template 'MANIFEST.in'
warning: no previously-included files matching '__pycache__' found anywhere in distribution
adding license file 'LICENSE'
writing manifest file 'nwkit.egg-info/SOURCES.txt'
running check
creating nwkit-0.43.15
creating nwkit-0.43.15/examples/asr_figure
creating nwkit-0.43.15/examples/branch_gaussian
creating nwkit-0.43.15/examples/dtt
creating nwkit-0.43.15/examples/radte
creating nwkit-0.43.15/examples/radte/species-uncertainty
creating nwkit-0.43.15/examples/radte/visualization
creating nwkit-0.43.15/examples/shift
creating nwkit-0.43.15/examples/shift/alpha-validation
creating nwkit-0.43.15/examples/shift/alpha-validation/analysis-source
creating nwkit-0.43.15/examples/shift/alpha-validation/source
creating nwkit-0.43.15/examples/shift/calibrated
creating nwkit-0.43.15/examples/shift/calibration-envelope
creating nwkit-0.43.15/examples/shift/calibration-envelope/source-snapshot
creating nwkit-0.43.15/examples/shift/calibration-paired
creating nwkit-0.43.15/examples/shift/calibration-paired/source-snapshot
creating nwkit-0.43.15/examples/shift/calibration-review
creating nwkit-0.43.15/examples/shift/calibration-review/source-snapshot
creating nwkit-0.43.15/examples/shift/calibration-review/source-snapshot/__pycache__
creating nwkit-0.43.15/examples/shift/calibration-stress
creating nwkit-0.43.15/examples/shift/calibration-validation
creating nwkit-0.43.15/examples/shift/calibration-validation/source-snapshot
creating nwkit-0.43.15/examples/shift/joint-validation
creating nwkit-0.43.15/examples/shift/joint-validation-pbic-fixed
creating nwkit-0.43.15/examples/shift/known-error-timing-pilot
creating nwkit-0.43.15/examples/shift/known-error-timing-pilot/source-snapshot
creating nwkit-0.43.15/examples/shift/null-contract-b999
creating nwkit-0.43.15/examples/shift/null-contract-b999/source-snapshot
creating nwkit-0.43.15/examples/shift/null-contract-timing-pilot
creating nwkit-0.43.15/examples/shift/null-contract-timing-pilot/source-snapshot
creating nwkit-0.43.15/examples/shift/null-contract-validation
creating nwkit-0.43.15/examples/shift/null-contract-validation/source-snapshot
creating nwkit-0.43.15/examples/shift/pbic-correction
creating nwkit-0.43.15/examples/shift/response-audits
creating nwkit-0.43.15/examples/shift/response-calibrated
creating nwkit-0.43.15/examples/shift/response-ic
creating nwkit-0.43.15/examples/shift/validation
creating nwkit-0.43.15/examples/shift/validation-16tip
creating nwkit-0.43.15/nwkit
creating nwkit-0.43.15/nwkit.egg-info
creating nwkit-0.43.15/nwkit/data_iqtree
creating nwkit-0.43.15/nwkit/data_model
creating nwkit-0.43.15/nwkit/data_tree
creating nwkit-0.43.15/scripts
creating nwkit-0.43.15/tests
creating nwkit-0.43.15/tests/data
creating nwkit-0.43.15/tools
copying files to nwkit-0.43.15...
copying ASR.md -> nwkit-0.43.15
copying ASR_PERFORMANCE.md -> nwkit-0.43.15
copying BRANCH_GAUSSIAN.md -> nwkit-0.43.15
copying CHANGELOG.md -> nwkit-0.43.15
copying CLI_TSV_CONVENTIONS.md -> nwkit-0.43.15
copying CONVERT.md -> nwkit-0.43.15
copying DEVELOPMENT.md -> nwkit-0.43.15
copying DTT.md -> nwkit-0.43.15
copying IQTREE_LIBRARY.md -> nwkit-0.43.15
copying LICENSE -> nwkit-0.43.15
copying MANIFEST.in -> nwkit-0.43.15
copying PHYLOGENETIC_REGRESSION.md -> nwkit-0.43.15
copying RADTE.md -> nwkit-0.43.15
copying RADTE_MATH.md -> nwkit-0.43.15
copying RADTE_SPECIES_UNCERTAINTY.md -> nwkit-0.43.15
copying RADTE_VALIDATION.md -> nwkit-0.43.15
copying README.md -> nwkit-0.43.15
copying RECONCILED_SPECIATION_CONTRAST_MATH.md -> nwkit-0.43.15
copying RECONCILIATION_PLOTS.md -> nwkit-0.43.15
copying RELEASING.md -> nwkit-0.43.15
copying SHIFT.md -> nwkit-0.43.15
copying SHIFT_ALPHA.md -> nwkit-0.43.15
copying SHIFT_CALIBRATION.md -> nwkit-0.43.15
copying SHIFT_JOINT.md -> nwkit-0.43.15
copying SHIFT_PBIC.md -> nwkit-0.43.15
copying SHIFT_RESPONSE_VALIDATION.md -> nwkit-0.43.15
copying SHIFT_VALIDATION.md -> nwkit-0.43.15
copying constraints-dev.txt -> nwkit-0.43.15
copying pyproject.toml -> nwkit-0.43.15
copying setup.py -> nwkit-0.43.15
copying examples/asr_figure/README.md -> nwkit-0.43.15/examples/asr_figure
copying examples/asr_figure/comparison.png -> nwkit-0.43.15/examples/asr_figure
copying examples/asr_figure/parameters.tsv -> nwkit-0.43.15/examples/asr_figure
copying examples/asr_figure/preview.png -> nwkit-0.43.15/examples/asr_figure
copying examples/asr_figure/regimes.tsv -> nwkit-0.43.15/examples/asr_figure
copying examples/asr_figure/simulation-labelled.png -> nwkit-0.43.15/examples/asr_figure
copying examples/asr_figure/simulation.png -> nwkit-0.43.15/examples/asr_figure
copying examples/asr_figure/traits.tsv -> nwkit-0.43.15/examples/asr_figure
copying examples/asr_figure/tree.nwk -> nwkit-0.43.15/examples/asr_figure
copying examples/branch_gaussian/mixed_process.py -> nwkit-0.43.15/examples/branch_gaussian
copying examples/dtt/README.md -> nwkit-0.43.15/examples/dtt
copying examples/dtt/dtt.png -> nwkit-0.43.15/examples/dtt
copying examples/dtt/heatmap.png -> nwkit-0.43.15/examples/dtt
copying examples/dtt/reference.R -> nwkit-0.43.15/examples/dtt
copying examples/dtt/traits.tsv -> nwkit-0.43.15/examples/dtt
copying examples/dtt/tree.nwk -> nwkit-0.43.15/examples/dtt
copying examples/radte/README.md -> nwkit-0.43.15/examples/radte
copying examples/radte/gene.nwk -> nwkit-0.43.15/examples/radte
copying examples/radte/interval-coverage-summary.json -> nwkit-0.43.15/examples/radte
copying examples/radte/interval-coverage.csv -> nwkit-0.43.15/examples/radte
copying examples/radte/interval-coverage.png -> nwkit-0.43.15/examples/radte
copying examples/radte/species-map.tsv -> nwkit-0.43.15/examples/radte
copying examples/radte/species.nwk -> nwkit-0.43.15/examples/radte
copying examples/radte/validation-results.json -> nwkit-0.43.15/examples/radte
copying examples/radte/species-uncertainty/README.md -> nwkit-0.43.15/examples/radte/species-uncertainty
copying examples/radte/species-uncertainty/gene.nwk -> nwkit-0.43.15/examples/radte/species-uncertainty
copying examples/radte/species-uncertainty/run.sh -> nwkit-0.43.15/examples/radte/species-uncertainty
copying examples/radte/species-uncertainty/species-bounds.tsv -> nwkit-0.43.15/examples/radte/species-uncertainty
copying examples/radte/species-uncertainty/species-intervals.tsv -> nwkit-0.43.15/examples/radte/species-uncertainty
copying examples/radte/species-uncertainty/species-map.tsv -> nwkit-0.43.15/examples/radte/species-uncertainty
copying examples/radte/species-uncertainty/species-samples.nwk -> nwkit-0.43.15/examples/radte/species-uncertainty
copying examples/radte/species-uncertainty/species.nwk -> nwkit-0.43.15/examples/radte/species-uncertainty
copying examples/radte/visualization/README.md -> nwkit-0.43.15/examples/radte/visualization
copying examples/radte/visualization/generax-gene.nhx -> nwkit-0.43.15/examples/radte/visualization
copying examples/radte/visualization/generax-species.nwk -> nwkit-0.43.15/examples/radte/visualization
copying examples/shift/README.md -> nwkit-0.43.15/examples/shift
copying examples/shift/traits-with-se.tsv -> nwkit-0.43.15/examples/shift
copying examples/shift/traits.tsv -> nwkit-0.43.15/examples/shift
copying examples/shift/tree.nwk -> nwkit-0.43.15/examples/shift
copying examples/shift/alpha-validation/README.md -> nwkit-0.43.15/examples/shift/alpha-validation
copying examples/shift/alpha-validation/SHA256SUMS.json -> nwkit-0.43.15/examples/shift/alpha-validation
copying examples/shift/alpha-validation/artifact.json -> nwkit-0.43.15/examples/shift/alpha-validation
copying examples/shift/alpha-validation/audit.json -> nwkit-0.43.15/examples/shift/alpha-validation
copying examples/shift/alpha-validation/backend-correction-provenance.json -> nwkit-0.43.15/examples/shift/alpha-validation
copying examples/shift/alpha-validation/backend-probe.tsv -> nwkit-0.43.15/examples/shift/alpha-validation
copying examples/shift/alpha-validation/candidate-ledger.jsonl.gz -> nwkit-0.43.15/examples/shift/alpha-validation
copying examples/shift/alpha-validation/environment.json -> nwkit-0.43.15/examples/shift/alpha-validation
copying examples/shift/alpha-validation/inputs.jsonl.gz -> nwkit-0.43.15/examples/shift/alpha-validation
copying examples/shift/alpha-validation/installed-backend-sha256.json -> nwkit-0.43.15/examples/shift/alpha-validation
copying examples/shift/alpha-validation/jobs.jsonl -> nwkit-0.43.15/examples/shift/alpha-validation
copying examples/shift/alpha-validation/null-profile-diagnostic.json -> nwkit-0.43.15/examples/shift/alpha-validation
copying examples/shift/alpha-validation/paired.json -> nwkit-0.43.15/examples/shift/alpha-validation
copying examples/shift/alpha-validation/protocol.json -> nwkit-0.43.15/examples/shift/alpha-validation
copying examples/shift/alpha-validation/records.jsonl.gz -> nwkit-0.43.15/examples/shift/alpha-validation
copying examples/shift/alpha-validation/report-data.json -> nwkit-0.43.15/examples/shift/alpha-validation
copying examples/shift/alpha-validation/report-delivery.json -> nwkit-0.43.15/examples/shift/alpha-validation
copying examples/shift/alpha-validation/report.html -> nwkit-0.43.15/examples/shift/alpha-validation
copying examples/shift/alpha-validation/summary.json -> nwkit-0.43.15/examples/shift/alpha-validation
copying examples/shift/alpha-validation/validation.json -> nwkit-0.43.15/examples/shift/alpha-validation
copying examples/shift/alpha-validation/analysis-source/check-bic-routes.R -> nwkit-0.43.15/examples/shift/alpha-validation/analysis-source
copying examples/shift/alpha-validation/analysis-source/report_shift_alpha.py -> nwkit-0.43.15/examples/shift/alpha-validation/analysis-source
copying examples/shift/alpha-validation/analysis-source/shift_alpha_audit.py -> nwkit-0.43.15/examples/shift/alpha-validation/analysis-source
copying examples/shift/alpha-validation/analysis-source/shift_alpha_null_diagnostic.py -> nwkit-0.43.15/examples/shift/alpha-validation/analysis-source
copying examples/shift/alpha-validation/analysis-source/summarize_shift_alpha.py -> nwkit-0.43.15/examples/shift/alpha-validation/analysis-source
copying examples/shift/alpha-validation/analysis-source/verify_shift_alpha_evidence.py -> nwkit-0.43.15/examples/shift/alpha-validation/analysis-source
copying examples/shift/alpha-validation/source/shift_alpha_backend.R -> nwkit-0.43.15/examples/shift/alpha-validation/source
copying examples/shift/alpha-validation/source/shift_alpha_design.py -> nwkit-0.43.15/examples/shift/alpha-validation/source
copying examples/shift/alpha-validation/source/shift_joint_candidates.py -> nwkit-0.43.15/examples/shift/alpha-validation/source
copying examples/shift/alpha-validation/source/shift_simulation_cases.py -> nwkit-0.43.15/examples/shift/alpha-validation/source
copying examples/shift/alpha-validation/source/validate_shift_alpha.py -> nwkit-0.43.15/examples/shift/alpha-validation/source
copying examples/shift/calibrated/effects.tsv -> nwkit-0.43.15/examples/shift/calibrated
copying examples/shift/calibrated/model.json -> nwkit-0.43.15/examples/shift/calibrated
copying examples/shift/calibrated/optima.tsv -> nwkit-0.43.15/examples/shift/calibrated
copying examples/shift/calibrated/predictions.tsv -> nwkit-0.43.15/examples/shift/calibrated
copying examples/shift/calibrated/regimes.tsv -> nwkit-0.43.15/examples/shift/calibrated
copying examples/shift/calibration-envelope/README.md -> nwkit-0.43.15/examples/shift/calibration-envelope
copying examples/shift/calibration-envelope/audit.json -> nwkit-0.43.15/examples/shift/calibration-envelope
copying examples/shift/calibration-envelope/default-null-records.jsonl.gz -> nwkit-0.43.15/examples/shift/calibration-envelope
copying examples/shift/calibration-envelope/protocol.json -> nwkit-0.43.15/examples/shift/calibration-envelope
copying examples/shift/calibration-envelope/records.jsonl.gz -> nwkit-0.43.15/examples/shift/calibration-envelope
copying examples/shift/calibration-envelope/summary.json -> nwkit-0.43.15/examples/shift/calibration-envelope
copying examples/shift/calibration-envelope/source-snapshot/shift_alpha_design.py -> nwkit-0.43.15/examples/shift/calibration-envelope/source-snapshot
copying examples/shift/calibration-envelope/source-snapshot/shift_calibration.py -> nwkit-0.43.15/examples/shift/calibration-envelope/source-snapshot
copying examples/shift/calibration-envelope/source-snapshot/shift_calibration_audit.py -> nwkit-0.43.15/examples/shift/calibration-envelope/source-snapshot
copying examples/shift/calibration-envelope/source-snapshot/shift_candidates.py -> nwkit-0.43.15/examples/shift/calibration-envelope/source-snapshot
copying examples/shift/calibration-envelope/source-snapshot/shift_simulation_cases.py -> nwkit-0.43.15/examples/shift/calibration-envelope/source-snapshot
copying examples/shift/calibration-envelope/source-snapshot/validate_shift_calibration.py -> nwkit-0.43.15/examples/shift/calibration-envelope/source-snapshot
copying examples/shift/calibration-envelope/source-snapshot/verify_shift_calibration.py -> nwkit-0.43.15/examples/shift/calibration-envelope/source-snapshot
copying examples/shift/calibration-paired/protocol.json -> nwkit-0.43.15/examples/shift/calibration-paired
copying examples/shift/calibration-paired/records.jsonl.gz -> nwkit-0.43.15/examples/shift/calibration-paired
copying examples/shift/calibration-paired/summary.json -> nwkit-0.43.15/examples/shift/calibration-paired
copying examples/shift/calibration-paired/source-snapshot/compare_shift_null_calibration.py -> nwkit-0.43.15/examples/shift/calibration-paired/source-snapshot
copying examples/shift/calibration-paired/source-snapshot/shift_calibration.py -> nwkit-0.43.15/examples/shift/calibration-paired/source-snapshot
copying examples/shift/calibration-paired/source-snapshot/shift_candidates.py -> nwkit-0.43.15/examples/shift/calibration-paired/source-snapshot
copying examples/shift/calibration-review/README.md -> nwkit-0.43.15/examples/shift/calibration-review
copying examples/shift/calibration-review/protocol.json -> nwkit-0.43.15/examples/shift/calibration-review
copying examples/shift/calibration-review/records.jsonl.gz -> nwkit-0.43.15/examples/shift/calibration-review
copying examples/shift/calibration-review/summary.json -> nwkit-0.43.15/examples/shift/calibration-review
copying examples/shift/calibration-review/source-snapshot/shift_alpha_design.py -> nwkit-0.43.15/examples/shift/calibration-review/source-snapshot
copying examples/shift/calibration-review/source-snapshot/shift_calibration.py -> nwkit-0.43.15/examples/shift/calibration-review/source-snapshot
copying examples/shift/calibration-review/source-snapshot/shift_calibration_audit.py -> nwkit-0.43.15/examples/shift/calibration-review/source-snapshot
copying examples/shift/calibration-review/source-snapshot/shift_candidates.py -> nwkit-0.43.15/examples/shift/calibration-review/source-snapshot
copying examples/shift/calibration-review/source-snapshot/shift_simulation_cases.py -> nwkit-0.43.15/examples/shift/calibration-review/source-snapshot
copying examples/shift/calibration-review/source-snapshot/validate_shift_calibration.py -> nwkit-0.43.15/examples/shift/calibration-review/source-snapshot
copying examples/shift/calibration-review/source-snapshot/verify_shift_calibration.py -> nwkit-0.43.15/examples/shift/calibration-review/source-snapshot
copying examples/shift/calibration-review/source-snapshot/__pycache__/shift_calibration.cpython-310.pyc -> nwkit-0.43.15/examples/shift/calibration-review/source-snapshot/__pycache__
copying examples/shift/calibration-stress/protocol.json -> nwkit-0.43.15/examples/shift/calibration-stress
copying examples/shift/calibration-stress/records.jsonl.gz -> nwkit-0.43.15/examples/shift/calibration-stress
copying examples/shift/calibration-stress/summary.json -> nwkit-0.43.15/examples/shift/calibration-stress
copying examples/shift/calibration-validation/README.md -> nwkit-0.43.15/examples/shift/calibration-validation
copying examples/shift/calibration-validation/audit.json -> nwkit-0.43.15/examples/shift/calibration-validation
copying examples/shift/calibration-validation/default-null-records.jsonl.gz -> nwkit-0.43.15/examples/shift/calibration-validation
copying examples/shift/calibration-validation/protocol.json -> nwkit-0.43.15/examples/shift/calibration-validation
copying examples/shift/calibration-validation/records.jsonl.gz -> nwkit-0.43.15/examples/shift/calibration-validation
copying examples/shift/calibration-validation/summary.json -> nwkit-0.43.15/examples/shift/calibration-validation
copying examples/shift/calibration-validation/source-snapshot/shift_alpha_design.py -> nwkit-0.43.15/examples/shift/calibration-validation/source-snapshot
copying examples/shift/calibration-validation/source-snapshot/shift_calibration.py -> nwkit-0.43.15/examples/shift/calibration-validation/source-snapshot
copying examples/shift/calibration-validation/source-snapshot/shift_candidates.py -> nwkit-0.43.15/examples/shift/calibration-validation/source-snapshot
copying examples/shift/calibration-validation/source-snapshot/shift_simulation_cases.py -> nwkit-0.43.15/examples/shift/calibration-validation/source-snapshot
copying examples/shift/calibration-validation/source-snapshot/validate_shift_calibration.py -> nwkit-0.43.15/examples/shift/calibration-validation/source-snapshot
copying examples/shift/joint-validation/candidates.json -> nwkit-0.43.15/examples/shift/joint-validation
copying examples/shift/joint-validation/export.json -> nwkit-0.43.15/examples/shift/joint-validation
copying examples/shift/joint-validation/fit-manifests.json -> nwkit-0.43.15/examples/shift/joint-validation
copying examples/shift/joint-validation/inputs.json -> nwkit-0.43.15/examples/shift/joint-validation
copying examples/shift/joint-validation/manifest.json -> nwkit-0.43.15/examples/shift/joint-validation
copying examples/shift/joint-validation/models.json -> nwkit-0.43.15/examples/shift/joint-validation
copying examples/shift/joint-validation/records.json -> nwkit-0.43.15/examples/shift/joint-validation
copying examples/shift/joint-validation/source-snapshot.json -> nwkit-0.43.15/examples/shift/joint-validation
copying examples/shift/joint-validation-pbic-fixed/backend-provenance.json -> nwkit-0.43.15/examples/shift/joint-validation-pbic-fixed
copying examples/shift/joint-validation-pbic-fixed/candidates.json -> nwkit-0.43.15/examples/shift/joint-validation-pbic-fixed
copying examples/shift/joint-validation-pbic-fixed/export.json -> nwkit-0.43.15/examples/shift/joint-validation-pbic-fixed
copying examples/shift/joint-validation-pbic-fixed/fit-manifests.json -> nwkit-0.43.15/examples/shift/joint-validation-pbic-fixed
copying examples/shift/joint-validation-pbic-fixed/inputs.json -> nwkit-0.43.15/examples/shift/joint-validation-pbic-fixed
copying examples/shift/joint-validation-pbic-fixed/manifest.json -> nwkit-0.43.15/examples/shift/joint-validation-pbic-fixed
copying examples/shift/joint-validation-pbic-fixed/models.json -> nwkit-0.43.15/examples/shift/joint-validation-pbic-fixed
copying examples/shift/joint-validation-pbic-fixed/records.json -> nwkit-0.43.15/examples/shift/joint-validation-pbic-fixed
copying examples/shift/joint-validation-pbic-fixed/source-snapshot.json -> nwkit-0.43.15/examples/shift/joint-validation-pbic-fixed
copying examples/shift/known-error-timing-pilot/protocol.json -> nwkit-0.43.15/examples/shift/known-error-timing-pilot
copying examples/shift/known-error-timing-pilot/records.jsonl.gz -> nwkit-0.43.15/examples/shift/known-error-timing-pilot
copying examples/shift/known-error-timing-pilot/summary.json -> nwkit-0.43.15/examples/shift/known-error-timing-pilot
copying examples/shift/known-error-timing-pilot/source-snapshot/shift_calibration.py -> nwkit-0.43.15/examples/shift/known-error-timing-pilot/source-snapshot
copying examples/shift/known-error-timing-pilot/source-snapshot/shift_candidates.py -> nwkit-0.43.15/examples/shift/known-error-timing-pilot/source-snapshot
copying examples/shift/known-error-timing-pilot/source-snapshot/shift_continuous_reference.py -> nwkit-0.43.15/examples/shift/known-error-timing-pilot/source-snapshot
copying examples/shift/known-error-timing-pilot/source-snapshot/validate_shift_null_contract.py -> nwkit-0.43.15/examples/shift/known-error-timing-pilot/source-snapshot
copying examples/shift/null-contract-b999/protocol.json -> nwkit-0.43.15/examples/shift/null-contract-b999
copying examples/shift/null-contract-b999/records.jsonl.gz -> nwkit-0.43.15/examples/shift/null-contract-b999
copying examples/shift/null-contract-b999/summary.json -> nwkit-0.43.15/examples/shift/null-contract-b999
copying examples/shift/null-contract-b999/source-snapshot/shift_calibration.py -> nwkit-0.43.15/examples/shift/null-contract-b999/source-snapshot
copying examples/shift/null-contract-b999/source-snapshot/shift_candidates.py -> nwkit-0.43.15/examples/shift/null-contract-b999/source-snapshot
copying examples/shift/null-contract-b999/source-snapshot/shift_continuous_reference.py -> nwkit-0.43.15/examples/shift/null-contract-b999/source-snapshot
copying examples/shift/null-contract-b999/source-snapshot/validate_shift_null_contract.py -> nwkit-0.43.15/examples/shift/null-contract-b999/source-snapshot
copying examples/shift/null-contract-timing-pilot/protocol.json -> nwkit-0.43.15/examples/shift/null-contract-timing-pilot
copying examples/shift/null-contract-timing-pilot/records.jsonl.gz -> nwkit-0.43.15/examples/shift/null-contract-timing-pilot
copying examples/shift/null-contract-timing-pilot/summary.json -> nwkit-0.43.15/examples/shift/null-contract-timing-pilot
copying examples/shift/null-contract-timing-pilot/source-snapshot/shift_calibration.py -> nwkit-0.43.15/examples/shift/null-contract-timing-pilot/source-snapshot
copying examples/shift/null-contract-timing-pilot/source-snapshot/shift_candidates.py -> nwkit-0.43.15/examples/shift/null-contract-timing-pilot/source-snapshot
copying examples/shift/null-contract-timing-pilot/source-snapshot/shift_continuous_reference.py -> nwkit-0.43.15/examples/shift/null-contract-timing-pilot/source-snapshot
copying examples/shift/null-contract-timing-pilot/source-snapshot/validate_shift_null_contract.py -> nwkit-0.43.15/examples/shift/null-contract-timing-pilot/source-snapshot
copying examples/shift/null-contract-validation/protocol.json -> nwkit-0.43.15/examples/shift/null-contract-validation
copying examples/shift/null-contract-validation/records.jsonl.gz -> nwkit-0.43.15/examples/shift/null-contract-validation
copying examples/shift/null-contract-validation/summary.json -> nwkit-0.43.15/examples/shift/null-contract-validation
copying examples/shift/null-contract-validation/source-snapshot/shift_calibration.py -> nwkit-0.43.15/examples/shift/null-contract-validation/source-snapshot
copying examples/shift/null-contract-validation/source-snapshot/shift_candidates.py -> nwkit-0.43.15/examples/shift/null-contract-validation/source-snapshot
copying examples/shift/null-contract-validation/source-snapshot/shift_continuous_reference.py -> nwkit-0.43.15/examples/shift/null-contract-validation/source-snapshot
copying examples/shift/null-contract-validation/source-snapshot/validate_shift_null_contract.py -> nwkit-0.43.15/examples/shift/null-contract-validation/source-snapshot
copying examples/shift/pbic-correction/after.csv -> nwkit-0.43.15/examples/shift/pbic-correction
copying examples/shift/pbic-correction/backend-provenance.json -> nwkit-0.43.15/examples/shift/pbic-correction
copying examples/shift/pbic-correction/before.csv -> nwkit-0.43.15/examples/shift/pbic-correction
copying examples/shift/response-audits/SHA256SUMS.json -> nwkit-0.43.15/examples/shift/response-audits
copying examples/shift/response-audits/b999.json -> nwkit-0.43.15/examples/shift/response-audits
copying examples/shift/response-audits/continuous-fixture.json -> nwkit-0.43.15/examples/shift/response-audits
copying examples/shift/response-audits/environment.json -> nwkit-0.43.15/examples/shift/response-audits
copying examples/shift/response-audits/final-complexity.log -> nwkit-0.43.15/examples/shift/response-audits
copying examples/shift/response-audits/full-check.log -> nwkit-0.43.15/examples/shift/response-audits
copying examples/shift/response-audits/inherited-envelope.json -> nwkit-0.43.15/examples/shift/response-audits
copying examples/shift/response-audits/null-pilot.json -> nwkit-0.43.15/examples/shift/response-audits
copying examples/shift/response-audits/paired.json -> nwkit-0.43.15/examples/shift/response-audits
copying examples/shift/response-audits/primary.json -> nwkit-0.43.15/examples/shift/response-audits
copying examples/shift/response-audits/software-checks.json -> nwkit-0.43.15/examples/shift/response-audits
copying examples/shift/response-calibrated/effects.tsv -> nwkit-0.43.15/examples/shift/response-calibrated
copying examples/shift/response-calibrated/model.json -> nwkit-0.43.15/examples/shift/response-calibrated
copying examples/shift/response-calibrated/optima.tsv -> nwkit-0.43.15/examples/shift/response-calibrated
copying examples/shift/response-calibrated/predictions.tsv -> nwkit-0.43.15/examples/shift/response-calibrated
copying examples/shift/response-calibrated/regimes.tsv -> nwkit-0.43.15/examples/shift/response-calibrated
copying examples/shift/response-ic/effects.tsv -> nwkit-0.43.15/examples/shift/response-ic
copying examples/shift/response-ic/model.json -> nwkit-0.43.15/examples/shift/response-ic
copying examples/shift/response-ic/optima.tsv -> nwkit-0.43.15/examples/shift/response-ic
copying examples/shift/response-ic/predictions.tsv -> nwkit-0.43.15/examples/shift/response-ic
copying examples/shift/response-ic/regimes.tsv -> nwkit-0.43.15/examples/shift/response-ic
copying examples/shift/validation/cell-summary.json -> nwkit-0.43.15/examples/shift/validation
copying examples/shift/validation/export.json -> nwkit-0.43.15/examples/shift/validation
copying examples/shift/validation/inputs.json -> nwkit-0.43.15/examples/shift/validation
copying examples/shift/validation/manifests.json -> nwkit-0.43.15/examples/shift/validation
copying examples/shift/validation/records.csv -> nwkit-0.43.15/examples/shift/validation
copying examples/shift/validation/records.json -> nwkit-0.43.15/examples/shift/validation
copying examples/shift/validation/scenario-summary.json -> nwkit-0.43.15/examples/shift/validation
copying examples/shift/validation/source-snapshot.json -> nwkit-0.43.15/examples/shift/validation
copying examples/shift/validation/table.md -> nwkit-0.43.15/examples/shift/validation
copying examples/shift/validation-16tip/cell-summary.json -> nwkit-0.43.15/examples/shift/validation-16tip
copying examples/shift/validation-16tip/export.json -> nwkit-0.43.15/examples/shift/validation-16tip
copying examples/shift/validation-16tip/inputs.json -> nwkit-0.43.15/examples/shift/validation-16tip
copying examples/shift/validation-16tip/manifests.json -> nwkit-0.43.15/examples/shift/validation-16tip
copying examples/shift/validation-16tip/records.csv -> nwkit-0.43.15/examples/shift/validation-16tip
copying examples/shift/validation-16tip/records.json -> nwkit-0.43.15/examples/shift/validation-16tip
copying examples/shift/validation-16tip/scenario-summary.json -> nwkit-0.43.15/examples/shift/validation-16tip
copying examples/shift/validation-16tip/source-snapshot.json -> nwkit-0.43.15/examples/shift/validation-16tip
copying examples/shift/validation-16tip/table.md -> nwkit-0.43.15/examples/shift/validation-16tip
copying nwkit/__init__.py -> nwkit-0.43.15/nwkit
copying nwkit/__main__.py -> nwkit-0.43.15/nwkit
copying nwkit/annotate.py -> nwkit-0.43.15/nwkit
copying nwkit/asr.py -> nwkit-0.43.15/nwkit
copying nwkit/asr_averaging.py -> nwkit-0.43.15/nwkit
copying nwkit/asr_bootstrap_intervals.py -> nwkit-0.43.15/nwkit
copying nwkit/asr_compare.py -> nwkit-0.43.15/nwkit
copying nwkit/asr_compare_figure.py -> nwkit-0.43.15/nwkit
copying nwkit/asr_compare_panels.py -> nwkit-0.43.15/nwkit
copying nwkit/asr_comparison.py -> nwkit-0.43.15/nwkit
copying nwkit/asr_continuous_diagnostics.py -> nwkit-0.43.15/nwkit
copying nwkit/asr_cross_validation.py -> nwkit-0.43.15/nwkit
copying nwkit/asr_diagnostics.py -> nwkit-0.43.15/nwkit
copying nwkit/asr_discrete_cross_validation.py -> nwkit-0.43.15/nwkit
copying nwkit/asr_figure.py -> nwkit-0.43.15/nwkit
copying nwkit/asr_heatmap.py -> nwkit-0.43.15/nwkit
copying nwkit/asr_input.py -> nwkit-0.43.15/nwkit
copying nwkit/asr_latent.py -> nwkit-0.43.15/nwkit
copying nwkit/asr_models.py -> nwkit-0.43.15/nwkit
copying nwkit/asr_multivariate_diagnostics.py -> nwkit-0.43.15/nwkit
copying nwkit/asr_paths.py -> nwkit-0.43.15/nwkit
copying nwkit/asr_regimes.py -> nwkit-0.43.15/nwkit
copying nwkit/asr_tip_labels.py -> nwkit-0.43.15/nwkit
copying nwkit/asr_tree_ensemble.py -> nwkit-0.43.15/nwkit
copying nwkit/branch_gaussian.py -> nwkit-0.43.15/nwkit
copying nwkit/clade_index.py -> nwkit-0.43.15/nwkit
copying nwkit/clade_mapping.py -> nwkit-0.43.15/nwkit
copying nwkit/cladefreq.py -> nwkit-0.43.15/nwkit
copying nwkit/cli.py -> nwkit-0.43.15/nwkit
copying nwkit/collapse.py -> nwkit-0.43.15/nwkit
copying nwkit/compiled_tree.py -> nwkit-0.43.15/nwkit
copying nwkit/compose.py -> nwkit-0.43.15/nwkit
copying nwkit/consensus.py -> nwkit-0.43.15/nwkit
copying nwkit/constrain.py -> nwkit-0.43.15/nwkit
copying nwkit/continuous_asr.py -> nwkit-0.43.15/nwkit
copying nwkit/continuous_asr_io.py -> nwkit-0.43.15/nwkit
copying nwkit/continuous_asr_optimize.py -> nwkit-0.43.15/nwkit
copying nwkit/continuous_asr_process.py -> nwkit-0.43.15/nwkit
copying nwkit/continuous_observation.py -> nwkit-0.43.15/nwkit
copying nwkit/contrast.py -> nwkit-0.43.15/nwkit
copying nwkit/conventions.py -> nwkit-0.43.15/nwkit
copying nwkit/convert.py -> nwkit-0.43.15/nwkit
copying nwkit/diff.py -> nwkit-0.43.15/nwkit
copying nwkit/discrete_asr_models.py -> nwkit-0.43.15/nwkit
copying nwkit/discrete_observation.py -> nwkit-0.43.15/nwkit
copying nwkit/disparity.py -> nwkit-0.43.15/nwkit
copying nwkit/dist.py -> nwkit-0.43.15/nwkit
copying nwkit/draw.py -> nwkit-0.43.15/nwkit
copying nwkit/draw_helpers.py -> nwkit-0.43.15/nwkit
copying nwkit/draw_layouts.py -> nwkit-0.43.15/nwkit
copying nwkit/draw_output.py -> nwkit-0.43.15/nwkit
copying nwkit/draw_prep.py -> nwkit-0.43.15/nwkit
copying nwkit/draw_quality.py -> nwkit-0.43.15/nwkit
copying nwkit/draw_render.py -> nwkit-0.43.15/nwkit
copying nwkit/draw_setup.py -> nwkit-0.43.15/nwkit
copying nwkit/draw_types.py -> nwkit-0.43.15/nwkit
copying nwkit/drop.py -> nwkit-0.43.15/nwkit
copying nwkit/dtt.py -> nwkit-0.43.15/nwkit
copying nwkit/dtt_cli.py -> nwkit-0.43.15/nwkit
copying nwkit/dtt_figure.py -> nwkit-0.43.15/nwkit
copying nwkit/evolution.py -> nwkit-0.43.15/nwkit
copying nwkit/fasta.py -> nwkit-0.43.15/nwkit
copying nwkit/file_paths.py -> nwkit-0.43.15/nwkit
copying nwkit/full_ou.py -> nwkit-0.43.15/nwkit
copying nwkit/full_ou_fit.py -> nwkit-0.43.15/nwkit
copying nwkit/gaussian.py -> nwkit-0.43.15/nwkit
copying nwkit/gaussian_inference.py -> nwkit-0.43.15/nwkit
copying nwkit/gaussian_tree.py -> nwkit-0.43.15/nwkit
copying nwkit/general_ou_asr.py -> nwkit-0.43.15/nwkit
copying nwkit/hidden_rate_asr.py -> nwkit-0.43.15/nwkit
copying nwkit/image.py -> nwkit-0.43.15/nwkit
copying nwkit/image_metadata.py -> nwkit-0.43.15/nwkit
copying nwkit/info.py -> nwkit-0.43.15/nwkit
copying nwkit/intersection.py -> nwkit-0.43.15/nwkit
copying nwkit/iqtree_library.py -> nwkit-0.43.15/nwkit
copying nwkit/iqtree_worker.py -> nwkit-0.43.15/nwkit
copying nwkit/jump_asr.py -> nwkit-0.43.15/nwkit
copying nwkit/label.py -> nwkit-0.43.15/nwkit
copying nwkit/latent_gaussian.py -> nwkit-0.43.15/nwkit
copying nwkit/mark.py -> nwkit-0.43.15/nwkit
copying nwkit/markov_gaussian_asr.py -> nwkit-0.43.15/nwkit
copying nwkit/mcmctree.py -> nwkit-0.43.15/nwkit
copying nwkit/measurement_error.py -> nwkit-0.43.15/nwkit
copying nwkit/model_matrix.py -> nwkit-0.43.15/nwkit
copying nwkit/model_specs.py -> nwkit-0.43.15/nwkit
copying nwkit/monophyly.py -> nwkit-0.43.15/nwkit
copying nwkit/multivariate_asr.py -> nwkit-0.43.15/nwkit
copying nwkit/multivariate_gaussian_asr.py -> nwkit-0.43.15/nwkit
copying nwkit/multivariate_pgls.py -> nwkit-0.43.15/nwkit
copying nwkit/nhx2nwk.py -> nwkit-0.43.15/nwkit
copying nwkit/nonstationary_continuous_asr.py -> nwkit-0.43.15/nwkit
copying nwkit/nwk2table.py -> nwkit-0.43.15/nwkit
copying nwkit/optimization.py -> nwkit-0.43.15/nwkit
copying nwkit/ordinary_regression.py -> nwkit-0.43.15/nwkit
copying nwkit/ou_asr.py -> nwkit-0.43.15/nwkit
copying nwkit/output_transaction.py -> nwkit-0.43.15/nwkit
copying nwkit/pagel_asr.py -> nwkit-0.43.15/nwkit
copying nwkit/phylogenetic_glmm.py -> nwkit-0.43.15/nwkit
copying nwkit/phylogenetic_predictive.py -> nwkit-0.43.15/nwkit
copying nwkit/printlabel.py -> nwkit-0.43.15/nwkit
copying nwkit/provenance.py -> nwkit-0.43.15/nwkit
copying nwkit/prune.py -> nwkit-0.43.15/nwkit
copying nwkit/radte.py -> nwkit-0.43.15/nwkit
copying nwkit/radte_cli.py -> nwkit-0.43.15/nwkit
copying nwkit/radte_codon.py -> nwkit-0.43.15/nwkit
copying nwkit/radte_compare.py -> nwkit-0.43.15/nwkit
copying nwkit/radte_compare_plot.py -> nwkit-0.43.15/nwkit
copying nwkit/radte_components.py -> nwkit-0.43.15/nwkit
copying nwkit/radte_ensemble.py -> nwkit-0.43.15/nwkit
copying nwkit/radte_inputs.py -> nwkit-0.43.15/nwkit
copying nwkit/radte_iqtree.py -> nwkit-0.43.15/nwkit
copying nwkit/radte_marginal.py -> nwkit-0.43.15/nwkit
copying nwkit/radte_model.py -> nwkit-0.43.15/nwkit
copying nwkit/radte_paml.py -> nwkit-0.43.15/nwkit
copying nwkit/radte_sequence.py -> nwkit-0.43.15/nwkit
copying nwkit/radte_sequence_fit.py -> nwkit-0.43.15/nwkit
copying nwkit/radte_species.py -> nwkit-0.43.15/nwkit
copying nwkit/radte_studentized.py -> nwkit-0.43.15/nwkit
copying nwkit/radte_uncertainty.py -> nwkit-0.43.15/nwkit
copying nwkit/reconcile.py -> nwkit-0.43.15/nwkit
copying nwkit/reconciliation_properties.py -> nwkit-0.43.15/nwkit
copying nwkit/regime_continuous_asr.py -> nwkit-0.43.15/nwkit
copying nwkit/regime_drift_asr.py -> nwkit-0.43.15/nwkit
copying nwkit/regime_gaussian_asr.py -> nwkit-0.43.15/nwkit
copying nwkit/regress.py -> nwkit-0.43.15/nwkit
copying nwkit/regression_pipeline.py -> nwkit-0.43.15/nwkit
copying nwkit/rename.py -> nwkit-0.43.15/nwkit
copying nwkit/replicates.py -> nwkit-0.43.15/nwkit
copying nwkit/rescale.py -> nwkit-0.43.15/nwkit
copying nwkit/result_plot.py -> nwkit-0.43.15/nwkit
copying nwkit/result_plot_cli.py -> nwkit-0.43.15/nwkit
copying nwkit/result_plot_data.py -> nwkit-0.43.15/nwkit
copying nwkit/rf_distance.py -> nwkit-0.43.15/nwkit
copying nwkit/root.py -> nwkit-0.43.15/nwkit
copying nwkit/root_compare.py -> nwkit-0.43.15/nwkit
copying nwkit/root_evaluation.py -> nwkit-0.43.15/nwkit
copying nwkit/rooting_state.py -> nwkit-0.43.15/nwkit
copying nwkit/rsc_diagnostics.py -> nwkit-0.43.15/nwkit
copying nwkit/sample.py -> nwkit-0.43.15/nwkit
copying nwkit/sanitize.py -> nwkit-0.43.15/nwkit
copying nwkit/shift.py -> nwkit-0.43.15/nwkit
copying nwkit/shift_backend.py -> nwkit-0.43.15/nwkit
copying nwkit/shift_backend_probe.py -> nwkit-0.43.15/nwkit
copying nwkit/shift_bootstrap.py -> nwkit-0.43.15/nwkit
copying nwkit/shift_calibrated_output.py -> nwkit-0.43.15/nwkit
copying nwkit/shift_calibration.py -> nwkit-0.43.15/nwkit
copying nwkit/shift_candidates.py -> nwkit-0.43.15/nwkit
copying nwkit/shift_cli.py -> nwkit-0.43.15/nwkit
copying nwkit/shift_convergence.py -> nwkit-0.43.15/nwkit
copying nwkit/shift_math.py -> nwkit-0.43.15/nwkit
copying nwkit/shift_reference.py -> nwkit-0.43.15/nwkit
copying nwkit/shift_results.py -> nwkit-0.43.15/nwkit
copying nwkit/shuffle.py -> nwkit-0.43.15/nwkit
copying nwkit/skim.py -> nwkit-0.43.15/nwkit
copying nwkit/sparse_laplace.py -> nwkit-0.43.15/nwkit
copying nwkit/species_parser.py -> nwkit-0.43.15/nwkit
copying nwkit/subtree.py -> nwkit-0.43.15/nwkit
copying nwkit/table2nwk.py -> nwkit-0.43.15/nwkit
copying nwkit/threshold_asr.py -> nwkit-0.43.15/nwkit
copying nwkit/time_tree.py -> nwkit-0.43.15/nwkit
copying nwkit/trait_input.py -> nwkit-0.43.15/nwkit
copying nwkit/transfer.py -> nwkit-0.43.15/nwkit
copying nwkit/transformed_continuous_asr.py -> nwkit-0.43.15/nwkit
copying nwkit/tree_formats.py -> nwkit-0.43.15/nwkit
copying nwkit/tree_outputs.py -> nwkit-0.43.15/nwkit
copying nwkit/util.py -> nwkit-0.43.15/nwkit
copying nwkit/validate.py -> nwkit-0.43.15/nwkit
copying nwkit/vector_fit.py -> nwkit-0.43.15/nwkit
copying nwkit/vector_gaussian.py -> nwkit-0.43.15/nwkit
copying nwkit/vector_mean.py -> nwkit-0.43.15/nwkit
copying nwkit/vector_ou_fit.py -> nwkit-0.43.15/nwkit
copying nwkit/vector_processes.py -> nwkit-0.43.15/nwkit
copying nwkit/vector_simulation.py -> nwkit-0.43.15/nwkit
copying nwkit.egg-info/PKG-INFO -> nwkit-0.43.15/nwkit.egg-info
copying nwkit.egg-info/SOURCES.txt -> nwkit-0.43.15/nwkit.egg-info
copying nwkit.egg-info/dependency_links.txt -> nwkit-0.43.15/nwkit.egg-info
copying nwkit.egg-info/entry_points.txt -> nwkit-0.43.15/nwkit.egg-info
copying nwkit.egg-info/requires.txt -> nwkit-0.43.15/nwkit.egg-info
copying nwkit.egg-info/top_level.txt -> nwkit-0.43.15/nwkit.egg-info
copying nwkit/data_iqtree/worker.cpp -> nwkit-0.43.15/nwkit/data_iqtree
copying nwkit/data_model/ECMrest.txt -> nwkit-0.43.15/nwkit/data_model
copying nwkit/data_model/ECMunrest.txt -> nwkit-0.43.15/nwkit/data_model
copying nwkit/data_model/lg.txt -> nwkit-0.43.15/nwkit/data_model
copying nwkit/data_tree/apgiv.nwk -> nwkit-0.43.15/nwkit/data_tree
copying scripts/make_draw_layout_gallery.py -> nwkit-0.43.15/scripts
copying tests/__init__.py -> nwkit-0.43.15/tests
copying tests/conftest.py -> nwkit-0.43.15/tests
copying tests/helpers.py -> nwkit-0.43.15/tests
copying tests/image_test_support.py -> nwkit-0.43.15/tests
copying tests/root_test_support.py -> nwkit-0.43.15/tests
copying tests/test_annotate.py -> nwkit-0.43.15/tests
copying tests/test_asr.py -> nwkit-0.43.15/tests
copying tests/test_asr_averaging.py -> nwkit-0.43.15/tests
copying tests/test_asr_bootstrap_intervals.py -> nwkit-0.43.15/tests
copying tests/test_asr_compare_panels.py -> nwkit-0.43.15/tests
copying tests/test_asr_comparison.py -> nwkit-0.43.15/tests
copying tests/test_asr_continuous_cli.py -> nwkit-0.43.15/tests
copying tests/test_asr_continuous_diagnostic_cli.py -> nwkit-0.43.15/tests
copying tests/test_asr_cross_validation.py -> nwkit-0.43.15/tests
copying tests/test_asr_diagnostics.py -> nwkit-0.43.15/tests
copying tests/test_asr_discrete_cross_validation.py -> nwkit-0.43.15/tests
copying tests/test_asr_figure.py -> nwkit-0.43.15/tests
copying tests/test_asr_heatmap.py -> nwkit-0.43.15/tests
copying tests/test_asr_multivariate_diagnostics.py -> nwkit-0.43.15/tests
copying tests/test_asr_paths.py -> nwkit-0.43.15/tests
copying tests/test_asr_polytomy.py -> nwkit-0.43.15/tests
copying tests/test_asr_regimes.py -> nwkit-0.43.15/tests
copying tests/test_asr_review_regressions.py -> nwkit-0.43.15/tests
copying tests/test_branch_gaussian.py -> nwkit-0.43.15/tests
copying tests/test_check_tools.py -> nwkit-0.43.15/tests
copying tests/test_clade_index.py -> nwkit-0.43.15/tests
copying tests/test_clade_mapping.py -> nwkit-0.43.15/tests
copying tests/test_cladefreq.py -> nwkit-0.43.15/tests
copying tests/test_cli.py -> nwkit-0.43.15/tests
copying tests/test_cli_contracts.py -> nwkit-0.43.15/tests
copying tests/test_collapse.py -> nwkit-0.43.15/tests
copying tests/test_compose.py -> nwkit-0.43.15/tests
copying tests/test_consensus.py -> nwkit-0.43.15/tests
copying tests/test_constrain.py -> nwkit-0.43.15/tests
copying tests/test_continuous_asr.py -> nwkit-0.43.15/tests
copying tests/test_continuous_asr_optimization.py -> nwkit-0.43.15/tests
copying tests/test_continuous_observation.py -> nwkit-0.43.15/tests
copying tests/test_contrast.py -> nwkit-0.43.15/tests
copying tests/test_convert.py -> nwkit-0.43.15/tests
copying tests/test_covarion_asr.py -> nwkit-0.43.15/tests
copying tests/test_diff.py -> nwkit-0.43.15/tests
copying tests/test_discrete_asr_models.py -> nwkit-0.43.15/tests
copying tests/test_discrete_observation.py -> nwkit-0.43.15/tests
copying tests/test_dist.py -> nwkit-0.43.15/tests
copying tests/test_distribution_reproducibility.py -> nwkit-0.43.15/tests
copying tests/test_draw.py -> nwkit-0.43.15/tests
copying tests/test_draw_branch_ids.py -> nwkit-0.43.15/tests
copying tests/test_draw_robustness.py -> nwkit-0.43.15/tests
copying tests/test_drop.py -> nwkit-0.43.15/tests
copying tests/test_dtt.py -> nwkit-0.43.15/tests
copying tests/test_dtt_audit.py -> nwkit-0.43.15/tests
copying tests/test_evolution.py -> nwkit-0.43.15/tests
copying tests/test_fasta.py -> nwkit-0.43.15/tests
copying tests/test_full_ou.py -> nwkit-0.43.15/tests
copying tests/test_gaussian.py -> nwkit-0.43.15/tests
copying tests/test_gaussian_inference.py -> nwkit-0.43.15/tests
copying tests/test_gaussian_tree.py -> nwkit-0.43.15/tests
copying tests/test_general_ou_asr.py -> nwkit-0.43.15/tests
copying tests/test_global_audit_regressions.py -> nwkit-0.43.15/tests
copying tests/test_image_cli.py -> nwkit-0.43.15/tests
copying tests/test_image_helpers.py -> nwkit-0.43.15/tests
copying tests/test_image_media.py -> nwkit-0.43.15/tests
copying tests/test_image_providers.py -> nwkit-0.43.15/tests
copying tests/test_info.py -> nwkit-0.43.15/tests
copying tests/test_interface_conventions.py -> nwkit-0.43.15/tests
copying tests/test_intersection.py -> nwkit-0.43.15/tests
copying tests/test_iqtree_library.py -> nwkit-0.43.15/tests
copying tests/test_iqtree_worker.py -> nwkit-0.43.15/tests
copying tests/test_label.py -> nwkit-0.43.15/tests
copying tests/test_latent_gaussian.py -> nwkit-0.43.15/tests
copying tests/test_mark.py -> nwkit-0.43.15/tests
copying tests/test_mcmctree.py -> nwkit-0.43.15/tests
copying tests/test_measurement_error.py -> nwkit-0.43.15/tests
copying tests/test_mk_mixture_asr.py -> nwkit-0.43.15/tests
copying tests/test_monophyly.py -> nwkit-0.43.15/tests
copying tests/test_multivariate_asr.py -> nwkit-0.43.15/tests
copying tests/test_multivariate_gaussian_asr.py -> nwkit-0.43.15/tests
copying tests/test_multivariate_numerics.py -> nwkit-0.43.15/tests
copying tests/test_nhx2nwk.py -> nwkit-0.43.15/tests
copying tests/test_nonstationary_continuous_asr.py -> nwkit-0.43.15/tests
copying tests/test_numerical_invariance.py -> nwkit-0.43.15/tests
copying tests/test_nwk2table.py -> nwkit-0.43.15/tests
copying tests/test_ordinary_regression.py -> nwkit-0.43.15/tests
copying tests/test_ou_asr.py -> nwkit-0.43.15/tests
copying tests/test_output_transaction.py -> nwkit-0.43.15/tests
copying tests/test_pagel_asr.py -> nwkit-0.43.15/tests
copying tests/test_printlabel.py -> nwkit-0.43.15/tests
copying tests/test_properties.py -> nwkit-0.43.15/tests
copying tests/test_provenance.py -> nwkit-0.43.15/tests
copying tests/test_prune.py -> nwkit-0.43.15/tests
copying tests/test_radte.py -> nwkit-0.43.15/tests
copying tests/test_radte_codon.py -> nwkit-0.43.15/tests
copying tests/test_radte_ensemble.py -> nwkit-0.43.15/tests
copying tests/test_radte_iqtree.py -> nwkit-0.43.15/tests
copying tests/test_radte_marginal.py -> nwkit-0.43.15/tests
copying tests/test_radte_paml.py -> nwkit-0.43.15/tests
copying tests/test_radte_profile.py -> nwkit-0.43.15/tests
copying tests/test_radte_sequence.py -> nwkit-0.43.15/tests
copying tests/test_radte_species.py -> nwkit-0.43.15/tests
copying tests/test_radte_studentized.py -> nwkit-0.43.15/tests
copying tests/test_rate_design_asr.py -> nwkit-0.43.15/tests
copying tests/test_reconcile.py -> nwkit-0.43.15/tests
copying tests/test_refactor_validation.py -> nwkit-0.43.15/tests
copying tests/test_regime_continuous_asr.py -> nwkit-0.43.15/tests
copying tests/test_regime_drift_asr.py -> nwkit-0.43.15/tests
copying tests/test_regime_gaussian_asr.py -> nwkit-0.43.15/tests
copying tests/test_regress.py -> nwkit-0.43.15/tests
copying tests/test_rename.py -> nwkit-0.43.15/tests
copying tests/test_replicates.py -> nwkit-0.43.15/tests
copying tests/test_rescale.py -> nwkit-0.43.15/tests
copying tests/test_result_plot.py -> nwkit-0.43.15/tests
copying tests/test_rf_distance.py -> nwkit-0.43.15/tests
copying tests/test_root_algorithms.py -> nwkit-0.43.15/tests
copying tests/test_root_cli.py -> nwkit-0.43.15/tests
copying tests/test_root_compare.py -> nwkit-0.43.15/tests
copying tests/test_root_taxonomy.py -> nwkit-0.43.15/tests
copying tests/test_rooting_state.py -> nwkit-0.43.15/tests
copying tests/test_sample.py -> nwkit-0.43.15/tests
copying tests/test_sanitize.py -> nwkit-0.43.15/tests
copying tests/test_shift.py -> nwkit-0.43.15/tests
copying tests/test_shift_alpha.py -> nwkit-0.43.15/tests
copying tests/test_shift_audit.py -> nwkit-0.43.15/tests
copying tests/test_shift_backend_probe.py -> nwkit-0.43.15/tests
copying tests/test_shift_bootstrap.py -> nwkit-0.43.15/tests
copying tests/test_shift_calibration.py -> nwkit-0.43.15/tests
copying tests/test_shift_calibration_audit.py -> nwkit-0.43.15/tests
copying tests/test_shift_continuous_reference.py -> nwkit-0.43.15/tests
copying tests/test_shift_convergence.py -> nwkit-0.43.15/tests
copying tests/test_shift_joint.py -> nwkit-0.43.15/tests
copying tests/test_shift_null_contract_audit.py -> nwkit-0.43.15/tests
copying tests/test_shift_numerics.py -> nwkit-0.43.15/tests
copying tests/test_shift_reference.py -> nwkit-0.43.15/tests
copying tests/test_shift_simulations.py -> nwkit-0.43.15/tests
copying tests/test_shuffle.py -> nwkit-0.43.15/tests
copying tests/test_skim.py -> nwkit-0.43.15/tests
copying tests/test_subtree.py -> nwkit-0.43.15/tests
copying tests/test_table2nwk.py -> nwkit-0.43.15/tests
copying tests/test_threshold_asr.py -> nwkit-0.43.15/tests
copying tests/test_time_tree.py -> nwkit-0.43.15/tests
copying tests/test_transfer.py -> nwkit-0.43.15/tests
copying tests/test_transfer_extended.py -> nwkit-0.43.15/tests
copying tests/test_transformed_continuous_asr.py -> nwkit-0.43.15/tests
copying tests/test_tree_outputs.py -> nwkit-0.43.15/tests
copying tests/test_util_cache.py -> nwkit-0.43.15/tests
copying tests/test_util_tree_helpers.py -> nwkit-0.43.15/tests
copying tests/test_util_tree_io.py -> nwkit-0.43.15/tests
copying tests/test_validate.py -> nwkit-0.43.15/tests
copying tests/test_vector_fit.py -> nwkit-0.43.15/tests
copying tests/test_vector_gaussian.py -> nwkit-0.43.15/tests
copying tests/test_vector_simulation.py -> nwkit-0.43.15/tests
copying tests/test_wiki_examples.py -> nwkit-0.43.15/tests
copying tests/util_test_support.py -> nwkit-0.43.15/tests
copying tests/data/rootcompare_gene.nwk -> nwkit-0.43.15/tests/data
copying tests/data/rootcompare_reference.nwk -> nwkit-0.43.15/tests/data
copying tests/data/rootcompare_species.nwk -> nwkit-0.43.15/tests/data
copying tests/data/rootcompare_ties.nwk -> nwkit-0.43.15/tests/data
copying tools/benchmark.py -> nwkit-0.43.15/tools
copying tools/benchmark_asr_models.py -> nwkit-0.43.15/tools
copying tools/benchmark_core.py -> nwkit-0.43.15/tools
copying tools/benchmark_multivariate.py -> nwkit-0.43.15/tools
copying tools/benchmark_radte.py -> nwkit-0.43.15/tools
copying tools/benchmark_radte_iqtree.py -> nwkit-0.43.15/tools
copying tools/benchmark_radte_marginal.py -> nwkit-0.43.15/tools
copying tools/benchmark_radte_reference.py -> nwkit-0.43.15/tools
copying tools/benchmark_vector_asr.py -> nwkit-0.43.15/tools
copying tools/build_ete_windows.py -> nwkit-0.43.15/tools
copying tools/check.py -> nwkit-0.43.15/tools
copying tools/check_dist.py -> nwkit-0.43.15/tools
copying tools/check_maintainability.py -> nwkit-0.43.15/tools
copying tools/ci_matrix.py -> nwkit-0.43.15/tools
copying tools/compare_shift_null_calibration.py -> nwkit-0.43.15/tools
copying tools/complexity_baseline.json -> nwkit-0.43.15/tools
copying tools/complexity_exceptions.json -> nwkit-0.43.15/tools
copying tools/normalize_sdist.py -> nwkit-0.43.15/tools
copying tools/radte_benchmark_cases.py -> nwkit-0.43.15/tools
copying tools/report_shift_alpha.py -> nwkit-0.43.15/tools
copying tools/shift_alpha_audit.py -> nwkit-0.43.15/tools
copying tools/shift_alpha_backend.R -> nwkit-0.43.15/tools
copying tools/shift_alpha_design.py -> nwkit-0.43.15/tools
copying tools/shift_alpha_null_diagnostic.py -> nwkit-0.43.15/tools
copying tools/shift_calibration_audit.py -> nwkit-0.43.15/tools
copying tools/shift_continuous_reference.py -> nwkit-0.43.15/tools
copying tools/shift_joint_backend.py -> nwkit-0.43.15/tools
copying tools/shift_joint_candidates.py -> nwkit-0.43.15/tools
copying tools/shift_simulation_audit.py -> nwkit-0.43.15/tools
copying tools/shift_simulation_cases.py -> nwkit-0.43.15/tools
copying tools/stress_shift_calibration.py -> nwkit-0.43.15/tools
copying tools/summarize_shift_alpha.py -> nwkit-0.43.15/tools
copying tools/summarize_shift_joint.py -> nwkit-0.43.15/tools
copying tools/summarize_shift_validation.py -> nwkit-0.43.15/tools
copying tools/validate_radte_intervals.py -> nwkit-0.43.15/tools
copying tools/validate_shift_alpha.py -> nwkit-0.43.15/tools
copying tools/validate_shift_calibration.py -> nwkit-0.43.15/tools
copying tools/validate_shift_joint.py -> nwkit-0.43.15/tools
copying tools/validate_shift_joint_pilot.py -> nwkit-0.43.15/tools
copying tools/validate_shift_null_contract.py -> nwkit-0.43.15/tools
copying tools/validate_shift_simulations.py -> nwkit-0.43.15/tools
copying tools/verify_shift_alpha_evidence.py -> nwkit-0.43.15/tools
copying tools/verify_shift_calibration.py -> nwkit-0.43.15/tools
copying tools/verify_shift_null_contract.py -> nwkit-0.43.15/tools
copying tools/verify_shift_paired.py -> nwkit-0.43.15/tools
Writing nwkit-0.43.15/setup.cfg
Creating tar archive
removing 'nwkit-0.43.15' (and everything under it)
Successfully built nwkit-0.43.15.tar.gz
+ /Users/kf/miniforge3/bin/python tools/normalize_sdist.py direct-dist/nwkit-0.43.15.tar.gz
+ /Users/kf/miniforge3/bin/python -m build
* Creating isolated environment: venv+pip...
* Installing packages in isolated environment:
  - setuptools>=77.0.3
* Getting build dependencies for sdist...
running egg_info
writing nwkit.egg-info/PKG-INFO
writing dependency_links to nwkit.egg-info/dependency_links.txt
writing entry points to nwkit.egg-info/entry_points.txt
writing requirements to nwkit.egg-info/requires.txt
writing top-level names to nwkit.egg-info/top_level.txt
reading manifest file 'nwkit.egg-info/SOURCES.txt'
reading manifest template 'MANIFEST.in'
warning: no previously-included files matching '__pycache__' found anywhere in distribution
adding license file 'LICENSE'
writing manifest file 'nwkit.egg-info/SOURCES.txt'
* Building sdist...
running sdist
running egg_info
writing nwkit.egg-info/PKG-INFO
writing dependency_links to nwkit.egg-info/dependency_links.txt
writing entry points to nwkit.egg-info/entry_points.txt
writing requirements to nwkit.egg-info/requires.txt
writing top-level names to nwkit.egg-info/top_level.txt
reading manifest file 'nwkit.egg-info/SOURCES.txt'
reading manifest template 'MANIFEST.in'
warning: no previously-included files matching '__pycache__' found anywhere in distribution
adding license file 'LICENSE'
writing manifest file 'nwkit.egg-info/SOURCES.txt'
running check
creating nwkit-0.43.15
creating nwkit-0.43.15/examples/asr_figure
creating nwkit-0.43.15/examples/branch_gaussian
creating nwkit-0.43.15/examples/dtt
creating nwkit-0.43.15/examples/radte
creating nwkit-0.43.15/examples/radte/species-uncertainty
creating nwkit-0.43.15/examples/radte/visualization
creating nwkit-0.43.15/examples/shift
creating nwkit-0.43.15/examples/shift/alpha-validation
creating nwkit-0.43.15/examples/shift/alpha-validation/analysis-source
creating nwkit-0.43.15/examples/shift/alpha-validation/source
creating nwkit-0.43.15/examples/shift/calibrated
creating nwkit-0.43.15/examples/shift/calibration-envelope
creating nwkit-0.43.15/examples/shift/calibration-envelope/source-snapshot
creating nwkit-0.43.15/examples/shift/calibration-paired
creating nwkit-0.43.15/examples/shift/calibration-paired/source-snapshot
creating nwkit-0.43.15/examples/shift/calibration-review
creating nwkit-0.43.15/examples/shift/calibration-review/source-snapshot
creating nwkit-0.43.15/examples/shift/calibration-review/source-snapshot/__pycache__
creating nwkit-0.43.15/examples/shift/calibration-stress
creating nwkit-0.43.15/examples/shift/calibration-validation
creating nwkit-0.43.15/examples/shift/calibration-validation/source-snapshot
creating nwkit-0.43.15/examples/shift/joint-validation
creating nwkit-0.43.15/examples/shift/joint-validation-pbic-fixed
creating nwkit-0.43.15/examples/shift/known-error-timing-pilot
creating nwkit-0.43.15/examples/shift/known-error-timing-pilot/source-snapshot
creating nwkit-0.43.15/examples/shift/null-contract-b999
creating nwkit-0.43.15/examples/shift/null-contract-b999/source-snapshot
creating nwkit-0.43.15/examples/shift/null-contract-timing-pilot
creating nwkit-0.43.15/examples/shift/null-contract-timing-pilot/source-snapshot
creating nwkit-0.43.15/examples/shift/null-contract-validation
creating nwkit-0.43.15/examples/shift/null-contract-validation/source-snapshot
creating nwkit-0.43.15/examples/shift/pbic-correction
creating nwkit-0.43.15/examples/shift/response-audits
creating nwkit-0.43.15/examples/shift/response-calibrated
creating nwkit-0.43.15/examples/shift/response-ic
creating nwkit-0.43.15/examples/shift/validation
creating nwkit-0.43.15/examples/shift/validation-16tip
creating nwkit-0.43.15/nwkit
creating nwkit-0.43.15/nwkit.egg-info
creating nwkit-0.43.15/nwkit/data_iqtree
creating nwkit-0.43.15/nwkit/data_model
creating nwkit-0.43.15/nwkit/data_tree
creating nwkit-0.43.15/scripts
creating nwkit-0.43.15/tests
creating nwkit-0.43.15/tests/data
creating nwkit-0.43.15/tools
copying files to nwkit-0.43.15...
copying ASR.md -> nwkit-0.43.15
copying ASR_PERFORMANCE.md -> nwkit-0.43.15
copying BRANCH_GAUSSIAN.md -> nwkit-0.43.15
copying CHANGELOG.md -> nwkit-0.43.15
copying CLI_TSV_CONVENTIONS.md -> nwkit-0.43.15
copying CONVERT.md -> nwkit-0.43.15
copying DEVELOPMENT.md -> nwkit-0.43.15
copying DTT.md -> nwkit-0.43.15
copying IQTREE_LIBRARY.md -> nwkit-0.43.15
copying LICENSE -> nwkit-0.43.15
copying MANIFEST.in -> nwkit-0.43.15
copying PHYLOGENETIC_REGRESSION.md -> nwkit-0.43.15
copying RADTE.md -> nwkit-0.43.15
copying RADTE_MATH.md -> nwkit-0.43.15
copying RADTE_SPECIES_UNCERTAINTY.md -> nwkit-0.43.15
copying RADTE_VALIDATION.md -> nwkit-0.43.15
copying README.md -> nwkit-0.43.15
copying RECONCILED_SPECIATION_CONTRAST_MATH.md -> nwkit-0.43.15
copying RECONCILIATION_PLOTS.md -> nwkit-0.43.15
copying RELEASING.md -> nwkit-0.43.15
copying SHIFT.md -> nwkit-0.43.15
copying SHIFT_ALPHA.md -> nwkit-0.43.15
copying SHIFT_CALIBRATION.md -> nwkit-0.43.15
copying SHIFT_JOINT.md -> nwkit-0.43.15
copying SHIFT_PBIC.md -> nwkit-0.43.15
copying SHIFT_RESPONSE_VALIDATION.md -> nwkit-0.43.15
copying SHIFT_VALIDATION.md -> nwkit-0.43.15
copying constraints-dev.txt -> nwkit-0.43.15
copying pyproject.toml -> nwkit-0.43.15
copying setup.py -> nwkit-0.43.15
copying examples/asr_figure/README.md -> nwkit-0.43.15/examples/asr_figure
copying examples/asr_figure/comparison.png -> nwkit-0.43.15/examples/asr_figure
copying examples/asr_figure/parameters.tsv -> nwkit-0.43.15/examples/asr_figure
copying examples/asr_figure/preview.png -> nwkit-0.43.15/examples/asr_figure
copying examples/asr_figure/regimes.tsv -> nwkit-0.43.15/examples/asr_figure
copying examples/asr_figure/simulation-labelled.png -> nwkit-0.43.15/examples/asr_figure
copying examples/asr_figure/simulation.png -> nwkit-0.43.15/examples/asr_figure
copying examples/asr_figure/traits.tsv -> nwkit-0.43.15/examples/asr_figure
copying examples/asr_figure/tree.nwk -> nwkit-0.43.15/examples/asr_figure
copying examples/branch_gaussian/mixed_process.py -> nwkit-0.43.15/examples/branch_gaussian
copying examples/dtt/README.md -> nwkit-0.43.15/examples/dtt
copying examples/dtt/dtt.png -> nwkit-0.43.15/examples/dtt
copying examples/dtt/heatmap.png -> nwkit-0.43.15/examples/dtt
copying examples/dtt/reference.R -> nwkit-0.43.15/examples/dtt
copying examples/dtt/traits.tsv -> nwkit-0.43.15/examples/dtt
copying examples/dtt/tree.nwk -> nwkit-0.43.15/examples/dtt
copying examples/radte/README.md -> nwkit-0.43.15/examples/radte
copying examples/radte/gene.nwk -> nwkit-0.43.15/examples/radte
copying examples/radte/interval-coverage-summary.json -> nwkit-0.43.15/examples/radte
copying examples/radte/interval-coverage.csv -> nwkit-0.43.15/examples/radte
copying examples/radte/interval-coverage.png -> nwkit-0.43.15/examples/radte
copying examples/radte/species-map.tsv -> nwkit-0.43.15/examples/radte
copying examples/radte/species.nwk -> nwkit-0.43.15/examples/radte
copying examples/radte/validation-results.json -> nwkit-0.43.15/examples/radte
copying examples/radte/species-uncertainty/README.md -> nwkit-0.43.15/examples/radte/species-uncertainty
copying examples/radte/species-uncertainty/gene.nwk -> nwkit-0.43.15/examples/radte/species-uncertainty
copying examples/radte/species-uncertainty/run.sh -> nwkit-0.43.15/examples/radte/species-uncertainty
copying examples/radte/species-uncertainty/species-bounds.tsv -> nwkit-0.43.15/examples/radte/species-uncertainty
copying examples/radte/species-uncertainty/species-intervals.tsv -> nwkit-0.43.15/examples/radte/species-uncertainty
copying examples/radte/species-uncertainty/species-map.tsv -> nwkit-0.43.15/examples/radte/species-uncertainty
copying examples/radte/species-uncertainty/species-samples.nwk -> nwkit-0.43.15/examples/radte/species-uncertainty
copying examples/radte/species-uncertainty/species.nwk -> nwkit-0.43.15/examples/radte/species-uncertainty
copying examples/radte/visualization/README.md -> nwkit-0.43.15/examples/radte/visualization
copying examples/radte/visualization/generax-gene.nhx -> nwkit-0.43.15/examples/radte/visualization
copying examples/radte/visualization/generax-species.nwk -> nwkit-0.43.15/examples/radte/visualization
copying examples/shift/README.md -> nwkit-0.43.15/examples/shift
copying examples/shift/traits-with-se.tsv -> nwkit-0.43.15/examples/shift
copying examples/shift/traits.tsv -> nwkit-0.43.15/examples/shift
copying examples/shift/tree.nwk -> nwkit-0.43.15/examples/shift
copying examples/shift/alpha-validation/README.md -> nwkit-0.43.15/examples/shift/alpha-validation
copying examples/shift/alpha-validation/SHA256SUMS.json -> nwkit-0.43.15/examples/shift/alpha-validation
copying examples/shift/alpha-validation/artifact.json -> nwkit-0.43.15/examples/shift/alpha-validation
copying examples/shift/alpha-validation/audit.json -> nwkit-0.43.15/examples/shift/alpha-validation
copying examples/shift/alpha-validation/backend-correction-provenance.json -> nwkit-0.43.15/examples/shift/alpha-validation
copying examples/shift/alpha-validation/backend-probe.tsv -> nwkit-0.43.15/examples/shift/alpha-validation
copying examples/shift/alpha-validation/candidate-ledger.jsonl.gz -> nwkit-0.43.15/examples/shift/alpha-validation
copying examples/shift/alpha-validation/environment.json -> nwkit-0.43.15/examples/shift/alpha-validation
copying examples/shift/alpha-validation/inputs.jsonl.gz -> nwkit-0.43.15/examples/shift/alpha-validation
copying examples/shift/alpha-validation/installed-backend-sha256.json -> nwkit-0.43.15/examples/shift/alpha-validation
copying examples/shift/alpha-validation/jobs.jsonl -> nwkit-0.43.15/examples/shift/alpha-validation
copying examples/shift/alpha-validation/null-profile-diagnostic.json -> nwkit-0.43.15/examples/shift/alpha-validation
copying examples/shift/alpha-validation/paired.json -> nwkit-0.43.15/examples/shift/alpha-validation
copying examples/shift/alpha-validation/protocol.json -> nwkit-0.43.15/examples/shift/alpha-validation
copying examples/shift/alpha-validation/records.jsonl.gz -> nwkit-0.43.15/examples/shift/alpha-validation
copying examples/shift/alpha-validation/report-data.json -> nwkit-0.43.15/examples/shift/alpha-validation
copying examples/shift/alpha-validation/report-delivery.json -> nwkit-0.43.15/examples/shift/alpha-validation
copying examples/shift/alpha-validation/report.html -> nwkit-0.43.15/examples/shift/alpha-validation
copying examples/shift/alpha-validation/summary.json -> nwkit-0.43.15/examples/shift/alpha-validation
copying examples/shift/alpha-validation/validation.json -> nwkit-0.43.15/examples/shift/alpha-validation
copying examples/shift/alpha-validation/analysis-source/check-bic-routes.R -> nwkit-0.43.15/examples/shift/alpha-validation/analysis-source
copying examples/shift/alpha-validation/analysis-source/report_shift_alpha.py -> nwkit-0.43.15/examples/shift/alpha-validation/analysis-source
copying examples/shift/alpha-validation/analysis-source/shift_alpha_audit.py -> nwkit-0.43.15/examples/shift/alpha-validation/analysis-source
copying examples/shift/alpha-validation/analysis-source/shift_alpha_null_diagnostic.py -> nwkit-0.43.15/examples/shift/alpha-validation/analysis-source
copying examples/shift/alpha-validation/analysis-source/summarize_shift_alpha.py -> nwkit-0.43.15/examples/shift/alpha-validation/analysis-source
copying examples/shift/alpha-validation/analysis-source/verify_shift_alpha_evidence.py -> nwkit-0.43.15/examples/shift/alpha-validation/analysis-source
copying examples/shift/alpha-validation/source/shift_alpha_backend.R -> nwkit-0.43.15/examples/shift/alpha-validation/source
copying examples/shift/alpha-validation/source/shift_alpha_design.py -> nwkit-0.43.15/examples/shift/alpha-validation/source
copying examples/shift/alpha-validation/source/shift_joint_candidates.py -> nwkit-0.43.15/examples/shift/alpha-validation/source
copying examples/shift/alpha-validation/source/shift_simulation_cases.py -> nwkit-0.43.15/examples/shift/alpha-validation/source
copying examples/shift/alpha-validation/source/validate_shift_alpha.py -> nwkit-0.43.15/examples/shift/alpha-validation/source
copying examples/shift/calibrated/effects.tsv -> nwkit-0.43.15/examples/shift/calibrated
copying examples/shift/calibrated/model.json -> nwkit-0.43.15/examples/shift/calibrated
copying examples/shift/calibrated/optima.tsv -> nwkit-0.43.15/examples/shift/calibrated
copying examples/shift/calibrated/predictions.tsv -> nwkit-0.43.15/examples/shift/calibrated
copying examples/shift/calibrated/regimes.tsv -> nwkit-0.43.15/examples/shift/calibrated
copying examples/shift/calibration-envelope/README.md -> nwkit-0.43.15/examples/shift/calibration-envelope
copying examples/shift/calibration-envelope/audit.json -> nwkit-0.43.15/examples/shift/calibration-envelope
copying examples/shift/calibration-envelope/default-null-records.jsonl.gz -> nwkit-0.43.15/examples/shift/calibration-envelope
copying examples/shift/calibration-envelope/protocol.json -> nwkit-0.43.15/examples/shift/calibration-envelope
copying examples/shift/calibration-envelope/records.jsonl.gz -> nwkit-0.43.15/examples/shift/calibration-envelope
copying examples/shift/calibration-envelope/summary.json -> nwkit-0.43.15/examples/shift/calibration-envelope
copying examples/shift/calibration-envelope/source-snapshot/shift_alpha_design.py -> nwkit-0.43.15/examples/shift/calibration-envelope/source-snapshot
copying examples/shift/calibration-envelope/source-snapshot/shift_calibration.py -> nwkit-0.43.15/examples/shift/calibration-envelope/source-snapshot
copying examples/shift/calibration-envelope/source-snapshot/shift_calibration_audit.py -> nwkit-0.43.15/examples/shift/calibration-envelope/source-snapshot
copying examples/shift/calibration-envelope/source-snapshot/shift_candidates.py -> nwkit-0.43.15/examples/shift/calibration-envelope/source-snapshot
copying examples/shift/calibration-envelope/source-snapshot/shift_simulation_cases.py -> nwkit-0.43.15/examples/shift/calibration-envelope/source-snapshot
copying examples/shift/calibration-envelope/source-snapshot/validate_shift_calibration.py -> nwkit-0.43.15/examples/shift/calibration-envelope/source-snapshot
copying examples/shift/calibration-envelope/source-snapshot/verify_shift_calibration.py -> nwkit-0.43.15/examples/shift/calibration-envelope/source-snapshot
copying examples/shift/calibration-paired/protocol.json -> nwkit-0.43.15/examples/shift/calibration-paired
copying examples/shift/calibration-paired/records.jsonl.gz -> nwkit-0.43.15/examples/shift/calibration-paired
copying examples/shift/calibration-paired/summary.json -> nwkit-0.43.15/examples/shift/calibration-paired
copying examples/shift/calibration-paired/source-snapshot/compare_shift_null_calibration.py -> nwkit-0.43.15/examples/shift/calibration-paired/source-snapshot
copying examples/shift/calibration-paired/source-snapshot/shift_calibration.py -> nwkit-0.43.15/examples/shift/calibration-paired/source-snapshot
copying examples/shift/calibration-paired/source-snapshot/shift_candidates.py -> nwkit-0.43.15/examples/shift/calibration-paired/source-snapshot
copying examples/shift/calibration-review/README.md -> nwkit-0.43.15/examples/shift/calibration-review
copying examples/shift/calibration-review/protocol.json -> nwkit-0.43.15/examples/shift/calibration-review
copying examples/shift/calibration-review/records.jsonl.gz -> nwkit-0.43.15/examples/shift/calibration-review
copying examples/shift/calibration-review/summary.json -> nwkit-0.43.15/examples/shift/calibration-review
copying examples/shift/calibration-review/source-snapshot/shift_alpha_design.py -> nwkit-0.43.15/examples/shift/calibration-review/source-snapshot
copying examples/shift/calibration-review/source-snapshot/shift_calibration.py -> nwkit-0.43.15/examples/shift/calibration-review/source-snapshot
copying examples/shift/calibration-review/source-snapshot/shift_calibration_audit.py -> nwkit-0.43.15/examples/shift/calibration-review/source-snapshot
copying examples/shift/calibration-review/source-snapshot/shift_candidates.py -> nwkit-0.43.15/examples/shift/calibration-review/source-snapshot
copying examples/shift/calibration-review/source-snapshot/shift_simulation_cases.py -> nwkit-0.43.15/examples/shift/calibration-review/source-snapshot
copying examples/shift/calibration-review/source-snapshot/validate_shift_calibration.py -> nwkit-0.43.15/examples/shift/calibration-review/source-snapshot
copying examples/shift/calibration-review/source-snapshot/verify_shift_calibration.py -> nwkit-0.43.15/examples/shift/calibration-review/source-snapshot
copying examples/shift/calibration-review/source-snapshot/__pycache__/shift_calibration.cpython-310.pyc -> nwkit-0.43.15/examples/shift/calibration-review/source-snapshot/__pycache__
copying examples/shift/calibration-stress/protocol.json -> nwkit-0.43.15/examples/shift/calibration-stress
copying examples/shift/calibration-stress/records.jsonl.gz -> nwkit-0.43.15/examples/shift/calibration-stress
copying examples/shift/calibration-stress/summary.json -> nwkit-0.43.15/examples/shift/calibration-stress
copying examples/shift/calibration-validation/README.md -> nwkit-0.43.15/examples/shift/calibration-validation
copying examples/shift/calibration-validation/audit.json -> nwkit-0.43.15/examples/shift/calibration-validation
copying examples/shift/calibration-validation/default-null-records.jsonl.gz -> nwkit-0.43.15/examples/shift/calibration-validation
copying examples/shift/calibration-validation/protocol.json -> nwkit-0.43.15/examples/shift/calibration-validation
copying examples/shift/calibration-validation/records.jsonl.gz -> nwkit-0.43.15/examples/shift/calibration-validation
copying examples/shift/calibration-validation/summary.json -> nwkit-0.43.15/examples/shift/calibration-validation
copying examples/shift/calibration-validation/source-snapshot/shift_alpha_design.py -> nwkit-0.43.15/examples/shift/calibration-validation/source-snapshot
copying examples/shift/calibration-validation/source-snapshot/shift_calibration.py -> nwkit-0.43.15/examples/shift/calibration-validation/source-snapshot
copying examples/shift/calibration-validation/source-snapshot/shift_candidates.py -> nwkit-0.43.15/examples/shift/calibration-validation/source-snapshot
copying examples/shift/calibration-validation/source-snapshot/shift_simulation_cases.py -> nwkit-0.43.15/examples/shift/calibration-validation/source-snapshot
copying examples/shift/calibration-validation/source-snapshot/validate_shift_calibration.py -> nwkit-0.43.15/examples/shift/calibration-validation/source-snapshot
copying examples/shift/joint-validation/candidates.json -> nwkit-0.43.15/examples/shift/joint-validation
copying examples/shift/joint-validation/export.json -> nwkit-0.43.15/examples/shift/joint-validation
copying examples/shift/joint-validation/fit-manifests.json -> nwkit-0.43.15/examples/shift/joint-validation
copying examples/shift/joint-validation/inputs.json -> nwkit-0.43.15/examples/shift/joint-validation
copying examples/shift/joint-validation/manifest.json -> nwkit-0.43.15/examples/shift/joint-validation
copying examples/shift/joint-validation/models.json -> nwkit-0.43.15/examples/shift/joint-validation
copying examples/shift/joint-validation/records.json -> nwkit-0.43.15/examples/shift/joint-validation
copying examples/shift/joint-validation/source-snapshot.json -> nwkit-0.43.15/examples/shift/joint-validation
copying examples/shift/joint-validation-pbic-fixed/backend-provenance.json -> nwkit-0.43.15/examples/shift/joint-validation-pbic-fixed
copying examples/shift/joint-validation-pbic-fixed/candidates.json -> nwkit-0.43.15/examples/shift/joint-validation-pbic-fixed
copying examples/shift/joint-validation-pbic-fixed/export.json -> nwkit-0.43.15/examples/shift/joint-validation-pbic-fixed
copying examples/shift/joint-validation-pbic-fixed/fit-manifests.json -> nwkit-0.43.15/examples/shift/joint-validation-pbic-fixed
copying examples/shift/joint-validation-pbic-fixed/inputs.json -> nwkit-0.43.15/examples/shift/joint-validation-pbic-fixed
copying examples/shift/joint-validation-pbic-fixed/manifest.json -> nwkit-0.43.15/examples/shift/joint-validation-pbic-fixed
copying examples/shift/joint-validation-pbic-fixed/models.json -> nwkit-0.43.15/examples/shift/joint-validation-pbic-fixed
copying examples/shift/joint-validation-pbic-fixed/records.json -> nwkit-0.43.15/examples/shift/joint-validation-pbic-fixed
copying examples/shift/joint-validation-pbic-fixed/source-snapshot.json -> nwkit-0.43.15/examples/shift/joint-validation-pbic-fixed
copying examples/shift/known-error-timing-pilot/protocol.json -> nwkit-0.43.15/examples/shift/known-error-timing-pilot
copying examples/shift/known-error-timing-pilot/records.jsonl.gz -> nwkit-0.43.15/examples/shift/known-error-timing-pilot
copying examples/shift/known-error-timing-pilot/summary.json -> nwkit-0.43.15/examples/shift/known-error-timing-pilot
copying examples/shift/known-error-timing-pilot/source-snapshot/shift_calibration.py -> nwkit-0.43.15/examples/shift/known-error-timing-pilot/source-snapshot
copying examples/shift/known-error-timing-pilot/source-snapshot/shift_candidates.py -> nwkit-0.43.15/examples/shift/known-error-timing-pilot/source-snapshot
copying examples/shift/known-error-timing-pilot/source-snapshot/shift_continuous_reference.py -> nwkit-0.43.15/examples/shift/known-error-timing-pilot/source-snapshot
copying examples/shift/known-error-timing-pilot/source-snapshot/validate_shift_null_contract.py -> nwkit-0.43.15/examples/shift/known-error-timing-pilot/source-snapshot
copying examples/shift/null-contract-b999/protocol.json -> nwkit-0.43.15/examples/shift/null-contract-b999
copying examples/shift/null-contract-b999/records.jsonl.gz -> nwkit-0.43.15/examples/shift/null-contract-b999
copying examples/shift/null-contract-b999/summary.json -> nwkit-0.43.15/examples/shift/null-contract-b999
copying examples/shift/null-contract-b999/source-snapshot/shift_calibration.py -> nwkit-0.43.15/examples/shift/null-contract-b999/source-snapshot
copying examples/shift/null-contract-b999/source-snapshot/shift_candidates.py -> nwkit-0.43.15/examples/shift/null-contract-b999/source-snapshot
copying examples/shift/null-contract-b999/source-snapshot/shift_continuous_reference.py -> nwkit-0.43.15/examples/shift/null-contract-b999/source-snapshot
copying examples/shift/null-contract-b999/source-snapshot/validate_shift_null_contract.py -> nwkit-0.43.15/examples/shift/null-contract-b999/source-snapshot
copying examples/shift/null-contract-timing-pilot/protocol.json -> nwkit-0.43.15/examples/shift/null-contract-timing-pilot
copying examples/shift/null-contract-timing-pilot/records.jsonl.gz -> nwkit-0.43.15/examples/shift/null-contract-timing-pilot
copying examples/shift/null-contract-timing-pilot/summary.json -> nwkit-0.43.15/examples/shift/null-contract-timing-pilot
copying examples/shift/null-contract-timing-pilot/source-snapshot/shift_calibration.py -> nwkit-0.43.15/examples/shift/null-contract-timing-pilot/source-snapshot
copying examples/shift/null-contract-timing-pilot/source-snapshot/shift_candidates.py -> nwkit-0.43.15/examples/shift/null-contract-timing-pilot/source-snapshot
copying examples/shift/null-contract-timing-pilot/source-snapshot/shift_continuous_reference.py -> nwkit-0.43.15/examples/shift/null-contract-timing-pilot/source-snapshot
copying examples/shift/null-contract-timing-pilot/source-snapshot/validate_shift_null_contract.py -> nwkit-0.43.15/examples/shift/null-contract-timing-pilot/source-snapshot
copying examples/shift/null-contract-validation/protocol.json -> nwkit-0.43.15/examples/shift/null-contract-validation
copying examples/shift/null-contract-validation/records.jsonl.gz -> nwkit-0.43.15/examples/shift/null-contract-validation
copying examples/shift/null-contract-validation/summary.json -> nwkit-0.43.15/examples/shift/null-contract-validation
copying examples/shift/null-contract-validation/source-snapshot/shift_calibration.py -> nwkit-0.43.15/examples/shift/null-contract-validation/source-snapshot
copying examples/shift/null-contract-validation/source-snapshot/shift_candidates.py -> nwkit-0.43.15/examples/shift/null-contract-validation/source-snapshot
copying examples/shift/null-contract-validation/source-snapshot/shift_continuous_reference.py -> nwkit-0.43.15/examples/shift/null-contract-validation/source-snapshot
copying examples/shift/null-contract-validation/source-snapshot/validate_shift_null_contract.py -> nwkit-0.43.15/examples/shift/null-contract-validation/source-snapshot
copying examples/shift/pbic-correction/after.csv -> nwkit-0.43.15/examples/shift/pbic-correction
copying examples/shift/pbic-correction/backend-provenance.json -> nwkit-0.43.15/examples/shift/pbic-correction
copying examples/shift/pbic-correction/before.csv -> nwkit-0.43.15/examples/shift/pbic-correction
copying examples/shift/response-audits/SHA256SUMS.json -> nwkit-0.43.15/examples/shift/response-audits
copying examples/shift/response-audits/b999.json -> nwkit-0.43.15/examples/shift/response-audits
copying examples/shift/response-audits/continuous-fixture.json -> nwkit-0.43.15/examples/shift/response-audits
copying examples/shift/response-audits/environment.json -> nwkit-0.43.15/examples/shift/response-audits
copying examples/shift/response-audits/final-complexity.log -> nwkit-0.43.15/examples/shift/response-audits
copying examples/shift/response-audits/full-check.log -> nwkit-0.43.15/examples/shift/response-audits
copying examples/shift/response-audits/inherited-envelope.json -> nwkit-0.43.15/examples/shift/response-audits
copying examples/shift/response-audits/null-pilot.json -> nwkit-0.43.15/examples/shift/response-audits
copying examples/shift/response-audits/paired.json -> nwkit-0.43.15/examples/shift/response-audits
copying examples/shift/response-audits/primary.json -> nwkit-0.43.15/examples/shift/response-audits
copying examples/shift/response-audits/software-checks.json -> nwkit-0.43.15/examples/shift/response-audits
copying examples/shift/response-calibrated/effects.tsv -> nwkit-0.43.15/examples/shift/response-calibrated
copying examples/shift/response-calibrated/model.json -> nwkit-0.43.15/examples/shift/response-calibrated
copying examples/shift/response-calibrated/optima.tsv -> nwkit-0.43.15/examples/shift/response-calibrated
copying examples/shift/response-calibrated/predictions.tsv -> nwkit-0.43.15/examples/shift/response-calibrated
copying examples/shift/response-calibrated/regimes.tsv -> nwkit-0.43.15/examples/shift/response-calibrated
copying examples/shift/response-ic/effects.tsv -> nwkit-0.43.15/examples/shift/response-ic
copying examples/shift/response-ic/model.json -> nwkit-0.43.15/examples/shift/response-ic
copying examples/shift/response-ic/optima.tsv -> nwkit-0.43.15/examples/shift/response-ic
copying examples/shift/response-ic/predictions.tsv -> nwkit-0.43.15/examples/shift/response-ic
copying examples/shift/response-ic/regimes.tsv -> nwkit-0.43.15/examples/shift/response-ic
copying examples/shift/validation/cell-summary.json -> nwkit-0.43.15/examples/shift/validation
copying examples/shift/validation/export.json -> nwkit-0.43.15/examples/shift/validation
copying examples/shift/validation/inputs.json -> nwkit-0.43.15/examples/shift/validation
copying examples/shift/validation/manifests.json -> nwkit-0.43.15/examples/shift/validation
copying examples/shift/validation/records.csv -> nwkit-0.43.15/examples/shift/validation
copying examples/shift/validation/records.json -> nwkit-0.43.15/examples/shift/validation
copying examples/shift/validation/scenario-summary.json -> nwkit-0.43.15/examples/shift/validation
copying examples/shift/validation/source-snapshot.json -> nwkit-0.43.15/examples/shift/validation
copying examples/shift/validation/table.md -> nwkit-0.43.15/examples/shift/validation
copying examples/shift/validation-16tip/cell-summary.json -> nwkit-0.43.15/examples/shift/validation-16tip
copying examples/shift/validation-16tip/export.json -> nwkit-0.43.15/examples/shift/validation-16tip
copying examples/shift/validation-16tip/inputs.json -> nwkit-0.43.15/examples/shift/validation-16tip
copying examples/shift/validation-16tip/manifests.json -> nwkit-0.43.15/examples/shift/validation-16tip
copying examples/shift/validation-16tip/records.csv -> nwkit-0.43.15/examples/shift/validation-16tip
copying examples/shift/validation-16tip/records.json -> nwkit-0.43.15/examples/shift/validation-16tip
copying examples/shift/validation-16tip/scenario-summary.json -> nwkit-0.43.15/examples/shift/validation-16tip
copying examples/shift/validation-16tip/source-snapshot.json -> nwkit-0.43.15/examples/shift/validation-16tip
copying examples/shift/validation-16tip/table.md -> nwkit-0.43.15/examples/shift/validation-16tip
copying nwkit/__init__.py -> nwkit-0.43.15/nwkit
copying nwkit/__main__.py -> nwkit-0.43.15/nwkit
copying nwkit/annotate.py -> nwkit-0.43.15/nwkit
copying nwkit/asr.py -> nwkit-0.43.15/nwkit
copying nwkit/asr_averaging.py -> nwkit-0.43.15/nwkit
copying nwkit/asr_bootstrap_intervals.py -> nwkit-0.43.15/nwkit
copying nwkit/asr_compare.py -> nwkit-0.43.15/nwkit
copying nwkit/asr_compare_figure.py -> nwkit-0.43.15/nwkit
copying nwkit/asr_compare_panels.py -> nwkit-0.43.15/nwkit
copying nwkit/asr_comparison.py -> nwkit-0.43.15/nwkit
copying nwkit/asr_continuous_diagnostics.py -> nwkit-0.43.15/nwkit
copying nwkit/asr_cross_validation.py -> nwkit-0.43.15/nwkit
copying nwkit/asr_diagnostics.py -> nwkit-0.43.15/nwkit
copying nwkit/asr_discrete_cross_validation.py -> nwkit-0.43.15/nwkit
copying nwkit/asr_figure.py -> nwkit-0.43.15/nwkit
copying nwkit/asr_heatmap.py -> nwkit-0.43.15/nwkit
copying nwkit/asr_input.py -> nwkit-0.43.15/nwkit
copying nwkit/asr_latent.py -> nwkit-0.43.15/nwkit
copying nwkit/asr_models.py -> nwkit-0.43.15/nwkit
copying nwkit/asr_multivariate_diagnostics.py -> nwkit-0.43.15/nwkit
copying nwkit/asr_paths.py -> nwkit-0.43.15/nwkit
copying nwkit/asr_regimes.py -> nwkit-0.43.15/nwkit
copying nwkit/asr_tip_labels.py -> nwkit-0.43.15/nwkit
copying nwkit/asr_tree_ensemble.py -> nwkit-0.43.15/nwkit
copying nwkit/branch_gaussian.py -> nwkit-0.43.15/nwkit
copying nwkit/clade_index.py -> nwkit-0.43.15/nwkit
copying nwkit/clade_mapping.py -> nwkit-0.43.15/nwkit
copying nwkit/cladefreq.py -> nwkit-0.43.15/nwkit
copying nwkit/cli.py -> nwkit-0.43.15/nwkit
copying nwkit/collapse.py -> nwkit-0.43.15/nwkit
copying nwkit/compiled_tree.py -> nwkit-0.43.15/nwkit
copying nwkit/compose.py -> nwkit-0.43.15/nwkit
copying nwkit/consensus.py -> nwkit-0.43.15/nwkit
copying nwkit/constrain.py -> nwkit-0.43.15/nwkit
copying nwkit/continuous_asr.py -> nwkit-0.43.15/nwkit
copying nwkit/continuous_asr_io.py -> nwkit-0.43.15/nwkit
copying nwkit/continuous_asr_optimize.py -> nwkit-0.43.15/nwkit
copying nwkit/continuous_asr_process.py -> nwkit-0.43.15/nwkit
copying nwkit/continuous_observation.py -> nwkit-0.43.15/nwkit
copying nwkit/contrast.py -> nwkit-0.43.15/nwkit
copying nwkit/conventions.py -> nwkit-0.43.15/nwkit
copying nwkit/convert.py -> nwkit-0.43.15/nwkit
copying nwkit/diff.py -> nwkit-0.43.15/nwkit
copying nwkit/discrete_asr_models.py -> nwkit-0.43.15/nwkit
copying nwkit/discrete_observation.py -> nwkit-0.43.15/nwkit
copying nwkit/disparity.py -> nwkit-0.43.15/nwkit
copying nwkit/dist.py -> nwkit-0.43.15/nwkit
copying nwkit/draw.py -> nwkit-0.43.15/nwkit
copying nwkit/draw_helpers.py -> nwkit-0.43.15/nwkit
copying nwkit/draw_layouts.py -> nwkit-0.43.15/nwkit
copying nwkit/draw_output.py -> nwkit-0.43.15/nwkit
copying nwkit/draw_prep.py -> nwkit-0.43.15/nwkit
copying nwkit/draw_quality.py -> nwkit-0.43.15/nwkit
copying nwkit/draw_render.py -> nwkit-0.43.15/nwkit
copying nwkit/draw_setup.py -> nwkit-0.43.15/nwkit
copying nwkit/draw_types.py -> nwkit-0.43.15/nwkit
copying nwkit/drop.py -> nwkit-0.43.15/nwkit
copying nwkit/dtt.py -> nwkit-0.43.15/nwkit
copying nwkit/dtt_cli.py -> nwkit-0.43.15/nwkit
copying nwkit/dtt_figure.py -> nwkit-0.43.15/nwkit
copying nwkit/evolution.py -> nwkit-0.43.15/nwkit
copying nwkit/fasta.py -> nwkit-0.43.15/nwkit
copying nwkit/file_paths.py -> nwkit-0.43.15/nwkit
copying nwkit/full_ou.py -> nwkit-0.43.15/nwkit
copying nwkit/full_ou_fit.py -> nwkit-0.43.15/nwkit
copying nwkit/gaussian.py -> nwkit-0.43.15/nwkit
copying nwkit/gaussian_inference.py -> nwkit-0.43.15/nwkit
copying nwkit/gaussian_tree.py -> nwkit-0.43.15/nwkit
copying nwkit/general_ou_asr.py -> nwkit-0.43.15/nwkit
copying nwkit/hidden_rate_asr.py -> nwkit-0.43.15/nwkit
copying nwkit/image.py -> nwkit-0.43.15/nwkit
copying nwkit/image_metadata.py -> nwkit-0.43.15/nwkit
copying nwkit/info.py -> nwkit-0.43.15/nwkit
copying nwkit/intersection.py -> nwkit-0.43.15/nwkit
copying nwkit/iqtree_library.py -> nwkit-0.43.15/nwkit
copying nwkit/iqtree_worker.py -> nwkit-0.43.15/nwkit
copying nwkit/jump_asr.py -> nwkit-0.43.15/nwkit
copying nwkit/label.py -> nwkit-0.43.15/nwkit
copying nwkit/latent_gaussian.py -> nwkit-0.43.15/nwkit
copying nwkit/mark.py -> nwkit-0.43.15/nwkit
copying nwkit/markov_gaussian_asr.py -> nwkit-0.43.15/nwkit
copying nwkit/mcmctree.py -> nwkit-0.43.15/nwkit
copying nwkit/measurement_error.py -> nwkit-0.43.15/nwkit
copying nwkit/model_matrix.py -> nwkit-0.43.15/nwkit
copying nwkit/model_specs.py -> nwkit-0.43.15/nwkit
copying nwkit/monophyly.py -> nwkit-0.43.15/nwkit
copying nwkit/multivariate_asr.py -> nwkit-0.43.15/nwkit
copying nwkit/multivariate_gaussian_asr.py -> nwkit-0.43.15/nwkit
copying nwkit/multivariate_pgls.py -> nwkit-0.43.15/nwkit
copying nwkit/nhx2nwk.py -> nwkit-0.43.15/nwkit
copying nwkit/nonstationary_continuous_asr.py -> nwkit-0.43.15/nwkit
copying nwkit/nwk2table.py -> nwkit-0.43.15/nwkit
copying nwkit/optimization.py -> nwkit-0.43.15/nwkit
copying nwkit/ordinary_regression.py -> nwkit-0.43.15/nwkit
copying nwkit/ou_asr.py -> nwkit-0.43.15/nwkit
copying nwkit/output_transaction.py -> nwkit-0.43.15/nwkit
copying nwkit/pagel_asr.py -> nwkit-0.43.15/nwkit
copying nwkit/phylogenetic_glmm.py -> nwkit-0.43.15/nwkit
copying nwkit/phylogenetic_predictive.py -> nwkit-0.43.15/nwkit
copying nwkit/printlabel.py -> nwkit-0.43.15/nwkit
copying nwkit/provenance.py -> nwkit-0.43.15/nwkit
copying nwkit/prune.py -> nwkit-0.43.15/nwkit
copying nwkit/radte.py -> nwkit-0.43.15/nwkit
copying nwkit/radte_cli.py -> nwkit-0.43.15/nwkit
copying nwkit/radte_codon.py -> nwkit-0.43.15/nwkit
copying nwkit/radte_compare.py -> nwkit-0.43.15/nwkit
copying nwkit/radte_compare_plot.py -> nwkit-0.43.15/nwkit
copying nwkit/radte_components.py -> nwkit-0.43.15/nwkit
copying nwkit/radte_ensemble.py -> nwkit-0.43.15/nwkit
copying nwkit/radte_inputs.py -> nwkit-0.43.15/nwkit
copying nwkit/radte_iqtree.py -> nwkit-0.43.15/nwkit
copying nwkit/radte_marginal.py -> nwkit-0.43.15/nwkit
copying nwkit/radte_model.py -> nwkit-0.43.15/nwkit
copying nwkit/radte_paml.py -> nwkit-0.43.15/nwkit
copying nwkit/radte_sequence.py -> nwkit-0.43.15/nwkit
copying nwkit/radte_sequence_fit.py -> nwkit-0.43.15/nwkit
copying nwkit/radte_species.py -> nwkit-0.43.15/nwkit
copying nwkit/radte_studentized.py -> nwkit-0.43.15/nwkit
copying nwkit/radte_uncertainty.py -> nwkit-0.43.15/nwkit
copying nwkit/reconcile.py -> nwkit-0.43.15/nwkit
copying nwkit/reconciliation_properties.py -> nwkit-0.43.15/nwkit
copying nwkit/regime_continuous_asr.py -> nwkit-0.43.15/nwkit
copying nwkit/regime_drift_asr.py -> nwkit-0.43.15/nwkit
copying nwkit/regime_gaussian_asr.py -> nwkit-0.43.15/nwkit
copying nwkit/regress.py -> nwkit-0.43.15/nwkit
copying nwkit/regression_pipeline.py -> nwkit-0.43.15/nwkit
copying nwkit/rename.py -> nwkit-0.43.15/nwkit
copying nwkit/replicates.py -> nwkit-0.43.15/nwkit
copying nwkit/rescale.py -> nwkit-0.43.15/nwkit
copying nwkit/result_plot.py -> nwkit-0.43.15/nwkit
copying nwkit/result_plot_cli.py -> nwkit-0.43.15/nwkit
copying nwkit/result_plot_data.py -> nwkit-0.43.15/nwkit
copying nwkit/rf_distance.py -> nwkit-0.43.15/nwkit
copying nwkit/root.py -> nwkit-0.43.15/nwkit
copying nwkit/root_compare.py -> nwkit-0.43.15/nwkit
copying nwkit/root_evaluation.py -> nwkit-0.43.15/nwkit
copying nwkit/rooting_state.py -> nwkit-0.43.15/nwkit
copying nwkit/rsc_diagnostics.py -> nwkit-0.43.15/nwkit
copying nwkit/sample.py -> nwkit-0.43.15/nwkit
copying nwkit/sanitize.py -> nwkit-0.43.15/nwkit
copying nwkit/shift.py -> nwkit-0.43.15/nwkit
copying nwkit/shift_backend.py -> nwkit-0.43.15/nwkit
copying nwkit/shift_backend_probe.py -> nwkit-0.43.15/nwkit
copying nwkit/shift_bootstrap.py -> nwkit-0.43.15/nwkit
copying nwkit/shift_calibrated_output.py -> nwkit-0.43.15/nwkit
copying nwkit/shift_calibration.py -> nwkit-0.43.15/nwkit
copying nwkit/shift_candidates.py -> nwkit-0.43.15/nwkit
copying nwkit/shift_cli.py -> nwkit-0.43.15/nwkit
copying nwkit/shift_convergence.py -> nwkit-0.43.15/nwkit
copying nwkit/shift_math.py -> nwkit-0.43.15/nwkit
copying nwkit/shift_reference.py -> nwkit-0.43.15/nwkit
copying nwkit/shift_results.py -> nwkit-0.43.15/nwkit
copying nwkit/shuffle.py -> nwkit-0.43.15/nwkit
copying nwkit/skim.py -> nwkit-0.43.15/nwkit
copying nwkit/sparse_laplace.py -> nwkit-0.43.15/nwkit
copying nwkit/species_parser.py -> nwkit-0.43.15/nwkit
copying nwkit/subtree.py -> nwkit-0.43.15/nwkit
copying nwkit/table2nwk.py -> nwkit-0.43.15/nwkit
copying nwkit/threshold_asr.py -> nwkit-0.43.15/nwkit
copying nwkit/time_tree.py -> nwkit-0.43.15/nwkit
copying nwkit/trait_input.py -> nwkit-0.43.15/nwkit
copying nwkit/transfer.py -> nwkit-0.43.15/nwkit
copying nwkit/transformed_continuous_asr.py -> nwkit-0.43.15/nwkit
copying nwkit/tree_formats.py -> nwkit-0.43.15/nwkit
copying nwkit/tree_outputs.py -> nwkit-0.43.15/nwkit
copying nwkit/util.py -> nwkit-0.43.15/nwkit
copying nwkit/validate.py -> nwkit-0.43.15/nwkit
copying nwkit/vector_fit.py -> nwkit-0.43.15/nwkit
copying nwkit/vector_gaussian.py -> nwkit-0.43.15/nwkit
copying nwkit/vector_mean.py -> nwkit-0.43.15/nwkit
copying nwkit/vector_ou_fit.py -> nwkit-0.43.15/nwkit
copying nwkit/vector_processes.py -> nwkit-0.43.15/nwkit
copying nwkit/vector_simulation.py -> nwkit-0.43.15/nwkit
copying nwkit.egg-info/PKG-INFO -> nwkit-0.43.15/nwkit.egg-info
copying nwkit.egg-info/SOURCES.txt -> nwkit-0.43.15/nwkit.egg-info
copying nwkit.egg-info/dependency_links.txt -> nwkit-0.43.15/nwkit.egg-info
copying nwkit.egg-info/entry_points.txt -> nwkit-0.43.15/nwkit.egg-info
copying nwkit.egg-info/requires.txt -> nwkit-0.43.15/nwkit.egg-info
copying nwkit.egg-info/top_level.txt -> nwkit-0.43.15/nwkit.egg-info
copying nwkit/data_iqtree/worker.cpp -> nwkit-0.43.15/nwkit/data_iqtree
copying nwkit/data_model/ECMrest.txt -> nwkit-0.43.15/nwkit/data_model
copying nwkit/data_model/ECMunrest.txt -> nwkit-0.43.15/nwkit/data_model
copying nwkit/data_model/lg.txt -> nwkit-0.43.15/nwkit/data_model
copying nwkit/data_tree/apgiv.nwk -> nwkit-0.43.15/nwkit/data_tree
copying scripts/make_draw_layout_gallery.py -> nwkit-0.43.15/scripts
copying tests/__init__.py -> nwkit-0.43.15/tests
copying tests/conftest.py -> nwkit-0.43.15/tests
copying tests/helpers.py -> nwkit-0.43.15/tests
copying tests/image_test_support.py -> nwkit-0.43.15/tests
copying tests/root_test_support.py -> nwkit-0.43.15/tests
copying tests/test_annotate.py -> nwkit-0.43.15/tests
copying tests/test_asr.py -> nwkit-0.43.15/tests
copying tests/test_asr_averaging.py -> nwkit-0.43.15/tests
copying tests/test_asr_bootstrap_intervals.py -> nwkit-0.43.15/tests
copying tests/test_asr_compare_panels.py -> nwkit-0.43.15/tests
copying tests/test_asr_comparison.py -> nwkit-0.43.15/tests
copying tests/test_asr_continuous_cli.py -> nwkit-0.43.15/tests
copying tests/test_asr_continuous_diagnostic_cli.py -> nwkit-0.43.15/tests
copying tests/test_asr_cross_validation.py -> nwkit-0.43.15/tests
copying tests/test_asr_diagnostics.py -> nwkit-0.43.15/tests
copying tests/test_asr_discrete_cross_validation.py -> nwkit-0.43.15/tests
copying tests/test_asr_figure.py -> nwkit-0.43.15/tests
copying tests/test_asr_heatmap.py -> nwkit-0.43.15/tests
copying tests/test_asr_multivariate_diagnostics.py -> nwkit-0.43.15/tests
copying tests/test_asr_paths.py -> nwkit-0.43.15/tests
copying tests/test_asr_polytomy.py -> nwkit-0.43.15/tests
copying tests/test_asr_regimes.py -> nwkit-0.43.15/tests
copying tests/test_asr_review_regressions.py -> nwkit-0.43.15/tests
copying tests/test_branch_gaussian.py -> nwkit-0.43.15/tests
copying tests/test_check_tools.py -> nwkit-0.43.15/tests
copying tests/test_clade_index.py -> nwkit-0.43.15/tests
copying tests/test_clade_mapping.py -> nwkit-0.43.15/tests
copying tests/test_cladefreq.py -> nwkit-0.43.15/tests
copying tests/test_cli.py -> nwkit-0.43.15/tests
copying tests/test_cli_contracts.py -> nwkit-0.43.15/tests
copying tests/test_collapse.py -> nwkit-0.43.15/tests
copying tests/test_compose.py -> nwkit-0.43.15/tests
copying tests/test_consensus.py -> nwkit-0.43.15/tests
copying tests/test_constrain.py -> nwkit-0.43.15/tests
copying tests/test_continuous_asr.py -> nwkit-0.43.15/tests
copying tests/test_continuous_asr_optimization.py -> nwkit-0.43.15/tests
copying tests/test_continuous_observation.py -> nwkit-0.43.15/tests
copying tests/test_contrast.py -> nwkit-0.43.15/tests
copying tests/test_convert.py -> nwkit-0.43.15/tests
copying tests/test_covarion_asr.py -> nwkit-0.43.15/tests
copying tests/test_diff.py -> nwkit-0.43.15/tests
copying tests/test_discrete_asr_models.py -> nwkit-0.43.15/tests
copying tests/test_discrete_observation.py -> nwkit-0.43.15/tests
copying tests/test_dist.py -> nwkit-0.43.15/tests
copying tests/test_distribution_reproducibility.py -> nwkit-0.43.15/tests
copying tests/test_draw.py -> nwkit-0.43.15/tests
copying tests/test_draw_branch_ids.py -> nwkit-0.43.15/tests
copying tests/test_draw_robustness.py -> nwkit-0.43.15/tests
copying tests/test_drop.py -> nwkit-0.43.15/tests
copying tests/test_dtt.py -> nwkit-0.43.15/tests
copying tests/test_dtt_audit.py -> nwkit-0.43.15/tests
copying tests/test_evolution.py -> nwkit-0.43.15/tests
copying tests/test_fasta.py -> nwkit-0.43.15/tests
copying tests/test_full_ou.py -> nwkit-0.43.15/tests
copying tests/test_gaussian.py -> nwkit-0.43.15/tests
copying tests/test_gaussian_inference.py -> nwkit-0.43.15/tests
copying tests/test_gaussian_tree.py -> nwkit-0.43.15/tests
copying tests/test_general_ou_asr.py -> nwkit-0.43.15/tests
copying tests/test_global_audit_regressions.py -> nwkit-0.43.15/tests
copying tests/test_image_cli.py -> nwkit-0.43.15/tests
copying tests/test_image_helpers.py -> nwkit-0.43.15/tests
copying tests/test_image_media.py -> nwkit-0.43.15/tests
copying tests/test_image_providers.py -> nwkit-0.43.15/tests
copying tests/test_info.py -> nwkit-0.43.15/tests
copying tests/test_interface_conventions.py -> nwkit-0.43.15/tests
copying tests/test_intersection.py -> nwkit-0.43.15/tests
copying tests/test_iqtree_library.py -> nwkit-0.43.15/tests
copying tests/test_iqtree_worker.py -> nwkit-0.43.15/tests
copying tests/test_label.py -> nwkit-0.43.15/tests
copying tests/test_latent_gaussian.py -> nwkit-0.43.15/tests
copying tests/test_mark.py -> nwkit-0.43.15/tests
copying tests/test_mcmctree.py -> nwkit-0.43.15/tests
copying tests/test_measurement_error.py -> nwkit-0.43.15/tests
copying tests/test_mk_mixture_asr.py -> nwkit-0.43.15/tests
copying tests/test_monophyly.py -> nwkit-0.43.15/tests
copying tests/test_multivariate_asr.py -> nwkit-0.43.15/tests
copying tests/test_multivariate_gaussian_asr.py -> nwkit-0.43.15/tests
copying tests/test_multivariate_numerics.py -> nwkit-0.43.15/tests
copying tests/test_nhx2nwk.py -> nwkit-0.43.15/tests
copying tests/test_nonstationary_continuous_asr.py -> nwkit-0.43.15/tests
copying tests/test_numerical_invariance.py -> nwkit-0.43.15/tests
copying tests/test_nwk2table.py -> nwkit-0.43.15/tests
copying tests/test_ordinary_regression.py -> nwkit-0.43.15/tests
copying tests/test_ou_asr.py -> nwkit-0.43.15/tests
copying tests/test_output_transaction.py -> nwkit-0.43.15/tests
copying tests/test_pagel_asr.py -> nwkit-0.43.15/tests
copying tests/test_printlabel.py -> nwkit-0.43.15/tests
copying tests/test_properties.py -> nwkit-0.43.15/tests
copying tests/test_provenance.py -> nwkit-0.43.15/tests
copying tests/test_prune.py -> nwkit-0.43.15/tests
copying tests/test_radte.py -> nwkit-0.43.15/tests
copying tests/test_radte_codon.py -> nwkit-0.43.15/tests
copying tests/test_radte_ensemble.py -> nwkit-0.43.15/tests
copying tests/test_radte_iqtree.py -> nwkit-0.43.15/tests
copying tests/test_radte_marginal.py -> nwkit-0.43.15/tests
copying tests/test_radte_paml.py -> nwkit-0.43.15/tests
copying tests/test_radte_profile.py -> nwkit-0.43.15/tests
copying tests/test_radte_sequence.py -> nwkit-0.43.15/tests
copying tests/test_radte_species.py -> nwkit-0.43.15/tests
copying tests/test_radte_studentized.py -> nwkit-0.43.15/tests
copying tests/test_rate_design_asr.py -> nwkit-0.43.15/tests
copying tests/test_reconcile.py -> nwkit-0.43.15/tests
copying tests/test_refactor_validation.py -> nwkit-0.43.15/tests
copying tests/test_regime_continuous_asr.py -> nwkit-0.43.15/tests
copying tests/test_regime_drift_asr.py -> nwkit-0.43.15/tests
copying tests/test_regime_gaussian_asr.py -> nwkit-0.43.15/tests
copying tests/test_regress.py -> nwkit-0.43.15/tests
copying tests/test_rename.py -> nwkit-0.43.15/tests
copying tests/test_replicates.py -> nwkit-0.43.15/tests
copying tests/test_rescale.py -> nwkit-0.43.15/tests
copying tests/test_result_plot.py -> nwkit-0.43.15/tests
copying tests/test_rf_distance.py -> nwkit-0.43.15/tests
copying tests/test_root_algorithms.py -> nwkit-0.43.15/tests
copying tests/test_root_cli.py -> nwkit-0.43.15/tests
copying tests/test_root_compare.py -> nwkit-0.43.15/tests
copying tests/test_root_taxonomy.py -> nwkit-0.43.15/tests
copying tests/test_rooting_state.py -> nwkit-0.43.15/tests
copying tests/test_sample.py -> nwkit-0.43.15/tests
copying tests/test_sanitize.py -> nwkit-0.43.15/tests
copying tests/test_shift.py -> nwkit-0.43.15/tests
copying tests/test_shift_alpha.py -> nwkit-0.43.15/tests
copying tests/test_shift_audit.py -> nwkit-0.43.15/tests
copying tests/test_shift_backend_probe.py -> nwkit-0.43.15/tests
copying tests/test_shift_bootstrap.py -> nwkit-0.43.15/tests
copying tests/test_shift_calibration.py -> nwkit-0.43.15/tests
copying tests/test_shift_calibration_audit.py -> nwkit-0.43.15/tests
copying tests/test_shift_continuous_reference.py -> nwkit-0.43.15/tests
copying tests/test_shift_convergence.py -> nwkit-0.43.15/tests
copying tests/test_shift_joint.py -> nwkit-0.43.15/tests
copying tests/test_shift_null_contract_audit.py -> nwkit-0.43.15/tests
copying tests/test_shift_numerics.py -> nwkit-0.43.15/tests
copying tests/test_shift_reference.py -> nwkit-0.43.15/tests
copying tests/test_shift_simulations.py -> nwkit-0.43.15/tests
copying tests/test_shuffle.py -> nwkit-0.43.15/tests
copying tests/test_skim.py -> nwkit-0.43.15/tests
copying tests/test_subtree.py -> nwkit-0.43.15/tests
copying tests/test_table2nwk.py -> nwkit-0.43.15/tests
copying tests/test_threshold_asr.py -> nwkit-0.43.15/tests
copying tests/test_time_tree.py -> nwkit-0.43.15/tests
copying tests/test_transfer.py -> nwkit-0.43.15/tests
copying tests/test_transfer_extended.py -> nwkit-0.43.15/tests
copying tests/test_transformed_continuous_asr.py -> nwkit-0.43.15/tests
copying tests/test_tree_outputs.py -> nwkit-0.43.15/tests
copying tests/test_util_cache.py -> nwkit-0.43.15/tests
copying tests/test_util_tree_helpers.py -> nwkit-0.43.15/tests
copying tests/test_util_tree_io.py -> nwkit-0.43.15/tests
copying tests/test_validate.py -> nwkit-0.43.15/tests
copying tests/test_vector_fit.py -> nwkit-0.43.15/tests
copying tests/test_vector_gaussian.py -> nwkit-0.43.15/tests
copying tests/test_vector_simulation.py -> nwkit-0.43.15/tests
copying tests/test_wiki_examples.py -> nwkit-0.43.15/tests
copying tests/util_test_support.py -> nwkit-0.43.15/tests
copying tests/data/rootcompare_gene.nwk -> nwkit-0.43.15/tests/data
copying tests/data/rootcompare_reference.nwk -> nwkit-0.43.15/tests/data
copying tests/data/rootcompare_species.nwk -> nwkit-0.43.15/tests/data
copying tests/data/rootcompare_ties.nwk -> nwkit-0.43.15/tests/data
copying tools/benchmark.py -> nwkit-0.43.15/tools
copying tools/benchmark_asr_models.py -> nwkit-0.43.15/tools
copying tools/benchmark_core.py -> nwkit-0.43.15/tools
copying tools/benchmark_multivariate.py -> nwkit-0.43.15/tools
copying tools/benchmark_radte.py -> nwkit-0.43.15/tools
copying tools/benchmark_radte_iqtree.py -> nwkit-0.43.15/tools
copying tools/benchmark_radte_marginal.py -> nwkit-0.43.15/tools
copying tools/benchmark_radte_reference.py -> nwkit-0.43.15/tools
copying tools/benchmark_vector_asr.py -> nwkit-0.43.15/tools
copying tools/build_ete_windows.py -> nwkit-0.43.15/tools
copying tools/check.py -> nwkit-0.43.15/tools
copying tools/check_dist.py -> nwkit-0.43.15/tools
copying tools/check_maintainability.py -> nwkit-0.43.15/tools
copying tools/ci_matrix.py -> nwkit-0.43.15/tools
copying tools/compare_shift_null_calibration.py -> nwkit-0.43.15/tools
copying tools/complexity_baseline.json -> nwkit-0.43.15/tools
copying tools/complexity_exceptions.json -> nwkit-0.43.15/tools
copying tools/normalize_sdist.py -> nwkit-0.43.15/tools
copying tools/radte_benchmark_cases.py -> nwkit-0.43.15/tools
copying tools/report_shift_alpha.py -> nwkit-0.43.15/tools
copying tools/shift_alpha_audit.py -> nwkit-0.43.15/tools
copying tools/shift_alpha_backend.R -> nwkit-0.43.15/tools
copying tools/shift_alpha_design.py -> nwkit-0.43.15/tools
copying tools/shift_alpha_null_diagnostic.py -> nwkit-0.43.15/tools
copying tools/shift_calibration_audit.py -> nwkit-0.43.15/tools
copying tools/shift_continuous_reference.py -> nwkit-0.43.15/tools
copying tools/shift_joint_backend.py -> nwkit-0.43.15/tools
copying tools/shift_joint_candidates.py -> nwkit-0.43.15/tools
copying tools/shift_simulation_audit.py -> nwkit-0.43.15/tools
copying tools/shift_simulation_cases.py -> nwkit-0.43.15/tools
copying tools/stress_shift_calibration.py -> nwkit-0.43.15/tools
copying tools/summarize_shift_alpha.py -> nwkit-0.43.15/tools
copying tools/summarize_shift_joint.py -> nwkit-0.43.15/tools
copying tools/summarize_shift_validation.py -> nwkit-0.43.15/tools
copying tools/validate_radte_intervals.py -> nwkit-0.43.15/tools
copying tools/validate_shift_alpha.py -> nwkit-0.43.15/tools
copying tools/validate_shift_calibration.py -> nwkit-0.43.15/tools
copying tools/validate_shift_joint.py -> nwkit-0.43.15/tools
copying tools/validate_shift_joint_pilot.py -> nwkit-0.43.15/tools
copying tools/validate_shift_null_contract.py -> nwkit-0.43.15/tools
copying tools/validate_shift_simulations.py -> nwkit-0.43.15/tools
copying tools/verify_shift_alpha_evidence.py -> nwkit-0.43.15/tools
copying tools/verify_shift_calibration.py -> nwkit-0.43.15/tools
copying tools/verify_shift_null_contract.py -> nwkit-0.43.15/tools
copying tools/verify_shift_paired.py -> nwkit-0.43.15/tools
Writing nwkit-0.43.15/setup.cfg
Creating tar archive
removing 'nwkit-0.43.15' (and everything under it)
* Building wheel from sdist
* Creating isolated environment: venv+pip...
* Installing packages in isolated environment:
  - setuptools>=77.0.3
* Getting build dependencies for wheel...
running egg_info
writing nwkit.egg-info/PKG-INFO
writing dependency_links to nwkit.egg-info/dependency_links.txt
writing entry points to nwkit.egg-info/entry_points.txt
writing requirements to nwkit.egg-info/requires.txt
writing top-level names to nwkit.egg-info/top_level.txt
reading manifest file 'nwkit.egg-info/SOURCES.txt'
reading manifest template 'MANIFEST.in'
warning: no previously-included files matching '__pycache__' found anywhere in distribution
adding license file 'LICENSE'
writing manifest file 'nwkit.egg-info/SOURCES.txt'
* Building wheel...
running bdist_wheel
running build
running build_py
creating build/lib/nwkit
copying nwkit/asr_bootstrap_intervals.py -> build/lib/nwkit
copying nwkit/transformed_continuous_asr.py -> build/lib/nwkit
copying nwkit/radte_sequence_fit.py -> build/lib/nwkit
copying nwkit/mark.py -> build/lib/nwkit
copying nwkit/rescale.py -> build/lib/nwkit
copying nwkit/vector_simulation.py -> build/lib/nwkit
copying nwkit/asr_averaging.py -> build/lib/nwkit
copying nwkit/shift_reference.py -> build/lib/nwkit
copying nwkit/vector_mean.py -> build/lib/nwkit
copying nwkit/compiled_tree.py -> build/lib/nwkit
copying nwkit/file_paths.py -> build/lib/nwkit
copying nwkit/model_matrix.py -> build/lib/nwkit
copying nwkit/ou_asr.py -> build/lib/nwkit
copying nwkit/asr_regimes.py -> build/lib/nwkit
copying nwkit/regime_drift_asr.py -> build/lib/nwkit
copying nwkit/draw_setup.py -> build/lib/nwkit
copying nwkit/root_compare.py -> build/lib/nwkit
copying nwkit/tree_outputs.py -> build/lib/nwkit
copying nwkit/skim.py -> build/lib/nwkit
copying nwkit/shift_math.py -> build/lib/nwkit
copying nwkit/radte_components.py -> build/lib/nwkit
copying nwkit/radte_species.py -> build/lib/nwkit
copying nwkit/branch_gaussian.py -> build/lib/nwkit
copying nwkit/nonstationary_continuous_asr.py -> build/lib/nwkit
copying nwkit/iqtree_library.py -> build/lib/nwkit
copying nwkit/table2nwk.py -> build/lib/nwkit
copying nwkit/asr_compare_figure.py -> build/lib/nwkit
copying nwkit/multivariate_asr.py -> build/lib/nwkit
copying nwkit/radte.py -> build/lib/nwkit
copying nwkit/monophyly.py -> build/lib/nwkit
copying nwkit/draw_output.py -> build/lib/nwkit
copying nwkit/shift_calibration.py -> build/lib/nwkit
copying nwkit/sparse_laplace.py -> build/lib/nwkit
copying nwkit/hidden_rate_asr.py -> build/lib/nwkit
copying nwkit/continuous_asr.py -> build/lib/nwkit
copying nwkit/continuous_asr_optimize.py -> build/lib/nwkit
copying nwkit/nhx2nwk.py -> build/lib/nwkit
copying nwkit/rsc_diagnostics.py -> build/lib/nwkit
copying nwkit/dtt.py -> build/lib/nwkit
copying nwkit/compose.py -> build/lib/nwkit
copying nwkit/radte_marginal.py -> build/lib/nwkit
copying nwkit/root_evaluation.py -> build/lib/nwkit
copying nwkit/rename.py -> build/lib/nwkit
copying nwkit/regression_pipeline.py -> build/lib/nwkit
copying nwkit/util.py -> build/lib/nwkit
copying nwkit/species_parser.py -> build/lib/nwkit
copying nwkit/latent_gaussian.py -> build/lib/nwkit
copying nwkit/rf_distance.py -> build/lib/nwkit
copying nwkit/full_ou_fit.py -> build/lib/nwkit
copying nwkit/vector_fit.py -> build/lib/nwkit
copying nwkit/tree_formats.py -> build/lib/nwkit
copying nwkit/asr_diagnostics.py -> build/lib/nwkit
copying nwkit/discrete_observation.py -> build/lib/nwkit
copying nwkit/evolution.py -> build/lib/nwkit
copying nwkit/radte_iqtree.py -> build/lib/nwkit
copying nwkit/convert.py -> build/lib/nwkit
copying nwkit/radte_uncertainty.py -> build/lib/nwkit
copying nwkit/asr_heatmap.py -> build/lib/nwkit
copying nwkit/phylogenetic_predictive.py -> build/lib/nwkit
copying nwkit/iqtree_worker.py -> build/lib/nwkit
copying nwkit/gaussian_inference.py -> build/lib/nwkit
copying nwkit/optimization.py -> build/lib/nwkit
copying nwkit/collapse.py -> build/lib/nwkit
copying nwkit/subtree.py -> build/lib/nwkit
copying nwkit/__init__.py -> build/lib/nwkit
copying nwkit/asr_paths.py -> build/lib/nwkit
copying nwkit/continuous_observation.py -> build/lib/nwkit
copying nwkit/radte_paml.py -> build/lib/nwkit
copying nwkit/asr.py -> build/lib/nwkit
copying nwkit/mcmctree.py -> build/lib/nwkit
copying nwkit/asr_multivariate_diagnostics.py -> build/lib/nwkit
copying nwkit/multivariate_gaussian_asr.py -> build/lib/nwkit
copying nwkit/vector_ou_fit.py -> build/lib/nwkit
copying nwkit/annotate.py -> build/lib/nwkit
copying nwkit/asr_cross_validation.py -> build/lib/nwkit
copying nwkit/image_metadata.py -> build/lib/nwkit
copying nwkit/radte_ensemble.py -> build/lib/nwkit
copying nwkit/vector_gaussian.py -> build/lib/nwkit
copying nwkit/asr_models.py -> build/lib/nwkit
copying nwkit/shift_backend_probe.py -> build/lib/nwkit
copying nwkit/constrain.py -> build/lib/nwkit
copying nwkit/shuffle.py -> build/lib/nwkit
copying nwkit/reconciliation_properties.py -> build/lib/nwkit
copying nwkit/time_tree.py -> build/lib/nwkit
copying nwkit/continuous_asr_process.py -> build/lib/nwkit
copying nwkit/asr_tree_ensemble.py -> build/lib/nwkit
copying nwkit/clade_mapping.py -> build/lib/nwkit
copying nwkit/transfer.py -> build/lib/nwkit
copying nwkit/validate.py -> build/lib/nwkit
copying nwkit/result_plot_data.py -> build/lib/nwkit
copying nwkit/shift.py -> build/lib/nwkit
copying nwkit/model_specs.py -> build/lib/nwkit
copying nwkit/conventions.py -> build/lib/nwkit
copying nwkit/cli.py -> build/lib/nwkit
copying nwkit/radte_sequence.py -> build/lib/nwkit
copying nwkit/threshold_asr.py -> build/lib/nwkit
copying nwkit/consensus.py -> build/lib/nwkit
copying nwkit/vector_processes.py -> build/lib/nwkit
copying nwkit/asr_compare.py -> build/lib/nwkit
copying nwkit/asr_continuous_diagnostics.py -> build/lib/nwkit
copying nwkit/asr_tip_labels.py -> build/lib/nwkit
copying nwkit/result_plot_cli.py -> build/lib/nwkit
copying nwkit/rooting_state.py -> build/lib/nwkit
copying nwkit/radte_studentized.py -> build/lib/nwkit
copying nwkit/label.py -> build/lib/nwkit
copying nwkit/continuous_asr_io.py -> build/lib/nwkit
copying nwkit/disparity.py -> build/lib/nwkit
copying nwkit/general_ou_asr.py -> build/lib/nwkit
copying nwkit/markov_gaussian_asr.py -> build/lib/nwkit
copying nwkit/regime_gaussian_asr.py -> build/lib/nwkit
copying nwkit/dtt_cli.py -> build/lib/nwkit
copying nwkit/sample.py -> build/lib/nwkit
copying nwkit/prune.py -> build/lib/nwkit
copying nwkit/asr_discrete_cross_validation.py -> build/lib/nwkit
copying nwkit/dtt_figure.py -> build/lib/nwkit
copying nwkit/radte_inputs.py -> build/lib/nwkit
copying nwkit/shift_candidates.py -> build/lib/nwkit
copying nwkit/shift_bootstrap.py -> build/lib/nwkit
copying nwkit/clade_index.py -> build/lib/nwkit
copying nwkit/asr_compare_panels.py -> build/lib/nwkit
copying nwkit/gaussian_tree.py -> build/lib/nwkit
copying nwkit/diff.py -> build/lib/nwkit
copying nwkit/full_ou.py -> build/lib/nwkit
copying nwkit/shift_results.py -> build/lib/nwkit
copying nwkit/radte_cli.py -> build/lib/nwkit
copying nwkit/shift_cli.py -> build/lib/nwkit
copying nwkit/result_plot.py -> build/lib/nwkit
copying nwkit/radte_compare_plot.py -> build/lib/nwkit
copying nwkit/draw_helpers.py -> build/lib/nwkit
copying nwkit/draw_prep.py -> build/lib/nwkit
copying nwkit/provenance.py -> build/lib/nwkit
copying nwkit/root.py -> build/lib/nwkit
copying nwkit/radte_codon.py -> build/lib/nwkit
copying nwkit/shift_calibrated_output.py -> build/lib/nwkit
copying nwkit/multivariate_pgls.py -> build/lib/nwkit
copying nwkit/intersection.py -> build/lib/nwkit
copying nwkit/asr_figure.py -> build/lib/nwkit
copying nwkit/printlabel.py -> build/lib/nwkit
copying nwkit/measurement_error.py -> build/lib/nwkit
copying nwkit/shift_backend.py -> build/lib/nwkit
copying nwkit/output_transaction.py -> build/lib/nwkit
copying nwkit/info.py -> build/lib/nwkit
copying nwkit/regress.py -> build/lib/nwkit
copying nwkit/radte_compare.py -> build/lib/nwkit
copying nwkit/regime_continuous_asr.py -> build/lib/nwkit
copying nwkit/asr_latent.py -> build/lib/nwkit
copying nwkit/reconcile.py -> build/lib/nwkit
copying nwkit/radte_model.py -> build/lib/nwkit
copying nwkit/draw_render.py -> build/lib/nwkit
copying nwkit/sanitize.py -> build/lib/nwkit
copying nwkit/jump_asr.py -> build/lib/nwkit
copying nwkit/discrete_asr_models.py -> build/lib/nwkit
copying nwkit/draw.py -> build/lib/nwkit
copying nwkit/phylogenetic_glmm.py -> build/lib/nwkit
copying nwkit/image.py -> build/lib/nwkit
copying nwkit/pagel_asr.py -> build/lib/nwkit
copying nwkit/__main__.py -> build/lib/nwkit
copying nwkit/dist.py -> build/lib/nwkit
copying nwkit/gaussian.py -> build/lib/nwkit
copying nwkit/nwk2table.py -> build/lib/nwkit
copying nwkit/fasta.py -> build/lib/nwkit
copying nwkit/contrast.py -> build/lib/nwkit
copying nwkit/cladefreq.py -> build/lib/nwkit
copying nwkit/draw_quality.py -> build/lib/nwkit
copying nwkit/drop.py -> build/lib/nwkit
copying nwkit/asr_comparison.py -> build/lib/nwkit
copying nwkit/asr_input.py -> build/lib/nwkit
copying nwkit/draw_layouts.py -> build/lib/nwkit
copying nwkit/draw_types.py -> build/lib/nwkit
copying nwkit/shift_convergence.py -> build/lib/nwkit
copying nwkit/trait_input.py -> build/lib/nwkit
copying nwkit/ordinary_regression.py -> build/lib/nwkit
copying nwkit/replicates.py -> build/lib/nwkit
creating build/lib/nwkit/data_tree
copying nwkit/data_tree/apgiv.nwk -> build/lib/nwkit/data_tree
creating build/lib/nwkit/data_model
copying nwkit/data_model/ECMunrest.txt -> build/lib/nwkit/data_model
copying nwkit/data_model/lg.txt -> build/lib/nwkit/data_model
copying nwkit/data_model/ECMrest.txt -> build/lib/nwkit/data_model
creating build/lib/nwkit/data_iqtree
copying nwkit/data_iqtree/worker.cpp -> build/lib/nwkit/data_iqtree
installing to build/bdist.macosx-10.9-x86_64/wheel
running install
running install_lib
creating build/bdist.macosx-10.9-x86_64/wheel
creating build/bdist.macosx-10.9-x86_64/wheel/nwkit
copying build/lib/nwkit/asr_bootstrap_intervals.py -> build/bdist.macosx-10.9-x86_64/wheel/./nwkit
copying build/lib/nwkit/transformed_continuous_asr.py -> build/bdist.macosx-10.9-x86_64/wheel/./nwkit
copying build/lib/nwkit/radte_sequence_fit.py -> build/bdist.macosx-10.9-x86_64/wheel/./nwkit
copying build/lib/nwkit/mark.py -> build/bdist.macosx-10.9-x86_64/wheel/./nwkit
copying build/lib/nwkit/rescale.py -> build/bdist.macosx-10.9-x86_64/wheel/./nwkit
copying build/lib/nwkit/vector_simulation.py -> build/bdist.macosx-10.9-x86_64/wheel/./nwkit
copying build/lib/nwkit/asr_averaging.py -> build/bdist.macosx-10.9-x86_64/wheel/./nwkit
copying build/lib/nwkit/shift_reference.py -> build/bdist.macosx-10.9-x86_64/wheel/./nwkit
copying build/lib/nwkit/vector_mean.py -> build/bdist.macosx-10.9-x86_64/wheel/./nwkit
copying build/lib/nwkit/compiled_tree.py -> build/bdist.macosx-10.9-x86_64/wheel/./nwkit
copying build/lib/nwkit/file_paths.py -> build/bdist.macosx-10.9-x86_64/wheel/./nwkit
copying build/lib/nwkit/model_matrix.py -> build/bdist.macosx-10.9-x86_64/wheel/./nwkit
copying build/lib/nwkit/ou_asr.py -> build/bdist.macosx-10.9-x86_64/wheel/./nwkit
copying build/lib/nwkit/asr_regimes.py -> build/bdist.macosx-10.9-x86_64/wheel/./nwkit
copying build/lib/nwkit/regime_drift_asr.py -> build/bdist.macosx-10.9-x86_64/wheel/./nwkit
copying build/lib/nwkit/draw_setup.py -> build/bdist.macosx-10.9-x86_64/wheel/./nwkit
copying build/lib/nwkit/root_compare.py -> build/bdist.macosx-10.9-x86_64/wheel/./nwkit
copying build/lib/nwkit/tree_outputs.py -> build/bdist.macosx-10.9-x86_64/wheel/./nwkit
copying build/lib/nwkit/skim.py -> build/bdist.macosx-10.9-x86_64/wheel/./nwkit
copying build/lib/nwkit/shift_math.py -> build/bdist.macosx-10.9-x86_64/wheel/./nwkit
copying build/lib/nwkit/radte_components.py -> build/bdist.macosx-10.9-x86_64/wheel/./nwkit
copying build/lib/nwkit/radte_species.py -> build/bdist.macosx-10.9-x86_64/wheel/./nwkit
copying build/lib/nwkit/branch_gaussian.py -> build/bdist.macosx-10.9-x86_64/wheel/./nwkit
copying build/lib/nwkit/nonstationary_continuous_asr.py -> build/bdist.macosx-10.9-x86_64/wheel/./nwkit
copying build/lib/nwkit/iqtree_library.py -> build/bdist.macosx-10.9-x86_64/wheel/./nwkit
copying build/lib/nwkit/table2nwk.py -> build/bdist.macosx-10.9-x86_64/wheel/./nwkit
copying build/lib/nwkit/asr_compare_figure.py -> build/bdist.macosx-10.9-x86_64/wheel/./nwkit
copying build/lib/nwkit/multivariate_asr.py -> build/bdist.macosx-10.9-x86_64/wheel/./nwkit
copying build/lib/nwkit/radte.py -> build/bdist.macosx-10.9-x86_64/wheel/./nwkit
copying build/lib/nwkit/monophyly.py -> build/bdist.macosx-10.9-x86_64/wheel/./nwkit
copying build/lib/nwkit/draw_output.py -> build/bdist.macosx-10.9-x86_64/wheel/./nwkit
copying build/lib/nwkit/shift_calibration.py -> build/bdist.macosx-10.9-x86_64/wheel/./nwkit
copying build/lib/nwkit/sparse_laplace.py -> build/bdist.macosx-10.9-x86_64/wheel/./nwkit
copying build/lib/nwkit/hidden_rate_asr.py -> build/bdist.macosx-10.9-x86_64/wheel/./nwkit
copying build/lib/nwkit/continuous_asr.py -> build/bdist.macosx-10.9-x86_64/wheel/./nwkit
copying build/lib/nwkit/continuous_asr_optimize.py -> build/bdist.macosx-10.9-x86_64/wheel/./nwkit
copying build/lib/nwkit/nhx2nwk.py -> build/bdist.macosx-10.9-x86_64/wheel/./nwkit
copying build/lib/nwkit/rsc_diagnostics.py -> build/bdist.macosx-10.9-x86_64/wheel/./nwkit
copying build/lib/nwkit/dtt.py -> build/bdist.macosx-10.9-x86_64/wheel/./nwkit
copying build/lib/nwkit/compose.py -> build/bdist.macosx-10.9-x86_64/wheel/./nwkit
copying build/lib/nwkit/radte_marginal.py -> build/bdist.macosx-10.9-x86_64/wheel/./nwkit
copying build/lib/nwkit/root_evaluation.py -> build/bdist.macosx-10.9-x86_64/wheel/./nwkit
copying build/lib/nwkit/rename.py -> build/bdist.macosx-10.9-x86_64/wheel/./nwkit
copying build/lib/nwkit/regression_pipeline.py -> build/bdist.macosx-10.9-x86_64/wheel/./nwkit
copying build/lib/nwkit/util.py -> build/bdist.macosx-10.9-x86_64/wheel/./nwkit
copying build/lib/nwkit/species_parser.py -> build/bdist.macosx-10.9-x86_64/wheel/./nwkit
copying build/lib/nwkit/latent_gaussian.py -> build/bdist.macosx-10.9-x86_64/wheel/./nwkit
copying build/lib/nwkit/rf_distance.py -> build/bdist.macosx-10.9-x86_64/wheel/./nwkit
copying build/lib/nwkit/full_ou_fit.py -> build/bdist.macosx-10.9-x86_64/wheel/./nwkit
copying build/lib/nwkit/vector_fit.py -> build/bdist.macosx-10.9-x86_64/wheel/./nwkit
copying build/lib/nwkit/tree_formats.py -> build/bdist.macosx-10.9-x86_64/wheel/./nwkit
copying build/lib/nwkit/asr_diagnostics.py -> build/bdist.macosx-10.9-x86_64/wheel/./nwkit
copying build/lib/nwkit/discrete_observation.py -> build/bdist.macosx-10.9-x86_64/wheel/./nwkit
copying build/lib/nwkit/evolution.py -> build/bdist.macosx-10.9-x86_64/wheel/./nwkit
copying build/lib/nwkit/radte_iqtree.py -> build/bdist.macosx-10.9-x86_64/wheel/./nwkit
copying build/lib/nwkit/convert.py -> build/bdist.macosx-10.9-x86_64/wheel/./nwkit
copying build/lib/nwkit/radte_uncertainty.py -> build/bdist.macosx-10.9-x86_64/wheel/./nwkit
copying build/lib/nwkit/asr_heatmap.py -> build/bdist.macosx-10.9-x86_64/wheel/./nwkit
copying build/lib/nwkit/phylogenetic_predictive.py -> build/bdist.macosx-10.9-x86_64/wheel/./nwkit
copying build/lib/nwkit/iqtree_worker.py -> build/bdist.macosx-10.9-x86_64/wheel/./nwkit
copying build/lib/nwkit/gaussian_inference.py -> build/bdist.macosx-10.9-x86_64/wheel/./nwkit
copying build/lib/nwkit/optimization.py -> build/bdist.macosx-10.9-x86_64/wheel/./nwkit
copying build/lib/nwkit/collapse.py -> build/bdist.macosx-10.9-x86_64/wheel/./nwkit
copying build/lib/nwkit/subtree.py -> build/bdist.macosx-10.9-x86_64/wheel/./nwkit
copying build/lib/nwkit/__init__.py -> build/bdist.macosx-10.9-x86_64/wheel/./nwkit
copying build/lib/nwkit/asr_paths.py -> build/bdist.macosx-10.9-x86_64/wheel/./nwkit
copying build/lib/nwkit/continuous_observation.py -> build/bdist.macosx-10.9-x86_64/wheel/./nwkit
copying build/lib/nwkit/radte_paml.py -> build/bdist.macosx-10.9-x86_64/wheel/./nwkit
creating build/bdist.macosx-10.9-x86_64/wheel/nwkit/data_tree
copying build/lib/nwkit/data_tree/apgiv.nwk -> build/bdist.macosx-10.9-x86_64/wheel/./nwkit/data_tree
copying build/lib/nwkit/asr.py -> build/bdist.macosx-10.9-x86_64/wheel/./nwkit
copying build/lib/nwkit/mcmctree.py -> build/bdist.macosx-10.9-x86_64/wheel/./nwkit
copying build/lib/nwkit/asr_multivariate_diagnostics.py -> build/bdist.macosx-10.9-x86_64/wheel/./nwkit
copying build/lib/nwkit/multivariate_gaussian_asr.py -> build/bdist.macosx-10.9-x86_64/wheel/./nwkit
copying build/lib/nwkit/vector_ou_fit.py -> build/bdist.macosx-10.9-x86_64/wheel/./nwkit
copying build/lib/nwkit/annotate.py -> build/bdist.macosx-10.9-x86_64/wheel/./nwkit
copying build/lib/nwkit/asr_cross_validation.py -> build/bdist.macosx-10.9-x86_64/wheel/./nwkit
copying build/lib/nwkit/image_metadata.py -> build/bdist.macosx-10.9-x86_64/wheel/./nwkit
copying build/lib/nwkit/radte_ensemble.py -> build/bdist.macosx-10.9-x86_64/wheel/./nwkit
copying build/lib/nwkit/vector_gaussian.py -> build/bdist.macosx-10.9-x86_64/wheel/./nwkit
copying build/lib/nwkit/asr_models.py -> build/bdist.macosx-10.9-x86_64/wheel/./nwkit
copying build/lib/nwkit/shift_backend_probe.py -> build/bdist.macosx-10.9-x86_64/wheel/./nwkit
copying build/lib/nwkit/constrain.py -> build/bdist.macosx-10.9-x86_64/wheel/./nwkit
copying build/lib/nwkit/shuffle.py -> build/bdist.macosx-10.9-x86_64/wheel/./nwkit
copying build/lib/nwkit/reconciliation_properties.py -> build/bdist.macosx-10.9-x86_64/wheel/./nwkit
copying build/lib/nwkit/time_tree.py -> build/bdist.macosx-10.9-x86_64/wheel/./nwkit
copying build/lib/nwkit/continuous_asr_process.py -> build/bdist.macosx-10.9-x86_64/wheel/./nwkit
copying build/lib/nwkit/asr_tree_ensemble.py -> build/bdist.macosx-10.9-x86_64/wheel/./nwkit
copying build/lib/nwkit/clade_mapping.py -> build/bdist.macosx-10.9-x86_64/wheel/./nwkit
copying build/lib/nwkit/transfer.py -> build/bdist.macosx-10.9-x86_64/wheel/./nwkit
copying build/lib/nwkit/validate.py -> build/bdist.macosx-10.9-x86_64/wheel/./nwkit
copying build/lib/nwkit/result_plot_data.py -> build/bdist.macosx-10.9-x86_64/wheel/./nwkit
creating build/bdist.macosx-10.9-x86_64/wheel/nwkit/data_model
copying build/lib/nwkit/data_model/ECMunrest.txt -> build/bdist.macosx-10.9-x86_64/wheel/./nwkit/data_model
copying build/lib/nwkit/data_model/lg.txt -> build/bdist.macosx-10.9-x86_64/wheel/./nwkit/data_model
copying build/lib/nwkit/data_model/ECMrest.txt -> build/bdist.macosx-10.9-x86_64/wheel/./nwkit/data_model
copying build/lib/nwkit/shift.py -> build/bdist.macosx-10.9-x86_64/wheel/./nwkit
copying build/lib/nwkit/model_specs.py -> build/bdist.macosx-10.9-x86_64/wheel/./nwkit
copying build/lib/nwkit/conventions.py -> build/bdist.macosx-10.9-x86_64/wheel/./nwkit
copying build/lib/nwkit/cli.py -> build/bdist.macosx-10.9-x86_64/wheel/./nwkit
copying build/lib/nwkit/radte_sequence.py -> build/bdist.macosx-10.9-x86_64/wheel/./nwkit
copying build/lib/nwkit/threshold_asr.py -> build/bdist.macosx-10.9-x86_64/wheel/./nwkit
copying build/lib/nwkit/consensus.py -> build/bdist.macosx-10.9-x86_64/wheel/./nwkit
copying build/lib/nwkit/vector_processes.py -> build/bdist.macosx-10.9-x86_64/wheel/./nwkit
copying build/lib/nwkit/asr_compare.py -> build/bdist.macosx-10.9-x86_64/wheel/./nwkit
copying build/lib/nwkit/asr_continuous_diagnostics.py -> build/bdist.macosx-10.9-x86_64/wheel/./nwkit
copying build/lib/nwkit/asr_tip_labels.py -> build/bdist.macosx-10.9-x86_64/wheel/./nwkit
copying build/lib/nwkit/result_plot_cli.py -> build/bdist.macosx-10.9-x86_64/wheel/./nwkit
copying build/lib/nwkit/rooting_state.py -> build/bdist.macosx-10.9-x86_64/wheel/./nwkit
copying build/lib/nwkit/radte_studentized.py -> build/bdist.macosx-10.9-x86_64/wheel/./nwkit
copying build/lib/nwkit/label.py -> build/bdist.macosx-10.9-x86_64/wheel/./nwkit
creating build/bdist.macosx-10.9-x86_64/wheel/nwkit/data_iqtree
copying build/lib/nwkit/data_iqtree/worker.cpp -> build/bdist.macosx-10.9-x86_64/wheel/./nwkit/data_iqtree
copying build/lib/nwkit/continuous_asr_io.py -> build/bdist.macosx-10.9-x86_64/wheel/./nwkit
copying build/lib/nwkit/disparity.py -> build/bdist.macosx-10.9-x86_64/wheel/./nwkit
copying build/lib/nwkit/general_ou_asr.py -> build/bdist.macosx-10.9-x86_64/wheel/./nwkit
copying build/lib/nwkit/markov_gaussian_asr.py -> build/bdist.macosx-10.9-x86_64/wheel/./nwkit
copying build/lib/nwkit/regime_gaussian_asr.py -> build/bdist.macosx-10.9-x86_64/wheel/./nwkit
copying build/lib/nwkit/dtt_cli.py -> build/bdist.macosx-10.9-x86_64/wheel/./nwkit
copying build/lib/nwkit/sample.py -> build/bdist.macosx-10.9-x86_64/wheel/./nwkit
copying build/lib/nwkit/prune.py -> build/bdist.macosx-10.9-x86_64/wheel/./nwkit
copying build/lib/nwkit/asr_discrete_cross_validation.py -> build/bdist.macosx-10.9-x86_64/wheel/./nwkit
copying build/lib/nwkit/dtt_figure.py -> build/bdist.macosx-10.9-x86_64/wheel/./nwkit
copying build/lib/nwkit/radte_inputs.py -> build/bdist.macosx-10.9-x86_64/wheel/./nwkit
copying build/lib/nwkit/shift_candidates.py -> build/bdist.macosx-10.9-x86_64/wheel/./nwkit
copying build/lib/nwkit/shift_bootstrap.py -> build/bdist.macosx-10.9-x86_64/wheel/./nwkit
copying build/lib/nwkit/clade_index.py -> build/bdist.macosx-10.9-x86_64/wheel/./nwkit
copying build/lib/nwkit/asr_compare_panels.py -> build/bdist.macosx-10.9-x86_64/wheel/./nwkit
copying build/lib/nwkit/gaussian_tree.py -> build/bdist.macosx-10.9-x86_64/wheel/./nwkit
copying build/lib/nwkit/diff.py -> build/bdist.macosx-10.9-x86_64/wheel/./nwkit
copying build/lib/nwkit/full_ou.py -> build/bdist.macosx-10.9-x86_64/wheel/./nwkit
copying build/lib/nwkit/shift_results.py -> build/bdist.macosx-10.9-x86_64/wheel/./nwkit
copying build/lib/nwkit/radte_cli.py -> build/bdist.macosx-10.9-x86_64/wheel/./nwkit
copying build/lib/nwkit/shift_cli.py -> build/bdist.macosx-10.9-x86_64/wheel/./nwkit
copying build/lib/nwkit/result_plot.py -> build/bdist.macosx-10.9-x86_64/wheel/./nwkit
copying build/lib/nwkit/radte_compare_plot.py -> build/bdist.macosx-10.9-x86_64/wheel/./nwkit
copying build/lib/nwkit/draw_helpers.py -> build/bdist.macosx-10.9-x86_64/wheel/./nwkit
copying build/lib/nwkit/draw_prep.py -> build/bdist.macosx-10.9-x86_64/wheel/./nwkit
copying build/lib/nwkit/provenance.py -> build/bdist.macosx-10.9-x86_64/wheel/./nwkit
copying build/lib/nwkit/root.py -> build/bdist.macosx-10.9-x86_64/wheel/./nwkit
copying build/lib/nwkit/radte_codon.py -> build/bdist.macosx-10.9-x86_64/wheel/./nwkit
copying build/lib/nwkit/shift_calibrated_output.py -> build/bdist.macosx-10.9-x86_64/wheel/./nwkit
copying build/lib/nwkit/multivariate_pgls.py -> build/bdist.macosx-10.9-x86_64/wheel/./nwkit
copying build/lib/nwkit/intersection.py -> build/bdist.macosx-10.9-x86_64/wheel/./nwkit
copying build/lib/nwkit/asr_figure.py -> build/bdist.macosx-10.9-x86_64/wheel/./nwkit
copying build/lib/nwkit/printlabel.py -> build/bdist.macosx-10.9-x86_64/wheel/./nwkit
copying build/lib/nwkit/measurement_error.py -> build/bdist.macosx-10.9-x86_64/wheel/./nwkit
copying build/lib/nwkit/shift_backend.py -> build/bdist.macosx-10.9-x86_64/wheel/./nwkit
copying build/lib/nwkit/output_transaction.py -> build/bdist.macosx-10.9-x86_64/wheel/./nwkit
copying build/lib/nwkit/info.py -> build/bdist.macosx-10.9-x86_64/wheel/./nwkit
copying build/lib/nwkit/regress.py -> build/bdist.macosx-10.9-x86_64/wheel/./nwkit
copying build/lib/nwkit/radte_compare.py -> build/bdist.macosx-10.9-x86_64/wheel/./nwkit
copying build/lib/nwkit/regime_continuous_asr.py -> build/bdist.macosx-10.9-x86_64/wheel/./nwkit
copying build/lib/nwkit/asr_latent.py -> build/bdist.macosx-10.9-x86_64/wheel/./nwkit
copying build/lib/nwkit/reconcile.py -> build/bdist.macosx-10.9-x86_64/wheel/./nwkit
copying build/lib/nwkit/radte_model.py -> build/bdist.macosx-10.9-x86_64/wheel/./nwkit
copying build/lib/nwkit/draw_render.py -> build/bdist.macosx-10.9-x86_64/wheel/./nwkit
copying build/lib/nwkit/sanitize.py -> build/bdist.macosx-10.9-x86_64/wheel/./nwkit
copying build/lib/nwkit/jump_asr.py -> build/bdist.macosx-10.9-x86_64/wheel/./nwkit
copying build/lib/nwkit/discrete_asr_models.py -> build/bdist.macosx-10.9-x86_64/wheel/./nwkit
copying build/lib/nwkit/draw.py -> build/bdist.macosx-10.9-x86_64/wheel/./nwkit
copying build/lib/nwkit/phylogenetic_glmm.py -> build/bdist.macosx-10.9-x86_64/wheel/./nwkit
copying build/lib/nwkit/image.py -> build/bdist.macosx-10.9-x86_64/wheel/./nwkit
copying build/lib/nwkit/pagel_asr.py -> build/bdist.macosx-10.9-x86_64/wheel/./nwkit
copying build/lib/nwkit/__main__.py -> build/bdist.macosx-10.9-x86_64/wheel/./nwkit
copying build/lib/nwkit/dist.py -> build/bdist.macosx-10.9-x86_64/wheel/./nwkit
copying build/lib/nwkit/gaussian.py -> build/bdist.macosx-10.9-x86_64/wheel/./nwkit
copying build/lib/nwkit/nwk2table.py -> build/bdist.macosx-10.9-x86_64/wheel/./nwkit
copying build/lib/nwkit/fasta.py -> build/bdist.macosx-10.9-x86_64/wheel/./nwkit
copying build/lib/nwkit/contrast.py -> build/bdist.macosx-10.9-x86_64/wheel/./nwkit
copying build/lib/nwkit/cladefreq.py -> build/bdist.macosx-10.9-x86_64/wheel/./nwkit
copying build/lib/nwkit/draw_quality.py -> build/bdist.macosx-10.9-x86_64/wheel/./nwkit
copying build/lib/nwkit/drop.py -> build/bdist.macosx-10.9-x86_64/wheel/./nwkit
copying build/lib/nwkit/asr_comparison.py -> build/bdist.macosx-10.9-x86_64/wheel/./nwkit
copying build/lib/nwkit/asr_input.py -> build/bdist.macosx-10.9-x86_64/wheel/./nwkit
copying build/lib/nwkit/draw_layouts.py -> build/bdist.macosx-10.9-x86_64/wheel/./nwkit
copying build/lib/nwkit/draw_types.py -> build/bdist.macosx-10.9-x86_64/wheel/./nwkit
copying build/lib/nwkit/shift_convergence.py -> build/bdist.macosx-10.9-x86_64/wheel/./nwkit
copying build/lib/nwkit/trait_input.py -> build/bdist.macosx-10.9-x86_64/wheel/./nwkit
copying build/lib/nwkit/ordinary_regression.py -> build/bdist.macosx-10.9-x86_64/wheel/./nwkit
copying build/lib/nwkit/replicates.py -> build/bdist.macosx-10.9-x86_64/wheel/./nwkit
running install_egg_info
running egg_info
writing nwkit.egg-info/PKG-INFO
writing dependency_links to nwkit.egg-info/dependency_links.txt
writing entry points to nwkit.egg-info/entry_points.txt
writing requirements to nwkit.egg-info/requires.txt
writing top-level names to nwkit.egg-info/top_level.txt
reading manifest file 'nwkit.egg-info/SOURCES.txt'
reading manifest template 'MANIFEST.in'
warning: no previously-included files matching '__pycache__' found anywhere in distribution
adding license file 'LICENSE'
writing manifest file 'nwkit.egg-info/SOURCES.txt'
Copying nwkit.egg-info to build/bdist.macosx-10.9-x86_64/wheel/./nwkit-0.43.15-py3.10.egg-info
running install_scripts
creating build/bdist.macosx-10.9-x86_64/wheel/nwkit-0.43.15.dist-info/WHEEL
creating '/Users/kf/.codex/worktrees/bfb0/nwkit/dist/.tmp-4z09ish7/nwkit-0.43.15-py3-none-any.whl' and adding 'build/bdist.macosx-10.9-x86_64/wheel' to it
adding 'nwkit/__init__.py'
adding 'nwkit/__main__.py'
adding 'nwkit/annotate.py'
adding 'nwkit/asr.py'
adding 'nwkit/asr_averaging.py'
adding 'nwkit/asr_bootstrap_intervals.py'
adding 'nwkit/asr_compare.py'
adding 'nwkit/asr_compare_figure.py'
adding 'nwkit/asr_compare_panels.py'
adding 'nwkit/asr_comparison.py'
adding 'nwkit/asr_continuous_diagnostics.py'
adding 'nwkit/asr_cross_validation.py'
adding 'nwkit/asr_diagnostics.py'
adding 'nwkit/asr_discrete_cross_validation.py'
adding 'nwkit/asr_figure.py'
adding 'nwkit/asr_heatmap.py'
adding 'nwkit/asr_input.py'
adding 'nwkit/asr_latent.py'
adding 'nwkit/asr_models.py'
adding 'nwkit/asr_multivariate_diagnostics.py'
adding 'nwkit/asr_paths.py'
adding 'nwkit/asr_regimes.py'
adding 'nwkit/asr_tip_labels.py'
adding 'nwkit/asr_tree_ensemble.py'
adding 'nwkit/branch_gaussian.py'
adding 'nwkit/clade_index.py'
adding 'nwkit/clade_mapping.py'
adding 'nwkit/cladefreq.py'
adding 'nwkit/cli.py'
adding 'nwkit/collapse.py'
adding 'nwkit/compiled_tree.py'
adding 'nwkit/compose.py'
adding 'nwkit/consensus.py'
adding 'nwkit/constrain.py'
adding 'nwkit/continuous_asr.py'
adding 'nwkit/continuous_asr_io.py'
adding 'nwkit/continuous_asr_optimize.py'
adding 'nwkit/continuous_asr_process.py'
adding 'nwkit/continuous_observation.py'
adding 'nwkit/contrast.py'
adding 'nwkit/conventions.py'
adding 'nwkit/convert.py'
adding 'nwkit/diff.py'
adding 'nwkit/discrete_asr_models.py'
adding 'nwkit/discrete_observation.py'
adding 'nwkit/disparity.py'
adding 'nwkit/dist.py'
adding 'nwkit/draw.py'
adding 'nwkit/draw_helpers.py'
adding 'nwkit/draw_layouts.py'
adding 'nwkit/draw_output.py'
adding 'nwkit/draw_prep.py'
adding 'nwkit/draw_quality.py'
adding 'nwkit/draw_render.py'
adding 'nwkit/draw_setup.py'
adding 'nwkit/draw_types.py'
adding 'nwkit/drop.py'
adding 'nwkit/dtt.py'
adding 'nwkit/dtt_cli.py'
adding 'nwkit/dtt_figure.py'
adding 'nwkit/evolution.py'
adding 'nwkit/fasta.py'
adding 'nwkit/file_paths.py'
adding 'nwkit/full_ou.py'
adding 'nwkit/full_ou_fit.py'
adding 'nwkit/gaussian.py'
adding 'nwkit/gaussian_inference.py'
adding 'nwkit/gaussian_tree.py'
adding 'nwkit/general_ou_asr.py'
adding 'nwkit/hidden_rate_asr.py'
adding 'nwkit/image.py'
adding 'nwkit/image_metadata.py'
adding 'nwkit/info.py'
adding 'nwkit/intersection.py'
adding 'nwkit/iqtree_library.py'
adding 'nwkit/iqtree_worker.py'
adding 'nwkit/jump_asr.py'
adding 'nwkit/label.py'
adding 'nwkit/latent_gaussian.py'
adding 'nwkit/mark.py'
adding 'nwkit/markov_gaussian_asr.py'
adding 'nwkit/mcmctree.py'
adding 'nwkit/measurement_error.py'
adding 'nwkit/model_matrix.py'
adding 'nwkit/model_specs.py'
adding 'nwkit/monophyly.py'
adding 'nwkit/multivariate_asr.py'
adding 'nwkit/multivariate_gaussian_asr.py'
adding 'nwkit/multivariate_pgls.py'
adding 'nwkit/nhx2nwk.py'
adding 'nwkit/nonstationary_continuous_asr.py'
adding 'nwkit/nwk2table.py'
adding 'nwkit/optimization.py'
adding 'nwkit/ordinary_regression.py'
adding 'nwkit/ou_asr.py'
adding 'nwkit/output_transaction.py'
adding 'nwkit/pagel_asr.py'
adding 'nwkit/phylogenetic_glmm.py'
adding 'nwkit/phylogenetic_predictive.py'
adding 'nwkit/printlabel.py'
adding 'nwkit/provenance.py'
adding 'nwkit/prune.py'
adding 'nwkit/radte.py'
adding 'nwkit/radte_cli.py'
adding 'nwkit/radte_codon.py'
adding 'nwkit/radte_compare.py'
adding 'nwkit/radte_compare_plot.py'
adding 'nwkit/radte_components.py'
adding 'nwkit/radte_ensemble.py'
adding 'nwkit/radte_inputs.py'
adding 'nwkit/radte_iqtree.py'
adding 'nwkit/radte_marginal.py'
adding 'nwkit/radte_model.py'
adding 'nwkit/radte_paml.py'
adding 'nwkit/radte_sequence.py'
adding 'nwkit/radte_sequence_fit.py'
adding 'nwkit/radte_species.py'
adding 'nwkit/radte_studentized.py'
adding 'nwkit/radte_uncertainty.py'
adding 'nwkit/reconcile.py'
adding 'nwkit/reconciliation_properties.py'
adding 'nwkit/regime_continuous_asr.py'
adding 'nwkit/regime_drift_asr.py'
adding 'nwkit/regime_gaussian_asr.py'
adding 'nwkit/regress.py'
adding 'nwkit/regression_pipeline.py'
adding 'nwkit/rename.py'
adding 'nwkit/replicates.py'
adding 'nwkit/rescale.py'
adding 'nwkit/result_plot.py'
adding 'nwkit/result_plot_cli.py'
adding 'nwkit/result_plot_data.py'
adding 'nwkit/rf_distance.py'
adding 'nwkit/root.py'
adding 'nwkit/root_compare.py'
adding 'nwkit/root_evaluation.py'
adding 'nwkit/rooting_state.py'
adding 'nwkit/rsc_diagnostics.py'
adding 'nwkit/sample.py'
adding 'nwkit/sanitize.py'
adding 'nwkit/shift.py'
adding 'nwkit/shift_backend.py'
adding 'nwkit/shift_backend_probe.py'
adding 'nwkit/shift_bootstrap.py'
adding 'nwkit/shift_calibrated_output.py'
adding 'nwkit/shift_calibration.py'
adding 'nwkit/shift_candidates.py'
adding 'nwkit/shift_cli.py'
adding 'nwkit/shift_convergence.py'
adding 'nwkit/shift_math.py'
adding 'nwkit/shift_reference.py'
adding 'nwkit/shift_results.py'
adding 'nwkit/shuffle.py'
adding 'nwkit/skim.py'
adding 'nwkit/sparse_laplace.py'
adding 'nwkit/species_parser.py'
adding 'nwkit/subtree.py'
adding 'nwkit/table2nwk.py'
adding 'nwkit/threshold_asr.py'
adding 'nwkit/time_tree.py'
adding 'nwkit/trait_input.py'
adding 'nwkit/transfer.py'
adding 'nwkit/transformed_continuous_asr.py'
adding 'nwkit/tree_formats.py'
adding 'nwkit/tree_outputs.py'
adding 'nwkit/util.py'
adding 'nwkit/validate.py'
adding 'nwkit/vector_fit.py'
adding 'nwkit/vector_gaussian.py'
adding 'nwkit/vector_mean.py'
adding 'nwkit/vector_ou_fit.py'
adding 'nwkit/vector_processes.py'
adding 'nwkit/vector_simulation.py'
adding 'nwkit/data_iqtree/worker.cpp'
adding 'nwkit/data_model/ECMrest.txt'
adding 'nwkit/data_model/ECMunrest.txt'
adding 'nwkit/data_model/lg.txt'
adding 'nwkit/data_tree/apgiv.nwk'
adding 'nwkit-0.43.15.dist-info/licenses/LICENSE'
adding 'nwkit-0.43.15.dist-info/METADATA'
adding 'nwkit-0.43.15.dist-info/WHEEL'
adding 'nwkit-0.43.15.dist-info/entry_points.txt'
adding 'nwkit-0.43.15.dist-info/top_level.txt'
adding 'nwkit-0.43.15.dist-info/RECORD'
removing build/bdist.macosx-10.9-x86_64/wheel
Successfully built nwkit-0.43.15.tar.gz and nwkit-0.43.15-py3-none-any.whl
+ /Users/kf/miniforge3/bin/python tools/normalize_sdist.py dist/nwkit-0.43.15.tar.gz
+ /Users/kf/miniforge3/bin/python tools/check_dist.py
/Users/kf/miniforge3/lib/python3.10/site-packages/requests/__init__.py:113: RequestsDependencyWarning: urllib3 (2.6.3) or chardet (7.5.1)/charset_normalizer (3.4.4) doesn't match a supported version!
  warnings.warn(
Checking 
/Users/kf/.codex/worktrees/bfb0/nwkit/dist/nwkit-0.43.15-py3-none-any.whl: PASSED
Checking /Users/kf/.codex/worktrees/bfb0/nwkit/dist/nwkit-0.43.15.tar.gz: PASSED
/Users/kf/.codex/worktrees/bfb0/nwkit/dist/nwkit-0.43.15-py3-none-any.whl: OK
Distribution reproducibility and contents are valid.
