status,age,truth,fitted_rate_sd,rate_variance_estimated,interval_status,interval_available,lower,upper,width,covered,fixed_target,truth_within_domain,full_domain,family,seed,optimizer_seed,target,method,actual_estimator,error
completed,24.55444967874827,20.0,0.17894380467550178,True,conditional-laplace,True,19.67429408541813,29.434605272078407,9.760311186660278,True,False,True,False,0,20261010,20261010,D,laplace,joint-map,
completed,24.55444967874827,20.0,0.17894380467550178,True,conditional-studentized-curvature,True,17.51676683308405,36.0965552067664,18.579788373682355,True,False,True,False,0,20261010,20261010,D,studentized,joint-map,
completed,24.55444967874827,20.0,0.17894380467550178,True,conditional-profile,True,20.40608650919449,30.34858611564419,9.942499606449697,False,False,True,False,0,20261010,20261010,D,profile,joint-map,
completed,23.514357811538275,20.0,0.18886852271732027,True,conditional-laplace,True,18.767144100884362,28.261571522192185,9.494427421307822,True,False,True,False,1,20261011,20261011,D,laplace,joint-map,
completed,23.514357811538275,20.0,0.18886852271732027,True,conditional-studentized-curvature,True,16.774886683069024,34.94834334841099,18.173456665341963,True,False,True,False,1,20261011,20261011,D,studentized,joint-map,
completed,23.514357811538275,20.0,0.18886852271732027,True,conditional-profile,True,19.509317713140426,29.19844493983306,9.689127226692634,True,False,True,False,1,20261011,20261011,D,profile,joint-map,
completed,23.16944697338387,20.0,0.13500289180851363,True,conditional-laplace,True,19.63338146257966,26.705512484188077,7.072131021608417,True,False,True,False,2,20261012,20261012,D,laplace,joint-map,
completed,23.16944697338387,20.0,0.13500289180851363,True,conditional-studentized-curvature,True,17.811489154199126,31.25217553427344,13.440686380074315,True,False,True,False,2,20261012,20261012,D,studentized,joint-map,
completed,23.16944697338387,20.0,0.13500289180851363,True,conditional-profile,True,20.064752334038097,27.220098655389123,7.1553463213510256,False,False,True,False,2,20261012,20261012,D,profile,joint-map,
completed,22.161846956594843,20.0,0.10247951767931368,True,conditional-laplace,True,19.451503800381147,24.87219011280854,5.420686312427392,True,False,True,False,3,20261013,20261013,D,laplace,joint-map,
completed,22.161846956594843,20.0,0.10247951767931368,True,conditional-studentized-curvature,True,17.911718407305198,28.189217805227766,10.277499397922568,True,False,True,False,3,20261013,20261013,D,studentized,joint-map,
completed,22.161846956594843,20.0,0.10247951767931368,True,conditional-profile,True,19.72657877329042,25.18981549814123,5.463236724850809,True,False,True,False,3,20261013,20261013,D,profile,joint-map,
completed,21.768213077931833,20.0,0.41428353305217197,True,conditional-laplace,True,13.300589813019757,30.235836342843907,16.93524652982415,True,False,True,False,4,20261014,20261014,D,laplace,joint-map,
completed,21.768213077931833,20.0,0.41428353305217197,True,conditional-studentized-curvature,True,12.779206769004382,47.373220006431964,34.59401323742758,True,False,True,False,4,20261014,20261014,D,studentized,joint-map,
completed,21.768213077931833,20.0,0.41428353305217197,True,conditional-profile,True,15.730589727582132,34.16458151760683,18.433991790024695,True,False,True,False,4,20261014,20261014,D,profile,joint-map,
completed,21.127032564174915,20.0,0.2716993027499317,True,conditional-laplace,True,15.723956839483764,26.530108288866067,10.806151449382304,True,False,True,False,5,20261015,20261015,D,laplace,joint-map,
completed,21.127032564174915,20.0,0.2716993027499317,True,conditional-studentized-curvature,True,14.279220919375854,35.65358708028696,21.37436616091111,True,False,True,False,5,20261015,20261015,D,studentized,joint-map,
completed,21.127032564174915,20.0,0.2716993027499317,True,conditional-profile,True,16.84577620329537,28.079938787262215,11.234162583966846,True,False,True,False,5,20261015,20261015,D,profile,joint-map,
completed,20.888313044967965,20.0,0.24244203997440741,True,conditional-laplace,True,16.090845461584795,25.685780628351136,9.59493516676634,True,False,True,False,6,20261016,20261016,D,laplace,joint-map,
completed,20.888313044967965,20.0,0.24244203997440741,True,conditional-studentized-curvature,True,14.59266680620457,33.445023140593186,18.852356334388617,True,False,True,False,6,20261016,20261016,D,studentized,joint-map,
completed,20.888313044967965,20.0,0.24244203997440741,True,conditional-profile,True,17.00662908230741,26.913044611795133,9.906415529487724,True,False,True,False,6,20261016,20261016,D,profile,joint-map,
completed,23.75450204165945,20.0,0.3977827407916371,True,conditional-laplace,True,14.239196006826022,33.26980807649288,19.03061206966686,True,False,True,False,7,20261017,20261017,D,laplace,joint-map,
completed,23.75450204165945,20.0,0.3977827407916371,True,conditional-studentized-curvature,True,13.38005118300444,50.92641819854307,37.54636701553863,True,False,True,False,7,20261017,20261017,D,studentized,joint-map,
completed,23.75450204165945,20.0,0.3977827407916371,True,conditional-profile,True,16.88638496144506,37.47130705238791,20.584922090942847,True,False,True,False,7,20261017,20261017,D,profile,joint-map,
completed,20.46538109002624,20.0,0.3091202649819516,True,conditional-laplace,True,14.77204871520775,26.158713464844734,11.386664749636983,True,False,True,False,8,20261018,20261018,D,laplace,joint-map,
completed,20.46538109002624,20.0,0.3091202649819516,True,conditional-studentized-curvature,True,13.585294688699497,36.49949771434753,22.91420302564803,True,False,True,False,8,20261018,20261018,D,studentized,joint-map,
completed,20.46538109002624,20.0,0.3091202649819516,True,conditional-profile,True,16.073537555061172,28.02895451240875,11.955416957347577,True,False,True,False,8,20261018,20261018,D,profile,joint-map,
completed,18.54821847127549,20.0,0.20789112862608158,True,conditional-laplace,True,15.251152278382769,21.84528466416821,6.594132385785443,True,False,True,False,9,20261019,20261019,D,laplace,joint-map,
completed,18.54821847127549,20.0,0.20789112862608158,True,conditional-studentized-curvature,True,14.056604115642465,27.027762905005677,12.971158789363212,True,False,True,False,9,20261019,20261019,D,studentized,joint-map,
completed,18.54821847127549,20.0,0.20789112862608158,True,conditional-profile,True,15.810161995589729,22.566569175920055,6.756407180330326,True,False,True,False,9,20261019,20261019,D,profile,joint-map,
completed,16.862420334251652,20.0,0.36742033715748973,True,conditional-laplace,True,12.421992510863546,21.302848157639755,8.880855646776208,True,False,True,False,10,20261020,20261020,D,laplace,joint-map,
completed,16.862420334251652,20.0,0.36742033715748973,True,conditional-studentized-curvature,True,11.954403025479516,31.136850489444704,19.18244746396519,True,False,True,False,10,20261020,20261020,D,studentized,joint-map,
completed,16.862420334251652,20.0,0.36742033715748973,True,conditional-profile,True,13.592225986012668,23.103963159523317,9.51173717351065,True,False,True,False,10,20261020,20261020,D,profile,joint-map,
completed,18.20435265495449,20.0,0.15502225708987574,True,conditional-laplace,True,15.666541361756785,20.742163948152196,5.075622586395411,True,False,True,False,11,20261021,20261021,D,laplace,joint-map,
completed,18.20435265495449,20.0,0.15502225708987574,True,conditional-studentized-curvature,True,14.528939786285024,24.361330512789166,9.832390726504142,True,False,True,False,11,20261021,20261021,D,studentized,joint-map,
completed,18.20435265495449,20.0,0.15502225708987574,True,conditional-profile,True,16.016931917055082,21.17066371911403,5.1537318020589495,True,False,True,False,11,20261021,20261021,D,profile,joint-map,
completed,19.890752054006175,20.0,0.16750958183069434,True,conditional-laplace,True,16.7133930686407,23.068111039371647,6.354717970730949,True,False,True,False,12,20261022,20261022,D,laplace,joint-map,
completed,19.890752054006175,20.0,0.16750958183069434,True,conditional-studentized-curvature,True,15.314704102297869,27.588531953075,12.273827850777133,True,False,True,False,12,20261022,20261022,D,studentized,joint-map,
completed,19.890752054006175,20.0,0.16750958183069434,True,conditional-profile,True,17.170059670662216,23.63221944387066,6.462159773208445,True,False,True,False,12,20261022,20261022,D,profile,joint-map,
completed,27.61730343877676,20.0,0.2208769350044157,True,conditional-laplace,True,20.617506999481165,34.61709987807235,13.999592878591187,False,False,True,False,13,20261023,20261023,D,laplace,joint-map,
completed,27.61730343877676,20.0,0.2208769350044157,True,conditional-studentized-curvature,True,17.912424071670866,44.25789105049046,26.34546697881959,True,False,True,False,13,20261023,20261023,D,studentized,joint-map,
completed,27.61730343877676,20.0,0.2208769350044157,True,conditional-profile,True,21.840133507350235,36.21024283567021,14.370109328319973,False,False,True,False,13,20261023,20261023,D,profile,joint-map,
completed,17.994657446359327,20.0,0.1408655875168857,True,conditional-laplace,True,15.716196460134825,20.27311843258383,4.556921972449004,True,False,True,False,14,20261024,20261024,D,laplace,joint-map,
completed,17.994657446359327,20.0,0.1408655875168857,True,conditional-studentized-curvature,True,14.629937640964938,23.420229508259276,8.790291867294338,True,False,True,False,14,20261024,20261024,D,studentized,joint-map,
completed,17.994657446359327,20.0,0.1408655875168857,True,conditional-profile,True,16.00716618531003,20.62297998437223,4.615813799062199,True,False,True,False,14,20261024,20261024,D,profile,joint-map,
completed,17.78424956243425,20.0,0.0823912398175957,True,conditional-laplace,True,16.16960240003647,19.39889672483203,3.2292943247955606,False,False,True,False,15,20261025,20261025,D,laplace,joint-map,
completed,17.78424956243425,20.0,0.0823912398175957,True,conditional-studentized-curvature,True,15.242622050374806,21.392439550947884,6.149817500573079,True,False,True,False,15,20261025,20261025,D,studentized,joint-map,
completed,17.78424956243425,20.0,0.0823912398175957,True,conditional-profile,True,16.316298334768536,19.565297820801998,3.248999486033462,False,False,True,False,15,20261025,20261025,D,profile,joint-map,
completed,17.521757382430224,20.0,0.10600059300064117,True,conditional-laplace,True,15.725302393408464,19.31821237145198,3.592909978043517,False,False,True,False,16,20261026,20261026,D,laplace,joint-map,
completed,17.521757382430224,20.0,0.10600059300064117,True,conditional-studentized-curvature,True,14.768373131876086,21.64774584596488,6.879372714088795,True,False,True,False,16,20261026,20261026,D,studentized,joint-map,
completed,17.521757382430224,20.0,0.10600059300064117,True,conditional-profile,True,15.916160755328423,19.539879494928066,3.623718739599642,False,False,True,False,16,20261026,20261026,D,profile,joint-map,
completed,18.29554158772108,20.0,0.09702402422508831,True,conditional-laplace,True,16.364764656297144,20.22631851914501,3.8615538628478667,True,False,True,False,17,20261027,20261027,D,laplace,joint-map,
completed,18.29554158772108,20.0,0.09702402422508831,True,conditional-studentized-curvature,True,15.316618528261973,22.69338184350456,7.376763315242588,True,False,True,False,17,20261027,20261027,D,studentized,joint-map,
completed,18.29554158772108,20.0,0.09702402422508831,True,conditional-profile,True,16.563946971805517,20.45652667402008,3.8925797022145616,True,False,True,False,17,20261027,20261027,D,profile,joint-map,
completed,19.826581648393216,20.0,0.27664324476270064,True,conditional-laplace,True,14.959668188710815,24.693495108075616,9.733826919364802,True,False,True,False,18,20261028,20261028,D,laplace,joint-map,
completed,19.826581648393216,20.0,0.27664324476270064,True,conditional-studentized-curvature,True,13.728376550146875,33.21510222990288,19.486725679756006,True,False,True,False,18,20261028,20261028,D,studentized,joint-map,
completed,19.826581648393216,20.0,0.27664324476270064,True,conditional-profile,True,15.987134373383627,26.122019590707808,10.13488521732418,True,False,True,False,18,20261028,20261028,D,profile,joint-map,
completed,22.606920535859874,20.0,0.4907865781766217,True,conditional-laplace,True,11.936754343627998,33.277086728091746,21.34033238446375,True,False,True,False,19,20261029,20261029,D,laplace,joint-map,
completed,22.606920535859874,20.0,0.4907865781766217,True,conditional-studentized-curvature,True,12.257765753243293,55.69125219793939,43.4334864446961,True,False,True,False,19,20261029,20261029,D,studentized,joint-map,
completed,22.606920535859874,20.0,0.4907865781766217,True,conditional-profile,True,15.407837636894852,39.388306130210594,23.98046849331574,True,False,True,False,19,20261029,20261029,D,profile,joint-map,
completed,23.95987051462274,20.0,0.2132592932714157,True,conditional-laplace,True,18.560239612736197,29.35950141650928,10.799261803773081,True,False,True,False,20,20261030,20261030,D,laplace,joint-map,
completed,23.95987051462274,20.0,0.2132592932714157,True,conditional-studentized-curvature,True,16.497705567568218,37.20027117428207,20.702565606713854,True,False,True,False,20,20261030,20261030,D,studentized,joint-map,
completed,23.95987051462274,20.0,0.2132592932714157,True,conditional-profile,True,19.48069464634328,30.54996704853233,11.06927240218905,True,False,True,False,20,20261030,20261030,D,profile,joint-map,
completed,21.620229530986474,20.0,0.10449081994759249,True,conditional-laplace,True,19.01490089788743,24.22555816408552,5.2106572661980906,True,False,True,False,21,20261031,20261031,D,laplace,joint-map,
completed,21.620229530986474,20.0,0.10449081994759249,True,conditional-studentized-curvature,True,17.544024055931175,27.433244343587333,9.889220287656158,True,False,True,False,21,20261031,20261031,D,studentized,joint-map,
completed,21.620229530986474,20.0,0.10449081994759249,True,conditional-profile,True,19.280996741388186,24.533110374152145,5.252113632763958,True,False,True,False,21,20261031,20261031,D,profile,joint-map,
completed,18.456433531622988,20.0,0.14979906799480186,True,conditional-laplace,True,15.923076738643054,20.98979032460292,5.066713585959867,True,False,True,False,22,20261032,20261032,D,laplace,joint-map,
completed,18.456433531622988,20.0,0.14979906799480186,True,conditional-studentized-curvature,True,14.75585810506901,24.54514116062761,9.789283055558602,True,False,True,False,22,20261032,20261032,D,studentized,joint-map,
completed,18.456433531622988,20.0,0.14979906799480186,True,conditional-profile,True,16.2628257654111,21.40264415018534,5.139818384774237,True,False,True,False,22,20261032,20261032,D,profile,joint-map,
completed,24.625256475811437,20.0,0.04871861156058952,True,conditional-laplace,True,22.234805572925872,27.015707378697,4.78090180577113,False,False,True,False,23,20261033,20261033,D,laplace,joint-map,
completed,24.625256475811437,20.0,0.04871861156058952,True,conditional-studentized-curvature,True,20.675146244184962,29.67449497475524,8.99934873057028,False,False,True,False,23,20261033,20261033,D,studentized,joint-map,
completed,24.625256475811437,20.0,0.04871861156058952,True,conditional-profile,True,22.40969197852115,27.20963814699543,4.799946168474282,False,False,True,False,23,20261033,20261033,D,profile,joint-map,
completed,18.765062676018935,20.0,0.1472942961262201,True,conditional-laplace,True,16.13784162876071,21.39228372327716,5.254442094516449,True,False,True,False,24,20261034,20261034,D,laplace,joint-map,
completed,18.765062676018935,20.0,0.1472942961262201,True,conditional-studentized-curvature,True,14.925076436237944,25.068712294788796,10.143635858550851,True,False,True,False,24,20261034,20261034,D,studentized,joint-map,
completed,18.765062676018935,20.0,0.1472942961262201,True,conditional-profile,True,16.48983840395118,21.81986425600781,5.330025852056632,True,False,True,False,24,20261034,20261034,D,profile,joint-map,
completed,16.94070654283976,20.0,0.16000003067770682,True,conditional-laplace,True,14.72449314216092,19.1569199435186,4.432426801357678,False,False,True,False,25,20261035,20261035,D,laplace,joint-map,
completed,16.94070654283976,20.0,0.16000003067770682,True,conditional-studentized-curvature,True,13.766718130125604,22.40449914015956,8.637781010033958,True,False,True,False,25,20261035,20261035,D,studentized,joint-map,
completed,16.94070654283976,20.0,0.16000003067770682,True,conditional-profile,True,15.03866776497059,19.543303227069767,4.504635462099177,False,False,True,False,25,20261035,20261035,D,profile,joint-map,
completed,17.417342529584843,20.0,0.4725997481569106,True,conditional-laplace,True,11.33188429664771,23.50280076252198,12.170916465874269,True,False,True,False,26,20261036,20261036,D,laplace,joint-map,
completed,17.417342529584843,20.0,0.4725997481569106,True,conditional-studentized-curvature,True,11.486995771127217,39.19714024348005,27.71014447235283,True,False,True,False,26,20261036,20261036,D,studentized,joint-map,
completed,17.417342529584843,20.0,0.4725997481569106,True,conditional-profile,True,13.264929763537953,26.846114907820876,13.581185144282923,True,False,True,False,26,20261036,20261036,D,profile,joint-map,
completed,19.739261058043734,20.0,0.286490274655586,True,conditional-laplace,True,14.77701464997679,24.701507466110684,9.924492816133894,True,False,True,False,27,20261037,20261037,D,laplace,joint-map,
completed,19.739261058043734,20.0,0.286490274655586,True,conditional-studentized-curvature,True,13.592162864376252,33.53986794197995,19.947705077603697,True,False,True,False,27,20261037,20261037,D,studentized,joint-map,
completed,19.739261058043734,20.0,0.286490274655586,True,conditional-profile,True,15.850291070356468,26.208241243729464,10.357950173372997,True,False,True,False,27,20261037,20261037,D,profile,joint-map,
completed,16.60173977026197,20.0,0.16921146401829365,True,conditional-laplace,True,14.438986590975151,18.76449294954879,4.325506358573637,False,False,True,False,28,20261038,20261038,D,laplace,joint-map,
completed,16.60173977026197,20.0,0.16921146401829365,True,conditional-studentized-curvature,True,13.527808463922462,21.98295157610559,8.45514311218313,True,False,True,False,28,20261038,20261038,D,studentized,joint-map,
completed,16.60173977026197,20.0,0.16921146401829365,True,conditional-profile,True,14.753634734601341,19.153986189389997,4.400351454788655,False,False,True,False,28,20261038,20261038,D,profile,joint-map,
completed,24.873724201169217,20.0,0.2374465571712558,True,conditional-laplace,True,18.560276604907518,31.187171797430917,12.6268951925234,True,False,True,False,29,20261039,20261039,D,laplace,joint-map,
completed,24.873724201169217,20.0,0.2374465571712558,True,conditional-studentized-curvature,True,16.380771077707777,40.542071850337145,24.161300772629367,True,False,True,False,29,20261039,20261039,D,studentized,joint-map,
completed,24.873724201169217,20.0,0.2374465571712558,True,conditional-profile,True,19.728197943178294,32.736562161235355,13.00836421805706,True,False,True,False,29,20261039,20261039,D,profile,joint-map,
completed,21.871120886955065,20.0,0.35934804973972295,True,conditional-laplace,True,14.409846625471152,29.332395148438977,14.922548522967825,True,False,True,False,30,20261040,20261040,D,laplace,joint-map,
completed,21.871120886955065,20.0,0.35934804973972295,True,conditional-studentized-curvature,True,13.386252787414142,43.41439895582908,30.028146168414935,True,False,True,False,30,20261040,20261040,D,studentized,joint-map,
completed,21.871120886955065,20.0,0.35934804973972295,True,conditional-profile,True,16.331240821170617,32.25458154407354,15.923340722902921,True,False,True,False,30,20261040,20261040,D,profile,joint-map,
completed,21.113526879022977,20.0,0.4443813747967766,True,conditional-laplace,True,12.559081566951598,29.66797219109436,17.108890624142763,True,False,True,False,31,20261041,20261041,D,laplace,joint-map,
completed,21.113526879022977,20.0,0.4443813747967766,True,conditional-studentized-curvature,True,12.378980604697002,48.006869308777745,35.627888704080746,True,False,True,False,31,20261041,20261041,D,studentized,joint-map,
completed,21.113526879022977,20.0,0.4443813747967766,True,conditional-profile,True,15.146928996789935,33.99555652014452,18.848627523354583,True,False,True,False,31,20261041,20261041,D,profile,joint-map,
completed,24.412178104365175,20.0,0.13431789540747266,True,conditional-laplace,True,20.517402845617212,28.306953363113134,7.789550517495922,False,False,True,False,32,20261042,20261042,D,laplace,joint-map,
completed,24.412178104365175,20.0,0.13431789540747266,True,conditional-studentized-curvature,True,18.5001974031429,33.262367802455714,14.762170399312815,True,False,True,False,32,20261042,20261042,D,studentized,joint-map,
completed,24.412178104365175,20.0,0.13431789540747266,True,conditional-profile,True,20.995712765185758,28.878372226261654,7.882659461075896,False,False,True,False,32,20261042,20261042,D,profile,joint-map,
completed,20.0296095949582,20.0,0.3040616210880288,True,conditional-laplace,True,14.613186869744585,25.446032320171813,10.832845450427229,True,False,True,False,33,20261043,20261043,D,laplace,joint-map,
completed,20.0296095949582,20.0,0.3040616210880288,True,conditional-studentized-curvature,True,13.47232264800942,35.34308904241796,21.870766394408538,True,False,True,False,33,20261043,20261043,D,studentized,joint-map,
completed,20.0296095949582,20.0,0.3040616210880288,True,conditional-profile,True,15.8435014020306,27.208880980298815,11.365379578268215,True,False,True,False,33,20261043,20261043,D,profile,joint-map,
completed,22.00692582012287,20.0,0.5890542840874637,True,unavailable-gaussian-interval-crosses-bound,False,,,,False,False,True,False,34,20261044,20261044,D,laplace,joint-map,
completed,22.00692582012287,20.0,0.5890542840874637,True,conditional-studentized-curvature,True,11.523872115538898,62.1217540566375,50.5978819410986,True,False,True,False,34,20261044,20261044,D,studentized,joint-map,
completed,22.00692582012287,20.0,0.5890542840874637,True,conditional-profile,True,14.362816286760683,43.04502457587052,28.682208289109838,True,False,True,False,34,20261044,20261044,D,profile,joint-map,
completed,18.316644839202493,20.0,0.30003858900749925,True,conditional-laplace,True,13.885924469326225,22.747365209078758,8.861440739752533,True,False,True,False,35,20261045,20261045,D,laplace,joint-map,
completed,18.316644839202493,20.0,0.30003858900749925,True,conditional-studentized-curvature,True,12.948621059014984,31.089685320937015,18.141064261922033,True,False,True,False,35,20261045,20261045,D,studentized,joint-map,
completed,18.316644839202493,20.0,0.30003858900749925,True,conditional-profile,True,14.88074713204374,24.165601075842986,9.284853943799245,True,False,True,False,35,20261045,20261045,D,profile,joint-map,
completed,20.911897380914873,20.0,0.2222946253317005,True,conditional-laplace,True,16.473882395462557,25.349912366367192,8.876029970904636,True,False,True,False,36,20261046,20261046,D,laplace,joint-map,
completed,20.911897380914873,20.0,0.2222946253317005,True,conditional-studentized-curvature,True,14.92842307150642,32.25902654582621,17.330603474319787,True,False,True,False,36,20261046,20261046,D,studentized,joint-map,
completed,20.911897380914873,20.0,0.2222946253317005,True,conditional-profile,True,17.263793212634884,26.38464111560075,9.120847902965867,True,False,True,False,36,20261046,20261046,D,profile,joint-map,
completed,24.40046753857757,20.0,0.08175187553516877,True,conditional-laplace,True,21.569676184195828,27.231258892959307,5.661582708763479,False,False,True,False,37,20261047,20261047,D,laplace,joint-map,
completed,24.40046753857757,20.0,0.08175187553516877,True,conditional-studentized-curvature,True,19.845342118764677,30.523479010808607,10.67813689204393,True,False,True,False,37,20261047,20261047,D,studentized,joint-map,
completed,24.40046753857757,20.0,0.08175187553516877,True,conditional-profile,True,21.82381821906968,27.519703025566113,5.695884806496434,False,False,True,False,37,20261047,20261047,D,profile,joint-map,
completed,24.41369844608822,20.0,0.10958568881649243,True,conditional-laplace,True,20.95448307051875,27.872913821657686,6.918430751138935,False,False,True,False,38,20261048,20261048,D,laplace,joint-map,
completed,24.41369844608822,20.0,0.10958568881649243,True,conditional-studentized-curvature,True,19.035310094356618,32.11900036840071,13.083690274044095,True,False,True,False,38,20261048,20261048,D,studentized,joint-map,
completed,24.41369844608822,20.0,0.10958568881649243,True,conditional-profile,True,21.33268009393813,28.31518829582947,6.9825082018913385,False,False,True,False,38,20261048,20261048,D,profile,joint-map,
completed,25.75609354486963,20.0,0.08647926433124828,True,conditional-laplace,True,22.576314671719423,28.935872418019834,6.3595577463004105,False,False,True,False,39,20261049,20261049,D,laplace,joint-map,
completed,25.75609354486963,20.0,0.08647926433124828,True,conditional-studentized-curvature,True,20.64528031743953,32.62115179502269,11.975871477583162,False,False,True,False,39,20261049,20261049,D,studentized,joint-map,
completed,25.75609354486963,20.0,0.08647926433124828,True,conditional-profile,True,22.87080948608414,29.27164505779547,6.40083557171133,False,False,True,False,39,20261049,20261049,D,profile,joint-map,
completed,21.330142130976544,20.0,0.2998318920294875,True,conditional-laplace,True,15.303212229738875,27.357072032214212,12.053859802475337,True,False,True,False,40,20261050,20261050,D,laplace,joint-map,
completed,21.330142130976544,20.0,0.2998318920294875,True,conditional-studentized-curvature,True,13.959230692071312,37.96364298447254,24.00441229240123,True,False,True,False,40,20261050,20261050,D,studentized,joint-map,
completed,21.330142130976544,20.0,0.2998318920294875,True,conditional-profile,True,16.65522722492406,29.28419573017386,12.628968505249798,True,False,True,False,40,20261050,20261050,D,profile,joint-map,
completed,24.316614194816943,20.0,0.4091898666701244,True,conditional-laplace,True,14.15518068064332,34.478047708990566,20.322867028347247,True,False,True,False,41,20261051,20261051,D,laplace,joint-map,
completed,24.316614194816943,20.0,0.4091898666701244,True,conditional-studentized-curvature,True,13.367123079923186,53.14131507233421,39.77419199241102,True,False,True,False,41,20261051,20261051,D,studentized,joint-map,
completed,24.316614194816943,20.0,0.4091898666701244,True,conditional-profile,True,17.040060385804814,39.11196936491816,22.071908979113346,True,False,True,False,41,20261051,20261051,D,profile,joint-map,
completed,23.004406880837,20.0,0.11078201389364806,True,conditional-laplace,True,19.944751288150783,26.06406247352321,6.119311185372428,True,False,True,False,42,20261052,20261052,D,laplace,joint-map,
completed,23.004406880837,20.0,0.11078201389364806,True,conditional-studentized-curvature,True,18.245200493822257,29.843893112931234,11.598692619108977,True,False,True,False,42,20261052,20261052,D,studentized,joint-map,
completed,23.004406880837,20.0,0.11078201389364806,True,conditional-profile,True,20.273130567587092,26.446774596100845,6.173644028513753,False,False,True,False,42,20261052,20261052,D,profile,joint-map,
completed,20.380207928593048,20.0,0.1565238364656909,True,conditional-laplace,True,17.218198852892897,23.5422170042932,6.324018151400303,True,False,True,False,43,20261053,20261053,D,laplace,joint-map,
completed,20.380207928593048,20.0,0.1565238364656909,True,conditional-studentized-curvature,True,15.758784400435388,27.921341930691565,12.162557530256176,True,False,True,False,43,20261053,20261053,D,studentized,joint-map,
completed,20.380207928593048,20.0,0.1565238364656909,True,conditional-profile,True,17.650867733719288,24.07065057462195,6.419782840902663,True,False,True,False,43,20261053,20261053,D,profile,joint-map,
completed,20.32687875753939,20.0,0.16620548033093566,True,conditional-laplace,True,17.039865602292117,23.613891912786656,6.5740263104945384,True,False,True,False,44,20261054,20261054,D,laplace,joint-map,
completed,20.32687875753939,20.0,0.16620548033093566,True,conditional-studentized-curvature,True,15.57634070676551,28.249611470298554,12.673270763533043,True,False,True,False,44,20261054,20261054,D,studentized,joint-map,
completed,20.32687875753939,20.0,0.16620548033093566,True,conditional-profile,True,17.508616215431328,24.19192884128727,6.683312625855944,True,False,True,False,44,20261054,20261054,D,profile,joint-map,
completed,18.97121270187107,20.0,0.1704402564651693,True,conditional-laplace,True,16.047086061918737,21.89533934182341,5.848253279904672,True,False,True,False,45,20261055,20261055,D,laplace,joint-map,
completed,18.97121270187107,20.0,0.1704402564651693,True,conditional-studentized-curvature,True,14.785568386766148,26.12503121926844,11.339462832502292,True,False,True,False,45,20261055,20261055,D,studentized,joint-map,
completed,18.97121270187107,20.0,0.1704402564651693,True,conditional-profile,True,16.472727426997526,22.42267407297137,5.949946645973842,True,False,True,False,45,20261055,20261055,D,profile,joint-map,
completed,16.471076690181764,20.0,0.13551972351184713,True,conditional-laplace,True,14.651092517000734,18.291060863362794,3.6399683463620605,False,False,True,False,46,20261056,20261056,D,laplace,joint-map,
completed,16.471076690181764,20.0,0.13551972351184713,True,conditional-studentized-curvature,True,13.784190987040162,20.82616998833061,7.041979001290446,True,False,True,False,46,20261056,20261056,D,studentized,joint-map,
completed,16.471076690181764,20.0,0.13551972351184713,True,conditional-profile,True,14.878533181533651,18.56314421177198,3.6846110302383295,False,False,True,False,46,20261056,20261056,D,profile,joint-map,
completed,15.201412307717074,20.0,0.17965107403237784,True,conditional-laplace,True,13.372146298110405,17.030678317323744,3.6585320192133395,False,False,True,False,47,20261057,20261057,D,laplace,joint-map,
completed,15.201412307717074,20.0,0.17965107403237784,True,conditional-studentized-curvature,True,12.660787132881266,19.893140391020236,7.23235325813897,False,False,True,False,47,20261057,20261057,D,studentized,joint-map,
completed,15.201412307717074,20.0,0.17965107403237784,True,conditional-profile,True,13.65478116473901,17.385587456790454,3.7308062920514438,False,False,True,False,47,20261057,20261057,D,profile,joint-map,
completed,16.850971285530477,20.0,0.11946580236120347,True,conditional-laplace,True,15.022789244399853,18.679153326661105,3.656364082261252,False,False,True,False,48,20261058,20261058,D,laplace,joint-map,
completed,16.850971285530477,20.0,0.11946580236120347,True,conditional-studentized-curvature,True,14.117281046007765,21.163773902524543,7.046492856516778,True,False,True,False,48,20261058,20261058,D,studentized,joint-map,
completed,16.850971285530477,20.0,0.11946580236120347,True,conditional-profile,True,15.238495577703093,18.934198482933937,3.695702905230844,False,False,True,False,48,20261058,20261058,D,profile,joint-map,
completed,21.376757440329264,20.0,0.25009980149419925,True,conditional-laplace,True,16.269633212973538,26.48388166768499,10.214248454711452,True,False,True,False,49,20261059,20261059,D,laplace,joint-map,
completed,21.376757440329264,20.0,0.25009980149419925,True,conditional-studentized-curvature,True,14.709189892713294,34.7457216322893,20.03653173957601,True,False,True,False,49,20261059,20261059,D,studentized,joint-map,
completed,21.376757440329264,20.0,0.25009980149419925,True,conditional-profile,True,17.260849477703818,27.820029562888145,10.559180085184327,True,False,True,False,49,20261059,20261059,D,profile,joint-map,
completed,16.438466342890365,20.0,0.152764145043094,True,conditional-laplace,True,14.448809674023543,18.428123011757187,3.979313337733643,False,False,True,False,50,20261060,20261060,D,laplace,joint-map,
completed,16.438466342890365,20.0,0.152764145043094,True,conditional-studentized-curvature,True,13.568059345960613,21.315720745366367,7.747661399405754,True,False,True,False,50,20261060,20261060,D,studentized,joint-map,
completed,16.438466342890365,20.0,0.152764145043094,True,conditional-profile,True,14.721563204260109,18.760907921408567,4.039344717148458,False,False,True,False,50,20261060,20261060,D,profile,joint-map,
completed,20.1568857627569,20.0,0.26581965195021034,True,conditional-laplace,True,15.320383807972583,24.99338771754122,9.673003909568639,True,False,True,False,51,20261061,20261061,D,laplace,joint-map,
completed,20.1568857627569,20.0,0.26581965195021034,True,conditional-studentized-curvature,True,13.999120848680134,33.23463244243054,19.235511593750402,True,False,True,False,51,20261061,20261061,D,studentized,joint-map,
completed,20.1568857627569,20.0,0.26581965195021034,True,conditional-profile,True,16.307705500851235,26.34860907001088,10.040903569159646,True,False,True,False,51,20261061,20261061,D,profile,joint-map,
completed,23.986075654121024,20.0,0.4063087744735121,True,conditional-laplace,True,14.11180612155527,33.86034518668677,19.748539065131503,True,False,True,False,52,20261062,20261062,D,laplace,joint-map,
completed,23.986075654121024,20.0,0.4063087744735121,True,conditional-studentized-curvature,True,13.326865245056068,52.17781858436453,38.85095333930846,True,False,True,False,52,20261062,20261062,D,studentized,joint-map,
completed,23.986075654121024,20.0,0.4063087744735121,True,conditional-profile,True,16.903563642979744,38.33383067554657,21.430267032566828,True,False,True,False,52,20261062,20261062,D,profile,joint-map,
completed,25.574255172102344,20.0,0.41091228308955374,True,conditional-laplace,True,14.496629522186966,36.65188082201772,22.15525129983076,True,False,True,False,53,20261063,20261063,D,laplace,joint-map,
completed,25.574255172102344,20.0,0.41091228308955374,True,conditional-studentized-curvature,True,13.604210359162067,56.090381581359104,42.48617122219704,True,False,True,False,53,20261063,20261063,D,studentized,joint-map,
completed,25.574255172102344,20.0,0.41091228308955374,True,conditional-profile,True,17.64735757638965,41.71912470919024,24.07176713280059,True,False,True,False,53,20261063,20261063,D,profile,joint-map,
completed,19.448473163404717,20.0,0.21167661925376804,True,conditional-laplace,True,15.736829350899217,23.16011697591022,7.423287625011003,True,False,True,False,54,20261064,20261064,D,laplace,joint-map,
completed,19.448473163404717,20.0,0.21167661925376804,True,conditional-studentized-curvature,True,14.408881996851546,28.97173827126382,14.562856274412274,True,False,True,False,54,20261064,20261064,D,studentized,joint-map,
completed,19.448473163404717,20.0,0.21167661925376804,True,conditional-profile,True,16.37673817540637,23.98998877018212,7.613250594775749,True,False,True,False,54,20261064,20261064,D,profile,joint-map,
completed,21.31457546177622,20.0,0.10720705474709036,True,conditional-laplace,True,18.709904650976274,23.919246272576167,5.209341621599894,True,False,True,False,55,20261065,20261065,D,laplace,joint-map,
completed,21.31457546177622,20.0,0.10720705474709036,True,conditional-studentized-curvature,True,17.261852888632223,27.15996609009075,9.898113201458528,True,False,True,False,55,20261065,20261065,D,studentized,joint-map,
completed,21.31457546177622,20.0,0.10720705474709036,True,conditional-profile,True,18.982356815976573,24.235307437954763,5.25295062197819,True,False,True,False,55,20261065,20261065,D,profile,joint-map,
completed,22.29143570341565,20.0,0.29070460191029956,True,conditional-laplace,True,15.97844110098044,28.604430305850865,12.625989204870425,True,False,True,False,56,20261066,20261066,D,laplace,joint-map,
completed,22.29143570341565,20.0,0.29070460191029956,True,conditional-studentized-curvature,True,14.43665923200304,39.291818789940095,24.855159557937057,True,False,True,False,56,20261066,20261066,D,studentized,joint-map,
completed,22.29143570341565,20.0,0.29070460191029956,True,conditional-profile,True,17.353625354888614,30.54088035615279,13.187255001264177,True,False,True,False,56,20261066,20261066,D,profile,joint-map,
completed,26.571303438592665,20.0,0.2877173168240549,True,conditional-laplace,True,18.16103264068486,34.98157423650047,16.820541595815612,True,False,True,False,57,20261067,20261067,D,laplace,joint-map,
completed,26.571303438592665,20.0,0.2877173168240549,True,conditional-studentized-curvature,True,15.911623034559359,47.80957381515683,31.897950780597473,True,False,True,False,57,20261067,20261067,D,studentized,joint-map,
completed,26.571303438592665,20.0,0.2877173168240549,True,conditional-profile,True,19.975184397377742,37.52635441182481,17.55117001444707,True,False,True,False,57,20261067,20261067,D,profile,joint-map,
completed,23.9725292503277,20.0,0.2852719034374343,True,conditional-laplace,True,16.91173833129386,31.033320169361538,14.121581838067677,True,False,True,False,58,20261068,20261068,D,laplace,joint-map,
completed,23.9725292503277,20.0,0.2852719034374343,True,conditional-studentized-curvature,True,15.083887100652213,42.46117168286153,27.37728458220932,True,False,True,False,58,20261068,20261068,D,studentized,joint-map,
completed,23.9725292503277,20.0,0.2852719034374343,True,conditional-profile,True,18.428969788504762,33.15816520189589,14.729195413391128,True,False,True,False,58,20261068,20261068,D,profile,joint-map,
completed,21.28053364395008,20.0,0.26181357312719844,True,conditional-laplace,True,15.966712169525316,26.594355118374843,10.627642948849527,True,False,True,False,59,20261069,20261069,D,laplace,joint-map,
completed,21.28053364395008,20.0,0.26181357312719844,True,conditional-studentized-curvature,True,14.46534008190407,35.40761587537678,20.942275793472707,True,False,True,False,59,20261069,20261069,D,studentized,joint-map,
completed,21.28053364395008,20.0,0.26181357312719844,True,conditional-profile,True,17.04160095092319,28.064871468388546,11.023270517465356,True,False,True,False,59,20261069,20261069,D,profile,joint-map,
completed,21.260808092537392,20.0,0.28469865520447374,True,conditional-laplace,True,15.570281213264835,26.95133497180995,11.381053758545114,True,False,True,False,60,20261070,20261070,D,laplace,joint-map,
completed,21.260808092537392,20.0,0.28469865520447374,True,conditional-studentized-curvature,True,14.156772883716947,36.72592529868665,22.5691524149697,True,False,True,False,60,20261070,20261070,D,studentized,joint-map,
completed,21.260808092537392,20.0,0.28469865520447374,True,conditional-profile,True,16.792745751914104,28.66295009776661,11.870204345852507,True,False,True,False,60,20261070,20261070,D,profile,joint-map,
completed,21.723174543969186,20.0,0.37898679043936706,True,conditional-laplace,True,13.955599729230181,29.490749358708193,15.535149629478012,True,False,True,False,61,20261071,20261071,D,laplace,joint-map,
completed,21.723174543969186,20.0,0.37898679043936706,True,conditional-studentized-curvature,True,13.119006096588723,44.608154718441654,31.48914862185293,True,False,True,False,61,20261071,20261071,D,studentized,joint-map,
completed,21.723174543969186,20.0,0.37898679043936706,True,conditional-profile,True,16.043131734743998,32.73925626874536,16.69612453400136,True,False,True,False,61,20261071,20261071,D,profile,joint-map,
completed,19.0929632464085,20.0,0.36911459437557925,True,conditional-laplace,True,13.20324581701174,24.98268067580526,11.779434858793518,True,False,True,False,62,20261072,20261072,D,laplace,joint-map,
completed,19.0929632464085,20.0,0.36911459437557925,True,conditional-studentized-curvature,True,12.545692759236434,37.2351596752431,24.68946691600667,True,False,True,False,62,20261072,20261072,D,studentized,joint-map,
completed,19.0929632464085,20.0,0.36911459437557925,True,conditional-profile,True,14.757145919978452,27.37617392942585,12.619028009447398,True,False,True,False,62,20261072,20261072,D,profile,joint-map,
completed,17.249924598130132,20.0,0.34842307869529665,True,conditional-laplace,True,12.778170014935384,21.72167918132488,8.943509166389497,True,False,True,False,63,20261073,20261073,D,laplace,joint-map,
completed,17.249924598130132,20.0,0.34842307869529665,True,conditional-studentized-curvature,True,12.187161725030462,31.202234500426854,19.01507277539639,True,False,True,False,63,20261073,20261073,D,studentized,joint-map,
completed,17.249924598130132,20.0,0.34842307869529665,True,conditional-profile,True,13.91159606648178,23.430934946017736,9.519338879535956,True,False,True,False,63,20261073,20261073,D,profile,joint-map,
completed,18.856883859673147,20.0,0.11315123174089647,True,conditional-laplace,True,16.723696504169713,20.99007121517658,4.266374711006868,True,False,True,False,64,20261074,20261074,D,laplace,joint-map,
completed,18.856883859673147,20.0,0.11315123174089647,True,conditional-studentized-curvature,True,15.583824454768788,23.736314914396523,8.152490459627735,True,False,True,False,64,20261074,20261074,D,studentized,joint-map,
completed,18.856883859673147,20.0,0.11315123174089647,True,conditional-profile,True,16.95535702021274,21.260340898412355,4.304983878199614,True,False,True,False,64,20261074,20261074,D,profile,joint-map,
completed,26.734165132471635,20.0,0.17285429137137792,True,conditional-laplace,True,21.32352976896678,32.14480049597649,10.821270727009711,False,False,True,False,65,20261075,20261075,D,laplace,joint-map,
completed,26.734165132471635,20.0,0.17285429137137792,True,conditional-studentized-curvature,True,18.806712638929646,39.228719172174046,20.4220065332444,True,False,True,False,65,20261075,20261075,D,studentized,joint-map,
completed,26.734165132471635,20.0,0.17285429137137792,True,conditional-profile,True,22.109365762707487,33.1188205330814,11.00945477037391,False,False,True,False,65,20261075,20261075,D,profile,joint-map,
completed,18.58959812404231,20.0,0.1182455447996859,True,conditional-laplace,True,16.34122707622985,20.837969171854773,4.496742095624924,True,False,True,False,66,20261076,20261076,D,laplace,joint-map,
completed,18.58959812404231,20.0,0.1182455447996859,True,conditional-studentized-curvature,True,15.200663370619312,23.826803343360112,8.6261399727408,True,False,True,False,66,20261076,20261076,D,studentized,joint-map,
completed,18.58959812404231,20.0,0.1182455447996859,True,conditional-profile,True,16.603889611893415,21.148191320068356,4.544301708174942,True,False,True,False,66,20261076,20261076,D,profile,joint-map,
completed,20.36892682962465,20.0,0.4118196309259096,True,conditional-laplace,True,12.958298960851483,27.77955469839782,14.821255737546338,True,False,True,False,67,20261077,20261077,D,laplace,joint-map,
completed,20.36892682962465,20.0,0.4118196309259096,True,conditional-studentized-curvature,True,12.505541208634966,43.47023015747435,30.96468894883938,True,False,True,False,67,20261077,20261077,D,studentized,joint-map,
completed,20.36892682962465,20.0,0.4118196309259096,True,conditional-profile,True,15.073678207142216,31.18857643432021,16.114898227177996,True,False,True,False,67,20261077,20261077,D,profile,joint-map,
completed,18.60867464817686,20.0,0.23985522528149347,True,conditional-laplace,True,14.876114478718524,22.341234817635197,7.465120338916673,True,False,True,False,68,20261078,20261078,D,laplace,joint-map,
completed,18.60867464817686,20.0,0.23985522528149347,True,conditional-studentized-curvature,True,13.714524797657635,28.563876178603174,14.849351380945539,True,False,True,False,68,20261078,20261078,D,studentized,joint-map,
completed,18.60867464817686,20.0,0.23985522528149347,True,conditional-profile,True,15.57850786480657,23.277907640935208,7.699399776128638,True,False,True,False,68,20261078,20261078,D,profile,joint-map,
completed,23.30918916713426,20.0,0.14974440978151798,True,conditional-laplace,True,19.41925557713924,27.199122757129285,7.779867179990045,True,False,True,False,69,20261079,20261079,D,laplace,joint-map,
completed,23.30918916713426,20.0,0.14974440978151798,True,conditional-studentized-curvature,True,17.523942718359002,32.337980358212356,14.814037639853353,True,False,True,False,69,20261079,20261079,D,studentized,joint-map,
completed,23.30918916713426,20.0,0.14974440978151798,True,conditional-profile,True,19.932935597660983,27.82192507904757,7.888989481386588,True,False,True,False,69,20261079,20261079,D,profile,joint-map,
completed,21.676022208090377,20.0,0.2949068415505511,True,conditional-laplace,True,15.60241217770352,27.749632238477236,12.147220060773716,True,False,True,False,70,20261080,20261080,D,laplace,joint-map,
completed,21.676022208090377,20.0,0.2949068415505511,True,conditional-studentized-curvature,True,14.171809111866281,38.23770108326491,24.065891971398628,True,False,True,False,70,20261080,20261080,D,studentized,joint-map,
completed,21.676022208090377,20.0,0.2949068415505511,True,conditional-profile,True,16.939686608025568,29.64097806930692,12.701291461281354,True,False,True,False,70,20261080,20261080,D,profile,joint-map,
completed,20.442433996809193,20.0,0.1959995266645271,True,conditional-laplace,True,16.63211078344648,24.252757210171907,7.620646426725429,True,False,True,False,71,20261081,20261081,D,laplace,joint-map,
completed,20.442433996809193,20.0,0.1959995266645271,True,conditional-studentized-curvature,True,15.137157932457889,29.939290048076966,14.802132115619077,True,False,True,False,71,20261081,20261081,D,studentized,joint-map,
completed,20.442433996809193,20.0,0.1959995266645271,True,conditional-profile,True,17.247537752388038,25.03618928956644,7.788651537178403,True,False,True,False,71,20261081,20261081,D,profile,joint-map,
completed,17.644389134861967,20.0,0.37677497085014,True,conditional-laplace,True,12.599157549516967,22.68962072020697,10.090463170690004,True,False,True,False,72,20261082,20261082,D,laplace,joint-map,
completed,17.644389134861967,20.0,0.37677497085014,True,conditional-studentized-curvature,True,12.110067845300836,33.76868983430785,21.658621989007013,True,False,True,False,72,20261082,20261082,D,studentized,joint-map,
completed,17.644389134861967,20.0,0.37677497085014,True,conditional-profile,True,13.950398527624193,24.787893491889843,10.83749496426565,True,False,True,False,72,20261082,20261082,D,profile,joint-map,
completed,24.930366266528615,20.0,0.34123078926861783,True,conditional-laplace,True,16.014877445005155,33.84585508805208,17.83097764304693,True,False,True,False,73,20261083,20261083,D,laplace,joint-map,
completed,24.930366266528615,20.0,0.34123078926861783,True,conditional-studentized-curvature,True,14.44544300724144,48.90059647768496,34.45515347044352,True,False,True,False,73,20261083,20261083,D,studentized,joint-map,
completed,24.930366266528615,20.0,0.34123078926861783,True,conditional-profile,True,18.217167644829427,37.126379932553505,18.909212287724078,True,False,True,False,73,20261083,20261083,D,profile,joint-map,
completed,23.884977988881026,20.0,0.21799810787098042,True,conditional-laplace,True,18.345768788347627,29.424187189414425,11.078418401066799,True,False,True,False,74,20261084,20261084,D,laplace,joint-map,
completed,23.884977988881026,20.0,0.21799810787098042,True,conditional-studentized-curvature,True,16.30488972856565,37.575671932817414,21.270782204251763,True,False,True,False,74,20261084,20261084,D,studentized,joint-map,
completed,23.884977988881026,20.0,0.21799810787098042,True,conditional-profile,True,19.31574382449785,30.688702927755944,11.372959103258093,True,False,True,False,74,20261084,20261084,D,profile,joint-map,
completed,20.191610507374058,20.0,0.37469714086145806,True,conditional-laplace,True,13.53266569316025,26.850555321587866,13.317889628427615,True,False,True,False,75,20261085,20261085,D,laplace,joint-map,
completed,20.191610507374058,20.0,0.37469714086145806,True,conditional-studentized-curvature,True,12.797448926658381,40.33181476461362,27.534365837955235,True,False,True,False,75,20261085,20261085,D,studentized,joint-map,
completed,20.191610507374058,20.0,0.37469714086145806,True,conditional-profile,True,15.302182025901423,29.587161956286856,14.284979930385433,True,False,True,False,75,20261085,20261085,D,profile,joint-map,
completed,18.440503681147447,20.0,0.30520619372455693,True,conditional-laplace,True,13.855362892461642,23.025644469833253,9.170281577371611,True,False,True,False,76,20261086,20261086,D,laplace,joint-map,
completed,18.440503681147447,20.0,0.30520619372455693,True,conditional-studentized-curvature,True,12.928586222238067,31.736658475462214,18.808072253224147,True,False,True,False,76,20261086,20261086,D,studentized,joint-map,
completed,18.440503681147447,20.0,0.30520619372455693,True,conditional-profile,True,14.901713141500384,24.527720986408017,9.626007844907633,True,False,True,False,76,20261086,20261086,D,profile,joint-map,
completed,20.91949150113085,20.0,0.32356613348363134,True,conditional-laplace,True,14.697371060684329,27.141611941577374,12.444240880893044,True,False,True,False,77,20261087,20261087,D,laplace,joint-map,
completed,20.91949150113085,20.0,0.32356613348363134,True,conditional-studentized-curvature,True,13.539170854107443,38.599376780313726,25.060205926206283,True,False,True,False,77,20261087,20261087,D,studentized,joint-map,
completed,20.91949150113085,20.0,0.32356613348363134,True,conditional-profile,True,16.175660072342662,29.302943230548664,13.127283158206001,True,False,True,False,77,20261087,20261087,D,profile,joint-map,
completed,24.398489512830825,20.0,0.284593177410642,True,conditional-laplace,True,17.14421357386086,31.652765451800793,14.508551877939933,True,False,True,False,78,20261088,20261088,D,laplace,joint-map,
completed,24.398489512830825,20.0,0.284593177410642,True,conditional-studentized-curvature,True,15.243050658181176,43.26633836979283,28.02328771161165,True,False,True,False,78,20261088,20261088,D,studentized,joint-map,
completed,24.398489512830825,20.0,0.284593177410642,True,conditional-profile,True,18.69919923104996,33.828446509723044,15.129247278673084,True,False,True,False,78,20261088,20261088,D,profile,joint-map,
completed,25.17202446997804,20.0,0.14649873652218856,True,conditional-laplace,True,20.864338960945087,29.479709979010998,8.615371018065911,False,False,True,False,79,20261089,20261089,D,laplace,joint-map,
completed,25.17202446997804,20.0,0.14649873652218856,True,conditional-studentized-curvature,True,18.690707983213322,35.00072539608765,16.31001741287433,True,False,True,False,79,20261089,20261089,D,studentized,joint-map,
completed,25.17202446997804,20.0,0.14649873652218856,True,conditional-profile,True,21.41925876165329,30.149195393361836,8.729936631708547,False,False,True,False,79,20261089,20261089,D,profile,joint-map,
completed,25.972539452029576,20.0,0.20034456681653426,True,conditional-laplace,True,20.106316784787673,31.838762119271475,11.732445334483803,False,False,True,False,80,20261090,20261090,D,laplace,joint-map,
completed,25.972539452029576,20.0,0.20034456681653426,True,conditional-studentized-curvature,True,17.688811602097854,39.93518894636904,22.246377344271185,True,False,True,False,80,20261090,20261090,D,studentized,joint-map,
completed,25.972539452029576,20.0,0.20034456681653426,True,conditional-profile,True,21.061595720555253,33.05831748316542,11.996721762610164,False,False,True,False,80,20261090,20261090,D,profile,joint-map,
completed,29.690249494623014,20.0,0.28992594720934084,True,conditional-laplace,True,19.61089924834251,39.769599740903516,20.158700492561007,True,False,True,False,81,20261091,20261091,D,laplace,joint-map,
completed,29.690249494623014,20.0,0.28992594720934084,True,conditional-studentized-curvature,True,16.818845173255717,54.00469128816973,37.185846114914014,True,False,True,False,81,20261091,20261091,D,studentized,joint-map,
completed,29.690249494623014,20.0,0.28992594720934084,True,conditional-profile,True,21.80118301134346,42.85140140976269,21.050218398419226,False,False,True,False,81,20261091,20261091,D,profile,joint-map,
completed,20.999373486115786,20.0,0.08639649070368836,True,conditional-laplace,True,18.73234636785186,23.266400604379708,4.534054236527847,True,False,True,False,82,20261092,20261092,D,laplace,joint-map,
completed,20.999373486115786,20.0,0.08639649070368836,True,conditional-studentized-curvature,True,17.40461071921118,26.001215853087302,8.596605133876121,True,False,True,False,82,20261092,20261092,D,studentized,joint-map,
completed,20.999373486115786,20.0,0.08639649070368836,True,conditional-profile,True,18.94281407510415,23.506136631414186,4.5633225563100375,True,False,True,False,82,20261092,20261092,D,profile,joint-map,
completed,21.212900744808717,20.0,0.12855640723075776,True,conditional-laplace,True,18.261085032553655,24.164716457063776,5.90363142451012,True,False,True,False,83,20261093,20261093,D,laplace,joint-map,
completed,21.212900744808717,20.0,0.12855640723075776,True,conditional-studentized-curvature,True,16.742515155943753,28.006203869259885,11.263688713316132,True,False,True,False,83,20261093,20261093,D,studentized,joint-map,
completed,21.212900744808717,20.0,0.12855640723075776,True,conditional-profile,True,18.613015886050402,24.582490644175504,5.969474758125102,True,False,True,False,83,20261093,20261093,D,profile,joint-map,
completed,21.463852116714335,20.0,0.2594311289250353,True,conditional-laplace,True,16.15824382060822,26.769460412820454,10.611216592212234,True,False,True,False,84,20261094,20261094,D,laplace,joint-map,
completed,21.463852116714335,20.0,0.2594311289250353,True,conditional-studentized-curvature,True,14.611066243135491,35.46389935250385,20.852833109368362,True,False,True,False,84,20261094,20261094,D,studentized,joint-map,
completed,21.463852116714335,20.0,0.2594311289250353,True,conditional-profile,True,17.21568416850345,28.208513704097907,10.992829535594456,True,False,True,False,84,20261094,20261094,D,profile,joint-map,
completed,20.720732024244892,20.0,0.3111965765327252,True,conditional-laplace,True,14.842853185314265,26.59861086317552,11.755757677861254,True,False,True,False,85,20261095,20261095,D,laplace,joint-map,
completed,20.720732024244892,20.0,0.3111965765327252,True,conditional-studentized-curvature,True,13.63570294559324,37.25536777787433,23.619664832281096,True,False,True,False,85,20261095,20261095,D,studentized,joint-map,
completed,20.720732024244892,20.0,0.3111965765327252,True,conditional-profile,True,16.19531530681821,28.547649511450174,12.352334204631966,True,False,True,False,85,20261095,20261095,D,profile,joint-map,
completed,22.891276586402398,20.0,0.11333241451929352,True,conditional-laplace,True,19.847886436699,25.934666736105797,6.086780299406797,True,False,True,False,86,20261096,20261096,D,laplace,joint-map,
completed,22.891276586402398,20.0,0.11333241451929352,True,conditional-studentized-curvature,True,18.16164957538222,29.701872576580463,11.540223001198243,True,False,True,False,86,20261096,20261096,D,studentized,joint-map,
completed,22.891276586402398,20.0,0.11333241451929352,True,conditional-profile,True,20.175941588108365,26.31728690698363,6.141345318875263,False,False,True,False,86,20261096,20261096,D,profile,joint-map,
completed,21.452573329870415,20.0,0.2191385010852109,True,conditional-laplace,True,16.833361906604708,26.07178475313612,9.238422846531414,True,False,True,False,87,20261097,20261097,D,laplace,joint-map,
completed,21.452573329870415,20.0,0.2191385010852109,True,conditional-studentized-curvature,True,15.1983858593178,33.174883920733215,17.976498061415416,True,False,True,False,87,20261097,20261097,D,studentized,joint-map,
completed,21.452573329870415,20.0,0.2191385010852109,True,conditional-profile,True,17.64939699782002,27.138232295660373,9.488835297840353,True,False,True,False,87,20261097,20261097,D,profile,joint-map,
completed,24.424181037626646,20.0,0.1956743213469087,True,conditional-laplace,True,19.229434531065056,29.618927544188235,10.389493013123179,True,False,True,False,88,20261098,20261098,D,laplace,joint-map,
completed,24.424181037626646,20.0,0.1956743213469087,True,conditional-studentized-curvature,True,17.081712605972655,36.908934111419775,19.82722150544712,True,False,True,False,88,20261098,20261098,D,studentized,joint-map,
completed,24.424181037626646,20.0,0.1956743213469087,True,conditional-profile,True,20.060441724255824,30.674581635030812,10.614139910774988,False,False,True,False,88,20261098,20261098,D,profile,joint-map,
completed,18.811839076511927,20.0,0.271401604277185,True,conditional-laplace,True,14.54480228293827,23.078875870085582,8.534073587147311,True,False,True,False,89,20261099,20261099,D,laplace,joint-map,
completed,18.811839076511927,20.0,0.271401604277185,True,conditional-studentized-curvature,True,13.434193479859744,30.605910503406154,17.17171702354641,True,False,True,False,89,20261099,20261099,D,studentized,joint-map,
completed,18.811839076511927,20.0,0.271401604277185,True,conditional-profile,True,15.428347572889106,24.29806885196311,8.869721279074003,True,False,True,False,89,20261099,20261099,D,profile,joint-map,
completed,19.80588163324994,20.0,0.3297058260689827,True,conditional-laplace,True,14.107556151750234,25.504207114749647,11.396650962999413,True,False,True,False,90,20261100,20261100,D,laplace,joint-map,
completed,19.80588163324994,20.0,0.3297058260689827,True,conditional-studentized-curvature,True,13.127424141440487,36.41019752718984,23.28277338574935,True,False,True,False,90,20261100,20261100,D,studentized,joint-map,
completed,19.80588163324994,20.0,0.3297058260689827,True,conditional-profile,True,15.483486513503607,27.53109003480704,12.047603521303433,True,False,True,False,90,20261100,20261100,D,profile,joint-map,
completed,15.271739699909045,20.0,0.2090357530426839,True,conditional-laplace,True,13.159107789836677,17.38437160998141,4.225263820144734,False,False,True,False,91,20261101,20261101,D,laplace,joint-map,
completed,15.271739699909045,20.0,0.2090357530426839,True,conditional-studentized-curvature,True,12.452185117066438,20.928562289383734,8.476377172317296,True,False,True,False,91,20261101,20261101,D,studentized,joint-map,
completed,15.271739699909045,20.0,0.2090357530426839,True,conditional-profile,True,13.527217596774769,17.862516287557757,4.335298690782988,False,False,True,False,91,20261101,20261101,D,profile,joint-map,
completed,21.150517351552118,20.0,0.3289524760759052,True,conditional-laplace,True,14.712489842971173,27.58854486013306,12.876055017161885,True,False,True,False,92,20261102,20261102,D,laplace,joint-map,
completed,21.150517351552118,20.0,0.3289524760759052,True,conditional-studentized-curvature,True,13.553230208199272,39.45668909754416,25.903458889344883,True,False,True,False,92,20261102,20261102,D,studentized,joint-map,
completed,21.150517351552118,20.0,0.3289524760759052,True,conditional-profile,True,16.259001923295003,29.861338244972437,13.602336321677434,True,False,True,False,92,20261102,20261102,D,profile,joint-map,
completed,26.454121339329383,20.0,0.39577417688487887,True,conditional-laplace,True,15.163291039611693,37.74495163904707,22.58166059943538,True,False,True,False,93,20261103,20261103,D,laplace,joint-map,
completed,26.454121339329383,20.0,0.39577417688487887,True,conditional-studentized-curvature,True,13.985919527063812,56.73335469594511,42.747435168881296,True,False,True,False,93,20261103,20261103,D,studentized,joint-map,
completed,26.454121339329383,20.0,0.39577417688487887,True,conditional-profile,True,18.284477246190963,42.6808244335308,24.39634718733984,True,False,True,False,93,20261103,20261103,D,profile,joint-map,
completed,28.565744083035117,20.0,0.200569679043686,True,conditional-laplace,True,21.740804259971902,35.39068390609833,13.64987964612643,False,False,True,False,94,20261104,20261104,D,laplace,joint-map,
completed,28.565744083035117,20.0,0.200569679043686,True,conditional-studentized-curvature,True,18.850418698391717,44.42204646641951,25.571627768027792,True,False,True,False,94,20261104,20261104,D,studentized,joint-map,
completed,28.565744083035117,20.0,0.200569679043686,True,conditional-profile,True,22.853664365540467,36.81216724396373,13.95850287842326,False,False,True,False,94,20261104,20261104,D,profile,joint-map,
completed,18.508606104461986,20.0,0.24933948604278472,True,conditional-laplace,True,14.674168310429456,22.343043898494518,7.668875588065061,True,False,True,False,95,20261105,20261105,D,laplace,joint-map,
completed,18.508606104461986,20.0,0.24933948604278472,True,conditional-studentized-curvature,True,13.55013198482147,28.880100946345877,15.329968961524408,True,False,True,False,95,20261105,20261105,D,studentized,joint-map,
completed,18.508606104461986,20.0,0.24933948604278472,True,conditional-profile,True,15.420269764806221,23.349402932893465,7.929133168087244,True,False,True,False,95,20261105,20261105,D,profile,joint-map,
completed,25.83648748935871,20.0,0.32653348433126766,True,conditional-laplace,True,16.793074140164098,34.87990083855332,18.08682669838922,True,False,True,False,96,20261106,20261106,D,laplace,joint-map,
completed,25.83648748935871,20.0,0.32653348433126766,True,conditional-studentized-curvature,True,14.952807739948572,49.522453198978305,34.56964545902973,True,False,True,False,96,20261106,20261106,D,studentized,joint-map,
completed,25.83648748935871,20.0,0.32653348433126766,True,conditional-profile,True,18.946270344407697,38.03176363410803,19.085493289700334,True,False,True,False,96,20261106,20261106,D,profile,joint-map,
completed,19.472905016688685,20.0,0.11800775046534366,True,conditional-laplace,True,17.085500686626208,21.860309346751162,4.774808660124954,True,False,True,False,97,20261107,20261107,D,laplace,joint-map,
completed,19.472905016688685,20.0,0.11800775046534366,True,conditional-studentized-curvature,True,15.838467541386127,24.967420003354015,9.128952461967888,True,False,True,False,97,20261107,20261107,D,studentized,joint-map,
completed,19.472905016688685,20.0,0.11800775046534366,True,conditional-profile,True,17.356543749015128,22.17897458288803,4.822430833872904,True,False,True,False,97,20261107,20261107,D,profile,joint-map,
completed,18.121512426382292,20.0,0.042947207947655774,True,conditional-laplace,True,16.733564263219453,19.509460589545128,2.7758963263256753,False,False,True,False,98,20261108,20261108,D,laplace,joint-map,
completed,18.121512426382292,20.0,0.042947207947655774,True,conditional-studentized-curvature,True,15.867734430249119,21.126474795722984,5.258740365473866,True,False,True,False,98,20261108,20261108,D,studentized,joint-map,
completed,18.121512426382292,20.0,0.042947207947655774,True,conditional-profile,True,16.830496353393116,19.616042985600338,2.7855466322072218,False,False,True,False,98,20261108,20261108,D,profile,joint-map,
completed,21.80657539343953,20.0,0.31232051472541794,True,conditional-laplace,True,15.304362002949876,28.308788783929188,13.004426780979312,True,False,True,False,99,20261109,20261109,D,laplace,joint-map,
completed,21.80657539343953,20.0,0.31232051472541794,True,conditional-studentized-curvature,True,13.958331730879195,39.82223140427307,25.863899673393874,True,False,True,False,99,20261109,20261109,D,studentized,joint-map,
completed,21.80657539343953,20.0,0.31232051472541794,True,conditional-profile,True,16.806168936416856,30.476771905560682,13.670602969143825,True,False,True,False,99,20261109,20261109,D,profile,joint-map,
completed,23.29784304562694,20.0,0.3632084847175362,True,conditional-laplace,True,14.872373570700578,31.723312520553307,16.85093894985273,True,False,True,False,100,20261110,20261110,D,laplace,joint-map,
completed,23.29784304562694,20.0,0.3632084847175362,True,conditional-studentized-curvature,True,13.711630908373309,47.020515286237426,33.30888437786412,True,False,True,False,100,20261110,20261110,D,studentized,joint-map,
completed,23.29784304562694,20.0,0.3632084847175362,True,conditional-profile,True,17.056630216087285,35.05739140372813,18.000761187640848,True,False,True,False,100,20261110,20261110,D,profile,joint-map,
completed,21.985659356216228,20.0,0.3016207399559559,True,conditional-laplace,True,15.61682601191366,28.35449270051879,12.73766668860513,True,False,True,False,101,20261111,20261111,D,laplace,joint-map,
completed,21.985659356216228,20.0,0.3016207399559559,True,conditional-studentized-curvature,True,14.177686479911142,39.38927297823985,25.21158649832871,True,False,True,False,101,20261111,20261111,D,studentized,joint-map,
completed,21.985659356216228,20.0,0.3016207399559559,True,conditional-profile,True,17.044514639108918,30.38905800776858,13.34454336865966,True,False,True,False,101,20261111,20261111,D,profile,joint-map,
completed,21.131606146637544,20.0,0.3245358986105119,True,conditional-laplace,True,14.77049141315199,27.492720880123095,12.722229466971104,True,False,True,False,102,20261112,20261112,D,laplace,joint-map,
completed,21.131606146637544,20.0,0.3245358986105119,True,conditional-studentized-curvature,True,13.591112951575752,39.16184748360242,25.57073453202667,True,False,True,False,102,20261112,20261112,D,studentized,joint-map,
completed,21.131606146637544,20.0,0.3245358986105119,True,conditional-profile,True,16.285472534834746,29.71026752247086,13.424794987636115,True,False,True,False,102,20261112,20261112,D,profile,joint-map,
completed,19.411225681561685,20.0,0.2925207004616018,True,conditional-laplace,True,14.52312814261239,24.29932322051098,9.776195077898592,True,False,True,False,103,20261113,20261113,D,laplace,joint-map,
completed,19.411225681561685,20.0,0.2925207004616018,True,conditional-studentized-curvature,True,13.408291087336696,33.1592393052246,19.750948217887906,True,False,True,False,103,20261113,20261113,D,studentized,joint-map,
completed,19.411225681561685,20.0,0.2925207004616018,True,conditional-profile,True,15.597609523940603,25.817704855444962,10.220095331504359,True,False,True,False,103,20261113,20261113,D,profile,joint-map,
completed,20.221424065688378,20.0,0.3924897483220668,True,conditional-laplace,True,13.22511922324217,27.217728908134585,13.992609684892415,True,False,True,False,104,20261114,20261114,D,laplace,joint-map,
completed,20.221424065688378,20.0,0.3924897483220668,True,conditional-studentized-curvature,True,12.631637727623502,41.746713702159326,29.115075974535824,True,False,True,False,104,20261114,20261114,D,studentized,joint-map,
completed,20.221424065688378,20.0,0.3924897483220668,True,conditional-profile,True,15.154678528851042,30.264232089269164,15.109553560418123,True,False,True,False,104,20261114,20261114,D,profile,joint-map,
completed,21.695181249431982,20.0,0.1863583506622934,True,conditional-laplace,True,17.590611765636265,25.799750733227697,8.209138967591432,True,False,True,False,105,20261115,20261115,D,laplace,joint-map,
completed,21.695181249431982,20.0,0.1863583506622934,True,conditional-studentized-curvature,True,15.896234786478578,31.724223216484212,15.827988430005634,True,False,True,False,105,20261115,20261115,D,studentized,joint-map,
completed,21.695181249431982,20.0,0.1863583506622934,True,conditional-profile,True,18.230990231783956,26.607468077640107,8.37647784585615,True,False,True,False,105,20261115,20261115,D,profile,joint-map,
completed,21.517159066896355,20.0,0.12073669526479068,True,conditional-laplace,True,18.63153937797697,24.402778755815746,5.771239377838775,True,False,True,False,106,20261116,20261116,D,laplace,joint-map,
completed,21.517159066896355,20.0,0.12073669526479068,True,conditional-studentized-curvature,True,17.098705962489753,28.085811688965588,10.987105726475836,True,False,True,False,106,20261116,20261116,D,studentized,joint-map,
completed,21.517159066896355,20.0,0.12073669526479068,True,conditional-profile,True,18.959875777762566,24.789227826922584,5.829352049160018,True,False,True,False,106,20261116,20261116,D,profile,joint-map,
completed,19.962405655828558,20.0,0.2754711032936778,True,conditional-laplace,True,15.070310492654126,24.854500819002993,9.784190326348867,True,False,True,False,107,20261117,20261117,D,laplace,joint-map,
completed,19.962405655828558,20.0,0.2754711032936778,True,conditional-studentized-curvature,True,13.809847791677562,33.35811072331707,19.548262931639506,True,False,True,False,107,20261117,20261117,D,studentized,joint-map,
completed,19.962405655828558,20.0,0.2754711032936778,True,conditional-profile,True,16.095791697150695,26.27645265028967,10.180660953138975,True,False,True,False,107,20261117,20261117,D,profile,joint-map,
completed,16.059506356448196,20.0,0.10387245893503093,True,conditional-laplace,True,14.553327603950532,17.565685108945857,3.0123575049953253,False,False,True,False,108,20261118,20261118,D,laplace,joint-map,
completed,16.059506356448196,20.0,0.10387245893503093,True,conditional-studentized-curvature,True,13.776444101988421,19.569615065894155,5.793170963905734,False,False,True,False,108,20261118,20261118,D,studentized,joint-map,
completed,16.059506356448196,20.0,0.10387245893503093,True,conditional-profile,True,14.716016527829751,17.754931107278644,3.0389145794488925,False,False,True,False,108,20261118,20261118,D,profile,joint-map,
completed,20.98251137275449,20.0,0.09135592730417029,True,conditional-laplace,True,18.57106897153426,23.393953773974722,4.822884802440463,True,False,True,False,109,20261119,20261119,D,laplace,joint-map,
completed,20.98251137275449,20.0,0.09135592730417029,True,conditional-studentized-curvature,True,17.200566930666533,26.35839821290503,9.157831282238497,True,False,True,False,109,20261119,20261119,D,studentized,joint-map,
completed,20.98251137275449,20.0,0.09135592730417029,True,conditional-profile,True,18.808968279055485,23.6673206062696,4.858352327214117,True,False,True,False,109,20261119,20261119,D,profile,joint-map,
completed,19.077100770686,20.0,0.17708942334920358,True,conditional-laplace,True,16.045952036898726,22.10824950447327,6.062297467574545,True,False,True,False,110,20261120,20261120,D,laplace,joint-map,
completed,19.077100770686,20.0,0.17708942334920358,True,conditional-studentized-curvature,True,14.765203728209773,26.53385585698334,11.768652128773567,True,False,True,False,110,20261120,20261120,D,studentized,joint-map,
completed,19.077100770686,20.0,0.17708942334920358,True,conditional-profile,True,16.49731196260211,22.670618201019586,6.173306238417474,True,False,True,False,110,20261120,20261120,D,profile,joint-map,
completed,20.151191972291276,20.0,0.2995647408372175,True,conditional-laplace,True,14.77145348590402,25.530930458678533,10.759476972774513,True,False,True,False,111,20261121,20261121,D,laplace,joint-map,
completed,20.151191972291276,20.0,0.2995647408372175,True,conditional-studentized-curvature,True,13.584669645712147,35.23399331083242,21.64932366512027,True,False,True,False,111,20261121,20261121,D,studentized,joint-map,
completed,20.151191972291276,20.0,0.2995647408372175,True,conditional-profile,True,15.974464645162087,27.24329660533179,11.268831960169702,True,False,True,False,111,20261121,20261121,D,profile,joint-map,
completed,24.735327390467656,20.0,0.3670801870598899,True,conditional-laplace,True,15.314368184751181,34.15628659618413,18.84191841143295,True,False,True,False,112,20261122,20261122,D,laplace,joint-map,
completed,24.735327390467656,20.0,0.3670801870598899,True,conditional-studentized-curvature,True,14.01487382268403,50.573810016442394,36.55893619375836,True,False,True,False,112,20261122,20261122,D,studentized,joint-map,
completed,24.735327390467656,20.0,0.3670801870598899,True,conditional-profile,True,17.774503099338613,37.92554014725446,20.151037047915846,True,False,True,False,112,20261122,20261122,D,profile,joint-map,
completed,27.770766550447338,20.0,0.23085262550640828,True,conditional-laplace,True,20.449428031265704,35.09210506962897,14.642677038363267,False,False,True,False,113,20261123,20261123,D,laplace,joint-map,
completed,27.770766550447338,20.0,0.23085262550640828,True,conditional-studentized-curvature,True,17.730831386654337,45.26097301788165,27.530141631227316,True,False,True,False,113,20261123,20261123,D,studentized,joint-map,
completed,27.770766550447338,20.0,0.23085262550640828,True,conditional-profile,True,21.769646323893028,36.82957485321382,15.059928529320793,False,False,True,False,113,20261123,20261123,D,profile,joint-map,
completed,21.178320456384235,20.0,0.30872034713987767,True,conditional-laplace,True,15.087309842337888,27.26933107043059,12.182021228092701,True,False,True,False,114,20261124,20261124,D,laplace,joint-map,
completed,21.178320456384235,20.0,0.30872034713987767,True,conditional-studentized-curvature,True,13.807058994848553,38.159138595628065,24.35207960077951,True,False,True,False,114,20261124,20261124,D,studentized,joint-map,
completed,21.178320456384235,20.0,0.30872034713987767,True,conditional-profile,True,16.48166524827172,29.274321728537412,12.792656480265691,True,False,True,False,114,20261124,20261124,D,profile,joint-map,
completed,17.00714952594463,20.0,0.3525177203587993,True,conditional-laplace,True,12.647069051108728,21.36723000078053,8.720160949671802,True,False,True,False,115,20261125,20261125,D,laplace,joint-map,
completed,17.00714952594463,20.0,0.3525177203587993,True,conditional-studentized-curvature,True,12.0944749484209,30.725896464018177,18.631421515597275,True,False,True,False,115,20261125,20261125,D,studentized,joint-map,
completed,17.00714952594463,20.0,0.3525177203587993,True,conditional-profile,True,13.76005328253197,23.051648378473317,9.291595095941346,True,False,True,False,115,20261125,20261125,D,profile,joint-map,
completed,17.275071348025545,20.0,0.3027788127417583,True,conditional-laplace,True,13.352385229686082,21.19775746636501,7.84537223667893,True,False,True,False,116,20261126,20261126,D,laplace,joint-map,
completed,17.275071348025545,20.0,0.3027788127417583,True,conditional-studentized-curvature,True,12.560061905535536,28.806275679979425,16.246213774443888,True,False,True,False,116,20261126,20261126,D,studentized,joint-map,
completed,17.275071348025545,20.0,0.3027788127417583,True,conditional-profile,True,14.241735575244306,22.470681847702952,8.228946272458646,True,False,True,False,116,20261126,20261126,D,profile,joint-map,
completed,17.745093425031286,20.0,0.3546714714703663,True,conditional-laplace,True,12.916353456585783,22.57383339347679,9.657479936891006,True,False,True,False,117,20261127,20261127,D,laplace,joint-map,
completed,17.745093425031286,20.0,0.3546714714703663,True,conditional-studentized-curvature,True,12.29832021247556,32.75148578645205,20.45316557397649,True,False,True,False,117,20261127,20261127,D,studentized,joint-map,
completed,17.745093425031286,20.0,0.3546714714703663,True,conditional-profile,True,14.151355752850518,24.445175730965264,10.293819978114746,True,False,True,False,117,20261127,20261127,D,profile,joint-map,
completed,19.21413065104392,20.0,0.13144854274896067,True,conditional-laplace,True,16.726489720988788,21.70177158109906,4.975281860110272,True,False,True,False,118,20261128,20261128,D,laplace,joint-map,
completed,19.21413065104392,20.0,0.13144854274896067,True,conditional-studentized-curvature,True,15.484594338765449,25.028784229867533,9.544189891102084,True,False,True,False,118,20261128,20261128,D,studentized,joint-map,
completed,19.21413065104392,20.0,0.13144854274896067,True,conditional-profile,True,17.02885479336136,22.061854172924367,5.032999379563005,True,False,True,False,118,20261128,20261128,D,profile,joint-map,
completed,19.328299305669884,20.0,0.4004855796146471,True,conditional-laplace,True,12.815383327928696,25.841215283411074,13.025831955482378,True,False,True,False,119,20261129,20261129,D,laplace,joint-map,
completed,19.328299305669884,20.0,0.4004855796146471,True,conditional-studentized-curvature,True,12.352713309390195,39.92461395301933,27.571900643629135,True,False,True,False,119,20261129,20261129,D,studentized,joint-map,
completed,19.328299305669884,20.0,0.4004855796146471,True,conditional-profile,True,14.640140253415748,28.748802163316732,14.108661909900984,True,False,True,False,119,20261129,20261129,D,profile,joint-map,
completed,19.831991306984282,20.0,0.17739519242365712,True,conditional-laplace,True,16.48131916680217,23.182663447166398,6.7013442803642285,True,False,True,False,120,20261130,20261130,D,laplace,joint-map,
completed,19.831991306984282,20.0,0.17739519242365712,True,conditional-studentized-curvature,True,15.08284411540501,28.07403523735447,12.99119112194946,True,False,True,False,120,20261130,20261130,D,studentized,joint-map,
completed,19.831991306984282,20.0,0.17739519242365712,True,conditional-profile,True,16.989245450227145,23.818298678790512,6.829053228563367,True,False,True,False,120,20261130,20261130,D,profile,joint-map,
completed,16.722845313361177,20.0,0.22367868525143986,True,conditional-laplace,True,13.931806760882806,19.513883865839546,5.58207710495674,False,False,True,False,121,20261131,20261131,D,laplace,joint-map,
completed,16.722845313361177,20.0,0.22367868525143986,True,conditional-studentized-curvature,True,13.027406056504523,24.193036767352055,11.165630710847532,True,False,True,False,121,20261131,20261131,D,studentized,joint-map,
completed,16.722845313361177,20.0,0.22367868525143986,True,conditional-profile,True,14.436077341634208,20.17698851280204,5.7409111711678324,True,False,True,False,121,20261131,20261131,D,profile,joint-map,
completed,20.90978051153609,20.0,0.057698091409869354,True,conditional-laplace,True,18.98727069472392,22.832290328348257,3.845019633624336,True,False,True,False,122,20261132,20261132,D,laplace,joint-map,
completed,20.90978051153609,20.0,0.057698091409869354,True,conditional-studentized-curvature,True,17.78669391744621,25.056079026722344,7.269385109276133,True,False,True,False,122,20261132,20261132,D,studentized,joint-map,
completed,20.90978051153609,20.0,0.057698091409869354,True,conditional-profile,True,19.13569453682221,22.997497731708314,3.861803194886104,True,False,True,False,122,20261132,20261132,D,profile,joint-map,
completed,20.084658522992154,20.0,0.14069709854671716,True,conditional-laplace,True,17.225786076392065,22.943530969592242,5.717744893200177,True,False,True,False,123,20261133,20261133,D,laplace,joint-map,
completed,20.084658522992154,20.0,0.14069709854671716,True,conditional-studentized-curvature,True,15.836986354160317,26.80618246058915,10.969196106428832,True,False,True,False,123,20261133,20261133,D,studentized,joint-map,
completed,20.084658522992154,20.0,0.14069709854671716,True,conditional-profile,True,17.590744064653407,23.382563208978006,5.791819144324599,True,False,True,False,123,20261133,20261133,D,profile,joint-map,
completed,22.76201305883548,20.0,0.24535462531977584,True,conditional-laplace,True,17.17782758305748,28.346198534613478,11.168370951556,True,False,True,False,124,20261134,20261134,D,laplace,joint-map,
completed,22.76201305883548,20.0,0.24535462531977584,True,conditional-studentized-curvature,True,15.375526227718893,37.05348261020436,21.67795638248547,True,False,True,False,124,20261134,20261134,D,studentized,joint-map,
completed,22.76201305883548,20.0,0.24535462531977584,True,conditional-profile,True,18.23844668006984,29.765637503375046,11.527190823305208,True,False,True,False,124,20261134,20261134,D,profile,joint-map,
completed,25.253198484657894,20.0,0.2718935284929017,True,conditional-laplace,True,17.920852250815965,32.585544718499825,14.66469246768386,True,False,True,False,125,20261135,20261135,D,laplace,joint-map,
completed,25.253198484657894,20.0,0.2718935284929017,True,conditional-studentized-curvature,True,15.804388731840213,43.89186235405209,28.087473622211874,True,False,True,False,125,20261135,20261135,D,studentized,joint-map,
completed,25.253198484657894,20.0,0.2718935284929017,True,conditional-profile,True,19.43107557254262,34.666144670485515,15.235069097942894,True,False,True,False,125,20261135,20261135,D,profile,joint-map,
completed,19.42399116026054,20.0,0.30852878822775065,True,conditional-laplace,True,14.260014623479599,24.587967697041485,10.327953073561886,True,False,True,False,126,20261136,20261136,D,laplace,joint-map,
completed,19.42399116026054,20.0,0.30852878822775065,True,conditional-studentized-curvature,True,13.221586218117146,34.233042195874845,21.0114559777577,True,False,True,False,126,20261136,20261136,D,studentized,joint-map,
completed,19.42399116026054,20.0,0.30852878822775065,True,conditional-profile,True,15.447312266573865,26.29818411802603,10.850871851452164,True,False,True,False,126,20261136,20261136,D,profile,joint-map,
completed,20.272531313199305,20.0,0.3250832759714878,True,conditional-laplace,True,14.412475852004917,26.13258677439369,11.720110922388773,True,False,True,False,127,20261137,20261137,D,laplace,joint-map,
completed,20.272531313199305,20.0,0.3250832759714878,True,conditional-studentized-curvature,True,13.338420529841962,37.10461897061171,23.76619844076975,True,False,True,False,127,20261137,20261137,D,studentized,joint-map,
completed,20.272531313199305,20.0,0.3250832759714878,True,conditional-profile,True,15.806043392116491,28.17091139198887,12.364867999872379,True,False,True,False,127,20261137,20261137,D,profile,joint-map,
completed,20.29840801649979,20.0,0.2162660160501659,True,conditional-laplace,True,16.196232904180803,24.400583128818774,8.20435022463797,True,False,True,False,128,20261138,20261138,D,laplace,joint-map,
completed,20.29840801649979,20.0,0.2162660160501659,True,conditional-studentized-curvature,True,14.740132203357712,30.785389822790243,16.045257619432533,True,False,True,False,128,20261138,20261138,D,studentized,joint-map,
completed,20.29840801649979,20.0,0.2162660160501659,True,conditional-profile,True,16.91275611342221,25.33364655554559,8.420890442123383,True,False,True,False,128,20261138,20261138,D,profile,joint-map,
completed,19.64798899471105,20.0,0.15248757081144249,True,conditional-laplace,True,16.78456555905965,22.511412430362448,5.726846871302797,True,False,True,False,129,20261139,20261139,D,laplace,joint-map,
completed,19.64798899471105,20.0,0.15248757081144249,True,conditional-studentized-curvature,True,15.443802396440017,26.46672086516192,11.022918468721905,True,False,True,False,129,20261139,20261139,D,studentized,joint-map,
completed,19.64798899471105,20.0,0.15248757081144249,True,conditional-profile,True,17.16684214437983,22.97573722681047,5.808895082430638,True,False,True,False,129,20261139,20261139,D,profile,joint-map,
completed,17.696921986560625,20.0,0.14640934235058842,True,conditional-laplace,True,15.422580326922633,19.97126364619862,4.548683319275986,False,False,True,False,130,20261140,20261140,D,laplace,joint-map,
completed,17.696921986560625,20.0,0.14640934235058842,True,conditional-studentized-curvature,True,14.369415308181601,23.168774436611454,8.799359128429852,True,False,True,False,130,20261140,20261140,D,studentized,joint-map,
completed,17.696921986560625,20.0,0.14640934235058842,True,conditional-profile,True,15.722911062617491,20.334896356471845,4.611985293854353,True,False,True,False,130,20261140,20261140,D,profile,joint-map,
completed,21.72099498915989,20.0,0.16254129278813853,True,conditional-laplace,True,18.05713266565581,25.384857312663975,7.327724647008164,True,False,True,False,131,20261141,20261141,D,laplace,joint-map,
completed,21.72099498915989,20.0,0.16254129278813853,True,conditional-studentized-curvature,True,16.38225780373263,30.4342219978906,14.051964194157968,True,False,True,False,131,20261141,20261141,D,studentized,joint-map,
completed,21.72099498915989,20.0,0.16254129278813853,True,conditional-profile,True,18.57150368150409,26.016950008138295,7.445446326634205,True,False,True,False,131,20261141,20261141,D,profile,joint-map,
completed,16.905181177140847,20.0,0.3757631312866338,True,conditional-laplace,True,12.353252950181792,21.457109404099903,9.10385645391811,True,False,True,False,132,20261142,20261142,D,laplace,joint-map,
completed,16.905181177140847,20.0,0.3757631312866338,True,conditional-studentized-curvature,True,11.919148976478048,31.65968193039093,19.740532953912883,True,False,True,False,132,20261142,20261142,D,studentized,joint-map,
completed,16.905181177140847,20.0,0.3757631312866338,True,conditional-profile,True,13.571114365509565,23.347090469721635,9.77597610421207,True,False,True,False,132,20261142,20261142,D,profile,joint-map,
completed,25.04397850896632,20.0,0.3375676754500784,True,conditional-laplace,True,16.129389257425416,33.95856776050722,17.829178503081806,True,False,True,False,133,20261143,20261143,D,laplace,joint-map,
completed,25.04397850896632,20.0,0.3375676754500784,True,conditional-studentized-curvature,True,14.519326737495287,48.91921696042262,34.399890222927326,True,False,True,False,133,20261143,20261143,D,studentized,joint-map,
completed,25.04397850896632,20.0,0.3375676754500784,True,conditional-profile,True,18.31749041737579,37.20776300429848,18.890272586922688,True,False,True,False,133,20261143,20261143,D,profile,joint-map,
completed,29.11395522024582,20.0,0.34136880242469236,True,conditional-laplace,True,17.731982413543655,40.49592802694798,22.763945613404324,True,False,True,False,134,20261144,20261144,D,laplace,joint-map,
completed,29.11395522024582,20.0,0.34136880242469236,True,conditional-studentized-curvature,True,15.519771218782509,57.402319567135166,41.88254834835266,True,False,True,False,134,20261144,20261144,D,studentized,joint-map,
completed,29.11395522024582,20.0,0.34136880242469236,True,conditional-profile,True,20.53748373001252,44.670923985511095,24.133440255498574,False,False,True,False,134,20261144,20261144,D,profile,joint-map,
completed,21.79985965650797,20.0,0.18102517918378616,True,conditional-laplace,True,17.767629004230745,25.832090308785194,8.064461304554449,True,False,True,False,135,20261145,20261145,D,laplace,joint-map,
completed,21.79985965650797,20.0,0.18102517918378616,True,conditional-studentized-curvature,True,16.059084305695936,31.58139604621968,15.522311740523744,True,False,True,False,135,20261145,20261145,D,studentized,joint-map,
completed,21.79985965650797,20.0,0.18102517918378616,True,conditional-profile,True,18.38186695315559,26.602096753228786,8.220229800073195,True,False,True,False,135,20261145,20261145,D,profile,joint-map,
completed,21.861234056716793,20.0,0.15224779800734112,True,conditional-laplace,True,18.33191612174897,25.39055199168461,7.058635869935639,True,False,True,False,136,20261146,20261146,D,laplace,joint-map,
completed,21.861234056716793,20.0,0.15224779800734112,True,conditional-studentized-curvature,True,16.65402083378946,30.157869572674375,13.503848738884916,True,False,True,False,136,20261146,20261146,D,studentized,joint-map,
completed,21.861234056716793,20.0,0.15224779800734112,True,conditional-profile,True,18.805096680990772,25.965995543507713,7.160898862516941,True,False,True,False,136,20261146,20261146,D,profile,joint-map,
completed,22.808144507544277,20.0,0.2599773011156891,True,conditional-laplace,True,16.863892125153328,28.752396889935234,11.888504764781906,True,False,True,False,137,20261147,20261147,D,laplace,joint-map,
completed,22.808144507544277,20.0,0.2599773011156891,True,conditional-studentized-curvature,True,15.107182677684104,38.25613884662119,23.148956168937087,True,False,True,False,137,20261147,20261147,D,studentized,joint-map,
completed,22.808144507544277,20.0,0.2599773011156891,True,conditional-profile,True,18.05150698339481,30.37002667555626,12.318519692161452,True,False,True,False,137,20261147,20261147,D,profile,joint-map,
completed,23.567775222968926,20.0,0.19522236986255204,True,conditional-laplace,True,18.67227769429367,28.46327275164418,9.79099505735051,True,False,True,False,138,20261148,20261148,D,laplace,joint-map,
completed,23.567775222968926,20.0,0.19522236986255204,True,conditional-studentized-curvature,True,16.669312900447725,35.42464717738309,18.75533427693537,True,False,True,False,138,20261148,20261148,D,studentized,joint-map,
completed,23.567775222968926,20.0,0.19522236986255204,True,conditional-profile,True,19.456434724610425,29.4596664238823,10.003231699271875,True,False,True,False,138,20261148,20261148,D,profile,joint-map,
completed,20.80366379005789,20.0,0.4267420301968119,True,conditional-laplace,True,12.811992238742217,28.795335341373566,15.983343102631348,True,False,True,False,139,20261149,20261149,D,laplace,joint-map,
completed,20.80366379005789,20.0,0.4267420301968119,True,conditional-studentized-curvature,True,12.469061782752178,45.77408104922655,33.305019266474375,True,False,True,False,139,20261149,20261149,D,studentized,joint-map,
completed,20.80366379005789,20.0,0.4267420301968119,True,conditional-profile,True,15.155857229190946,32.63673601655447,17.480878787363526,True,False,True,False,139,20261149,20261149,D,profile,joint-map,
completed,16.26047572538422,20.0,0.13380505785495309,True,conditional-laplace,True,14.479813511757447,18.041137939010994,3.561324427253547,False,False,True,False,140,20261150,20261150,D,laplace,joint-map,
completed,16.26047572538422,20.0,0.13380505785495309,True,conditional-studentized-curvature,True,13.63977519404395,20.537875617039866,6.898100422995917,True,False,True,False,140,20261150,20261150,D,studentized,joint-map,
completed,16.26047572538422,20.0,0.13380505785495309,True,conditional-profile,True,14.704053140208085,18.309696154573253,3.6056430143651674,False,False,True,False,140,20261150,20261150,D,profile,joint-map,
completed,23.44219257854073,20.0,0.20048184142041645,True,conditional-laplace,True,18.52277931990578,28.36160583717568,9.8388265172699,True,False,True,False,141,20261151,20261151,D,laplace,joint-map,
completed,23.44219257854073,20.0,0.20048184142041645,True,conditional-studentized-curvature,True,16.54087850183207,35.40830358348949,18.867425081657423,True,False,True,False,141,20261151,20261151,D,studentized,joint-map,
completed,23.44219257854073,20.0,0.20048184142041645,True,conditional-profile,True,19.321055962110908,29.37961748243259,10.058561520321682,True,False,True,False,141,20261151,20261151,D,profile,joint-map,
completed,19.254741867941718,20.0,0.15333054911399432,True,conditional-laplace,True,16.510707275211335,21.998776460672097,5.488069185460763,True,False,True,False,142,20261152,20261152,D,laplace,joint-map,
completed,19.254741867941718,20.0,0.15333054911399432,True,conditional-studentized-curvature,True,15.22870102289871,25.802891995244288,10.574190972345578,True,False,True,False,142,20261152,20261152,D,studentized,joint-map,
completed,19.254741867941718,20.0,0.15333054911399432,True,conditional-profile,True,16.87680844655041,22.44341593346993,5.566607486919519,True,False,True,False,142,20261152,20261152,D,profile,joint-map,
completed,21.115548371223667,20.0,0.25432558743902856,True,conditional-laplace,True,16.029103126595906,26.201993615851432,10.172890489255526,True,False,True,False,143,20261153,20261153,D,laplace,joint-map,
completed,21.115548371223667,20.0,0.25432558743902856,True,conditional-studentized-curvature,True,14.525495533627716,34.54620048817255,20.020704954544836,True,False,True,False,143,20261153,20261153,D,studentized,joint-map,
completed,21.115548371223667,20.0,0.25432558743902856,True,conditional-profile,True,17.032615247365207,27.562466179426433,10.529850932061226,True,False,True,False,143,20261153,20261153,D,profile,joint-map,
completed,20.833870527948193,20.0,0.09664866031331955,True,conditional-laplace,True,18.43452566910451,23.233215386791876,4.798689717687367,True,False,True,False,144,20261154,20261154,D,laplace,joint-map,
completed,20.833870527948193,20.0,0.09664866031331955,True,conditional-studentized-curvature,True,17.077874844512284,26.1938023600668,9.115927515554517,True,False,True,False,144,20261154,20261154,D,studentized,joint-map,
completed,20.833870527948193,20.0,0.09664866031331955,True,conditional-profile,True,18.674358927163198,23.509364715186774,4.835005788023576,True,False,True,False,144,20261154,20261154,D,profile,joint-map,
completed,28.339626636086308,20.0,0.5686230294638296,True,conditional-laplace,True,10.415933383833927,46.263319888338685,35.847386504504755,True,False,True,False,145,20261155,20261155,D,laplace,joint-map,
completed,28.339626636086308,20.0,0.5686230294638296,True,conditional-studentized-curvature,True,12.2485461475929,74.691271578495,62.4427254309021,True,False,True,False,145,20261155,20261155,D,studentized,joint-map,
completed,28.339626636086308,20.0,0.5686230294638296,True,conditional-profile,True,16.902016324834417,58.738180824144656,41.83616449931024,True,False,True,False,145,20261155,20261155,D,profile,joint-map,
completed,21.946127643375387,20.0,0.10453228491295082,True,conditional-laplace,True,19.204202771028438,24.68805251572234,5.483849744693902,True,False,True,False,146,20261156,20261156,D,laplace,joint-map,
completed,21.946127643375387,20.0,0.10453228491295082,True,conditional-studentized-curvature,True,17.671575415982822,28.079397622156854,10.407822206174032,True,False,True,False,146,20261156,20261156,D,studentized,joint-map,
completed,21.946127643375387,20.0,0.10453228491295082,True,conditional-profile,True,19.490043633875445,25.019487252023037,5.529443618147592,True,False,True,False,146,20261156,20261156,D,profile,joint-map,
completed,25.969975413982063,20.0,0.3448227521260982,True,conditional-laplace,True,16.360961870194988,35.57898895776914,19.218027087574153,True,False,True,False,147,20261157,20261157,D,laplace,joint-map,
completed,25.969975413982063,20.0,0.3448227521260982,True,conditional-studentized-curvature,True,14.670532228811975,51.35682990829176,36.68629767947978,True,False,True,False,147,20261157,20261157,D,studentized,joint-map,
completed,25.969975413982063,20.0,0.3448227521260982,True,conditional-profile,True,18.749443844226462,39.14778890971794,20.398345065491476,True,False,True,False,147,20261157,20261157,D,profile,joint-map,
completed,21.93541138064427,20.0,0.22880209384042996,True,conditional-laplace,True,16.964094686905792,26.90672807438274,9.942633387476949,True,False,True,False,148,20261158,20261158,D,laplace,joint-map,
completed,21.93541138064427,20.0,0.22880209384042996,True,conditional-studentized-curvature,True,15.265418018055126,34.60152757717077,19.336109559115645,True,False,True,False,148,20261158,20261158,D,studentized,joint-map,
completed,21.93541138064427,20.0,0.22880209384042996,True,conditional-profile,True,17.867928096662915,28.098763287521066,10.230835190858151,True,False,True,False,148,20261158,20261158,D,profile,joint-map,
completed,19.824941156804467,20.0,0.21692186785866358,True,conditional-laplace,True,15.919114744817286,23.73076756879165,7.811652823974363,True,False,True,False,149,20261159,20261159,D,laplace,joint-map,
completed,19.824941156804467,20.0,0.21692186785866358,True,conditional-studentized-curvature,True,14.53627429578811,29.84754265505245,15.311268359264341,True,False,True,False,149,20261159,20261159,D,studentized,joint-map,
completed,19.824941156804467,20.0,0.21692186785866358,True,conditional-profile,True,16.600218209096617,24.61728372824348,8.017065519146861,True,False,True,False,149,20261159,20261159,D,profile,joint-map,
completed,18.902381437865618,20.0,0.389718572875827,True,conditional-laplace,True,12.85906875797684,24.945694117754392,12.086625359777553,True,False,True,False,150,20261160,20261160,D,laplace,joint-map,
completed,18.902381437865618,20.0,0.389718572875827,True,conditional-studentized-curvature,True,12.34339642509706,37.96309300761764,25.619696582520575,True,False,True,False,150,20261160,20261160,D,studentized,joint-map,
completed,18.902381437865618,20.0,0.389718572875827,True,conditional-profile,True,14.51496469376951,27.55059146970511,13.0356267759356,True,False,True,False,150,20261160,20261160,D,profile,joint-map,
completed,17.543789221891625,20.0,0.38569915625785833,True,conditional-laplace,True,12.447347725581388,22.640230718201863,10.192882992620476,True,False,True,False,151,20261161,20261161,D,laplace,joint-map,
completed,17.543789221891625,20.0,0.38569915625785833,True,conditional-studentized-curvature,True,12.019852155267102,34.04582744040559,22.025975285138486,True,False,True,False,151,20261161,20261161,D,studentized,joint-map,
completed,17.543789221891625,20.0,0.38569915625785833,True,conditional-profile,True,13.838115814240501,24.822590062648274,10.984474248407773,True,False,True,False,151,20261161,20261161,D,profile,joint-map,
completed,17.399926882107795,20.0,0.240203151562311,True,conditional-laplace,True,14.14130807749277,20.658545686722825,6.517237609230055,True,False,True,False,152,20261162,20261162,D,laplace,joint-map,
completed,17.399926882107795,20.0,0.240203151562311,True,conditional-studentized-curvature,True,13.164126563667779,26.245339508478068,13.08121294481029,True,False,True,False,152,20261162,20261162,D,studentized,joint-map,
completed,17.399926882107795,20.0,0.240203151562311,True,conditional-profile,True,14.76203732593409,21.489370859414386,6.727333533480296,True,False,True,False,152,20261162,20261162,D,profile,joint-map,
completed,19.49686078338345,20.0,0.32985868821437636,True,conditional-laplace,True,13.986556983607304,25.007164583159597,11.020607599552292,True,False,True,False,153,20261163,20261163,D,laplace,joint-map,
completed,19.49686078338345,20.0,0.32985868821437636,True,conditional-studentized-curvature,True,13.04014324704395,35.62553378344066,22.58539053639671,True,False,True,False,153,20261163,20261163,D,studentized,joint-map,
completed,19.49686078338345,20.0,0.32985868821437636,True,conditional-profile,True,15.3152774103925,26.9630855081566,11.647808097764099,True,False,True,False,153,20261163,20261163,D,profile,joint-map,
completed,21.982981173793622,20.0,0.31822027662994673,True,conditional-laplace,True,15.280492769405885,28.68546957818136,13.404976808775473,True,False,True,False,154,20261164,20261164,D,laplace,joint-map,
completed,21.982981173793622,20.0,0.31822027662994673,True,conditional-studentized-curvature,True,13.942425271195715,40.592639142525385,26.65021387132967,True,False,True,False,154,20261164,20261164,D,studentized,joint-map,
completed,21.982981173793622,20.0,0.31822027662994673,True,conditional-profile,True,16.848782758483868,30.962682337769735,14.113899579285867,True,False,True,False,154,20261164,20261164,D,profile,joint-map,
completed,21.61993257521877,20.0,0.16872059713035598,True,conditional-laplace,True,17.88388436482399,25.355980785613546,7.472096420789555,True,False,True,False,155,20261165,20261165,D,laplace,joint-map,
completed,21.61993257521877,20.0,0.16872059713035598,True,conditional-studentized-curvature,True,16.216424221209575,30.56733541316758,14.350911191958005,True,False,True,False,155,20261165,20261165,D,studentized,joint-map,
completed,21.61993257521877,20.0,0.16872059713035598,True,conditional-profile,True,18.422169166745437,26.02150355716119,7.599334390415752,True,False,True,False,155,20261165,20261165,D,profile,joint-map,
completed,21.40927521522554,20.0,0.31501348465466145,True,conditional-laplace,True,15.075868692324317,27.742681738126763,12.666813045802446,True,False,True,False,156,20261166,20261166,D,laplace,joint-map,
completed,21.40927521522554,20.0,0.31501348465466145,True,conditional-studentized-curvature,True,13.799858395133615,39.11080993080555,25.310951535671936,True,False,True,False,156,20261166,20261166,D,studentized,joint-map,
completed,21.40927521522554,20.0,0.31501348465466145,True,conditional-profile,True,16.548355300524,29.8745733472663,13.326218046742298,True,False,True,False,156,20261166,20261166,D,profile,joint-map,
completed,23.169067488869977,20.0,0.3089407797381981,True,conditional-laplace,True,16.001270027465488,30.336864950274464,14.335594922808976,True,False,True,False,157,20261167,20261167,D,laplace,joint-map,
completed,23.169067488869977,20.0,0.3089407797381981,True,conditional-studentized-curvature,True,14.437509347730938,42.54622126701227,28.108711919281333,True,False,True,False,157,20261167,20261167,D,studentized,joint-map,
completed,23.169067488869977,20.0,0.3089407797381981,True,conditional-profile,True,17.64084718623384,32.693871950550665,15.053024764316824,True,False,True,False,157,20261167,20261167,D,profile,joint-map,
completed,21.583197824637793,20.0,0.15115583355218093,True,conditional-laplace,True,18.178100164895433,24.988295484380153,6.81019531948472,True,False,True,False,158,20261168,20261168,D,laplace,joint-map,
completed,21.583197824637793,20.0,0.15115583355218093,True,conditional-studentized-curvature,True,16.548287225790183,29.581042740912252,13.03275551512207,True,False,True,False,158,20261168,20261168,D,studentized,joint-map,
completed,21.583197824637793,20.0,0.15115583355218093,True,conditional-profile,True,18.62975114068755,25.536310436193418,6.906559295505868,True,False,True,False,158,20261168,20261168,D,profile,joint-map,
completed,21.82440543750546,20.0,0.3377233706002189,True,conditional-laplace,True,14.817527024303342,28.83128385070758,14.01375682640424,True,False,True,False,159,20261169,20261169,D,laplace,joint-map,
completed,21.82440543750546,20.0,0.3377233706002189,True,conditional-studentized-curvature,True,13.63534145324885,41.6913186757504,28.055977222501554,True,False,True,False,159,20261169,20261169,D,studentized,joint-map,
completed,21.82440543750546,20.0,0.3377233706002189,True,conditional-profile,True,16.537226442477753,31.384660828793596,14.847434386315843,True,False,True,False,159,20261169,20261169,D,profile,joint-map,
completed,19.802473883518733,20.0,0.40096962820347676,True,conditional-laplace,True,12.94766734015674,26.65728042688073,13.709613086723992,True,False,True,False,160,20261170,20261170,D,laplace,joint-map,
completed,19.802473883518733,20.0,0.40096962820347676,True,conditional-studentized-curvature,True,12.456894866638272,41.26609743683165,28.809202570193378,True,False,True,False,160,20261170,20261170,D,studentized,joint-map,
completed,19.802473883518733,20.0,0.40096962820347676,True,conditional-profile,True,14.87064951312286,29.72364105512743,14.85299154200457,True,False,True,False,160,20261170,20261170,D,profile,joint-map,
completed,18.19905671619155,20.0,0.12245331807367134,True,conditional-laplace,True,16.039396476327074,20.35871695605603,4.319320479728955,True,False,True,False,161,20261171,20261171,D,laplace,joint-map,
completed,18.19905671619155,20.0,0.12245331807367134,True,conditional-studentized-curvature,True,14.951036375120786,23.24600867660811,8.294972301487324,True,False,True,False,161,20261171,20261171,D,studentized,joint-map,
completed,18.19905671619155,20.0,0.12245331807367134,True,conditional-profile,True,16.29380251786452,20.6596898873635,4.365887369498978,True,False,True,False,161,20261171,20261171,D,profile,joint-map,
completed,20.20016447241658,20.0,0.3443780657245887,True,conditional-laplace,True,14.053295057784014,26.347033887049143,12.293738829265129,True,False,True,False,162,20261172,20261172,D,laplace,joint-map,
completed,20.20016447241658,20.0,0.3443780657245887,True,conditional-studentized-curvature,True,13.10582462421376,38.23405178759841,25.12822716338465,True,False,True,False,162,20261172,20261172,D,studentized,joint-map,
completed,20.20016447241658,20.0,0.3443780657245887,True,conditional-profile,True,15.58275604926196,28.633046937934438,13.050290888672478,True,False,True,False,162,20261172,20261172,D,profile,joint-map,
completed,17.976252431088092,20.0,0.20314610271180086,True,conditional-laplace,True,14.972252601326549,20.980252260849635,6.007999659523087,True,False,True,False,163,20261173,20261173,D,laplace,joint-map,
completed,17.976252431088092,20.0,0.20314610271180086,True,conditional-studentized-curvature,True,13.859898463902574,25.683211436319233,11.823312972416659,True,False,True,False,163,20261173,20261173,D,studentized,joint-map,
completed,17.976252431088092,20.0,0.20314610271180086,True,conditional-profile,True,15.47082990132118,21.61962789232266,6.148797991001482,True,False,True,False,163,20261173,20261173,D,profile,joint-map,
completed,20.149923788095908,20.0,0.27661631387473895,True,conditional-laplace,True,15.134822252782385,25.16502532340943,10.030203070627046,True,False,True,False,164,20261174,20261174,D,laplace,joint-map,
completed,20.149923788095908,20.0,0.27661631387473895,True,conditional-studentized-curvature,True,13.854327192843407,33.87831565240746,20.023988459564052,True,False,True,False,164,20261174,20261174,D,studentized,joint-map,
completed,20.149923788095908,20.0,0.27661631387473895,True,conditional-profile,True,16.19159160782258,26.633311930306107,10.441720322483526,True,False,True,False,164,20261174,20261174,D,profile,joint-map,
completed,17.73836659261879,20.0,0.3050139225961753,True,conditional-laplace,True,13.551707037018645,21.925026148218937,8.373319111200292,True,False,True,False,165,20261175,20261175,D,laplace,joint-map,
completed,17.73836659261879,20.0,0.3050139225961753,True,conditional-studentized-curvature,True,12.706769191123948,29.98214432398842,17.275375132864475,True,False,True,False,165,20261175,20261175,D,studentized,joint-map,
completed,17.73836659261879,20.0,0.3050139225961753,True,conditional-profile,True,14.503926342461359,23.29002707048511,8.78610072802375,True,False,True,False,165,20261175,20261175,D,profile,joint-map,
completed,21.262640862321987,20.0,0.5024791444422866,True,conditional-laplace,True,11.496549014929784,31.028732709714188,19.532183694784404,True,False,True,False,166,20261176,20261176,D,laplace,joint-map,
completed,21.262640862321987,20.0,0.5024791444422866,True,conditional-studentized-curvature,True,11.963612878116878,53.059699161863904,41.09608628374703,True,False,True,False,166,20261176,20261176,D,studentized,joint-map,
completed,21.262640862321987,20.0,0.5024791444422866,True,conditional-profile,True,14.732028375430765,36.80539756470631,22.073369189275546,True,False,True,False,166,20261176,20261176,D,profile,joint-map,
completed,22.557870929355825,20.0,0.3577979531275592,True,conditional-laplace,True,14.70525958133794,30.41048227737371,15.70522269603577,True,False,True,False,167,20261177,20261177,D,laplace,joint-map,
completed,22.557870929355825,20.0,0.3577979531275592,True,conditional-studentized-curvature,True,13.587378434707777,44.90017816092853,31.312799726220756,True,False,True,False,167,20261177,20261177,D,studentized,joint-map,
completed,22.557870929355825,20.0,0.3577979531275592,True,conditional-profile,True,16.719229527554578,33.467233577896934,16.748004050342356,True,False,True,False,167,20261177,20261177,D,profile,joint-map,
completed,23.642489558636925,20.0,0.1773863210363955,True,conditional-laplace,True,19.130955363590886,28.154023753682967,9.023068390092082,True,False,True,False,168,20261178,20261178,D,laplace,joint-map,
completed,23.642489558636925,20.0,0.1773863210363955,True,conditional-studentized-curvature,True,17.129447865139603,34.35670135899429,17.22725349385469,True,False,True,False,168,20261178,20261178,D,studentized,joint-map,
completed,23.642489558636925,20.0,0.1773863210363955,True,conditional-profile,True,19.799068539399602,28.985865201903643,9.18679666250404,True,False,True,False,168,20261178,20261178,D,profile,joint-map,
completed,20.327140221141796,20.0,0.5123786391910548,True,conditional-laplace,True,11.20330143102477,29.450979011258823,18.247677580234054,True,False,True,False,169,20261179,20261179,D,laplace,joint-map,
completed,20.327140221141796,20.0,0.5123786391910548,True,conditional-studentized-curvature,True,11.760739324742207,51.13975869728995,39.379019372547745,True,False,True,False,169,20261179,20261179,D,studentized,joint-map,
completed,20.327140221141796,20.0,0.5123786391910548,True,conditional-profile,True,14.268422714225881,34.98342682816805,20.715004113942168,True,False,True,False,169,20261179,20261179,D,profile,joint-map,
completed,24.63946315239358,20.0,0.3267189481374519,True,conditional-laplace,True,16.257793368622913,33.02113293616425,16.763339567541337,True,False,True,False,170,20261180,20261180,D,laplace,joint-map,
completed,24.63946315239358,20.0,0.3267189481374519,True,conditional-studentized-curvature,True,14.603196242222474,47.061153631307846,32.45795738908537,True,False,True,False,170,20261180,20261180,D,studentized,joint-map,
completed,24.63946315239358,20.0,0.3267189481374519,True,conditional-profile,True,18.257601670359442,35.95117036459233,17.693568694232887,True,False,True,False,170,20261180,20261180,D,profile,joint-map,
completed,17.448380188753212,20.0,0.18816008266392614,True,conditional-laplace,True,14.771612067895902,20.125148309610523,5.353536241714622,True,False,True,False,171,20261181,20261181,D,laplace,joint-map,
completed,17.448380188753212,20.0,0.18816008266392614,True,conditional-studentized-curvature,True,13.733759929252564,24.248197442369268,10.514437513116704,True,False,True,False,171,20261181,20261181,D,studentized,joint-map,
completed,17.448380188753212,20.0,0.18816008266392614,True,conditional-profile,True,15.196537135335452,20.66313866697804,5.466601531642587,True,False,True,False,171,20261181,20261181,D,profile,joint-map,
completed,24.664842276005118,20.0,0.25307753668750615,True,conditional-laplace,True,17.969532056986925,31.360152495023307,13.390620438036382,True,False,True,False,172,20261182,20261182,D,laplace,joint-map,
completed,24.664842276005118,20.0,0.25307753668750615,True,conditional-studentized-curvature,True,15.888573932720004,41.60613896514414,25.717565032424137,True,False,True,False,172,20261182,20261182,D,studentized,joint-map,
completed,24.664842276005118,20.0,0.25307753668750615,True,conditional-profile,True,19.2884378755504,33.14756450332061,13.859126627770209,True,False,True,False,172,20261182,20261182,D,profile,joint-map,
completed,20.348528629230653,20.0,0.14563254480030666,True,conditional-laplace,True,17.369289668496137,23.32776758996517,5.958477921469033,True,False,True,False,173,20261183,20261183,D,laplace,joint-map,
completed,20.348528629230653,20.0,0.14563254480030666,True,conditional-studentized-curvature,True,15.935045942382454,27.366021469801858,11.430975527419404,True,False,True,False,173,20261183,20261183,D,studentized,joint-map,
completed,20.348528629230653,20.0,0.14563254480030666,True,conditional-profile,True,17.75593511986561,23.794588315556844,6.038653195691232,True,False,True,False,173,20261183,20261183,D,profile,joint-map,
completed,20.06727748838951,20.0,0.3184908690465417,True,conditional-laplace,True,14.413311011578823,25.721243965200195,11.307932953621371,True,False,True,False,174,20261184,20261184,D,laplace,joint-map,
completed,20.06727748838951,20.0,0.3184908690465417,True,conditional-studentized-curvature,True,13.335236101597117,36.26891587380782,22.933679772210702,True,False,True,False,174,20261184,20261184,D,studentized,joint-map,
completed,20.06727748838951,20.0,0.3184908690465417,True,conditional-profile,True,15.74034742617409,27.65047905974438,11.910131633570291,True,False,True,False,174,20261184,20261184,D,profile,joint-map,
completed,23.320416382753542,20.0,0.19210273889261775,True,conditional-laplace,True,18.577952693420045,28.062880072087037,9.484927378666992,True,False,True,False,175,20261185,20261185,D,laplace,joint-map,
completed,23.320416382753542,20.0,0.19210273889261775,True,conditional-studentized-curvature,True,16.616868898855,34.79576793524163,18.17889903638663,True,False,True,False,175,20261185,20261185,D,studentized,joint-map,
completed,23.320416382753542,20.0,0.19210273889261775,True,conditional-profile,True,19.328465276688394,29.01339181296067,9.684926536272275,True,False,True,False,175,20261185,20261185,D,profile,joint-map,
completed,17.820322493789863,20.0,0.2041175382564283,True,conditional-laplace,True,14.83275216950089,20.80789281807883,5.9751406485779395,True,False,True,False,176,20261186,20261186,D,laplace,joint-map,
completed,17.820322493789863,20.0,0.2041175382564283,True,conditional-studentized-curvature,True,13.745985963944772,25.52832913449673,11.782343170551957,True,False,True,False,176,20261186,20261186,D,studentized,joint-map,
completed,17.820322493789863,20.0,0.2041175382564283,True,conditional-profile,True,15.334545200875558,21.45346219442448,6.11891699354892,True,False,True,False,176,20261186,20261186,D,profile,joint-map,
completed,17.639086138397936,20.0,0.3524536819268685,True,conditional-laplace,True,12.879831833275022,22.39834044352085,9.51850861024583,True,False,True,False,177,20261187,20261187,D,laplace,joint-map,
completed,17.639086138397936,20.0,0.3524536819268685,True,conditional-studentized-curvature,True,12.270461836015546,32.45314847499644,20.182686638980893,True,False,True,False,177,20261187,20261187,D,studentized,joint-map,
completed,17.639086138397936,20.0,0.3524536819268685,True,conditional-profile,True,14.096090050130087,24.2402644832232,10.144174433093113,True,False,True,False,177,20261187,20261187,D,profile,joint-map,
completed,17.38225432070484,20.0,0.2906252185760641,True,conditional-laplace,True,13.545167006535454,21.219341634874223,7.674174628338768,True,False,True,False,178,20261188,20261188,D,laplace,joint-map,
completed,17.38225432070484,20.0,0.2906252185760641,True,conditional-studentized-curvature,True,12.69828555877699,28.47633906322823,15.778053504451242,True,False,True,False,178,20261188,20261188,D,studentized,joint-map,
completed,17.38225432070484,20.0,0.2906252185760641,True,conditional-profile,True,14.388490851076023,22.410566443622088,8.022075592546065,True,False,True,False,178,20261188,20261188,D,profile,joint-map,
completed,16.249301571701828,20.0,0.12128255743938902,True,conditional-laplace,True,14.562470063354052,17.936133080049604,3.373663016695552,False,False,True,False,179,20261189,20261189,D,laplace,joint-map,
completed,16.249301571701828,20.0,0.12128255743938902,True,conditional-studentized-curvature,True,13.736627218513162,20.250827758809603,6.514200540296441,True,False,True,False,179,20261189,20261189,D,studentized,joint-map,
completed,16.249301571701828,20.0,0.12128255743938902,True,conditional-profile,True,14.762903260692188,18.173379507846224,3.410476247154037,False,False,True,False,179,20261189,20261189,D,profile,joint-map,
completed,19.481977919289953,20.0,0.2165114548824486,True,conditional-laplace,True,15.685071922518866,23.278883916061048,7.593811993542182,True,False,True,False,180,20261190,20261190,D,laplace,joint-map,
completed,19.481977919289953,20.0,0.2165114548824486,True,conditional-studentized-curvature,True,14.357501904981142,29.27646466614611,14.91896276116497,True,False,True,False,180,20261190,20261190,D,studentized,joint-map,
completed,19.481977919289953,20.0,0.2165114548824486,True,conditional-profile,True,16.350922755182985,24.146843616890923,7.795920861707938,True,False,True,False,180,20261190,20261190,D,profile,joint-map,
completed,23.649970840686404,20.0,0.3248973671225223,True,conditional-laplace,True,15.851562760454147,31.44837892091866,15.596816160464513,True,False,True,False,181,20261191,20261191,D,laplace,joint-map,
completed,23.649970840686404,20.0,0.3248973671225223,True,conditional-studentized-curvature,True,14.33277898503841,44.85176578827601,30.518986803237603,True,False,True,False,181,20261191,20261191,D,studentized,joint-map,
completed,23.649970840686404,20.0,0.3248973671225223,True,conditional-profile,True,17.70874493115884,34.16696687258708,16.458221941428242,True,False,True,False,181,20261191,20261191,D,profile,joint-map,
completed,17.895094036873278,20.0,0.14313499814376293,True,conditional-laplace,True,15.601048478719296,20.18913959502726,4.5880911163079645,True,False,True,False,182,20261192,20261192,D,laplace,joint-map,
completed,17.895094036873278,20.0,0.14313499814376293,True,conditional-studentized-curvature,True,14.523610783883694,23.385859685425928,8.862248901542234,True,False,True,False,182,20261192,20261192,D,studentized,joint-map,
completed,17.895094036873278,20.0,0.14313499814376293,True,conditional-profile,True,15.899156444799754,20.548842458267373,4.649686013467619,True,False,True,False,182,20261192,20261192,D,profile,joint-map,
completed,16.639937773091376,20.0,0.18300490843716755,True,conditional-laplace,True,14.291300813653564,18.988574732529187,4.697273918875624,False,False,True,False,183,20261193,20261193,D,laplace,joint-map,
completed,16.639937773091376,20.0,0.18300490843716755,True,conditional-studentized-curvature,True,13.372132807647404,22.613362735451755,9.241229927804351,True,False,True,False,183,20261193,20261193,D,studentized,joint-map,
completed,16.639937773091376,20.0,0.18300490843716755,True,conditional-profile,True,14.65783465732747,19.45032890757385,4.792494250246381,False,False,True,False,183,20261193,20261193,D,profile,joint-map,
completed,22.40404991498083,20.0,0.7340498204324982,True,unavailable-gaussian-interval-crosses-bound,False,,,,False,False,True,False,184,20261194,20261194,D,laplace,joint-map,
completed,22.40404991498083,20.0,0.7340498204324982,True,conditional-studentized-curvature,True,10.926547441593597,73.96264396720885,63.03609652561525,True,False,True,False,184,20261194,20261194,D,studentized,joint-map,
completed,22.40404991498083,20.0,0.7340498204324982,True,conditional-profile,True,13.53100416449024,53.572572064550315,40.04156790006007,True,False,True,False,184,20261194,20261194,D,profile,joint-map,
completed,20.814206365636178,20.0,0.23015150586941663,True,conditional-laplace,True,16.311755925606196,25.316656805666163,9.004900880059967,True,False,True,False,185,20261195,20261195,D,laplace,joint-map,
completed,20.814206365636178,20.0,0.23015150586941663,True,conditional-studentized-curvature,True,14.79195499526793,32.41400019721231,17.62204520194438,True,False,True,False,185,20261195,20261195,D,studentized,joint-map,
completed,20.814206365636178,20.0,0.23015150586941663,True,conditional-profile,True,17.129930635764115,26.395467817941537,9.265537182177422,True,False,True,False,185,20261195,20261195,D,profile,joint-map,
completed,18.234327023683743,20.0,0.2451524748372775,True,conditional-laplace,True,14.582782148860689,21.885871898506796,7.303089749646107,True,False,True,False,186,20261196,20261196,D,laplace,joint-map,
completed,18.234327023683743,20.0,0.2451524748372775,True,conditional-studentized-curvature,True,13.488796267025226,28.085396244188683,14.596599977163457,True,False,True,False,186,20261196,20261196,D,studentized,joint-map,
completed,18.234327023683743,20.0,0.2451524748372775,True,conditional-profile,True,15.283299799550347,22.826036612590887,7.5427368130405394,True,False,True,False,186,20261196,20261196,D,profile,joint-map,
completed,21.139732737319953,20.0,0.14300895359746987,True,conditional-laplace,True,17.944793213370943,24.334672261268967,6.389879047898024,True,False,True,False,187,20261197,20261197,D,laplace,joint-map,
completed,21.139732737319953,20.0,0.14300895359746987,True,conditional-studentized-curvature,True,16.393395716960125,28.62472426015522,12.231328543195094,True,False,True,False,187,20261197,20261197,D,studentized,joint-map,
completed,21.139732737319953,20.0,0.14300895359746987,True,conditional-profile,True,18.357881873215163,24.833032832337448,6.475150959122285,True,False,True,False,187,20261197,20261197,D,profile,joint-map,
completed,23.743260101697604,20.0,0.3343972925678881,True,conditional-laplace,True,15.702852006318055,31.783668197077155,16.0808161907591,True,False,True,False,188,20261198,20261198,D,laplace,joint-map,
completed,23.743260101697604,20.0,0.3343972925678881,True,conditional-studentized-curvature,True,14.235291798154481,45.70892524286254,31.47363344470806,True,False,True,False,188,20261198,20261198,D,studentized,joint-map,
completed,23.743260101697604,20.0,0.3343972925678881,True,conditional-profile,True,17.655824908235353,34.66927099076659,17.01344608253124,True,False,True,False,188,20261198,20261198,D,profile,joint-map,
completed,21.678096318373008,20.0,0.3172684361076075,True,conditional-laplace,True,15.168089986987814,28.1881026497582,13.020012662770386,True,False,True,False,189,20261199,20261199,D,laplace,joint-map,
completed,21.678096318373008,20.0,0.3172684361076075,True,conditional-studentized-curvature,True,13.864333252993458,39.821406238532845,25.957072985539387,True,False,True,False,189,20261199,20261199,D,studentized,joint-map,
completed,21.678096318373008,20.0,0.3172684361076075,True,conditional-profile,True,16.686967068944472,30.3905968326751,13.703629763730628,True,False,True,False,189,20261199,20261199,D,profile,joint-map,
completed,18.021586550020206,20.0,0.3095558046447188,True,conditional-laplace,True,13.624069998417534,22.41910310162288,8.795033103205347,True,False,True,False,190,20261200,20261200,D,laplace,joint-map,
completed,18.021586550020206,20.0,0.3095558046447188,True,conditional-studentized-curvature,True,12.761840862008407,30.89856394120418,18.136723079195775,True,False,True,False,190,20261200,20261200,D,studentized,joint-map,
completed,18.021586550020206,20.0,0.3095558046447188,True,conditional-profile,True,14.635429241284152,23.875999241161765,9.240569999877613,True,False,True,False,190,20261200,20261200,D,profile,joint-map,
completed,23.818281673273688,20.0,0.5467998401974062,True,conditional-laplace,True,10.792624333706467,36.843939012840906,26.05131467913444,True,False,True,False,191,20261201,20261201,D,laplace,joint-map,
completed,23.818281673273688,20.0,0.5467998401974062,True,conditional-studentized-curvature,True,11.978819109065213,63.466358792947126,51.48753968388191,True,False,True,False,191,20261201,20261201,D,studentized,joint-map,
completed,23.818281673273688,20.0,0.5467998401974062,True,conditional-profile,True,15.383651101421844,45.46866124849053,30.085010147068683,True,False,True,False,191,20261201,20261201,D,profile,joint-map,
completed,20.34811283002925,20.0,0.4365562504877182,True,conditional-laplace,True,12.520007571156489,28.17621808890201,15.656210517745523,True,False,True,False,192,20261202,20261202,D,laplace,joint-map,
completed,20.34811283002925,20.0,0.4365562504877182,True,conditional-studentized-curvature,True,12.294524993272432,45.29390926917806,32.999384275905626,True,False,True,False,192,20261202,20261202,D,studentized,joint-map,
completed,20.34811283002925,20.0,0.4365562504877182,True,conditional-profile,True,14.856356266559946,32.04851774483291,17.19216147827296,True,False,True,False,192,20261202,20261202,D,profile,joint-map,
completed,16.076592493049397,20.0,0.2805874001257765,True,conditional-laplace,True,12.990254645130861,19.16293034096793,6.172675695837068,False,False,True,False,193,20261203,20261203,D,laplace,joint-map,
completed,16.076592493049397,20.0,0.2805874001257765,True,conditional-studentized-curvature,True,12.287301112720934,25.065251744631137,12.777950631910203,True,False,True,False,193,20261203,20261203,D,studentized,joint-map,
completed,16.076592493049397,20.0,0.2805874001257765,True,conditional-profile,True,13.654872131610878,20.093655426051974,6.438783294441096,True,False,True,False,193,20261203,20261203,D,profile,joint-map,
completed,25.384950796709802,20.0,0.3315125340962454,True,conditional-laplace,True,16.463870903584027,34.30603068983557,17.842159786251546,True,False,True,False,194,20261204,20261204,D,laplace,joint-map,
completed,25.384950796709802,20.0,0.3315125340962454,True,conditional-studentized-curvature,True,14.737137897940919,49.014697502289465,34.277559604348546,True,False,True,False,194,20261204,20261204,D,studentized,joint-map,
completed,25.384950796709802,20.0,0.3315125340962454,True,conditional-profile,True,18.61499190986145,37.473526342394436,18.858534432532988,True,False,True,False,194,20261204,20261204,D,profile,joint-map,
completed,23.45142824543098,20.0,0.22165913726260222,True,conditional-laplace,True,18.042074015096492,28.86078247576546,10.818708460668969,True,False,True,False,195,20261205,20261205,D,laplace,joint-map,
completed,23.45142824543098,20.0,0.22165913726260222,True,conditional-studentized-curvature,True,16.077435404928554,36.904259866188525,20.82682446125997,True,False,True,False,195,20261205,20261205,D,studentized,joint-map,
completed,23.45142824543098,20.0,0.22165913726260222,True,conditional-profile,True,18.996150168874927,30.10734412242104,11.111193953546113,True,False,True,False,195,20261205,20261205,D,profile,joint-map,
completed,16.327456103581962,20.0,0.11862383441492376,True,conditional-laplace,True,14.669887116639051,17.985025090524875,3.3151379738858235,False,False,True,False,196,20261206,20261206,D,laplace,joint-map,
completed,16.327456103581962,20.0,0.11862383441492376,True,conditional-studentized-curvature,True,13.841531321386205,20.231041589402736,6.389510268016531,True,False,True,False,196,20261206,20261206,D,studentized,joint-map,
completed,16.327456103581962,20.0,0.11862383441492376,True,conditional-profile,True,14.861758069072765,18.211099875527257,3.3493418064544915,False,False,True,False,196,20261206,20261206,D,profile,joint-map,
completed,20.095845576982644,20.0,0.14362294064307374,True,conditional-laplace,True,17.181724329969022,23.009966823996262,5.82824249402724,True,False,True,False,197,20261207,20261207,D,laplace,joint-map,
completed,20.095845576982644,20.0,0.14362294064307374,True,conditional-studentized-curvature,True,15.784108431299186,26.97392446508433,11.189816033785144,True,False,True,False,197,20261207,20261207,D,studentized,joint-map,
completed,20.095845576982644,20.0,0.14362294064307374,True,conditional-profile,True,17.560201884427922,23.466908445706128,5.906706561278206,True,False,True,False,197,20261207,20261207,D,profile,joint-map,
completed,20.054550366773377,20.0,0.2051745383498236,True,conditional-laplace,True,16.22518049449438,23.883920239052372,7.658739744557991,True,False,True,False,198,20261208,20261208,D,laplace,joint-map,
completed,20.054550366773377,20.0,0.2051745383498236,True,conditional-studentized-curvature,True,14.796265552766453,29.74192384633845,14.945658293571999,True,False,True,False,198,20261208,20261208,D,studentized,joint-map,
completed,20.054550366773377,20.0,0.2051745383498236,True,conditional-profile,True,16.867687230634886,24.710600477180698,7.8429132465458125,True,False,True,False,198,20261208,20261208,D,profile,joint-map,
completed,17.20055249290028,20.0,0.29803002626284686,True,conditional-laplace,True,13.356735856335645,21.044369129464915,7.68763327312927,True,False,True,False,199,20261209,20261209,D,laplace,joint-map,
completed,17.20055249290028,20.0,0.29803002626284686,True,conditional-studentized-curvature,True,12.561912553265755,28.46440459795584,15.902492044690087,True,False,True,False,199,20261209,20261209,D,studentized,joint-map,
completed,17.20055249290028,20.0,0.29803002626284686,True,conditional-profile,True,14.220806549122074,22.27654124684337,8.055734697721295,True,False,True,False,199,20261209,20261209,D,profile,joint-map,
