sample_order	leaf_name	pd_gain	pd_total	C4	C4_monocot	C4_dicot	crop
1	Sorghum_bicolor_X17379	0.7079172448499998	0.7079172448499998	1	1	0	1
2	Cyperus_sanguinolentus_FM208046	0.3860771607000001	1.09399440555	1	1	0	0
3	Flaveria_australasica_Z25853	0.3178965010000001	1.41189090655	1	0	1	0
4	Cyperus_sanguinolentus_FN390835	0.2984777162	1.7103686227500001	1	1	0	0
5	Bienertia_sinuspersici_DQ538352	0.2754783424000001	1.9858469651500001	1	0	1	0
6	Zea_mays_X61489	0.18867284730000003	2.1745198124500003	1	1	0	1
7	Fimbristylis_littoralis_FN390837	0.1542411022	2.32876091465	1	1	0	0
8	Fimbristylis_littoralis_FM208037	0.1507259468	2.4794868614500003	1	1	0	0
