status,age,truth,fitted_rate_sd,rate_variance_estimated,interval_status,interval_available,lower,upper,width,covered,fixed_target,truth_within_domain,full_domain,family,seed,optimizer_seed,target,method,actual_estimator,error
completed,29.079506322006445,20.0,0.4536955676568581,True,conditional-laplace,True,14.136667839586107,44.02234480442678,29.885676964840673,True,False,True,False,0,20261011,20261011,D,laplace,joint-map,
completed,29.079506322006445,20.0,0.4536955676568581,True,conditional-studentized-curvature,True,13.605718510596727,67.08287511506475,53.47715660446802,True,False,True,False,0,20261011,20261011,D,studentized,joint-map,
completed,29.079506322006445,20.0,0.4536955676568581,True,conditional-profile,True,18.71819627369543,51.753766026137285,33.03556975244186,True,False,True,False,0,20261011,20261011,D,profile,joint-map,
completed,27.667473492722255,20.0,0.29418939906744623,True,conditional-laplace,True,18.53131719035679,36.803629795087716,18.272312604730924,True,False,True,False,1,20261012,20261012,D,laplace,joint-map,
completed,27.667473492722255,20.0,0.29418939906744623,True,conditional-studentized-curvature,True,16.13088676793312,50.44412950745789,34.31324273952477,True,False,True,False,1,20261012,20261012,D,studentized,joint-map,
completed,27.667473492722255,20.0,0.29418939906744623,True,conditional-profile,True,20.533729765621622,39.6309808522419,19.097251086620275,False,False,True,False,1,20261012,20261012,D,profile,joint-map,
completed,23.856115565089034,20.0,0.2658844576330221,True,conditional-laplace,True,17.325514226237246,30.386716903940822,13.061202677703577,True,False,True,False,2,20261013,20261013,D,laplace,joint-map,
completed,23.856115565089034,20.0,0.2658844576330221,True,conditional-studentized-curvature,True,15.416031395161937,40.67839871551301,25.262367320351075,True,False,True,False,2,20261013,20261013,D,studentized,joint-map,
completed,23.856115565089034,20.0,0.2658844576330221,True,conditional-profile,True,18.648066884124688,32.19733373878189,13.549266854657205,True,False,True,False,2,20261013,20261013,D,profile,joint-map,
completed,22.10602348698287,20.0,0.7781632195577562,True,unavailable-gaussian-interval-crosses-bound,False,,,,False,False,True,False,3,20261014,20261014,D,laplace,joint-map,
completed,22.10602348698287,20.0,0.7781632195577562,True,conditional-studentized-curvature,True,10.773478317770696,76.23062509874401,65.45714678097332,True,False,True,False,3,20261014,20261014,D,studentized,joint-map,
completed,22.10602348698287,20.0,0.7781632195577562,True,conditional-profile,True,13.194137481478576,55.88416135554688,42.6900238740683,True,False,True,False,3,20261014,20261014,D,profile,joint-map,
completed,23.740455061321022,20.0,0.44477938510204357,True,conditional-laplace,True,13.154493438330473,34.32641668431157,21.171923245981095,True,False,True,False,4,20261015,20261015,D,laplace,joint-map,
completed,23.740455061321022,20.0,0.44477938510204357,True,conditional-studentized-curvature,True,12.854880197355953,54.796343319255946,41.94146312189999,True,False,True,False,4,20261015,20261015,D,studentized,joint-map,
completed,23.740455061321022,20.0,0.44477938510204357,True,conditional-profile,True,16.3591207761045,39.68780264017042,23.328681864065917,True,False,True,False,4,20261015,20261015,D,profile,joint-map,
completed,26.05814796003748,20.0,0.5043284016019786,True,conditional-laplace,True,12.064613792638,40.05168212743696,27.987068334798963,True,False,True,False,5,20261016,20261016,D,laplace,joint-map,
completed,26.05814796003748,20.0,0.5043284016019786,True,conditional-studentized-curvature,True,12.598066376459292,65.2059576593206,52.60789128286131,True,False,True,False,5,20261016,20261016,D,studentized,joint-map,
completed,26.05814796003748,20.0,0.5043284016019786,True,conditional-profile,True,16.718076369359746,48.38492815529549,31.666851785935744,True,False,True,False,5,20261016,20261016,D,profile,joint-map,
completed,30.68044927391192,20.0,1.0000273004149454,True,unavailable-gaussian-interval-crosses-bound,False,,,,False,False,True,False,6,20261017,20261017,D,laplace,joint-map,
completed,30.68044927391192,20.0,1.0000273004149454,True,conditional-studentized-curvature,True,10.416155209063104,95.53559039724257,85.11943518817947,True,False,True,False,6,20261017,20261017,D,studentized,joint-map,
completed,30.68044927391192,20.0,1.0000273004149454,True,conditional-profile-calibration-limited,True,13.721688860330993,100.0,86.278311139669,True,False,True,False,6,20261017,20261017,D,profile,joint-map,
completed,22.246390237709022,20.0,0.6339684935109543,True,unavailable-gaussian-interval-crosses-bound,False,,,,False,False,True,False,7,20261018,20261018,D,laplace,joint-map,
completed,22.246390237709022,20.0,0.6339684935109543,True,conditional-studentized-curvature,True,11.318752765536694,66.26916978684784,54.95041702131115,True,False,True,False,7,20261018,20261018,D,studentized,joint-map,
completed,22.246390237709022,20.0,0.6339684935109543,True,conditional-profile,True,14.127957367700251,46.33289606232572,32.20493869462547,True,False,True,False,7,20261018,20261018,D,profile,joint-map,
completed,17.706104729441318,20.0,0.42125228050689584,True,conditional-laplace,True,12.048596474272006,23.363612984610626,11.31501651033862,True,False,True,False,8,20261019,20261019,D,laplace,joint-map,
completed,17.706104729441318,20.0,0.42125228050689584,True,conditional-studentized-curvature,True,11.832299518440589,36.706057066864155,24.873757548423566,True,False,True,False,8,20261019,20261019,D,studentized,joint-map,
completed,17.706104729441318,20.0,0.42125228050689584,True,conditional-profile,True,13.697635317898527,26.05499090187353,12.357355583975004,True,False,True,False,8,20261019,20261019,D,profile,joint-map,
completed,15.26596278568568,20.0,0.862084790775135,True,unavailable-gaussian-interval-crosses-bound,False,,,,False,False,True,False,9,20261020,20261020,D,laplace,joint-map,
completed,15.26596278568568,20.0,0.862084790775135,True,conditional-studentized-curvature,True,10.292812178012738,58.77712296274545,48.48431078473271,True,False,True,False,9,20261020,20261020,D,studentized,joint-map,
completed,15.26596278568568,20.0,0.862084790775135,True,conditional-profile,True,11.19916558182824,33.12272550888103,21.923559927052793,True,False,True,False,9,20261020,20261020,D,profile,joint-map,
completed,17.13084367080812,20.0,0.2763407594052587,True,conditional-laplace,True,13.553167410966383,20.70851993064985,7.155352519683467,True,False,True,False,10,20261021,20261021,D,laplace,joint-map,
completed,17.13084367080812,20.0,0.2763407594052587,True,conditional-studentized-curvature,True,12.704295793841387,27.361961358112005,14.657665564270618,True,False,True,False,10,20261021,20261021,D,studentized,joint-map,
completed,17.13084367080812,20.0,0.2763407594052587,True,conditional-profile,True,14.315792356515335,21.772283468210027,7.456491111694692,True,False,True,False,10,20261021,20261021,D,profile,joint-map,
completed,19.41691650988543,20.0,0.2804406381868556,True,conditional-laplace,True,14.709140972104585,24.124692047666272,9.415551075561687,True,False,True,False,11,20261022,20261022,D,laplace,joint-map,
completed,19.41691650988543,20.0,0.2804406381868556,True,conditional-studentized-curvature,True,13.546519991196872,32.477898071384246,18.931378080187372,True,False,True,False,11,20261022,20261022,D,studentized,joint-map,
completed,19.41691650988543,20.0,0.2804406381868556,True,conditional-profile,True,15.710903914897617,25.52175729265454,9.810853377756924,True,False,True,False,11,20261022,20261022,D,profile,joint-map,
completed,37.73666503565822,20.0,0.4199696816416017,True,conditional-laplace,True,17.618554060163717,57.854776011152715,40.236221950989,True,False,True,False,12,20261023,20261023,D,laplace,joint-map,
completed,37.73666503565822,20.0,0.4199696816416017,True,conditional-studentized-curvature,True,15.285325080585551,78.47280484969487,63.187479769109316,True,False,True,False,12,20261023,20261023,D,studentized,joint-map,
completed,37.73666503565822,20.0,0.4199696816416017,True,conditional-profile,True,23.430514422760776,67.29374709206282,43.863232669302036,False,False,True,False,12,20261023,20261023,D,profile,joint-map,
completed,16.90562091907809,20.0,0.2476481065474265,True,conditional-laplace,True,13.797973215736537,20.013268622419638,6.215295406683101,True,False,True,False,13,20261024,20261024,D,laplace,joint-map,
completed,16.90562091907809,20.0,0.2476481065474265,True,conditional-studentized-curvature,True,12.90235652310358,25.45108986727311,12.548733344169532,True,False,True,False,13,20261024,20261024,D,studentized,joint-map,
completed,16.90562091907809,20.0,0.2476481065474265,True,conditional-profile,True,14.401267974720147,20.826057536081652,6.424789561361505,True,False,True,False,13,20261024,20261024,D,profile,joint-map,
completed,15.659171772110296,20.0,0.23618255053174975,True,conditional-laplace,True,13.200727667909575,18.117615876311017,4.916888208401442,False,False,True,False,14,20261025,20261025,D,laplace,joint-map,
completed,15.659171772110296,20.0,0.23618255053174975,True,conditional-studentized-curvature,True,12.462864531834938,22.415317322394877,9.952452790559938,True,False,True,False,14,20261025,20261025,D,studentized,joint-map,
completed,15.659171772110296,20.0,0.23618255053174975,True,conditional-profile,True,13.662780083674278,18.733021984636974,5.070241900962696,False,False,True,False,14,20261025,20261025,D,profile,joint-map,
completed,16.14790108581925,20.0,0.20852341009038491,True,conditional-laplace,True,13.746680050709827,18.549122120928672,4.802442070218845,False,False,True,False,15,20261026,20261026,D,laplace,joint-map,
completed,16.14790108581925,20.0,0.20852341009038491,True,conditional-studentized-curvature,True,12.909596465601894,22.47412486072063,9.564528395118735,True,False,True,False,15,20261026,20261026,D,studentized,joint-map,
completed,16.14790108581925,20.0,0.20852341009038491,True,conditional-profile,True,14.157222282275871,19.0798183655053,4.922596083229429,False,False,True,False,15,20261026,20261026,D,profile,joint-map,
completed,17.244856793547154,20.0,0.2587824762402178,True,conditional-laplace,True,13.806995450375297,20.68271813671901,6.875722686343714,True,False,True,False,16,20261027,20261027,D,laplace,joint-map,
completed,17.244856793547154,20.0,0.2587824762402178,True,conditional-studentized-curvature,True,12.897666827959345,26.852062026557412,13.954395198598068,True,False,True,False,16,20261027,20261027,D,studentized,joint-map,
completed,17.244856793547154,20.0,0.2587824762402178,True,conditional-profile,True,14.505433735518785,21.639073096379793,7.133639360861007,True,False,True,False,16,20261027,20261027,D,profile,joint-map,
completed,18.982152316762328,20.0,0.4745277174798715,True,conditional-laplace,True,11.588787503464296,26.375517130060363,14.786729626596067,True,False,True,False,17,20261028,20261028,D,laplace,joint-map,
completed,18.982152316762328,20.0,0.4745277174798715,True,conditional-studentized-curvature,True,11.761625139569158,44.29533239785727,32.53370725828812,True,False,True,False,17,20261028,20261028,D,studentized,joint-map,
completed,18.982152316762328,20.0,0.4745277174798715,True,conditional-profile,True,13.943451599672121,30.45640387626882,16.5129522765967,True,False,True,False,17,20261028,20261028,D,profile,joint-map,
completed,28.926956691150277,20.0,1.015808934933328,True,unavailable-gaussian-interval-crosses-bound,False,,,,False,False,True,False,18,20261029,20261029,D,laplace,joint-map,
completed,28.926956691150277,20.0,1.015808934933328,True,conditional-studentized-curvature,True,10.389431233134825,94.80324476705086,84.41381353391603,True,False,True,False,18,20261029,20261029,D,studentized,joint-map,
completed,28.926956691150277,20.0,1.015808934933328,True,conditional-profile-calibration-limited,True,13.320604131338737,100.0,86.67939586866126,True,False,True,False,18,20261029,20261029,D,profile,joint-map,
completed,29.902192667914484,20.0,0.44313672462559456,True,conditional-laplace,True,14.69822900913641,45.106156326692556,30.407927317556144,True,False,True,False,19,20261030,20261030,D,laplace,joint-map,
completed,29.902192667914484,20.0,0.44313672462559456,True,conditional-studentized-curvature,True,13.88694039444293,67.69431774870698,53.80737735426405,True,False,True,False,19,20261030,20261030,D,studentized,joint-map,
completed,29.902192667914484,20.0,0.44313672462559456,True,conditional-profile,True,19.271340376654294,52.72567045080784,33.454330074153546,True,False,True,False,19,20261030,20261030,D,profile,joint-map,
completed,25.242978479070956,20.0,0.2960720988026861,True,conditional-laplace,True,17.32894096586206,33.15701599227985,15.828075026417793,True,False,True,False,20,20261031,20261031,D,laplace,joint-map,
completed,25.242978479070956,20.0,0.2960720988026861,True,conditional-studentized-curvature,True,15.346859828097895,45.725375119994,30.378515291896104,True,False,True,False,20,20261031,20261031,D,studentized,joint-map,
completed,25.242978479070956,20.0,0.2960720988026861,True,conditional-profile,True,19.069372556968254,35.6179130671301,16.548540510161843,True,False,True,False,20,20261031,20261031,D,profile,joint-map,
completed,17.34380893679831,20.0,0.2599472916929551,True,conditional-laplace,True,13.875395271555504,20.812222602041118,6.936827330485613,True,False,True,False,21,20261032,20261032,D,laplace,joint-map,
completed,17.34380893679831,20.0,0.2599472916929551,True,conditional-studentized-curvature,True,12.94903984798844,27.00821925650933,14.059179408520892,True,False,True,False,21,20261032,20261032,D,studentized,joint-map,
completed,17.34380893679831,20.0,0.2599472916929551,True,conditional-profile,True,14.577620711805574,21.77274564415589,7.195124932350316,True,False,True,False,21,20261032,20261032,D,profile,joint-map,
completed,35.00356149009869,20.0,0.15590772865854258,True,conditional-laplace,True,27.5707863507486,42.43633662944879,14.865550278700187,False,False,True,False,22,20261033,20261033,D,laplace,joint-map,
completed,35.00356149009869,20.0,0.15590772865854258,True,conditional-studentized-curvature,True,23.586553951162593,50.881673061694116,27.295119110531523,False,False,True,False,22,20261033,20261033,D,studentized,joint-map,
completed,35.00356149009869,20.0,0.15590772865854258,True,conditional-profile,True,28.57303759590293,43.658238165649635,15.085200569746704,False,False,True,False,22,20261033,20261033,D,profile,joint-map,
completed,17.622640648091036,20.0,0.27780143710765104,True,conditional-laplace,True,13.75341595437072,21.491865341811348,7.738449387440628,True,False,True,False,23,20261034,20261034,D,laplace,joint-map,
completed,17.622640648091036,20.0,0.27780143710765104,True,conditional-studentized-curvature,True,12.850988819342392,28.669659835787407,15.818671016445014,True,False,True,False,23,20261034,20261034,D,studentized,joint-map,
completed,17.622640648091036,20.0,0.27780143710765104,True,conditional-profile,True,14.586115158840943,22.65763518603219,8.071520027191248,True,False,True,False,23,20261034,20261034,D,profile,joint-map,
completed,14.120741831821743,20.0,0.2917111113187721,True,conditional-laplace,True,11.898561839843119,16.34292182380037,4.444359983957252,False,False,True,False,24,20261035,20261035,D,laplace,joint-map,
completed,14.120741831821743,20.0,0.2917111113187721,True,conditional-studentized-curvature,True,11.472277276404466,20.944502038611876,9.47222476220741,True,False,True,False,24,20261035,20261035,D,studentized,joint-map,
completed,14.120741831821743,20.0,0.2917111113187721,True,conditional-profile,True,12.40020687475749,17.058351752072806,4.658144877315316,False,False,True,False,24,20261035,20261035,D,profile,joint-map,
completed,15.341889398464632,20.0,0.8981241898809208,True,unavailable-gaussian-interval-crosses-bound,False,,,,False,False,True,False,25,20261036,20261036,D,laplace,joint-map,
completed,15.341889398464632,20.0,0.8981241898809208,True,conditional-studentized-curvature,True,10.262029407103574,61.922079328317665,51.66004992121409,True,False,True,False,25,20261036,20261036,D,studentized,joint-map,
completed,15.341889398464632,20.0,0.8981241898809208,True,conditional-profile,True,11.142913133375549,34.95815297441964,23.81523984104409,True,False,True,False,25,20261036,20261036,D,profile,joint-map,
completed,20.026538745681293,20.0,0.46703153032990513,True,conditional-laplace,True,11.927098030293187,28.125979461069402,16.198881430776215,True,False,True,False,26,20261037,20261037,D,laplace,joint-map,
completed,20.026538745681293,20.0,0.46703153032990513,True,conditional-studentized-curvature,True,12.006434706434108,46.72489111071595,34.718456404281845,True,False,True,False,26,20261037,20261037,D,studentized,joint-map,
completed,20.026538745681293,20.0,0.46703153032990513,True,conditional-profile,True,14.470068603014148,32.488602055378905,18.018533452364757,True,False,True,False,26,20261037,20261037,D,profile,joint-map,
completed,14.78192022871984,20.0,0.31797007332192956,True,conditional-laplace,True,12.053572416823144,17.510268040616538,5.456695623793394,False,False,True,False,27,20261038,20261038,D,laplace,joint-map,
completed,14.78192022871984,20.0,0.31797007332192956,True,conditional-studentized-curvature,True,11.602714168939483,23.31743672567785,11.714722556738367,True,False,True,False,27,20261038,20261038,D,studentized,joint-map,
completed,14.78192022871984,20.0,0.31797007332192956,True,conditional-profile,True,12.700813207681072,18.45480725057388,5.753994042892806,False,False,True,False,27,20261038,20261038,D,profile,joint-map,
completed,31.10521256268431,20.0,0.3931405812116966,True,conditional-laplace,True,16.77854708203385,45.43187804333478,28.653330961300927,True,False,True,False,28,20261039,20261039,D,laplace,joint-map,
completed,31.10521256268431,20.0,0.3931405812116966,True,conditional-studentized-curvature,True,14.941436595630153,65.58802024364365,50.646583648013504,True,False,True,False,28,20261039,20261039,D,studentized,joint-map,
completed,31.10521256268431,20.0,0.3931405812116966,True,conditional-profile,True,20.704729222151016,51.60950564059406,30.904776418443042,False,False,True,False,28,20261039,20261039,D,profile,joint-map,
completed,28.313692883075504,20.0,0.7508761376136598,True,unavailable-gaussian-interval-crosses-bound,False,,,,False,False,True,False,29,20261040,20261040,D,laplace,joint-map,
completed,28.313692883075504,20.0,0.7508761376136598,True,conditional-studentized-curvature,True,11.10471109422702,85.60418188394377,74.49947078971675,True,False,True,False,29,20261040,20261040,D,studentized,joint-map,
completed,28.313692883075504,20.0,0.7508761376136598,True,conditional-profile,True,15.06994138231688,76.15688588119352,61.08694449887663,True,False,True,False,29,20261040,20261040,D,profile,joint-map,
completed,21.10018833484186,20.0,0.749566480715643,True,unavailable-gaussian-interval-crosses-bound,False,,,,False,False,True,False,30,20261041,20261041,D,laplace,joint-map,
completed,21.10018833484186,20.0,0.749566480715643,True,conditional-studentized-curvature,True,10.804535786101203,71.82526586008541,61.020730073984204,True,False,True,False,30,20261041,20261041,D,studentized,joint-map,
completed,21.10018833484186,20.0,0.749566480715643,True,conditional-profile,True,13.072649268764497,50.10434771855301,37.03169844978851,True,False,True,False,30,20261041,20261041,D,profile,joint-map,
completed,36.11138892198875,20.0,0.22367015734090417,True,conditional-laplace,True,25.532054983874744,46.69072286010275,21.15866787622801,False,False,True,False,31,20261042,20261042,D,laplace,joint-map,
completed,36.11138892198875,20.0,0.22367015734090417,True,conditional-studentized-curvature,True,21.06456212103292,58.935158298172475,37.870596177139554,False,False,True,False,31,20261042,20261042,D,studentized,joint-map,
completed,36.11138892198875,20.0,0.22367015734090417,True,conditional-profile,True,27.41290648004172,49.15550310961788,21.742596629576163,False,False,True,False,31,20261042,20261042,D,profile,joint-map,
completed,24.456236944170975,20.0,0.7026723885484998,True,unavailable-gaussian-interval-crosses-bound,False,,,,False,False,True,False,32,20261043,20261043,D,laplace,joint-map,
completed,24.456236944170975,20.0,0.7026723885484998,True,conditional-studentized-curvature,True,11.15111900208223,76.47965328953245,65.32853428745022,True,False,True,False,32,20261043,20261043,D,studentized,joint-map,
completed,24.456236944170975,20.0,0.7026723885484998,True,conditional-profile,True,14.330566829249076,58.25967232272767,43.92910549347859,True,False,True,False,32,20261043,20261043,D,profile,joint-map,
completed,24.941039904574907,20.0,0.9975633465482938,True,unavailable-gaussian-interval-crosses-bound,False,,,,False,False,True,False,33,20261044,20261044,D,laplace,joint-map,
completed,24.941039904574907,20.0,0.9975633465482938,True,conditional-studentized-curvature,True,10.386906137614982,91.15692763093776,80.77002149332277,True,False,True,False,33,20261044,20261044,D,studentized,joint-map,
completed,24.941039904574907,20.0,0.9975633465482938,True,conditional-profile,True,12.704655928770272,92.13185231487024,79.42719638609998,True,False,True,False,33,20261044,20261044,D,profile,joint-map,
completed,17.54584747907461,20.0,0.5831491369603716,True,unavailable-gaussian-interval-crosses-bound,False,,,,False,False,True,False,34,20261045,20261045,D,laplace,joint-map,
completed,17.54584747907461,20.0,0.5831491369603716,True,conditional-studentized-curvature,True,11.042189268947684,47.51795810259699,36.47576883364931,True,False,True,False,34,20261045,20261045,D,studentized,joint-map,
completed,17.54584747907461,20.0,0.5831491369603716,True,conditional-profile,True,12.763501460704148,30.60199036743552,17.83848890673137,True,False,True,False,34,20261045,20261045,D,profile,joint-map,
completed,21.798107103012605,20.0,0.4463049165629498,True,conditional-laplace,True,12.666248917690021,30.929965288335186,18.263716370645163,True,False,True,False,35,20261046,20261046,D,laplace,joint-map,
completed,21.798107103012605,20.0,0.4463049165629498,True,conditional-studentized-curvature,True,12.485088990018557,50.042999568169286,37.557910578150725,True,False,True,False,35,20261046,20261046,D,studentized,joint-map,
completed,21.798107103012605,20.0,0.4463049165629498,True,conditional-profile,True,15.440652388318469,35.5829077632553,20.14225537493683,True,False,True,False,35,20261046,20261046,D,profile,joint-map,
completed,29.04124078609268,20.0,0.1601075526162086,True,conditional-laplace,True,23.27434364858751,34.80813792359785,11.533794275010337,False,False,True,False,36,20261047,20261047,D,laplace,joint-map,
completed,29.04124078609268,20.0,0.1601075526162086,True,conditional-studentized-curvature,True,20.395360994048104,41.98838062079629,21.593019626748188,False,False,True,False,36,20261047,20261047,D,studentized,joint-map,
completed,29.04124078609268,20.0,0.1601075526162086,True,conditional-profile,True,24.06414884232499,35.77400254958959,11.7098537072646,False,False,True,False,36,20261047,20261047,D,profile,joint-map,
completed,27.687477888203947,20.0,0.28231354934635594,True,conditional-laplace,True,18.739229451896087,36.63572632451181,17.89649687261572,True,False,True,False,37,20261048,20261048,D,laplace,joint-map,
completed,27.687477888203947,20.0,0.28231354934635594,True,conditional-studentized-curvature,True,16.288300287293616,49.90115170967667,33.61285142238305,True,False,True,False,37,20261048,20261048,D,studentized,joint-map,
completed,27.687477888203947,20.0,0.28231354934635594,True,conditional-profile,True,20.663995235477607,39.33252949148039,18.668534256002786,False,False,True,False,37,20261048,20261048,D,profile,joint-map,
completed,33.85863607708126,20.0,0.34241495709688874,True,conditional-laplace,True,19.601723023394204,48.115549130768315,28.51382610737411,True,False,True,False,38,20261049,20261049,D,laplace,joint-map,
completed,33.85863607708126,20.0,0.34241495709688874,True,conditional-studentized-curvature,True,16.553765432362052,66.12420877406774,49.57044334170568,True,False,True,False,38,20261049,20261049,D,studentized,joint-map,
completed,33.85863607708126,20.0,0.34241495709688874,True,conditional-profile,True,23.12622032461436,53.368413943368466,30.242193618754108,False,False,True,False,38,20261049,20261049,D,profile,joint-map,
completed,22.89525463877162,20.0,0.553940655510711,True,conditional-laplace,True,10.574944597332816,35.21556468021042,24.640620082877604,True,False,True,False,39,20261050,20261050,D,laplace,joint-map,
completed,22.89525463877162,20.0,0.553940655510711,True,conditional-studentized-curvature,True,11.82236882190338,61.757133678824005,49.93476485692062,True,False,True,False,39,20261050,20261050,D,studentized,joint-map,
completed,22.89525463877162,20.0,0.553940655510711,True,conditional-profile,True,14.960173901329213,43.524362930240855,28.564189028911642,True,False,True,False,39,20261050,20261050,D,profile,joint-map,
completed,29.145224376198907,20.0,0.8430980043776356,True,unavailable-gaussian-interval-crosses-bound,False,,,,False,False,True,False,40,20261051,20261051,D,laplace,joint-map,
completed,29.145224376198907,20.0,0.8430980043776356,True,conditional-studentized-curvature,True,10.780144886480183,90.37398395841302,79.59383907193283,True,False,True,False,40,20261051,20261051,D,studentized,joint-map,
completed,29.145224376198907,20.0,0.8430980043776356,True,conditional-profile,True,14.533534998752051,90.85664815646896,76.32311315771692,True,False,True,False,40,20261051,20261051,D,profile,joint-map,
completed,27.192259628621397,20.0,0.2413950237760604,True,conditional-laplace,True,19.76363423717299,34.6208850200698,14.85725078289681,True,False,True,False,41,20261052,20261052,D,laplace,joint-map,
completed,27.192259628621397,20.0,0.2413950237760604,True,conditional-studentized-curvature,True,17.183780662533408,45.21535176139682,28.03157109886341,True,False,True,False,41,20261052,20261052,D,studentized,joint-map,
completed,27.192259628621397,20.0,0.2413950237760604,True,conditional-profile,True,21.159653023587232,36.482733931879125,15.323080908291892,False,False,True,False,41,20261052,20261052,D,profile,joint-map,
completed,20.526847567017583,20.0,0.42029752854010877,True,conditional-laplace,True,12.846512010493942,28.207183123541224,15.360671113047282,True,False,True,False,42,20261053,20261053,D,laplace,joint-map,
completed,20.526847567017583,20.0,0.42029752854010877,True,conditional-studentized-curvature,True,12.463159783570067,44.56507644149003,32.10191665791996,True,False,True,False,42,20261053,20261053,D,studentized,joint-map,
completed,20.526847567017583,20.0,0.42029752854010877,True,conditional-profile,True,15.074654330476019,31.833726455264912,16.759072124788894,True,False,True,False,42,20261053,20261053,D,profile,joint-map,
completed,20.18398234460731,20.0,0.34878783603184477,True,conditional-laplace,True,13.961604362207174,26.40636032700744,12.444755964800267,True,False,True,False,43,20261054,20261054,D,laplace,joint-map,
completed,20.18398234460731,20.0,0.34878783603184477,True,conditional-studentized-curvature,True,13.0486688501808,38.538193022305734,25.489524172124934,True,False,True,False,43,20261054,20261054,D,studentized,joint-map,
completed,20.18398234460731,20.0,0.34878783603184477,True,conditional-profile,True,15.527435946734407,28.75991794675969,13.232482000025282,True,False,True,False,43,20261054,20261054,D,profile,joint-map,
completed,19.8598295372869,20.0,0.38230772688494613,True,conditional-laplace,True,13.293472418673991,26.426186655899812,13.132714237225821,True,False,True,False,44,20261055,20261055,D,laplace,joint-map,
completed,19.8598295372869,20.0,0.38230772688494613,True,conditional-studentized-curvature,True,12.644325216831804,40.00205125108472,27.35772603425292,True,False,True,False,44,20261055,20261055,D,studentized,joint-map,
completed,19.8598295372869,20.0,0.38230772688494613,True,conditional-profile,True,15.06537038400521,29.189690106221825,14.124319722216615,True,False,True,False,44,20261055,20261055,D,profile,joint-map,
completed,14.692227880863465,20.0,0.3879535910334525,True,conditional-laplace,True,11.47885440133756,17.90560136038937,6.426746959051808,False,False,True,False,45,20261056,20261056,D,laplace,joint-map,
completed,14.692227880863465,20.0,0.3879535910334525,True,conditional-studentized-curvature,True,11.2595257030045,25.813277348092445,14.553751645087944,True,False,True,False,45,20261056,20261056,D,studentized,joint-map,
completed,14.692227880863465,20.0,0.3879535910334525,True,conditional-profile,True,12.364406048757598,19.302019089324087,6.9376130405664895,False,False,True,False,45,20261056,20261056,D,profile,joint-map,
completed,12.744119316795498,20.0,0.36234372607447024,True,conditional-laplace,True,10.931179434398855,14.557059199192139,3.625879764793284,False,False,True,False,46,20261057,20261057,D,laplace,joint-map,
completed,12.744119316795498,20.0,0.36234372607447024,True,conditional-studentized-curvature,True,10.781963157840401,19.126215263408195,8.344252105567794,False,False,True,False,46,20261057,20261057,D,studentized,joint-map,
completed,12.744119316795498,20.0,0.36234372607447024,True,conditional-profile,True,11.414664593448796,15.304165309370589,3.889500715921793,False,False,True,False,46,20261057,20261057,D,profile,joint-map,
completed,15.339073028097056,20.0,0.2961427952394897,True,conditional-laplace,True,12.449033898241543,18.22911215795257,5.780078259711027,False,False,True,False,47,20261058,20261058,D,laplace,joint-map,
completed,15.339073028097056,20.0,0.2961427952394897,True,conditional-studentized-curvature,True,11.88909493430697,24.082601227478342,12.193506293171373,True,False,True,False,47,20261058,20261058,D,studentized,joint-map,
completed,15.339073028097056,20.0,0.2961427952394897,True,conditional-profile,True,13.105018288377334,19.167624035529375,6.062605747152041,False,False,True,False,47,20261058,20261058,D,profile,joint-map,
completed,24.140288049774025,20.0,0.4365932404164044,True,conditional-laplace,True,13.468808638477682,34.811767461070374,21.342958822592692,True,False,True,False,48,20261059,20261059,D,laplace,joint-map,
completed,24.140288049774025,20.0,0.4365932404164044,True,conditional-studentized-curvature,True,13.02536542247223,54.974557443133804,41.94919202066157,True,False,True,False,48,20261059,20261059,D,studentized,joint-map,
completed,24.140288049774025,20.0,0.4365932404164044,True,conditional-profile,True,16.6480255680611,40.07500633301133,23.42698076495023,True,False,True,False,48,20261059,20261059,D,profile,joint-map,
completed,14.761958488822904,20.0,0.3194889125327622,True,conditional-laplace,True,12.028408560660974,17.495508416984833,5.467099856323859,False,False,True,False,49,20261060,20261060,D,laplace,joint-map,
completed,14.761958488822904,20.0,0.3194889125327622,True,conditional-studentized-curvature,True,11.585411547136228,23.342595212135926,11.757183664999697,True,False,True,False,49,20261060,20261060,D,studentized,joint-map,
completed,14.761958488822904,20.0,0.3194889125327622,True,conditional-profile,True,12.68053095799985,18.449794882762024,5.769263924762175,False,False,True,False,49,20261060,20261060,D,profile,joint-map,
completed,20.426604861754313,20.0,0.5628700158395388,True,conditional-laplace,True,10.326593321121111,30.526616402387514,20.2000230812664,True,False,True,False,50,20261061,20261061,D,laplace,joint-map,
completed,20.426604861754313,20.0,0.5628700158395388,True,conditional-studentized-curvature,True,11.486856342044419,55.49157827730224,44.00472193525782,True,False,True,False,50,20261061,20261061,D,studentized,joint-map,
completed,20.426604861754313,20.0,0.5628700158395388,True,conditional-profile,True,13.957607731455804,37.467145929172815,23.509538197717013,True,False,True,False,50,20261061,20261061,D,profile,joint-map,
completed,28.18008248757248,20.0,0.7196856092286039,True,unavailable-gaussian-interval-crosses-bound,False,,,,False,False,True,False,51,20261062,20261062,D,laplace,joint-map,
completed,28.18008248757248,20.0,0.7196856092286039,True,conditional-studentized-curvature,True,11.237753608563349,83.9145273872726,72.67677377870925,True,False,True,False,51,20261062,20261062,D,studentized,joint-map,
completed,28.18008248757248,20.0,0.7196856092286039,True,conditional-profile,True,15.294234972396003,72.44057467146973,57.14633969907373,True,False,True,False,51,20261062,20261062,D,profile,joint-map,
completed,31.056318588068798,20.0,0.6936743342790564,True,unavailable-gaussian-interval-crosses-bound,False,,,,False,False,True,False,52,20261063,20261063,D,laplace,joint-map,
completed,31.056318588068798,20.0,0.6936743342790564,True,conditional-studentized-curvature,True,11.469488818993309,86.40393867067101,74.9344498516777,True,False,True,False,52,20261063,20261063,D,studentized,joint-map,
completed,31.056318588068798,20.0,0.6936743342790564,True,conditional-profile,True,16.408130382177426,79.22879483559957,62.82066445342215,True,False,True,False,52,20261063,20261063,D,profile,joint-map,
completed,19.27740999593665,20.0,0.4586545643014533,True,conditional-laplace,True,11.883060782079646,26.67175920979365,14.788698427714003,True,False,True,False,53,20261064,20261064,D,laplace,joint-map,
completed,19.27740999593665,20.0,0.4586545643014533,True,conditional-studentized-curvature,True,11.913203779488665,44.03517843666988,32.12197465718121,True,False,True,False,53,20261064,20261064,D,studentized,joint-map,
completed,19.27740999593665,20.0,0.4586545643014533,True,conditional-profile,True,14.180706933882677,30.58452662198475,16.403819688102075,True,False,True,False,53,20261064,20261064,D,profile,joint-map,
completed,24.346433411961282,20.0,0.13539373120480327,True,conditional-laplace,True,20.55120256848271,28.14166425543985,7.590461686957138,False,False,True,False,54,20261065,20261065,D,laplace,joint-map,
completed,24.346433411961282,20.0,0.13539373120480327,True,conditional-studentized-curvature,True,18.56040220219579,32.941600531622335,14.381198329426546,True,False,True,False,54,20261065,20261065,D,studentized,joint-map,
completed,24.346433411961282,20.0,0.13539373120480327,True,conditional-profile,True,21.00881504903618,28.686469479897582,7.677654430861402,False,False,True,False,54,20261065,20261065,D,profile,joint-map,
completed,27.44165728800137,20.0,0.5891024280623834,True,unavailable-gaussian-interval-crosses-bound,False,,,,False,False,True,False,55,20261066,20261066,D,laplace,joint-map,
completed,27.44165728800137,20.0,0.5891024280623834,True,conditional-studentized-curvature,True,12.017940147704426,74.42701697556258,62.40907682785816,True,False,True,False,55,20261066,20261066,D,studentized,joint-map,
completed,27.44165728800137,20.0,0.5891024280623834,True,conditional-profile,True,16.35095097245493,57.90263800209964,41.55168702964471,True,False,True,False,55,20261066,20261066,D,profile,joint-map,
completed,39.53346601392675,20.0,0.4958730390931549,True,conditional-laplace,True,14.34057656369263,64.72635546416087,50.385778900468246,True,False,True,False,56,20261067,20261067,D,laplace,joint-map,
completed,39.53346601392675,20.0,0.4958730390931549,True,conditional-studentized-curvature,True,13.890454244131236,85.66922678443687,71.77877254030564,True,False,True,False,56,20261067,20261067,D,studentized,joint-map,
completed,39.53346601392675,20.0,0.4958730390931549,True,conditional-profile,True,22.585338939439154,79.31027797928581,56.72493903984666,False,False,True,False,56,20261067,20261067,D,profile,joint-map,
completed,28.202968301454217,20.0,0.5561915969179079,True,conditional-laplace,True,10.800344540336175,45.605592062572256,34.80524752223608,True,False,True,False,57,20261068,20261068,D,laplace,joint-map,
completed,28.202968301454217,20.0,0.5561915969179079,True,conditional-studentized-curvature,True,12.349406859537336,73.51464486631964,61.1652380067823,True,False,True,False,57,20261068,20261068,D,studentized,joint-map,
completed,28.202968301454217,20.0,0.5561915969179079,True,conditional-profile,True,16.997595378086142,57.35298340373483,40.35538802564869,True,False,True,False,57,20261068,20261068,D,profile,joint-map,
completed,22.081944010653594,20.0,0.4793066295958457,True,conditional-laplace,True,12.038642980411076,32.12524504089611,20.086602060485035,True,False,True,False,58,20261069,20261069,D,laplace,joint-map,
completed,22.081944010653594,20.0,0.4793066295958457,True,conditional-studentized-curvature,True,12.248667798654832,53.56673742120191,41.31806962254707,True,False,True,False,58,20261069,20261069,D,studentized,joint-map,
completed,22.081944010653594,20.0,0.4793066295958457,True,conditional-profile,True,15.261456430615612,37.74185544350668,22.48039901289107,True,False,True,False,58,20261069,20261069,D,profile,joint-map,
completed,24.448845755343665,20.0,0.549100494754833,True,conditional-laplace,True,10.80553466880585,38.092156841881476,27.286622173075628,True,False,True,False,59,20261070,20261070,D,laplace,joint-map,
completed,24.448845755343665,20.0,0.549100494754833,True,conditional-studentized-curvature,True,12.041529693041202,65.05964380695418,53.018114113912986,True,False,True,False,59,20261070,20261070,D,studentized,joint-map,
completed,24.448845755343665,20.0,0.549100494754833,True,conditional-profile,True,15.620214479395088,47.14659789729251,31.52638341789742,True,False,True,False,59,20261070,20261070,D,profile,joint-map,
completed,25.17877199884884,20.0,0.7088623463577021,True,unavailable-gaussian-interval-crosses-bound,False,,,,False,False,True,False,60,20261071,20261071,D,laplace,joint-map,
completed,25.17877199884884,20.0,0.7088623463577021,True,conditional-studentized-curvature,True,11.15842657790166,78.34586256757925,67.18743598967758,True,False,True,False,60,20261071,20261071,D,studentized,joint-map,
completed,25.17877199884884,20.0,0.7088623463577021,True,conditional-profile,True,14.495201862325736,61.261569747111054,46.76636788478532,True,False,True,False,60,20261071,20261071,D,profile,joint-map,
completed,18.76835974962339,20.0,0.7452265211973993,True,unavailable-gaussian-interval-crosses-bound,False,,,,False,False,True,False,61,20261072,20261072,D,laplace,joint-map,
completed,18.76835974962339,20.0,0.7452265211973993,True,conditional-studentized-curvature,True,10.676196198436953,64.55505835019962,53.87886215176266,True,False,True,False,61,20261072,20261072,D,studentized,joint-map,
completed,18.76835974962339,20.0,0.7452265211973993,True,conditional-profile,True,12.439774232539353,41.5132191926278,29.073444960088448,True,False,True,False,61,20261072,20261072,D,profile,joint-map,
completed,15.237472195583322,20.0,0.6484308703649578,True,unavailable-gaussian-interval-crosses-bound,False,,,,False,False,True,False,62,20261073,20261073,D,laplace,joint-map,
completed,15.237472195583322,20.0,0.6484308703649578,True,conditional-studentized-curvature,True,10.592225161643656,42.90789720594397,32.315672044300314,True,False,True,False,62,20261073,20261073,D,studentized,joint-map,
completed,15.237472195583322,20.0,0.6484308703649578,True,conditional-profile,True,11.705658061476496,26.07678564529893,14.371127583822433,True,False,True,False,62,20261073,20261073,D,profile,joint-map,
completed,18.130434087523874,20.0,0.25995054765656134,True,conditional-laplace,True,14.346094010572987,21.914774164474764,7.568680153901777,True,False,True,False,63,20261074,20261074,D,laplace,joint-map,
completed,18.130434087523874,20.0,0.25995054765656134,True,conditional-studentized-curvature,True,13.298933907241963,28.52599127695269,15.227057369710728,True,False,True,False,63,20261074,20261074,D,studentized,joint-map,
completed,18.130434087523874,20.0,0.25995054765656134,True,conditional-profile,True,15.10349001783263,22.9467750797171,7.843285061884469,True,False,True,False,63,20261074,20261074,D,profile,joint-map,
completed,44.86238940505356,20.0,0.3260892734022929,True,conditional-laplace,True,25.05390958090532,64.67086922920181,39.61695964829649,False,False,True,False,64,20261075,20261075,D,laplace,joint-map,
completed,44.86238940505356,20.0,0.3260892734022929,True,conditional-studentized-curvature,True,18.99931817045179,80.42755335229586,61.42823518184407,True,False,True,False,64,20261075,20261075,D,studentized,joint-map,
completed,44.86238940505356,20.0,0.3260892734022929,True,conditional-profile,True,29.751718822349634,71.53610110472313,41.7843822823735,False,False,True,False,64,20261075,20261075,D,profile,joint-map,
completed,18.30891382609819,20.0,0.1533001113944287,True,conditional-laplace,True,15.666829991241148,20.950997660955238,5.2841676697140905,True,False,True,False,65,20261076,20261076,D,laplace,joint-map,
completed,18.30891382609819,20.0,0.1533001113944287,True,conditional-studentized-curvature,True,14.50853049122631,24.759697951030233,10.251167459803924,True,False,True,False,65,20261076,20261076,D,studentized,joint-map,
completed,18.30891382609819,20.0,0.1533001113944287,True,conditional-profile,True,16.039393514635115,21.408565097334392,5.369171582699277,True,False,True,False,65,20261076,20261076,D,profile,joint-map,
completed,20.821280701756415,20.0,0.6920457756495992,True,unavailable-gaussian-interval-crosses-bound,False,,,,False,False,True,False,66,20261077,20261077,D,laplace,joint-map,
completed,20.821280701756415,20.0,0.6920457756495992,True,conditional-studentized-curvature,True,10.970134988639128,66.84021119011366,55.87007620147453,True,False,True,False,66,20261077,20261077,D,studentized,joint-map,
completed,20.821280701756415,20.0,0.6920457756495992,True,conditional-profile,True,13.302939723997,45.45485810069084,32.15191837669384,True,False,True,False,66,20261077,20261077,D,profile,joint-map,
completed,18.09347087157078,20.0,0.4677154694688265,True,conditional-laplace,True,11.54013478765242,24.646806955489136,13.106672167836717,True,False,True,False,67,20261078,20261078,D,laplace,joint-map,
completed,18.09347087157078,20.0,0.4677154694688265,True,conditional-studentized-curvature,True,11.646544042230113,40.94261312935242,29.296069087122305,True,False,True,False,67,20261078,20261078,D,studentized,joint-map,
completed,18.09347087157078,20.0,0.4677154694688265,True,conditional-profile,True,13.601329710137513,28.187280052081665,14.585950341944152,True,False,True,False,67,20261078,20261078,D,profile,joint-map,
completed,26.670402401249618,20.0,0.2708089679909567,True,conditional-laplace,True,18.64435761598049,34.696447186518746,16.052089570538257,True,False,True,False,68,20261079,20261079,D,laplace,joint-map,
completed,26.670402401249618,20.0,0.2708089679909567,True,conditional-studentized-curvature,True,16.285126095135286,46.694161818467464,30.409035723332178,True,False,True,False,68,20261079,20261079,D,studentized,joint-map,
completed,26.670402401249618,20.0,0.2708089679909567,True,conditional-profile,True,20.299801139744975,36.978484422959596,16.67868328321462,False,False,True,False,68,20261079,20261079,D,profile,joint-map,
completed,25.827590087014322,20.0,0.598307568956046,True,unavailable-gaussian-interval-crosses-bound,False,,,,False,False,True,False,69,20261080,20261080,D,laplace,joint-map,
completed,25.827590087014322,20.0,0.598307568956046,True,conditional-studentized-curvature,True,11.824378647358891,71.88193064842395,60.057552001065055,True,False,True,False,69,20261080,20261080,D,studentized,joint-map,
completed,25.827590087014322,20.0,0.598307568956046,True,conditional-profile,True,15.675125425013396,54.14502820706252,38.469902782049125,True,False,True,False,69,20261080,20261080,D,profile,joint-map,
completed,21.083856216626174,20.0,0.38637707227954227,True,conditional-laplace,True,13.615712450085635,28.551999983166716,14.936287533081082,True,False,True,False,70,20261081,20261081,D,laplace,joint-map,
completed,21.083856216626174,20.0,0.38637707227954227,True,conditional-studentized-curvature,True,12.896426423720015,43.511001310125266,30.61457488640525,True,False,True,False,70,20261081,20261081,D,studentized,joint-map,
completed,21.083856216626174,20.0,0.38637707227954227,True,conditional-profile,True,15.649767596040657,31.740765206478514,16.090997610437856,True,False,True,False,70,20261081,20261081,D,profile,joint-map,
completed,16.35021388830546,20.0,0.8049542889477171,True,unavailable-gaussian-interval-crosses-bound,False,,,,False,False,True,False,71,20261082,20261082,D,laplace,joint-map,
completed,16.35021388830546,20.0,0.8049542889477171,True,conditional-studentized-curvature,True,10.419199063310208,59.66875655252287,49.24955748921266,True,False,True,False,71,20261082,20261082,D,studentized,joint-map,
completed,16.35021388830546,20.0,0.8049542889477171,True,conditional-profile,True,11.59543457253565,35.272443780020275,23.677009207484623,True,False,True,False,71,20261082,20261082,D,profile,joint-map,
completed,33.02649926181149,20.0,0.6592814166961973,True,unavailable-gaussian-interval-crosses-bound,False,,,,False,False,True,False,72,20261083,20261083,D,laplace,joint-map,
completed,33.02649926181149,20.0,0.6592814166961973,True,conditional-studentized-curvature,True,11.756865667656548,87.02673506809072,75.26986940043417,True,False,True,False,72,20261083,20261083,D,studentized,joint-map,
completed,33.02649926181149,20.0,0.6592814166961973,True,conditional-profile,True,17.433575744612828,81.34052174682162,63.9069460022088,True,False,True,False,72,20261083,20261083,D,profile,joint-map,
completed,28.010822588678156,20.0,0.44550676768707065,True,conditional-laplace,True,14.1130231102738,41.90862206708252,27.795598956808718,True,False,True,False,73,20261084,20261084,D,laplace,joint-map,
completed,28.010822588678156,20.0,0.44550676768707065,True,conditional-studentized-curvature,True,13.544413883523214,64.3817848737866,50.83737099026339,True,False,True,False,73,20261084,20261084,D,studentized,joint-map,
completed,28.010822588678156,20.0,0.44550676768707065,True,conditional-profile,True,18.325659364118764,48.96318257130207,30.637523207183307,True,False,True,False,73,20261084,20261084,D,profile,joint-map,
completed,20.853459625826687,20.0,0.6506878787094129,True,unavailable-gaussian-interval-crosses-bound,False,,,,False,False,True,False,74,20261085,20261085,D,laplace,joint-map,
completed,20.853459625826687,20.0,0.6506878787094129,True,conditional-studentized-curvature,True,11.125683740787737,63.77800884032247,52.652325099534735,True,False,True,False,74,20261085,20261085,D,studentized,joint-map,
completed,20.853459625826687,20.0,0.6506878787094129,True,conditional-profile,True,13.551170396580957,43.17472415277018,29.623553756189224,True,False,True,False,74,20261085,20261085,D,profile,joint-map,
completed,17.65734938735424,20.0,0.6589192980569288,True,unavailable-gaussian-interval-crosses-bound,False,,,,False,False,True,False,75,20261086,20261086,D,laplace,joint-map,
completed,17.65734938735424,20.0,0.6589192980569288,True,conditional-studentized-curvature,True,10.811338807040576,53.86122189181709,43.04988308477651,True,False,True,False,75,20261086,20261086,D,studentized,joint-map,
completed,17.65734938735424,20.0,0.6589192980569288,True,conditional-profile,True,12.462668341655899,33.80645312909344,21.343784787437542,True,False,True,False,75,20261086,20261086,D,profile,joint-map,
completed,23.14636562942367,20.0,0.624831804564753,True,unavailable-gaussian-interval-crosses-bound,False,,,,False,False,True,False,76,20261087,20261087,D,laplace,joint-map,
completed,23.14636562942367,20.0,0.624831804564753,True,conditional-studentized-curvature,True,11.436894869400636,67.89699966433906,56.46010479493843,True,False,True,False,76,20261087,20261087,D,studentized,joint-map,
completed,23.14636562942367,20.0,0.624831804564753,True,conditional-profile,True,14.496715204277253,48.43415133267507,33.93743612839782,True,False,True,False,76,20261087,20261087,D,profile,joint-map,
completed,30.22903166708999,20.0,0.5395226031374083,True,conditional-laplace,True,11.455558459667671,49.00250487451231,37.54694641484464,True,False,True,False,77,20261088,20261088,D,laplace,joint-map,
completed,30.22903166708999,20.0,0.5395226031374083,True,conditional-studentized-curvature,True,12.683026450313742,75.90837087369499,63.22534442338125,True,False,True,False,77,20261088,20261088,D,studentized,joint-map,
completed,30.22903166708999,20.0,0.5395226031374083,True,conditional-profile,True,17.997359301560422,61.17318143080542,43.175822129245,True,False,True,False,77,20261088,20261088,D,profile,joint-map,
completed,35.07894347224251,20.0,0.26944147706422866,True,conditional-laplace,True,23.15061291554506,47.00727402893996,23.8566611133949,False,False,True,False,78,20261089,20261089,D,laplace,joint-map,
completed,35.07894347224251,20.0,0.26944147706422866,True,conditional-studentized-curvature,True,19.07986663435055,61.37200935906001,42.29214272470946,True,False,True,False,78,20261089,20261089,D,studentized,joint-map,
completed,35.07894347224251,20.0,0.26944147706422866,True,conditional-profile,True,25.586180919927223,50.35233865261467,24.766157732687446,False,False,True,False,78,20261089,20261089,D,profile,joint-map,
completed,34.422445361689505,20.0,0.3471996000829303,True,conditional-laplace,True,19.635196789121963,49.20969393425705,29.574497145135084,True,False,True,False,79,20261090,20261090,D,laplace,joint-map,
completed,34.422445361689505,20.0,0.3471996000829303,True,conditional-studentized-curvature,True,16.54423383757041,67.49430616772527,50.95007233015486,True,False,True,False,79,20261090,20261090,D,studentized,joint-map,
completed,34.422445361689505,20.0,0.3471996000829303,True,conditional-profile,True,23.330428595046232,54.746292715913604,31.415864120867372,False,False,True,False,79,20261090,20261090,D,profile,joint-map,
completed,52.1536420885615,20.0,0.6172793490354301,True,unavailable-gaussian-interval-crosses-bound,False,,,,False,False,True,False,80,20261091,20261091,D,laplace,joint-map,
completed,52.1536420885615,20.0,0.6172793490354301,True,conditional-studentized-curvature,True,11.848947017294371,97.63197053955324,85.78302352225887,True,False,True,False,80,20261091,20261091,D,studentized,joint-map,
completed,52.1536420885615,20.0,0.6172793490354301,True,conditional-profile-calibration-limited,True,24.608680017609675,100.0,75.39131998239033,False,False,True,False,80,20261091,20261091,D,profile,joint-map,
completed,23.553078106206446,20.0,0.13492714962880462,True,conditional-laplace,True,19.933885036000664,27.172271176412227,7.2383861404115635,True,False,True,False,81,20261092,20261092,D,laplace,joint-map,
completed,23.553078106206446,20.0,0.13492714962880462,True,conditional-studentized-curvature,True,18.057446612104997,31.799840727220502,13.742394115115506,True,False,True,False,81,20261092,20261092,D,studentized,joint-map,
completed,23.553078106206446,20.0,0.13492714962880462,True,conditional-profile,True,20.37341425976124,27.696172286912674,7.322758027151433,False,False,True,False,81,20261092,20261092,D,profile,joint-map,
completed,22.72244651421383,20.0,0.3293518090130605,True,conditional-laplace,True,15.358895288985472,30.085997739442185,14.727102450456712,True,False,True,False,82,20261093,20261093,D,laplace,joint-map,
completed,22.72244651421383,20.0,0.3293518090130605,True,conditional-studentized-curvature,True,14.000721159669576,43.13254794794183,29.131826788272257,True,False,True,False,82,20261093,20261093,D,studentized,joint-map,
completed,22.72244651421383,20.0,0.3293518090130605,True,conditional-profile,True,17.13137935397776,32.693485138549654,15.562105784571894,True,False,True,False,82,20261093,20261093,D,profile,joint-map,
completed,22.251936895925102,20.0,0.4837150289583804,True,conditional-laplace,True,12.028635069115104,32.4752387227351,20.446603653619995,True,False,True,False,83,20261094,20261094,D,laplace,joint-map,
completed,22.251936895925102,20.0,0.4837150289583804,True,conditional-studentized-curvature,True,12.260462349549194,54.17263445641495,41.912172106865754,True,False,True,False,83,20261094,20261094,D,studentized,joint-map,
completed,22.251936895925102,20.0,0.4837150289583804,True,conditional-profile,True,15.318925784980117,38.22254623034616,22.903620445366045,True,False,True,False,83,20261094,20261094,D,profile,joint-map,
completed,22.84509306524439,20.0,0.6080580564957332,True,unavailable-gaussian-interval-crosses-bound,False,,,,False,False,True,False,84,20261095,20261095,D,laplace,joint-map,
completed,22.84509306524439,20.0,0.6080580564957332,True,conditional-studentized-curvature,True,11.503385181145998,65.79979041916341,54.296405238017414,True,False,True,False,84,20261095,20261095,D,studentized,joint-map,
completed,22.84509306524439,20.0,0.6080580564957332,True,conditional-profile,True,14.523931867807127,46.472386972918514,31.948455105111385,True,False,True,False,84,20261095,20261095,D,profile,joint-map,
completed,24.78491368120779,20.0,0.2601662851060416,True,conditional-laplace,True,17.978667044813022,31.59116031760256,13.61249327278954,True,False,True,False,85,20261096,20261096,D,laplace,joint-map,
completed,24.78491368120779,20.0,0.2601662851060416,True,conditional-studentized-curvature,True,15.886382453328082,42.015363858850954,26.12898140552287,True,False,True,False,85,20261096,20261096,D,studentized,joint-map,
completed,24.78491368120779,20.0,0.2601662851060416,True,conditional-profile,True,19.329600125471423,33.42721071798903,14.097610592517604,True,False,True,False,85,20261096,20261096,D,profile,joint-map,
completed,24.93789962902284,20.0,0.4223166550955456,True,conditional-laplace,True,13.949880307029508,35.92591895101617,21.976038643986662,True,False,True,False,86,20261097,20261097,D,laplace,joint-map,
completed,24.93789962902284,20.0,0.4223166550955456,True,conditional-studentized-curvature,True,13.301601376366385,55.88187382437084,42.58027244800446,True,False,True,False,86,20261097,20261097,D,studentized,joint-map,
completed,24.93789962902284,20.0,0.4223166550955456,True,conditional-profile,True,17.158399737992156,41.169834744577784,24.01143500658563,True,False,True,False,86,20261097,20261097,D,profile,joint-map,
completed,31.316023391093317,20.0,0.45660525946368596,True,conditional-laplace,True,14.510261052065996,48.121785730120635,33.611524678054636,True,False,True,False,87,20261098,20261098,D,laplace,joint-map,
completed,31.316023391093317,20.0,0.45660525946368596,True,conditional-studentized-curvature,True,13.85367333137825,71.4566248145279,57.60295148314965,True,False,True,False,87,20261098,20261098,D,studentized,joint-map,
completed,31.316023391093317,20.0,0.45660525946368596,True,conditional-profile,True,19.690065873713486,56.89563298240045,37.205567108686964,True,False,True,False,87,20261098,20261098,D,profile,joint-map,
completed,19.699249620480025,20.0,0.5953151303338463,True,unavailable-gaussian-interval-crosses-bound,False,,,,False,False,True,False,88,20261099,20261099,D,laplace,joint-map,
completed,19.699249620480025,20.0,0.5953151303338463,True,conditional-studentized-curvature,True,11.249687153425146,55.798054939819615,44.548367786394465,True,False,True,False,88,20261099,20261099,D,studentized,joint-map,
completed,19.699249620480025,20.0,0.5953151303338463,True,conditional-profile,True,13.487706941908504,36.97118991560235,23.483482973693846,True,False,True,False,88,20261099,20261099,D,profile,joint-map,
completed,18.634376085079744,20.0,0.4951606496115559,True,conditional-laplace,True,11.23368546584847,26.03506670431102,14.80138123846255,True,False,True,False,89,20261100,20261100,D,laplace,joint-map,
completed,18.634376085079744,20.0,0.4951606496115559,True,conditional-studentized-curvature,True,11.586077862402028,44.70843542290854,33.122357560506515,True,False,True,False,89,20261100,20261100,D,studentized,joint-map,
completed,18.634376085079744,20.0,0.4951606496115559,True,conditional-profile,True,13.664037921614892,30.344499107293533,16.68046118567864,True,False,True,False,89,20261100,20261100,D,profile,joint-map,
completed,12.674682318358952,20.0,0.3215707690820968,True,conditional-laplace,True,11.06503188430818,14.284332752409723,3.219300868101543,False,False,True,False,90,20261101,20261101,D,laplace,joint-map,
completed,12.674682318358952,20.0,0.3215707690820968,True,conditional-studentized-curvature,True,10.853480114315165,18.031927419876915,7.17844730556175,False,False,True,False,90,20261101,20261101,D,studentized,joint-map,
completed,12.674682318358952,20.0,0.3215707690820968,True,conditional-profile,True,11.461455202936595,14.871662807676127,3.410207604739533,False,False,True,False,90,20261101,20261101,D,profile,joint-map,
completed,23.185209426842498,20.0,0.636326384767817,True,unavailable-gaussian-interval-crosses-bound,False,,,,False,False,True,False,91,20261102,20261102,D,laplace,joint-map,
completed,23.185209426842498,20.0,0.636326384767817,True,conditional-studentized-curvature,True,11.3843871905562,68.81475050307573,57.43036331251953,True,False,True,False,91,20261102,20261102,D,studentized,joint-map,
completed,23.185209426842498,20.0,0.636326384767817,True,conditional-profile,True,14.428576056228284,49.25869425152871,34.83011819530043,True,False,True,False,91,20261102,20261102,D,profile,joint-map,
completed,43.16551114356902,20.0,0.8611003177197826,True,unavailable-gaussian-interval-crosses-bound,False,,,,False,False,True,False,92,20261103,20261103,D,laplace,joint-map,
completed,43.16551114356902,20.0,0.8611003177197826,True,conditional-studentized-curvature,True,10.651918682931601,98.11203493297327,87.46011625004166,True,False,True,False,92,20261103,20261103,D,studentized,joint-map,
completed,43.16551114356902,20.0,0.8611003177197826,True,conditional-profile-calibration-limited,True,17.585119061197908,100.0,82.4148809388021,True,False,True,False,92,20261103,20261103,D,profile,joint-map,
completed,47.37868085519486,20.0,0.4078151431097587,True,conditional-laplace,True,20.940968695601462,73.81639301478825,52.875424319186784,False,False,True,False,93,20261104,20261104,D,laplace,joint-map,
completed,47.37868085519486,20.0,0.4078151431097587,True,conditional-studentized-curvature,True,16.164065253853288,88.55337657566619,72.3893113218129,True,False,True,False,93,20261104,20261104,D,studentized,joint-map,
completed,47.37868085519486,20.0,0.4078151431097587,True,conditional-profile,True,28.428532778300056,85.83013364092926,57.40160086262921,False,False,True,False,93,20261104,20261104,D,profile,joint-map,
completed,16.89493467739187,20.0,0.4169904993201602,True,conditional-laplace,True,11.879479331571563,21.91039002321218,10.030910691640617,True,False,True,False,94,20261105,20261105,D,laplace,joint-map,
completed,16.89493467739187,20.0,0.4169904993201602,True,conditional-studentized-curvature,True,11.673194877498954,33.987196568135374,22.31400169063642,True,False,True,False,94,20261105,20261105,D,studentized,joint-map,
completed,16.89493467739187,20.0,0.4169904993201602,True,conditional-profile,True,13.33081769218227,24.268432488029887,10.937614795847617,True,False,True,False,94,20261105,20261105,D,profile,joint-map,
completed,36.14196326038939,20.0,0.673985663425879,True,unavailable-gaussian-interval-crosses-bound,False,,,,False,False,True,False,95,20261106,20261106,D,laplace,joint-map,
completed,36.14196326038939,20.0,0.673985663425879,True,conditional-studentized-curvature,True,11.70708261401419,90.69089499024487,78.98381237623067,True,False,True,False,95,20261106,20261106,D,studentized,joint-map,
completed,36.14196326038939,20.0,0.673985663425879,True,conditional-profile,True,18.23526287850951,93.01107034210023,74.77580746359072,True,False,True,False,95,20261106,20261106,D,profile,joint-map,
completed,19.679346271379508,20.0,0.21234568312602417,True,conditional-laplace,True,15.883842064548354,23.474850478210666,7.591008413662312,True,False,True,False,96,20261107,20261107,D,laplace,joint-map,
completed,19.679346271379508,20.0,0.21234568312602417,True,conditional-studentized-curvature,True,14.519739571418802,29.392746769907436,14.873007198488635,True,False,True,False,96,20261107,20261107,D,studentized,joint-map,
completed,19.679346271379508,20.0,0.21234568312602417,True,conditional-profile,True,16.537445263571893,24.322269603000436,7.784824339428543,True,False,True,False,96,20261107,20261107,D,profile,joint-map,
completed,17.02882797839596,20.0,0.0871122694911927,True,conditional-laplace,True,15.50061941748881,18.55703653930311,3.056417121814299,False,False,True,False,97,20261108,20261108,D,laplace,joint-map,
completed,17.02882797839596,20.0,0.0871122694911927,True,conditional-studentized-curvature,True,14.64665743669978,20.48226762050885,5.83561018380907,True,False,True,False,97,20261108,20261108,D,studentized,joint-map,
completed,17.02882797839596,20.0,0.0871122694911927,True,conditional-profile,True,15.645337573178747,18.722089299285617,3.0767517261068704,False,False,True,False,97,20261108,20261108,D,profile,joint-map,
completed,24.91533049247339,20.0,0.6547370726547986,True,unavailable-gaussian-interval-crosses-bound,False,,,,False,False,True,False,98,20261109,20261109,D,laplace,joint-map,
completed,24.91533049247339,20.0,0.6547370726547986,True,conditional-studentized-curvature,True,11.412886264302735,74.09440565330796,62.681519389005224,True,False,True,False,98,20261109,20261109,D,studentized,joint-map,
completed,24.91533049247339,20.0,0.6547370726547986,True,conditional-profile,True,14.85567720692952,55.81799690822989,40.962319701300366,True,False,True,False,98,20261109,20261109,D,profile,joint-map,
completed,25.37925037216395,20.0,0.7222377259710107,True,unavailable-gaussian-interval-crosses-bound,False,,,,False,False,True,False,99,20261110,20261110,D,laplace,joint-map,
completed,25.37925037216395,20.0,0.7222377259710107,True,conditional-studentized-curvature,True,11.115281874158667,79.47675787700105,68.36147600284238,True,False,True,False,99,20261110,20261110,D,studentized,joint-map,
completed,25.37925037216395,20.0,0.7222377259710107,True,conditional-profile,True,14.46124262438273,63.027772326753436,48.5665297023707,True,False,True,False,99,20261110,20261110,D,profile,joint-map,
completed,24.720457672780448,20.0,0.6831640038463939,True,unavailable-gaussian-interval-crosses-bound,False,,,,False,False,True,False,100,20261111,20261111,D,laplace,joint-map,
completed,24.720457672780448,20.0,0.6831640038463939,True,conditional-studentized-curvature,True,11.259078081242656,75.64280912367289,64.38373104243024,True,False,True,False,100,20261111,20261111,D,studentized,joint-map,
completed,24.720457672780448,20.0,0.6831640038463939,True,conditional-profile,True,14.567504058769767,57.44886518146792,42.88136112269815,True,False,True,False,100,20261111,20261111,D,profile,joint-map,
completed,25.548035602447502,20.0,0.6545456969272486,True,unavailable-gaussian-interval-crosses-bound,False,,,,False,False,True,False,101,20261112,20261112,D,laplace,joint-map,
completed,25.548035602447502,20.0,0.6545456969272486,True,conditional-studentized-curvature,True,11.45025280010556,75.42878995811783,63.97853715801227,True,False,True,False,101,20261112,20261112,D,studentized,joint-map,
completed,25.548035602447502,20.0,0.6545456969272486,True,conditional-profile,True,15.05725574613547,57.80614350865177,42.748887762516304,True,False,True,False,101,20261112,20261112,D,profile,joint-map,
completed,18.238256899709054,20.0,0.587783145327933,True,unavailable-gaussian-interval-crosses-bound,False,,,,False,False,True,False,102,20261113,20261113,D,laplace,joint-map,
completed,18.238256899709054,20.0,0.587783145327933,True,conditional-studentized-curvature,True,11.108511004282844,50.389278427423534,39.28076742314069,True,False,True,False,102,20261113,20261113,D,studentized,joint-map,
completed,18.238256899709054,20.0,0.587783145327933,True,conditional-profile,True,12.993298500288669,32.672088793126626,19.67879029283796,True,False,True,False,102,20261113,20261113,D,profile,joint-map,
completed,22.119645569043257,20.0,0.6346811086511965,True,unavailable-gaussian-interval-crosses-bound,False,,,,False,False,True,False,103,20261114,20261114,D,laplace,joint-map,
completed,22.119645569043257,20.0,0.6346811086511965,True,conditional-studentized-curvature,True,11.302669039034015,66.02393158801084,54.721262548976824,True,False,True,False,103,20261114,20261114,D,studentized,joint-map,
completed,22.119645569043257,20.0,0.6346811086511965,True,conditional-profile,True,14.076994368819467,46.02570601232898,31.948711643509515,True,False,True,False,103,20261114,20261114,D,profile,joint-map,
completed,24.470082363533734,20.0,0.31510785533798197,True,conditional-laplace,True,16.406492123967006,32.53367260310047,16.127180479133465,True,False,True,False,104,20261115,20261115,D,laplace,joint-map,
completed,24.470082363533734,20.0,0.31510785533798197,True,conditional-studentized-curvature,True,14.705275499927243,45.956855677095625,31.251580177168382,True,False,True,False,104,20261115,20261115,D,studentized,joint-map,
completed,24.470082363533734,20.0,0.31510785533798197,True,conditional-profile,True,18.287465417878536,35.261183777884256,16.97371836000572,True,False,True,False,104,20261115,20261115,D,profile,joint-map,
completed,23.44990387126575,20.0,0.23227893456993193,True,conditional-laplace,True,17.812755780372775,29.087051962158725,11.27429618178595,True,False,True,False,105,20261116,20261116,D,laplace,joint-map,
completed,23.44990387126575,20.0,0.23227893456993193,True,conditional-studentized-curvature,True,15.868063459191113,37.61271233433067,21.74464887513956,True,False,True,False,105,20261116,20261116,D,studentized,joint-map,
completed,23.44990387126575,20.0,0.23227893456993193,True,conditional-profile,True,18.843783665027534,30.449659057328276,11.605875392300742,True,False,True,False,105,20261116,20261116,D,profile,joint-map,
completed,20.122302922729297,20.0,0.4094079159193134,True,conditional-laplace,True,12.921267424835,27.323338420623593,14.402070995788593,True,False,True,False,106,20261117,20261117,D,laplace,joint-map,
completed,20.122302922729297,20.0,0.4094079159193134,True,conditional-studentized-curvature,True,12.467983680048373,42.658742149190516,30.190758469142143,True,False,True,False,106,20261117,20261117,D,studentized,joint-map,
completed,20.122302922729297,20.0,0.4094079159193134,True,conditional-profile,True,14.969342032553056,30.61661876255552,15.647276730002465,True,False,True,False,106,20261117,20261117,D,profile,joint-map,
completed,13.851090410546563,20.0,0.18875229736709356,True,conditional-laplace,True,12.376111921932251,15.326068899160873,2.949956977228622,False,False,True,False,107,20261118,20261118,D,laplace,joint-map,
completed,13.851090410546563,20.0,0.18875229736709356,True,conditional-studentized-curvature,True,11.860781608955765,17.782283700321265,5.9215020913655,False,False,True,False,107,20261118,20261118,D,studentized,joint-map,
completed,13.851090410546563,20.0,0.18875229736709356,True,conditional-profile,True,12.619558361601289,15.636762652850017,3.017204291248728,False,False,True,False,107,20261118,20261118,D,profile,joint-map,
completed,24.348250720326376,20.0,0.1987300829620139,True,conditional-laplace,True,19.028058055336526,29.668443385316227,10.6403853299797,True,False,True,False,108,20261119,20261119,D,laplace,joint-map,
completed,24.348250720326376,20.0,0.1987300829620139,True,conditional-studentized-curvature,True,16.89335119877537,37.22430751374492,20.330956314969548,True,False,True,False,108,20261119,20261119,D,studentized,joint-map,
completed,24.348250720326376,20.0,0.1987300829620139,True,conditional-profile,True,19.900958528990536,30.784921670958177,10.88396314196764,True,False,True,False,108,20261119,20261119,D,profile,joint-map,
completed,19.165659844977668,20.0,0.42448518889146664,True,conditional-laplace,True,12.425483867053346,25.90583582290199,13.480351955848645,True,False,True,False,109,20261120,20261120,D,laplace,joint-map,
completed,19.165659844977668,20.0,0.42448518889146664,True,conditional-studentized-curvature,True,12.146069965111314,41.03479151545998,28.888721550348663,True,False,True,False,109,20261120,20261120,D,studentized,joint-map,
completed,19.165659844977668,20.0,0.42448518889146664,True,conditional-profile,True,14.392983920060145,29.120425118579636,14.727441198519491,True,False,True,False,109,20261120,20261120,D,profile,joint-map,
completed,21.0769403005336,20.0,0.48155507180510965,True,conditional-laplace,True,11.871869723417518,30.28201087764969,18.41014115423217,True,False,True,False,110,20261121,20261121,D,laplace,joint-map,
completed,21.0769403005336,20.0,0.48155507180510965,True,conditional-studentized-curvature,True,12.087518206065475,50.80806374014318,38.72054553407771,True,False,True,False,110,20261121,20261121,D,studentized,joint-map,
completed,21.0769403005336,20.0,0.48155507180510965,True,conditional-profile,True,14.82509082716553,35.42823454898372,20.603143721818185,True,False,True,False,110,20261121,20261121,D,profile,joint-map,
completed,32.9082136842728,20.0,0.6839904622165337,True,unavailable-gaussian-interval-crosses-bound,False,,,,False,False,True,False,111,20261122,20261122,D,laplace,joint-map,
completed,32.9082136842728,20.0,0.6839904622165337,True,conditional-studentized-curvature,True,11.592329074375645,87.95653002405173,76.36420094967609,True,False,True,False,111,20261122,20261122,D,studentized,joint-map,
completed,32.9082136842728,20.0,0.6839904622165337,True,conditional-profile,True,17.111273147254586,83.7964932415698,66.68522009431521,True,False,True,False,111,20261122,20261122,D,profile,joint-map,
completed,49.02078309955076,20.0,0.4714446796430794,True,conditional-laplace,True,17.27022367189224,80.77134252720927,63.50111885531703,True,False,True,False,112,20261123,20261123,D,laplace,joint-map,
completed,49.02078309955076,20.0,0.4714446796430794,True,conditional-studentized-curvature,True,14.431250138442412,92.69091156695094,78.25966142850854,True,False,True,False,112,20261123,20261123,D,studentized,joint-map,
completed,49.02078309955076,20.0,0.4714446796430794,True,conditional-profile,True,27.300657610392022,98.07340716688059,70.77274955648856,False,False,True,False,112,20261123,20261123,D,profile,joint-map,
completed,24.674089115827094,20.0,0.5797146399946359,True,conditional-laplace,True,10.055065926208027,39.293112305446165,29.23804637923814,True,False,True,False,113,20261124,20261124,D,laplace,joint-map,
completed,24.674089115827094,20.0,0.5797146399946359,True,conditional-studentized-curvature,True,11.843402186056228,68.0270718218756,56.18366963581937,True,False,True,False,113,20261124,20261124,D,studentized,joint-map,
completed,24.674089115827094,20.0,0.5797146399946359,True,conditional-profile,True,15.418780566331584,49.740363505534276,34.32158293920269,True,False,True,False,113,20261124,20261124,D,profile,joint-map,
completed,14.548400899024283,20.0,0.5951603638229833,True,unavailable-gaussian-interval-crosses-bound,False,,,,False,False,True,False,114,20261125,20261125,D,laplace,joint-map,
completed,14.548400899024283,20.0,0.5951603638229833,True,conditional-studentized-curvature,True,10.61951232631353,36.114091798093135,25.494579471779605,True,False,True,False,114,20261125,20261125,D,studentized,joint-map,
completed,14.548400899024283,20.0,0.5951603638229833,True,conditional-profile,True,11.619495460178957,22.766038313263813,11.146542853084856,True,False,True,False,114,20261125,20261125,D,profile,joint-map,
completed,16.098148602475746,20.0,0.6041435469242519,True,unavailable-gaussian-interval-crosses-bound,False,,,,False,False,True,False,115,20261126,20261126,D,laplace,joint-map,
completed,16.098148602475746,20.0,0.6041435469242519,True,conditional-studentized-curvature,True,10.798227213052062,43.40821476509522,32.60998755204315,True,False,True,False,115,20261126,20261126,D,studentized,joint-map,
completed,16.098148602475746,20.0,0.6041435469242519,True,conditional-profile,True,12.151964529119377,27.276225533222743,15.124261004103365,True,False,True,False,115,20261126,20261126,D,profile,joint-map,
completed,16.743187060388905,20.0,0.6469618445281289,True,unavailable-gaussian-interval-crosses-bound,False,,,,False,False,True,False,116,20261127,20261127,D,laplace,joint-map,
completed,16.743187060388905,20.0,0.6469618445281289,True,conditional-studentized-curvature,True,10.756467086972151,49.26396188442876,38.50749479745661,True,False,True,False,116,20261127,20261127,D,studentized,joint-map,
completed,16.743187060388905,20.0,0.6469618445281289,True,conditional-profile,True,12.214145396950364,30.534892935427713,18.32074753847735,True,False,True,False,116,20261127,20261127,D,profile,joint-map,
completed,19.481021524210988,20.0,0.22473087855051613,True,conditional-laplace,True,15.589657948888567,23.37238509953341,7.782727150644844,True,False,True,False,117,20261128,20261128,D,laplace,joint-map,
completed,19.481021524210988,20.0,0.22473087855051613,True,conditional-studentized-curvature,True,14.270976013654376,29.59403764990123,15.323061636246855,True,False,True,False,117,20261128,20261128,D,studentized,joint-map,
completed,19.481021524210988,20.0,0.22473087855051613,True,conditional-profile,True,16.287572305316825,24.288670303595644,8.00109799827882,True,False,True,False,117,20261128,20261128,D,profile,joint-map,
completed,20.111398887939895,20.0,0.7839400682735096,True,unavailable-gaussian-interval-crosses-bound,False,,,,False,False,True,False,118,20261129,20261129,D,laplace,joint-map,
completed,20.111398887939895,20.0,0.7839400682735096,True,conditional-studentized-curvature,True,10.664115508664826,71.47330812565757,60.80919261699274,True,False,True,False,118,20261129,20261129,D,studentized,joint-map,
completed,20.111398887939895,20.0,0.7839400682735096,True,conditional-profile,True,12.642101423489233,48.69448319054322,36.05238176705399,True,False,True,False,118,20261129,20261129,D,profile,joint-map,
completed,19.77601808169487,20.0,0.39024941877114755,True,conditional-laplace,True,13.07976265510801,26.472273508281727,13.392510853173718,True,False,True,False,119,20261130,20261130,D,laplace,joint-map,
completed,19.77601808169487,20.0,0.39024941877114755,True,conditional-studentized-curvature,True,12.523687232808548,40.583052869921026,28.059365637112478,True,False,True,False,119,20261130,20261130,D,studentized,joint-map,
completed,19.77601808169487,20.0,0.39024941877114755,True,conditional-profile,True,14.927558255957942,29.39052209229267,14.462963836334728,True,False,True,False,119,20261130,20261130,D,profile,joint-map,
completed,14.723092170103653,20.0,0.439628309083273,True,conditional-laplace,True,11.082337667577837,18.36384667262947,7.281509005051634,False,False,True,False,120,20261131,20261131,D,laplace,joint-map,
completed,14.723092170103653,20.0,0.439628309083273,True,conditional-studentized-curvature,True,11.071523448596343,28.263007307915473,17.191483859319128,True,False,True,False,120,20261131,20261131,D,studentized,joint-map,
completed,14.723092170103653,20.0,0.439628309083273,True,conditional-profile,True,12.184209439010939,20.205846375634415,8.021636936623477,True,False,True,False,120,20261131,20261131,D,profile,joint-map,
completed,21.547488718108305,20.0,0.0932351285464095,True,conditional-laplace,True,19.08100933544396,24.013968100772644,4.932958765328685,True,False,True,False,121,20261132,20261132,D,laplace,joint-map,
completed,21.547488718108305,20.0,0.0932351285464095,True,conditional-studentized-curvature,True,17.655807240793546,27.008806627170934,9.352999386377387,True,False,True,False,121,20261132,20261132,D,studentized,joint-map,
completed,21.547488718108305,20.0,0.0932351285464095,True,conditional-profile,True,19.319780823318528,24.287645024010367,4.967864200691839,True,False,True,False,121,20261132,20261132,D,profile,joint-map,
completed,20.647686114406234,20.0,0.25449298258505143,True,conditional-laplace,True,15.753628271156174,25.541743957656294,9.78811568650012,True,False,True,False,122,20261133,20261133,D,laplace,joint-map,
completed,20.647686114406234,20.0,0.25449298258505143,True,conditional-studentized-curvature,True,14.325735463500635,33.65768880653228,19.331953343031643,True,False,True,False,122,20261133,20261133,D,studentized,joint-map,
completed,20.647686114406234,20.0,0.25449298258505143,True,conditional-profile,True,16.722712841727244,26.857191908808655,10.134479067081411,True,False,True,False,122,20261133,20261133,D,profile,joint-map,
completed,26.450454139971242,20.0,0.3322637949512033,True,conditional-laplace,True,16.93037307110389,35.9705352088386,19.040162137734708,True,False,True,False,123,20261134,20261134,D,laplace,joint-map,
completed,26.450454139971242,20.0,0.3322637949512033,True,conditional-studentized-curvature,True,15.037359242994244,51.18680511948121,36.149445876486965,True,False,True,False,123,20261134,20261134,D,studentized,joint-map,
completed,26.450454139971242,20.0,0.3322637949512033,True,conditional-profile,True,19.22274197934123,39.3444919294543,20.12174995011307,True,False,True,False,123,20261134,20261134,D,profile,joint-map,
completed,33.173405046464154,20.0,0.6258713189454107,True,unavailable-gaussian-interval-crosses-bound,False,,,,False,False,True,False,124,20261135,20261135,D,laplace,joint-map,
completed,33.173405046464154,20.0,0.6258713189454107,True,conditional-studentized-curvature,True,12.03773460058172,85.46217342909415,73.42443882851244,True,False,True,False,124,20261135,20261135,D,studentized,joint-map,
completed,33.173405046464154,20.0,0.6258713189454107,True,conditional-profile,True,17.93603988331703,77.6734628986725,59.73742301535547,True,False,True,False,124,20261135,20261135,D,profile,joint-map,
completed,18.48621634233409,20.0,0.5868014277564306,True,unavailable-gaussian-interval-crosses-bound,False,,,,False,False,True,False,125,20261136,20261136,D,laplace,joint-map,
completed,18.48621634233409,20.0,0.5868014277564306,True,conditional-studentized-curvature,True,11.138160027293074,51.25147830038489,40.113318273091814,True,False,True,False,125,20261136,20261136,D,studentized,joint-map,
completed,18.48621634233409,20.0,0.5868014277564306,True,conditional-profile,True,13.08395633290564,33.34978422131324,20.265827888407603,True,False,True,False,125,20261136,20261136,D,profile,joint-map,
completed,21.345371981338246,20.0,0.6920012194006078,True,unavailable-gaussian-interval-crosses-bound,False,,,,False,False,True,False,126,20261137,20261137,D,laplace,joint-map,
completed,21.345371981338246,20.0,0.6920012194006078,True,conditional-studentized-curvature,True,11.010959030493568,68.21401537157851,57.203056341084945,True,False,True,False,126,20261137,20261137,D,studentized,joint-map,
completed,21.345371981338246,20.0,0.6920012194006078,True,conditional-profile,True,13.470233739160314,47.09143393253916,33.62120019337885,True,False,True,False,126,20261137,20261137,D,profile,joint-map,
completed,19.723502961104863,20.0,0.42710295295650574,True,conditional-laplace,True,12.48808362076664,26.95892230144309,14.470838680676449,True,False,True,False,127,20261138,20261138,D,laplace,joint-map,
completed,19.723502961104863,20.0,0.42710295295650574,True,conditional-studentized-curvature,True,12.224875025059035,42.994967663134446,30.77009263807541,True,False,True,False,127,20261138,20261138,D,studentized,joint-map,
completed,19.723502961104863,20.0,0.42710295295650574,True,conditional-profile,True,14.619772689819573,30.46227156425196,15.842498874432387,True,False,True,False,127,20261138,20261138,D,profile,joint-map,
completed,18.738516615069393,20.0,0.30803797191079957,True,conditional-laplace,True,13.991505853521726,23.48552737661706,9.494021523095334,True,False,True,False,128,20261139,20261139,D,laplace,joint-map,
completed,18.738516615069393,20.0,0.30803797191079957,True,conditional-studentized-curvature,True,13.027172211157467,32.444623412441786,19.41745120128432,True,False,True,False,128,20261139,20261139,D,studentized,joint-map,
completed,18.738516615069393,20.0,0.30803797191079957,True,conditional-profile,True,15.075059105099022,25.041372239358655,9.966313134259632,True,False,True,False,128,20261139,20261139,D,profile,joint-map,
completed,16.618286849221683,20.0,0.19660834283899717,True,conditional-laplace,True,14.150488004973257,19.086085693470107,4.93559768849685,False,False,True,False,129,20261140,20261140,D,laplace,joint-map,
completed,16.618286849221683,20.0,0.19660834283899717,True,conditional-studentized-curvature,True,13.238055990510432,22.99851055785842,9.760454567347988,True,False,True,False,129,20261140,20261140,D,studentized,joint-map,
completed,16.618286849221683,20.0,0.19660834283899717,True,conditional-profile,True,14.5551353676289,19.60289181887066,5.04775645124176,False,False,True,False,129,20261140,20261140,D,profile,joint-map,
completed,25.590076050677524,20.0,0.32612624827334774,True,conditional-laplace,True,16.671057656924198,34.50909444443085,17.838036787506653,True,False,True,False,130,20261141,20261141,D,laplace,joint-map,
completed,25.590076050677524,20.0,0.32612624827334774,True,conditional-studentized-curvature,True,14.873519789029343,49.0591544967358,34.185634707706456,True,False,True,False,130,20261141,20261141,D,studentized,joint-map,
completed,25.590076050677524,20.0,0.32612624827334774,True,conditional-profile,True,18.79785482514103,37.62451620490848,18.82666137976745,True,False,True,False,130,20261141,20261141,D,profile,joint-map,
completed,15.054097186182906,20.0,0.7126205961370478,True,unavailable-gaussian-interval-crosses-bound,False,,,,False,False,True,False,131,20261142,20261142,D,laplace,joint-map,
completed,15.054097186182906,20.0,0.7126205961370478,True,conditional-studentized-curvature,True,10.465502077424127,46.45664328698569,35.99114120956156,True,False,True,False,131,20261142,20261142,D,studentized,joint-map,
completed,15.054097186182906,20.0,0.7126205961370478,True,conditional-profile,True,11.48158017875766,27.238774965236622,15.757194786478962,True,False,True,False,131,20261142,20261142,D,profile,joint-map,
completed,29.96702978863265,20.0,0.6903162117080849,True,unavailable-gaussian-interval-crosses-bound,False,,,,False,False,True,False,132,20261143,20261143,D,laplace,joint-map,
completed,29.96702978863265,20.0,0.6903162117080849,True,conditional-studentized-curvature,True,11.455216824407321,84.86386093398906,73.40864410958174,True,False,True,False,132,20261143,20261143,D,studentized,joint-map,
completed,29.96702978863265,20.0,0.6903162117080849,True,conditional-profile,True,16.109797044582532,75.26431999312541,59.154522948542876,True,False,True,False,132,20261143,20261143,D,profile,joint-map,
completed,45.066418512998176,20.0,0.5660204438350157,True,conditional-laplace,True,10.974845654017905,79.15799137197844,68.18314571796054,True,False,True,False,133,20261144,20261144,D,laplace,joint-map,
completed,45.066418512998176,20.0,0.5660204438350157,True,conditional-studentized-curvature,True,12.809078213967652,93.40552271910262,80.59644450513497,True,False,True,False,133,20261144,20261144,D,studentized,joint-map,
completed,45.066418512998176,20.0,0.5660204438350157,True,conditional-profile-calibration-limited,True,23.26582216090395,100.0,76.73417783909605,False,False,True,False,133,20261144,20261144,D,profile,joint-map,
completed,25.667877049958822,20.0,0.36101978637553805,True,conditional-laplace,True,15.763866373243554,35.57188772667409,19.80802135343054,True,False,True,False,134,20261145,20261145,D,laplace,joint-map,
completed,25.667877049958822,20.0,0.36101978637553805,True,conditional-studentized-curvature,True,14.301293378343624,52.2597605339741,37.95846715563048,True,False,True,False,134,20261145,20261145,D,studentized,joint-map,
completed,25.667877049958822,20.0,0.36101978637553805,True,conditional-profile,True,18.326664561523124,39.47997058828162,21.153306026758493,True,False,True,False,134,20261145,20261145,D,profile,joint-map,
completed,23.668255611563094,20.0,0.33563287998993097,True,conditional-laplace,True,15.6207672319155,31.715743991210687,16.094976759295186,True,False,True,False,135,20261146,20261146,D,laplace,joint-map,
completed,23.668255611563094,20.0,0.33563287998993097,True,conditional-studentized-curvature,True,14.181433973388792,45.72001032697405,31.538576353585256,True,False,True,False,135,20261146,20261146,D,studentized,joint-map,
completed,23.668255611563094,20.0,0.33563287998993097,True,conditional-profile,True,17.585373369242802,34.62517464580912,17.039801276566315,True,False,True,False,135,20261146,20261146,D,profile,joint-map,
completed,25.4970417196628,20.0,0.5552717853208582,True,conditional-laplace,True,10.71133959093369,40.28274384839192,29.571404257458227,True,False,True,False,136,20261147,20261147,D,laplace,joint-map,
completed,25.4970417196628,20.0,0.5552717853208582,True,conditional-studentized-curvature,True,12.106416544486633,67.91854010154685,55.81212355706022,True,False,True,False,136,20261147,20261147,D,studentized,joint-map,
completed,25.4970417196628,20.0,0.5552717853208582,True,conditional-profile,True,15.96883329727297,50.23551696686431,34.26668366959134,True,False,True,False,136,20261147,20261147,D,profile,joint-map,
completed,26.775738535915757,20.0,0.36293085773493267,True,conditional-laplace,True,16.170805940762044,37.38067113106947,21.209865190307426,True,False,True,False,137,20261148,20261148,D,laplace,joint-map,
completed,26.775738535915757,20.0,0.36293085773493267,True,conditional-studentized-curvature,True,14.560482230965627,54.62187756709935,40.06139533613372,True,False,True,False,137,20261148,20261148,D,studentized,joint-map,
completed,26.775738535915757,20.0,0.36293085773493267,True,conditional-profile,True,18.915320847582976,41.566349780077935,22.65102893249496,True,False,True,False,137,20261148,20261148,D,profile,joint-map,
completed,22.484866753713924,20.0,0.7362835855125318,True,unavailable-gaussian-interval-crosses-bound,False,,,,False,False,True,False,138,20261149,20261149,D,laplace,joint-map,
completed,22.484866753713924,20.0,0.7362835855125318,True,conditional-studentized-curvature,True,10.920811999946405,74.35586625110064,63.43505425115423,True,False,True,False,138,20261149,20261149,D,studentized,joint-map,
completed,22.484866753713924,20.0,0.7362835855125318,True,conditional-profile,True,13.5366537708029,54.08423763437426,40.54758386357136,True,False,True,False,138,20261149,20261149,D,profile,joint-map,
completed,13.81238493212894,20.0,0.2682832862628232,True,conditional-laplace,True,11.900471526818503,15.724298337439373,3.8238268106208704,False,False,True,False,139,20261150,20261150,D,laplace,joint-map,
completed,13.81238493212894,20.0,0.2682832862628232,True,conditional-studentized-curvature,True,11.467028870239238,19.504744051967492,8.037715181728254,False,False,True,False,139,20261150,20261150,D,studentized,joint-map,
completed,13.81238493212894,20.0,0.2682832862628232,True,conditional-profile,True,12.305697841001873,16.28729501614293,3.981597175141058,False,False,True,False,139,20261150,20261150,D,profile,joint-map,
completed,29.848838576141382,20.0,0.45584879411703866,True,conditional-laplace,True,14.258235999767182,45.439441152515585,31.181205152748404,True,False,True,False,140,20261151,20261151,D,laplace,joint-map,
completed,29.848838576141382,20.0,0.45584879411703866,True,conditional-studentized-curvature,True,13.691552728553253,68.66007663510163,54.96852390654838,True,False,True,False,140,20261151,20261151,D,studentized,joint-map,
completed,29.848838576141382,20.0,0.45584879411703866,True,conditional-profile,True,19.049754948574368,53.53979973219667,34.4900447836223,True,False,True,False,140,20261151,20261151,D,profile,joint-map,
completed,18.68175663122337,20.0,0.2700823593539766,True,conditional-laplace,True,14.510165043292558,22.853348219154178,8.34318317586162,True,False,True,False,141,20261152,20261152,D,laplace,joint-map,
completed,18.68175663122337,20.0,0.2700823593539766,True,conditional-studentized-curvature,True,13.410797727366328,30.198234826003976,16.787437098637646,True,False,True,False,141,20261152,20261152,D,studentized,joint-map,
completed,18.68175663122337,20.0,0.2700823593539766,True,conditional-profile,True,15.36849074617723,24.035104746692355,8.666614000515125,True,False,True,False,141,20261152,20261152,D,profile,joint-map,
completed,21.77824597456095,20.0,0.4080392992384641,True,conditional-laplace,True,13.41964766433474,30.13684428478716,16.71719662045242,True,False,True,False,142,20261153,20261153,D,laplace,joint-map,
completed,21.77824597456095,20.0,0.4080392992384641,True,conditional-studentized-curvature,True,12.83927449226892,46.93448152082585,34.09520702855693,True,False,True,False,142,20261153,20261153,D,studentized,joint-map,
completed,21.77824597456095,20.0,0.4080392992384641,True,conditional-profile,True,15.792283564208699,33.94732646251063,18.155042898301932,True,False,True,False,142,20261153,20261153,D,profile,joint-map,
completed,21.81930711789597,20.0,0.13811540657336402,True,conditional-laplace,True,18.54212844868445,25.09648578710749,6.5543573384230385,True,False,True,False,143,20261154,20261154,D,laplace,joint-map,
completed,21.81930711789597,20.0,0.13811540657336402,True,conditional-studentized-curvature,True,16.904953548655257,29.414102561935675,12.509149013280418,True,False,True,False,143,20261154,20261154,D,studentized,joint-map,
completed,21.81930711789597,20.0,0.13811540657336402,True,conditional-profile,True,18.953008820397624,25.589128450130787,6.636119629733162,True,False,True,False,143,20261154,20261154,D,profile,joint-map,
completed,41.09693578830742,20.0,1.0887205144188477,True,unavailable-gaussian-interval-crosses-bound,False,,,,False,False,True,False,144,20261155,20261155,D,laplace,joint-map,
completed,41.09693578830742,20.0,1.0887205144188477,True,conditional-studentized-curvature,True,10.22522611933467,99.19711046024355,88.97188434090889,True,False,True,False,144,20261155,20261155,D,studentized,joint-map,
completed,41.09693578830742,20.0,1.0887205144188477,True,conditional-profile-calibration-limited,True,14.733223199526272,100.0,85.26677680047374,True,False,True,False,144,20261155,20261155,D,profile,joint-map,
completed,28.34347759970068,20.0,0.3037931145031897,True,conditional-laplace,True,18.56650939361197,38.12044580578939,19.553936412177418,True,False,True,False,145,20261156,20261156,D,laplace,joint-map,
completed,28.34347759970068,20.0,0.3037931145031897,True,conditional-studentized-curvature,True,16.12043596548514,52.584214890240226,36.46377892475509,True,False,True,False,145,20261156,20261156,D,studentized,joint-map,
completed,28.34347759970068,20.0,0.3037931145031897,True,conditional-profile,True,20.764653378871756,41.25753201592458,20.492878637052826,False,False,True,False,145,20261156,20261156,D,profile,joint-map,
completed,36.56204269709205,20.0,0.6547384440438512,True,unavailable-gaussian-interval-crosses-bound,False,,,,False,False,True,False,146,20261157,20261157,D,laplace,joint-map,
completed,36.56204269709205,20.0,0.6547384440438512,True,conditional-studentized-curvature,True,11.872222278429998,90.27278809722134,78.40056581879134,True,False,True,False,146,20261157,20261157,D,studentized,joint-map,
completed,36.56204269709205,20.0,0.6547384440438512,True,conditional-profile,True,18.660946024344454,91.47304834210334,72.81210231775889,True,False,True,False,146,20261157,20261157,D,profile,joint-map,
completed,24.35078432719316,20.0,0.47985096689225726,True,conditional-laplace,True,12.441635385062419,36.25993326932391,23.81829788426149,True,False,True,False,147,20261158,20261158,D,laplace,joint-map,
completed,24.35078432719316,20.0,0.47985096689225726,True,conditional-studentized-curvature,True,12.60404262256566,59.23495770275039,46.630915080184735,True,False,True,False,147,20261158,20261158,D,studentized,joint-map,
completed,24.35078432719316,20.0,0.47985096689225726,True,conditional-profile,True,16.258348865502604,42.90546947907722,26.647120613574614,True,False,True,False,147,20261158,20261158,D,profile,joint-map,
completed,18.953963634169554,20.0,0.41526475732259854,True,conditional-laplace,True,12.48427196920785,25.423655299131262,12.939383329923412,True,False,True,False,148,20261159,20261159,D,laplace,joint-map,
completed,18.953963634169554,20.0,0.41526475732259854,True,conditional-studentized-curvature,True,12.15598666103647,39.89248249139354,27.736495830357065,True,False,True,False,148,20261159,20261159,D,studentized,joint-map,
completed,18.953963634169554,20.0,0.41526475732259854,True,conditional-profile,True,14.346906279294146,28.440894529960083,14.093988250665937,True,False,True,False,148,20261159,20261159,D,profile,joint-map,
completed,17.653212939952986,20.0,0.7524734392414671,True,unavailable-gaussian-interval-crosses-bound,False,,,,False,False,True,False,149,20261160,20261160,D,laplace,joint-map,
completed,17.653212939952986,20.0,0.7524734392414671,True,conditional-studentized-curvature,True,10.589008295167432,61.05892741235968,50.46991911719225,True,False,True,False,149,20261160,20261160,D,studentized,joint-map,
completed,17.653212939952986,20.0,0.7524734392414671,True,conditional-profile,True,12.103420553835807,37.8492311871345,25.745810633298692,True,False,True,False,149,20261160,20261160,D,profile,joint-map,
completed,17.260337554062282,20.0,0.6581778012169799,True,unavailable-gaussian-interval-crosses-bound,False,,,,False,False,True,False,150,20261161,20261161,D,laplace,joint-map,
completed,17.260337554062282,20.0,0.6581778012169799,True,conditional-studentized-curvature,True,10.77768850509652,52.21390194394032,41.4362134388438,True,False,True,False,150,20261161,20261161,D,studentized,joint-map,
completed,17.260337554062282,20.0,0.6581778012169799,True,conditional-profile,True,12.339764346395041,32.52647887814834,20.186714531753296,True,False,True,False,150,20261161,20261161,D,profile,joint-map,
completed,16.39241940813286,20.0,0.43209411835871875,True,conditional-laplace,True,11.561899550703068,21.22293926556265,9.661039714859584,True,False,True,False,151,20261162,20261162,D,laplace,joint-map,
completed,16.39241940813286,20.0,0.43209411835871875,True,conditional-studentized-curvature,True,11.472785149104013,33.40139502469962,21.928609875595605,True,False,True,False,151,20261162,20261162,D,studentized,joint-map,
completed,16.39241940813286,20.0,0.43209411835871875,True,conditional-profile,True,13.001916831578882,23.6070713484413,10.605154516862417,True,False,True,False,151,20261162,20261162,D,profile,joint-map,
completed,19.622730743432683,20.0,0.6138778630487824,True,unavailable-gaussian-interval-crosses-bound,False,,,,False,False,True,False,152,20261163,20261163,D,laplace,joint-map,
completed,19.622730743432683,20.0,0.6138778630487824,True,conditional-studentized-curvature,True,11.163112959007336,57.03475588375674,45.8716429247494,True,False,True,False,152,20261163,20261163,D,studentized,joint-map,
completed,19.622730743432683,20.0,0.6138778630487824,True,conditional-profile,True,13.353176122075059,37.61182424521322,24.258648123138162,True,False,True,False,152,20261163,20261163,D,profile,joint-map,
completed,24.03901153847409,20.0,0.7057674475975036,True,unavailable-gaussian-interval-crosses-bound,False,,,,False,False,True,False,153,20261164,20261164,D,laplace,joint-map,
completed,24.03901153847409,20.0,0.7057674475975036,True,conditional-studentized-curvature,True,11.118813676392168,75.76467880281909,64.64586512642693,True,False,True,False,153,20261164,20261164,D,studentized,joint-map,
completed,24.03901153847409,20.0,0.7057674475975036,True,conditional-profile,True,14.189056784831662,57.05511126631635,42.86605448148469,True,False,True,False,153,20261164,20261164,D,profile,joint-map,
completed,27.909800103930166,20.0,0.36669378223834875,True,conditional-laplace,True,16.493336364859896,39.32626384300043,22.832927478140537,True,False,True,False,154,20261165,20261165,D,laplace,joint-map,
completed,27.909800103930166,20.0,0.36669378223834875,True,conditional-studentized-curvature,True,14.762624618116519,57.23692717685105,42.47430255873453,True,False,True,False,154,20261165,20261165,D,studentized,joint-map,
completed,27.909800103930166,20.0,0.36669378223834875,True,conditional-profile,True,19.46773952157692,43.878381390020344,24.410641868443424,True,False,True,False,154,20261165,20261165,D,profile,joint-map,
completed,21.499467131494686,20.0,0.644842690910837,True,unavailable-gaussian-interval-crosses-bound,False,,,,False,False,True,False,155,20261166,20261166,D,laplace,joint-map,
completed,21.499467131494686,20.0,0.644842690910837,True,conditional-studentized-curvature,True,11.203565743157963,65.15949949995145,53.955933756793485,True,False,True,False,155,20261166,20261166,D,studentized,joint-map,
completed,21.499467131494686,20.0,0.644842690910837,True,conditional-profile,True,13.799948128077936,44.800172812222534,31.000224684144598,True,False,True,False,155,20261166,20261166,D,profile,joint-map,
completed,27.69086502037577,20.0,0.5846862233916252,True,unavailable-gaussian-interval-crosses-bound,False,,,,False,False,True,False,156,20261167,20261167,D,laplace,joint-map,
completed,27.69086502037577,20.0,0.5846862233916252,True,conditional-studentized-curvature,True,12.063806741313199,74.6508333181742,62.58702657686099,True,False,True,False,156,20261167,20261167,D,studentized,joint-map,
completed,27.69086502037577,20.0,0.5846862233916252,True,conditional-profile,True,16.47912224359091,58.30873307044622,41.829610826855316,True,False,True,False,156,20261167,20261167,D,profile,joint-map,
completed,23.54468849408356,20.0,0.21420293608016652,True,conditional-laplace,True,18.27886224952142,28.8105147386457,10.53165248912428,True,False,True,False,157,20261168,20261168,D,laplace,joint-map,
completed,23.54468849408356,20.0,0.21420293608016652,True,conditional-studentized-curvature,True,16.287843075979573,36.52314232010214,20.235299244122565,True,False,True,False,157,20261168,20261168,D,studentized,joint-map,
completed,23.54468849408356,20.0,0.21420293608016652,True,conditional-profile,True,19.18052746452862,29.978203153011883,10.797675688483263,True,False,True,False,157,20261168,20261168,D,profile,joint-map,
completed,23.355466086550365,20.0,0.661292685231473,True,unavailable-gaussian-interval-crosses-bound,False,,,,False,False,True,False,158,20261169,20261169,D,laplace,joint-map,
completed,23.355466086550365,20.0,0.661292685231473,True,conditional-studentized-curvature,True,11.26953387228321,71.1740765493876,59.904542677104395,True,False,True,False,158,20261169,20261169,D,studentized,joint-map,
completed,23.355466086550365,20.0,0.661292685231473,True,conditional-profile,True,14.291240311998655,51.56893374023212,37.27769342823346,True,False,True,False,158,20261169,20261169,D,profile,joint-map,
completed,19.630349836117176,20.0,0.7947941727047699,True,unavailable-gaussian-interval-crosses-bound,False,,,,False,False,True,False,159,20261170,20261170,D,laplace,joint-map,
completed,19.630349836117176,20.0,0.7947941727047699,True,conditional-studentized-curvature,True,10.61422937068154,70.86886426838907,60.25463489770753,True,False,True,False,159,20261170,20261170,D,studentized,joint-map,
completed,19.630349836117176,20.0,0.7947941727047699,True,conditional-profile,True,12.467865476360751,47.577441636298374,35.109576159937625,True,False,True,False,159,20261170,20261170,D,profile,joint-map,
completed,19.26185788194794,20.0,0.2154135510392659,True,conditional-laplace,True,15.538686325616233,22.985029438279646,7.446343112663413,True,False,True,False,160,20261171,20261171,D,laplace,joint-map,
completed,19.26185788194794,20.0,0.2154135510392659,True,conditional-studentized-curvature,True,14.246164893898161,28.896672766843686,14.650507872945525,True,False,True,False,160,20261171,20261171,D,studentized,joint-map,
completed,19.26185788194794,20.0,0.2154135510392659,True,conditional-profile,True,16.193476831953944,23.839206566424963,7.6457297344710184,True,False,True,False,160,20261171,20261171,D,profile,joint-map,
completed,22.946130907700034,20.0,0.6955501487890156,True,unavailable-gaussian-interval-crosses-bound,False,,,,False,False,True,False,161,20261172,20261172,D,laplace,joint-map,
completed,22.946130907700034,20.0,0.6955501487890156,True,conditional-studentized-curvature,True,11.098251584623238,72.60332537406694,61.5050737894437,True,False,True,False,161,20261172,20261172,D,studentized,joint-map,
completed,22.946130907700034,20.0,0.6955501487890156,True,conditional-profile,True,13.931315464246865,52.63585521130821,38.70453974706135,True,False,True,False,161,20261172,20261172,D,profile,joint-map,
completed,17.103436819400507,20.0,0.3750070407060521,True,conditional-laplace,True,12.442755814240023,21.76411782456099,9.321362010320968,True,False,True,False,162,20261173,20261173,D,laplace,joint-map,
completed,17.103436819400507,20.0,0.3750070407060521,True,conditional-studentized-curvature,True,11.983633116745832,32.11703419274115,20.13340107599532,True,False,True,False,162,20261173,20261173,D,studentized,joint-map,
completed,17.103436819400507,20.0,0.3750070407060521,True,conditional-profile,True,13.685173228252212,23.68854821963213,10.003374991379916,True,False,True,False,162,20261173,20261173,D,profile,joint-map,
completed,20.13053464428616,20.0,0.5462929511247248,True,conditional-laplace,True,10.588006034423021,29.673063254149305,19.085057219726284,True,False,True,False,163,20261174,20261174,D,laplace,joint-map,
completed,20.13053464428616,20.0,0.5462929511247248,True,conditional-studentized-curvature,True,11.533696498154358,53.31917389341223,41.78547739525787,True,False,True,False,163,20261174,20261174,D,studentized,joint-map,
completed,20.13053464428616,20.0,0.5462929511247248,True,conditional-profile,True,13.949478225149825,35.984556422021534,22.03507819687171,True,False,True,False,163,20261174,20261174,D,profile,joint-map,
completed,17.456278221673095,20.0,0.5300270595470712,True,conditional-laplace,True,10.63361900690986,24.27893743643633,13.64531842952647,True,False,True,False,164,20261175,20261175,D,laplace,joint-map,
completed,17.456278221673095,20.0,0.5300270595470712,True,conditional-studentized-curvature,True,11.2351053409674,43.26871272223892,32.033607381271516,True,False,True,False,164,20261175,20261175,D,studentized,joint-map,
completed,17.456278221673095,20.0,0.5300270595470712,True,conditional-profile,True,12.986089194171393,28.615866716837736,15.629777522666343,True,False,True,False,164,20261175,20261175,D,profile,joint-map,
completed,24.807387394411066,20.0,1.0328511388718127,True,unavailable-gaussian-interval-crosses-bound,False,,,,False,False,True,False,165,20261176,20261176,D,laplace,joint-map,
completed,24.807387394411066,20.0,1.0328511388718127,True,conditional-studentized-curvature,True,10.335574978113405,92.07875187072389,81.74317689261049,True,False,True,False,165,20261176,20261176,D,studentized,joint-map,
completed,24.807387394411066,20.0,1.0328511388718127,True,conditional-profile,True,12.510446354935736,96.60041535883792,84.08996900390218,True,False,True,False,165,20261176,20261176,D,profile,joint-map,
completed,27.23338618146307,20.0,0.6534784312564628,True,unavailable-gaussian-interval-crosses-bound,False,,,,False,False,True,False,166,20261177,20261177,D,laplace,joint-map,
completed,27.23338618146307,20.0,0.6534784312564628,True,conditional-studentized-curvature,True,11.558019113557183,78.48908912338533,66.93107000982815,True,False,True,False,166,20261177,20261177,D,studentized,joint-map,
completed,27.23338618146307,20.0,0.6534784312564628,True,conditional-profile,True,15.619935641383142,62.84889347808432,47.22895783670118,True,False,True,False,166,20261177,20261177,D,profile,joint-map,
completed,27.882186371918245,20.0,0.3542315636739617,True,conditional-laplace,True,16.880510930026716,38.883861813809766,22.00335088378305,True,False,True,False,167,20261178,20261178,D,laplace,joint-map,
completed,27.882186371918245,20.0,0.3542315636739617,True,conditional-studentized-curvature,True,14.996166604781031,56.01307885344448,41.01691224866345,True,False,True,False,167,20261178,20261178,D,studentized,joint-map,
completed,27.882186371918245,20.0,0.3542315636739617,True,conditional-profile,True,19.665385857647937,43.0828379743148,23.417452116666862,True,False,True,False,167,20261178,20261178,D,profile,joint-map,
completed,19.594443583377263,20.0,1.0017663020539898,True,unavailable-gaussian-interval-crosses-bound,False,,,,False,False,True,False,168,20261179,20261179,D,laplace,joint-map,
completed,19.594443583377263,20.0,1.0017663020539898,True,conditional-studentized-curvature,True,10.293957689637196,83.16229224144482,72.86833455180762,True,False,True,False,168,20261179,20261179,D,studentized,joint-map,
completed,19.594443583377263,20.0,1.0017663020539898,True,conditional-profile,True,11.720558453946065,63.205788472328514,51.48523001838245,True,False,True,False,168,20261179,20261179,D,profile,joint-map,
completed,28.924085323795467,20.0,0.6220028427659121,True,unavailable-gaussian-interval-crosses-bound,False,,,,False,False,True,False,169,20261180,20261180,D,laplace,joint-map,
completed,28.924085323795467,20.0,0.6220028427659121,True,conditional-studentized-curvature,True,11.86673929184396,79.29552805330948,67.42878876146553,True,False,True,False,169,20261180,20261180,D,studentized,joint-map,
completed,28.924085323795467,20.0,0.6220028427659121,True,conditional-profile,True,16.515722617725118,64.96453467391636,48.448812056191244,True,False,True,False,169,20261180,20261180,D,profile,joint-map,
completed,15.624100928944578,20.0,0.3757790979307917,True,conditional-laplace,True,11.888807924033358,19.3593939338558,7.470586009822441,False,False,True,False,170,20261181,20261181,D,laplace,joint-map,
completed,15.624100928944578,20.0,0.3757790979307917,True,conditional-studentized-curvature,True,11.561799685301633,28.0911539582491,16.52935427294747,True,False,True,False,170,20261181,20261181,D,studentized,joint-map,
completed,15.624100928944578,20.0,0.3757790979307917,True,conditional-profile,True,12.893816174426927,20.923492463271934,8.029676288845007,True,False,True,False,170,20261181,20261181,D,profile,joint-map,
completed,34.761650460166,20.0,0.5268873927222101,True,conditional-laplace,True,12.220740274299464,57.30256064603254,45.08182037173307,True,False,True,False,171,20261182,20261182,D,laplace,joint-map,
completed,34.761650460166,20.0,0.5268873927222101,True,conditional-studentized-curvature,True,13.130140966194013,81.99331708914997,68.86317612295596,True,False,True,False,171,20261182,20261182,D,studentized,joint-map,
completed,34.761650460166,20.0,0.5268873927222101,True,conditional-profile,True,19.964174836387365,71.5363368992829,51.572162062895536,True,False,True,False,171,20261182,20261182,D,profile,joint-map,
completed,21.065071438190284,20.0,0.2237697223087336,True,conditional-laplace,True,16.563356430066708,25.56678644631386,9.003430016247151,True,False,True,False,172,20261183,20261183,D,laplace,joint-map,
completed,21.065071438190284,20.0,0.2237697223087336,True,conditional-studentized-curvature,True,14.993690190771119,32.55914515701467,17.56545496624355,True,False,True,False,172,20261183,20261183,D,studentized,joint-map,
completed,21.065071438190284,20.0,0.2237697223087336,True,conditional-profile,True,17.36509895553374,26.61731515887024,9.252216203336502,True,False,True,False,172,20261183,20261183,D,profile,joint-map,
completed,21.311688615738934,20.0,0.6080786642617961,True,unavailable-gaussian-interval-crosses-bound,False,,,,False,False,True,False,173,20261184,20261184,D,laplace,joint-map,
completed,21.311688615738934,20.0,0.6080786642617961,True,conditional-studentized-curvature,True,11.360203106503374,61.64769237952374,50.28748927302037,True,False,True,False,173,20261184,20261184,D,studentized,joint-map,
completed,21.311688615738934,20.0,0.6080786642617961,True,conditional-profile,True,13.984866507622352,42.107699457253815,28.122832949631466,True,False,True,False,173,20261184,20261184,D,profile,joint-map,
completed,26.723561934828698,20.0,0.31028175446186285,True,conditional-laplace,True,17.5948977478922,35.8522261217652,18.257328373872998,True,False,True,False,174,20261185,20261185,D,laplace,joint-map,
completed,26.723561934828698,20.0,0.31028175446186285,True,conditional-studentized-curvature,True,15.487476790648774,50.06075906218651,34.573282271537735,True,False,True,False,174,20261185,20261185,D,studentized,joint-map,
completed,26.723561934828698,20.0,0.31028175446186285,True,conditional-profile,True,19.688433953263456,38.86561569459374,19.177181741330287,True,False,True,False,174,20261185,20261185,D,profile,joint-map,
completed,16.70777335765625,20.0,0.37945355691894084,True,conditional-laplace,True,12.232461347948448,21.183085367364054,8.950624019415606,True,False,True,False,175,20261186,20261186,D,laplace,joint-map,
completed,16.70777335765625,20.0,0.37945355691894084,True,conditional-studentized-curvature,True,11.83756154198862,31.3587075455618,19.52114600357318,True,False,True,False,175,20261186,20261186,D,studentized,joint-map,
completed,16.70777335765625,20.0,0.37945355691894084,True,conditional-profile,True,13.44133208677973,23.068937576724196,9.627605489944466,True,False,True,False,175,20261186,20261186,D,profile,joint-map,
completed,17.508645807285035,20.0,0.7128521391700194,True,unavailable-gaussian-interval-crosses-bound,False,,,,False,False,True,False,176,20261187,20261187,D,laplace,joint-map,
completed,17.508645807285035,20.0,0.7128521391700194,True,conditional-studentized-curvature,True,10.661765572867916,57.517295969905334,46.85553039703742,True,False,True,False,176,20261187,20261187,D,studentized,joint-map,
completed,17.508645807285035,20.0,0.7128521391700194,True,conditional-profile,True,12.20256504824337,35.59417942795038,23.391614379707008,True,False,True,False,176,20261187,20261187,D,profile,joint-map,
completed,14.929413116001664,20.0,0.603213721121104,True,unavailable-gaussian-interval-crosses-bound,False,,,,False,False,True,False,177,20261188,20261188,D,laplace,joint-map,
completed,14.929413116001664,20.0,0.603213721121104,True,conditional-studentized-curvature,True,10.653663968297877,38.31128136481324,27.657617396515363,True,False,True,False,177,20261188,20261188,D,studentized,joint-map,
completed,14.929413116001664,20.0,0.603213721121104,True,conditional-profile,True,11.736117068412721,23.98863763997727,12.252520571564549,True,False,True,False,177,20261188,20261188,D,profile,joint-map,
completed,13.900454995604072,20.0,0.3191958222509548,True,conditional-laplace,True,11.626950234118713,16.17395975708943,4.547009522970718,False,False,True,False,178,20261189,20261189,D,laplace,joint-map,
completed,13.900454995604072,20.0,0.3191958222509548,True,conditional-studentized-curvature,True,11.282336519251787,21.189732767904516,9.907396248652729,True,False,True,False,178,20261189,20261189,D,studentized,joint-map,
completed,13.900454995604072,20.0,0.3191958222509548,True,conditional-profile,True,12.175326332819585,16.979949539203915,4.8046232063843295,False,False,True,False,178,20261189,20261189,D,profile,joint-map,
completed,18.473929943892642,20.0,0.43994248290341476,True,conditional-laplace,True,11.978201540517277,24.96965834726801,12.991456806750731,True,False,True,False,179,20261190,20261190,D,laplace,joint-map,
completed,18.473929943892642,20.0,0.43994248290341476,True,conditional-studentized-curvature,True,11.874274725438337,40.317490698686655,28.443215973248318,True,False,True,False,179,20261190,20261190,D,studentized,joint-map,
completed,18.473929943892642,20.0,0.43994248290341476,True,conditional-profile,True,13.936566842564257,28.23646310653094,14.299896263966684,True,False,True,False,179,20261190,20261190,D,profile,joint-map,
completed,31.140186526841926,20.0,0.7094208330406667,True,unavailable-gaussian-interval-crosses-bound,False,,,,False,False,True,False,180,20261191,20261191,D,laplace,joint-map,
completed,31.140186526841926,20.0,0.7094208330406667,True,conditional-studentized-curvature,True,11.382019593292645,87.22238959488718,75.84037000159454,True,False,True,False,180,20261191,20261191,D,studentized,joint-map,
completed,31.140186526841926,20.0,0.7094208330406667,True,conditional-profile,True,16.266466347779613,81.32679213689337,65.06032578911376,True,False,True,False,180,20261191,20261191,D,profile,joint-map,
completed,16.545029164216075,20.0,0.25215835894549216,True,conditional-laplace,True,13.529239491696037,19.560818836736114,6.031579345040077,False,False,True,False,181,20261192,20261192,D,laplace,joint-map,
completed,16.545029164216075,20.0,0.25215835894549216,True,conditional-studentized-curvature,True,12.696930390579379,24.94391638677417,12.246985996194791,True,False,True,False,181,20261192,20261192,D,studentized,joint-map,
completed,16.545029164216075,20.0,0.25215835894549216,True,conditional-profile,True,14.126489950013205,20.37100537232465,6.244515422311444,True,False,True,False,181,20261192,20261192,D,profile,joint-map,
completed,14.614331229949883,20.0,0.42957506387654076,True,conditional-laplace,True,11.124470079268074,18.104192380631694,6.979722301363621,False,False,True,False,182,20261193,20261193,D,laplace,joint-map,
completed,14.614331229949883,20.0,0.42957506387654076,True,conditional-studentized-curvature,True,11.077991049457465,27.47215418112355,16.394163131666083,True,False,True,False,182,20261193,20261193,D,studentized,joint-map,
completed,14.614331229949883,20.0,0.42957506387654076,True,conditional-profile,True,12.164949765958927,19.826155083414797,7.66120531745587,False,False,True,False,182,20261193,20261193,D,profile,joint-map,
completed,29.371454712356943,20.0,1.456622176825233,True,unavailable-gaussian-interval-crosses-bound,False,,,,False,False,True,False,183,20261194,20261194,D,laplace,joint-map,
completed,29.371454712356943,20.0,1.456622176825233,True,conditional-studentized-curvature,True,10.065463441755425,99.13748087264473,89.0720174308893,True,False,True,False,183,20261194,20261194,D,studentized,joint-map,
completed,29.371454712356943,20.0,1.456622176825233,True,conditional-profile-calibration-limited,True,11.447904348219877,100.0,88.55209565178012,True,False,True,False,183,20261194,20261194,D,profile,joint-map,
completed,20.27686476183183,20.0,0.5078928527969544,True,conditional-laplace,True,11.286746561844323,29.26698296181934,17.98023639997502,True,False,True,False,184,20261195,20261195,D,laplace,joint-map,
completed,20.27686476183183,20.0,0.5078928527969544,True,conditional-studentized-curvature,True,11.785178731618341,50.58015888121004,38.794980149591694,True,False,True,False,184,20261195,20261195,D,studentized,joint-map,
completed,20.27686476183183,20.0,0.5078928527969544,True,conditional-profile,True,14.284665637743108,34.646329128133566,20.361663490390455,True,False,True,False,184,20261195,20261195,D,profile,joint-map,
completed,17.061400397099433,20.0,0.4243793292870818,True,conditional-laplace,True,11.84802791203299,22.274772882165877,10.426744970132887,True,False,True,False,185,20261196,20261196,D,laplace,joint-map,
completed,17.061400397099433,20.0,0.4243793292870818,True,conditional-studentized-curvature,True,11.674445092188982,34.8944176257044,23.219972533515417,True,False,True,False,185,20261196,20261196,D,studentized,joint-map,
completed,17.061400397099433,20.0,0.4243793292870818,True,conditional-profile,True,13.374307200198022,24.772699823636493,11.398392623438472,True,False,True,False,185,20261196,20261196,D,profile,joint-map,
completed,21.268473650116846,20.0,0.25349851337175877,True,conditional-laplace,True,16.0982348668372,26.438712433396493,10.340477566559294,True,False,True,False,186,20261197,20261197,D,laplace,joint-map,
completed,21.268473650116846,20.0,0.25349851337175877,True,conditional-studentized-curvature,True,14.573335208107757,34.90725419222639,20.333918984118633,True,False,True,False,186,20261197,20261197,D,studentized,joint-map,
completed,21.268473650116846,20.0,0.25349851337175877,True,conditional-profile,True,17.120405651977755,27.825396458091323,10.704990806113567,True,False,True,False,186,20261197,20261197,D,profile,joint-map,
completed,25.192752361279744,20.0,0.6376602352693455,True,unavailable-gaussian-interval-crosses-bound,False,,,,False,False,True,False,187,20261198,20261198,D,laplace,joint-map,
completed,25.192752361279744,20.0,0.6376602352693455,True,conditional-studentized-curvature,True,11.522736628966495,73.50278111979902,61.980044490832526,True,False,True,False,187,20261198,20261198,D,studentized,joint-map,
completed,25.192752361279744,20.0,0.6376602352693455,True,conditional-profile,True,15.087150437601949,55.3806817453816,40.29353130777965,True,False,True,False,187,20261198,20261198,D,profile,joint-map,
completed,23.023503551417974,20.0,0.705427073017478,True,unavailable-gaussian-interval-crosses-bound,False,,,,False,False,True,False,188,20261199,20261199,D,laplace,joint-map,
completed,23.023503551417974,20.0,0.705427073017478,True,conditional-studentized-curvature,True,11.066904927379388,73.4202505713351,62.35334564395571,True,False,True,False,188,20261199,20261199,D,studentized,joint-map,
completed,23.023503551417974,20.0,0.705427073017478,True,conditional-profile,True,13.894423590657343,53.553150647806625,39.65872705714928,True,False,True,False,188,20261199,20261199,D,profile,joint-map,
completed,17.15624177992276,20.0,0.7393596255810383,True,unavailable-gaussian-interval-crosses-bound,False,,,,False,False,True,False,189,20261200,20261200,D,laplace,joint-map,
completed,17.15624177992276,20.0,0.7393596255810383,True,conditional-studentized-curvature,True,10.580735800877152,58.119173618351695,47.538437817474545,True,False,True,False,189,20261200,20261200,D,studentized,joint-map,
completed,17.15624177992276,20.0,0.7393596255810383,True,conditional-profile,True,12.008749092329245,35.495234431945256,23.48648533961601,True,False,True,False,189,20261200,20261200,D,profile,joint-map,
completed,31.534952707840173,20.0,1.2018151162828392,True,unavailable-gaussian-interval-crosses-bound,False,,,,False,False,True,False,190,20261201,20261201,D,laplace,joint-map,
completed,31.534952707840173,20.0,1.2018151162828392,True,conditional-studentized-curvature,True,10.17782412162078,98.23438925737184,88.05656513575107,True,False,True,False,190,20261201,20261201,D,studentized,joint-map,
completed,31.534952707840173,20.0,1.2018151162828392,True,conditional-profile-calibration-limited,True,12.652601828189145,100.0,87.34739817181085,True,False,True,False,190,20261201,20261201,D,profile,joint-map,
completed,18.921214417300373,20.0,0.9244700651822768,True,unavailable-gaussian-interval-crosses-bound,False,,,,False,False,True,False,191,20261202,20261202,D,laplace,joint-map,
completed,18.921214417300373,20.0,0.9244700651822768,True,conditional-studentized-curvature,True,10.36652094994156,77.27715594805358,66.91063499811202,True,False,True,False,191,20261202,20261202,D,studentized,joint-map,
completed,18.921214417300373,20.0,0.9244700651822768,True,conditional-profile,True,11.83319088029772,53.40410616876981,41.57091528847209,True,False,True,False,191,20261202,20261202,D,profile,joint-map,
completed,13.173236384238438,20.0,0.5059200085980489,True,conditional-laplace,True,10.345263247436748,16.00120952104013,5.655946273603384,False,False,True,False,192,20261203,20261203,D,laplace,joint-map,
completed,13.173236384238438,20.0,0.5059200085980489,True,conditional-studentized-curvature,True,10.57822993330804,25.407597118465326,14.829367185157286,True,False,True,False,192,20261203,20261203,D,studentized,joint-map,
completed,13.173236384238438,20.0,0.5059200085980489,True,conditional-profile,True,11.300604253918847,17.731370528060733,6.430766274141886,False,False,True,False,192,20261203,20261203,D,profile,joint-map,
completed,35.79750043629667,20.0,0.6908946696053133,True,unavailable-gaussian-interval-crosses-bound,False,,,,False,False,True,False,193,20261204,20261204,D,laplace,joint-map,
completed,35.79750043629667,20.0,0.6908946696053133,True,conditional-studentized-curvature,True,11.582409945779391,91.01916514977917,79.43675520399978,True,False,True,False,193,20261204,20261204,D,studentized,joint-map,
completed,35.79750043629667,20.0,0.6908946696053133,True,conditional-profile,True,17.898148076752914,94.2877763393056,76.38962826255268,True,False,True,False,193,20261204,20261204,D,profile,joint-map,
completed,27.188307783629675,20.0,0.46924122517915867,True,conditional-laplace,True,13.276575211556946,41.100040355702404,27.82346514414546,True,False,True,False,194,20261205,20261205,D,laplace,joint-map,
completed,27.188307783629675,20.0,0.46924122517915867,True,conditional-studentized-curvature,True,13.142094955378568,64.57352372072566,51.43142876534709,True,False,True,False,194,20261205,20261205,D,studentized,joint-map,
completed,27.188307783629675,20.0,0.46924122517915867,True,conditional-profile,True,17.651117534130766,48.6132734041918,30.962155870061036,True,False,True,False,194,20261205,20261205,D,profile,joint-map,
completed,15.04165256832634,20.0,0.2875513209190665,True,conditional-laplace,True,12.416014602073995,17.667290534578687,5.251275932504692,False,False,True,False,195,20261206,20261206,D,laplace,joint-map,
completed,15.04165256832634,20.0,0.2875513209190665,True,conditional-studentized-curvature,True,11.859164604402535,22.876041006178014,11.016876401775479,True,False,True,False,195,20261206,20261206,D,studentized,joint-map,
completed,15.04165256832634,20.0,0.2875513209190665,True,conditional-profile,True,12.99315309872357,18.482078454646295,5.488925355922726,False,False,True,False,195,20261206,20261206,D,profile,joint-map,
completed,23.78704461308308,20.0,0.32611130822930884,True,conditional-laplace,True,15.873621464471611,31.700467761694547,15.826846297222936,True,False,True,False,196,20261207,20261207,D,laplace,joint-map,
completed,23.78704461308308,20.0,0.32611130822930884,True,conditional-studentized-curvature,True,14.347748313406184,45.278847085683154,30.931098772276968,True,False,True,False,196,20261207,20261207,D,studentized,joint-map,
completed,23.78704461308308,20.0,0.32611130822930884,True,conditional-profile,True,17.765523843833066,34.474937320144974,16.70941347631191,True,False,True,False,196,20261207,20261207,D,profile,joint-map,
completed,21.188750344602866,20.0,0.3854496460496067,True,conditional-laplace,True,13.663091161801333,28.7144095274044,15.051318365603066,True,False,True,False,197,20261208,20261208,D,laplace,joint-map,
completed,21.188750344602866,20.0,0.3854496460496067,True,conditional-studentized-curvature,True,12.928412885215383,43.72472985145318,30.7963169662378,True,False,True,False,197,20261208,20261208,D,studentized,joint-map,
completed,21.188750344602866,20.0,0.3854496460496067,True,conditional-profile,True,15.709984780990705,31.92088725460315,16.210902473612446,True,False,True,False,197,20261208,20261208,D,profile,joint-map,
completed,16.024477414093624,20.0,0.6309386640901622,True,unavailable-gaussian-interval-crosses-bound,False,,,,False,False,True,False,198,20261209,20261209,D,laplace,joint-map,
completed,16.024477414093624,20.0,0.6309386640901622,True,conditional-studentized-curvature,True,10.716694348635585,45.16089744929083,34.444203100655244,True,False,True,False,198,20261209,20261209,D,studentized,joint-map,
completed,16.024477414093624,20.0,0.6309386640901622,True,conditional-profile,True,12.025327517072842,27.915939768216415,15.890612251143573,True,False,True,False,198,20261209,20261209,D,profile,joint-map,
completed,14.85571108163041,20.0,0.4341611589942033,True,conditional-laplace,True,11.164837836483755,18.54658432677706,7.381746490293306,False,False,True,False,199,20261210,20261210,D,laplace,joint-map,
completed,14.85571108163041,20.0,0.4341611589942033,True,conditional-studentized-curvature,True,11.123709345185201,28.414219744452893,17.290510399267692,True,False,True,False,199,20261210,20261210,D,studentized,joint-map,
completed,14.85571108163041,20.0,0.4341611589942033,True,conditional-profile,True,12.269897149814138,20.380983875475323,8.111086725661185,True,False,True,False,199,20261210,20261210,D,profile,joint-map,
