condition,family,seed,method,actual_estimator,status,age,truth,fitted_rate_sd,rate_variance_estimated,interval_status,interval_available,lower,upper,width,covered
t4-s2000-sd03,0,91300000,laplace,joint-map,completed,17.518554815854976,20.0,0.380919828416793,True,conditional-laplace,True,12.50723527049919,22.52987436121076,10.022639090711571,True
t4-s2000-sd03,0,91300000,studentized,joint-map,completed,17.518554815854976,20.0,0.380919828416793,True,conditional-studentized-curvature,True,12.05026309058514,33.64963670685284,21.599373616267695,True
t4-s2000-sd03,1,91300001,laplace,joint-map,completed,19.08727828686573,20.0,0.3600985762384601,True,conditional-laplace,True,13.363395790421656,24.811160783309813,11.447764992888157,True
t4-s2000-sd03,1,91300001,studentized,joint-map,completed,19.08727828686573,20.0,0.3600985762384601,True,conditional-studentized-curvature,True,12.637841952642583,36.51879475606976,23.880952803427174,True
t4-s2000-sd03,2,91300002,laplace,joint-map,completed,16.934357325461274,20.0,0.5845969620484245,True,unavailable-gaussian-interval-crosses-bound,False,,,,False
t4-s2000-sd03,2,91300002,studentized,joint-map,completed,16.934357325461274,20.0,0.5845969620484245,True,conditional-studentized-curvature,True,10.959532098684695,45.34497103048463,34.38543893179993,True
t4-s2000-sd03,3,91300003,laplace,marginal,completed,20.35352982038768,20.0,0.2431449418902952,True,conditional-laplace,True,15.79286193122574,24.91419770954961,9.121335778323871,True
t4-s2000-sd03,3,91300003,studentized,marginal,completed,20.35352982038768,20.0,0.2431449418902952,True,conditional-studentized-curvature,True,13.940707352345434,34.260257148182475,20.31954979583704,True
t4-s2000-sd03,4,91300004,laplace,joint-map,completed,22.98390190742765,20.0,0.3221641243086909,True,conditional-laplace,True,15.635021933335382,30.33278188151992,14.697759948184538,True
t4-s2000-sd03,4,91300004,studentized,joint-map,completed,22.98390190742765,20.0,0.3221641243086909,True,conditional-studentized-curvature,True,14.186099701791086,43.13276179365404,28.946662091862954,True
t4-s2000-sd03,5,91300005,laplace,joint-map,completed,20.498070253595717,20.0,0.1974514981394729,True,conditional-laplace,True,16.67466843449158,24.321472072699848,7.646803638208269,True
t4-s2000-sd03,5,91300005,studentized,joint-map,completed,20.498070253595717,20.0,0.1974514981394729,True,conditional-studentized-curvature,True,15.170839072458689,30.01848110661845,14.84764203415976,True
t4-s2000-sd03,6,91300006,laplace,joint-map,completed,25.442609847464624,20.0,0.3457898425483241,True,conditional-laplace,True,16.122019066311818,34.76320062861744,18.641181562305626,True
t4-s2000-sd03,6,91300006,studentized,joint-map,completed,25.442609847464624,20.0,0.3457898425483241,True,conditional-studentized-curvature,True,14.517048530714804,50.32747307028578,35.81042453957098,True
t4-s2000-sd03,7,91300007,laplace,joint-map,completed,20.73200274407789,20.0,0.3724889352460209,True,conditional-laplace,True,13.7435768173609,27.72042867079488,13.976851853433978,True
t4-s2000-sd03,7,91300007,studentized,joint-map,completed,20.73200274407789,20.0,0.3724889352460209,True,conditional-studentized-curvature,True,12.946789481796351,41.61545140673554,28.668661924939187,True
t4-s2000-sd03,8,91300008,laplace,joint-map,completed,20.84903681525042,20.0,0.3192765555639456,True,conditional-laplace,True,14.772457039657784,26.925616590843063,12.15315955118528,True
t4-s2000-sd03,8,91300008,studentized,joint-map,completed,20.84903681525042,20.0,0.3192765555639456,True,conditional-studentized-curvature,True,13.588558070413796,38.0335389009069,24.4449808304931,True
t4-s2000-sd03,9,91300009,laplace,joint-map,completed,24.52906384368207,20.0,0.4067732896025126,True,conditional-laplace,True,14.248549706482706,34.80957798088144,20.56102827439873,True
t4-s2000-sd03,9,91300009,studentized,joint-map,completed,24.52906384368207,20.0,0.4067732896025126,True,conditional-studentized-curvature,True,13.425841120840818,53.52590420379596,40.100063082955145,True
t4-s2000-sd03,10,91300010,laplace,joint-map,completed,21.360149461894395,20.0,0.185369142241206,True,conditional-laplace,True,17.331656826567738,25.38864209722105,8.056985270653314,True
t4-s2000-sd03,10,91300010,studentized,joint-map,completed,21.360149461894395,20.0,0.185369142241206,True,conditional-studentized-curvature,True,15.690534180100888,31.254478141779952,15.563943961679064,True
t4-s2000-sd03,11,91300011,laplace,joint-map,completed,20.3270916688883,20.0,0.2087688796216278,True,conditional-laplace,True,16.37734857976453,24.27683475801207,7.899486178247539,True
t4-s2000-sd03,11,91300011,studentized,joint-map,completed,20.3270916688883,20.0,0.2087688796216278,True,conditional-studentized-curvature,True,14.906470265618283,30.307198462720947,15.400728197102664,True
t4-s2000-sd03,12,91300012,laplace,joint-map,completed,27.23759665455436,20.0,0.1721377530446849,True,conditional-laplace,True,21.657651257006957,32.817542052101764,11.15989079509481,False
t4-s2000-sd03,12,91300012,studentized,joint-map,completed,27.23759665455436,20.0,0.1721377530446849,True,conditional-studentized-curvature,True,19.052054261959515,40.07502065209648,21.02296639013697,True
t4-s2000-sd03,13,91300013,laplace,joint-map,completed,24.771762051187327,20.0,0.2551338788673746,True,conditional-laplace,True,18.06323397966805,31.4802901227066,13.41705614303855,True
t4-s2000-sd03,13,91300013,studentized,joint-map,completed,24.771762051187327,20.0,0.2551338788673746,True,conditional-studentized-curvature,True,15.95850000727728,41.70326119903415,25.744761191756865,True
t4-s2000-sd03,14,91300014,laplace,joint-map,completed,19.56207193863709,20.0,0.3151266405448205,True,conditional-laplace,True,14.210186622540686,24.91395725473348,10.703770632192796,True
t4-s2000-sd03,14,91300014,studentized,joint-map,completed,19.56207193863709,20.0,0.3151266405448205,True,conditional-studentized-curvature,True,13.189638462804174,34.999406148939734,21.80976768613556,True
t4-s2000-sd03,15,91300015,laplace,joint-map,completed,18.26597887269477,20.0,0.0915708472489158,True,conditional-laplace,True,16.443476722296115,20.08848102309343,3.6450043007973134,True
t4-s2000-sd03,15,91300015,studentized,joint-map,completed,18.26597887269477,20.0,0.0915708472489158,True,conditional-studentized-curvature,True,15.42553758923342,22.3758780253321,6.950340436098678,True
t4-s2000-sd03,16,91300016,laplace,marginal,completed,16.887305774887285,20.0,0.368056690584926,True,conditional-laplace,True,12.389266185165068,21.385345364609503,8.996079179444434,True
t4-s2000-sd03,16,91300016,studentized,marginal,completed,16.887305774887285,20.0,0.368056690584926,True,conditional-studentized-curvature,True,11.662260125553916,34.06262317981356,22.40036305425965,True
t4-s2000-sd03,17,91300017,laplace,joint-map,completed,17.8470457427151,20.0,0.2372672207028812,True,conditional-laplace,True,14.450415105612583,21.24367637981761,6.79326127420503,True
t4-s2000-sd03,17,91300017,studentized,joint-map,completed,17.8470457427151,20.0,0.2372672207028812,True,conditional-studentized-curvature,True,13.399975767083006,26.97087664775648,13.57090088067347,True
t4-s2000-sd03,18,91300018,laplace,joint-map,completed,26.4647266337612,20.0,0.3552803549111095,True,conditional-laplace,True,16.291490470009617,36.6379627975128,20.346472327503182,True
t4-s2000-sd03,18,91300018,studentized,joint-map,completed,26.4647266337612,20.0,0.3552803549111095,True,conditional-studentized-curvature,True,14.63013900555578,53.230533086512814,38.60039408095703,True
t4-s2000-sd03,19,91300019,laplace,joint-map,completed,23.744532847577183,20.0,0.3826131974904634,True,conditional-laplace,True,14.598599622252625,32.89046607290174,18.291866450649117,True
t4-s2000-sd03,19,91300019,studentized,joint-map,completed,23.744532847577183,20.0,0.3826131974904634,True,conditional-studentized-curvature,True,13.572855935806285,49.60449367119951,36.031637735393225,True
t4-s2000-sd03,20,91300020,laplace,joint-map,completed,17.427119058576196,20.0,0.2890171479297729,True,conditional-laplace,True,13.584643156354524,21.269594960797868,7.684951804443344,True
t4-s2000-sd03,20,91300020,studentized,joint-map,completed,17.427119058576196,20.0,0.2890171479297729,True,conditional-studentized-curvature,True,12.727117751952644,28.509329819112207,15.782212067159564,True
t4-s2000-sd03,21,91300021,laplace,joint-map,completed,21.363455045250337,20.0,0.1490890606952209,True,conditional-laplace,True,18.025160579379577,24.701749511121097,6.67658893174152,True
t4-s2000-sd03,21,91300021,studentized,joint-map,completed,21.363455045250337,20.0,0.1490890606952209,True,conditional-studentized-curvature,True,16.42927299243148,29.213785930138517,12.784512937707037,True
t4-s2000-sd03,22,91300022,laplace,joint-map,completed,22.40846998967756,20.0,0.1151833345969691,True,conditional-laplace,True,19.39927377732469,25.417666202030425,6.0183924247057305,True
t4-s2000-sd03,22,91300022,studentized,joint-map,completed,22.40846998967756,20.0,0.1151833345969691,True,conditional-studentized-curvature,True,17.761256723892835,29.18902220171432,11.42776547782148,True
t4-s2000-sd03,23,91300023,laplace,joint-map,completed,25.105763208119317,20.0,0.4493777516595285,True,conditional-laplace,True,13.369379894009231,36.84214652222939,23.47276662822016,True
t4-s2000-sd03,23,91300023,studentized,joint-map,completed,25.105763208119317,20.0,0.4493777516595285,True,conditional-studentized-curvature,True,13.046074529645296,58.35802383932012,45.31194930967482,True
t4-s2000-sd03,24,91300024,laplace,marginal,completed,18.96792841229909,20.0,0.2915757540006059,True,conditional-laplace,True,14.296077237723551,23.63977958687463,9.34370234915108,True
t4-s2000-sd03,24,91300024,studentized,marginal,completed,18.96792841229909,20.0,0.2915757540006059,True,conditional-studentized-curvature,True,12.86726004833091,34.4122333432329,21.544973294901983,True
t4-s2000-sd03,25,91300025,laplace,joint-map,completed,20.14936221828849,20.0,0.1141567498167811,True,conditional-laplace,True,17.657688295094328,22.641036141482665,4.983347846388337,True
t4-s2000-sd03,25,91300025,studentized,joint-map,completed,20.14936221828849,20.0,0.1141567498167811,True,conditional-studentized-curvature,True,16.330202974281676,25.83658467272435,9.506381698442674,True
t4-s2000-sd03,26,91300026,laplace,marginal,completed,19.56117573481532,20.0,0.186014526442936,True,conditional-laplace,True,16.226089168249757,22.896262301380894,6.6701731331311365,True
t4-s2000-sd03,26,91300026,studentized,marginal,completed,19.56117573481532,20.0,0.186014526442936,True,conditional-studentized-curvature,True,14.485257027277,29.098534530873287,14.613277503596288,True
t4-s2000-sd03,27,91300027,laplace,joint-map,completed,21.06095365545884,20.0,0.2580239149441606,True,conditional-laplace,True,15.932963622480797,26.188943688436886,10.255980065956091,True
t4-s2000-sd03,27,91300027,studentized,joint-map,completed,21.06095365545884,20.0,0.2580239149441606,True,conditional-studentized-curvature,True,14.449620670786752,34.66356199465371,20.21394132386696,True
t4-s2000-sd03,28,91300028,laplace,joint-map,completed,24.23537233732013,20.0,0.2123682423265957,True,conditional-laplace,True,18.738500172610717,29.732244502029538,10.993744329418824,True
t4-s2000-sd03,28,91300028,studentized,joint-map,completed,24.23537233732013,20.0,0.2123682423265957,True,conditional-studentized-curvature,True,16.628579844419214,37.67394270086729,21.04536285644808,True
t4-s2000-sd03,29,91300029,laplace,joint-map,completed,21.81761296704048,20.0,0.1016480988020226,True,conditional-laplace,True,19.171041568585984,24.46418436549497,5.293142796908988,True
t4-s2000-sd03,29,91300029,studentized,joint-map,completed,21.81761296704048,20.0,0.1016480988020226,True,conditional-studentized-curvature,True,17.674257251639112,27.71657279958273,10.042315547943616,True
t4-s2000-sd03,30,91300030,laplace,joint-map,completed,15.67923720050624,20.0,0.3496850861017244,True,conditional-laplace,True,12.161516756550924,19.196957644461563,7.035440887910639,False
t4-s2000-sd03,30,91300030,studentized,joint-map,completed,15.67923720050624,20.0,0.3496850861017244,True,conditional-studentized-curvature,True,11.721409164329025,26.98591323928804,15.264504074959016,True
t4-s2000-sd03,31,91300031,laplace,joint-map,completed,19.311737558944746,20.0,0.1730054881795703,True,conditional-laplace,True,16.232316298364086,22.3911588195254,6.158842521161315,True
t4-s2000-sd03,31,91300031,studentized,joint-map,completed,19.311737558944746,20.0,0.1730054881795703,True,conditional-studentized-curvature,True,14.917067847144803,26.85603657712872,11.938968729983914,True
t4-s2000-sd03,32,91300032,laplace,joint-map,completed,22.561830977174345,20.0,0.3153971818114395,True,conditional-laplace,True,15.606307841420456,29.517354112928235,13.91104627150778,True
t4-s2000-sd03,32,91300032,studentized,joint-map,completed,22.561830977174345,20.0,0.3153971818114395,True,conditional-studentized-curvature,True,14.166350853153205,41.63887967202341,27.47252881887021,True
t4-s2000-sd03,33,91300033,laplace,joint-map,completed,19.45879426699808,20.0,0.2761053890566337,True,conditional-laplace,True,14.786005897851489,24.131582636144667,9.34557673829318,True
t4-s2000-sd03,33,91300033,studentized,joint-map,completed,19.45879426699808,20.0,0.2761053890566337,True,conditional-studentized-curvature,True,13.604197201276335,32.36198138255743,18.757784181281096,True
t4-s2000-sd03,34,91300034,laplace,joint-map,completed,20.658618943893664,20.0,0.2063557237595296,True,conditional-laplace,True,16.62821554538871,24.689022342398623,8.060806797009914,True
t4-s2000-sd03,34,91300034,studentized,joint-map,completed,20.658618943893664,20.0,0.2063557237595296,True,conditional-studentized-curvature,True,15.103015464679132,30.781979645953573,15.67896418127444,True
t4-s2000-sd03,35,91300035,laplace,joint-map,completed,20.656377426420683,20.0,0.1919566805831174,True,conditional-laplace,True,16.824360343831806,24.48839450900956,7.664034165177753,True
t4-s2000-sd03,35,91300035,studentized,joint-map,completed,20.656377426420683,20.0,0.1919566805831174,True,conditional-studentized-curvature,True,15.295061714619155,30.15447277176129,14.85941105714214,True
t4-s2000-sd03,36,91300036,laplace,joint-map,completed,27.94641862805453,20.0,0.2205928604059293,True,conditional-laplace,True,20.813794750991995,35.079042505117066,14.26524775412507,False
t4-s2000-sd03,36,91300036,studentized,joint-map,completed,27.94641862805453,20.0,0.2205928604059293,True,conditional-studentized-curvature,True,18.04744279144886,44.84467921655822,26.79723642510936,True
t4-s2000-sd03,37,91300037,laplace,marginal,completed,15.652784604704593,20.0,0.1604343652707108,True,conditional-laplace,True,13.822886049987677,17.482683159421512,3.659797109433837,False
t4-s2000-sd03,37,91300037,studentized,marginal,completed,15.652784604704593,20.0,0.1604343652707108,True,conditional-studentized-curvature,True,12.832005517388012,20.930838279144385,8.09883276175637,True
t4-s2000-sd03,38,91300038,laplace,marginal,completed,15.94510804102095,20.0,0.2263665704155431,True,conditional-laplace,True,13.432387694116022,18.45782838792588,5.025440693809857,False
t4-s2000-sd03,38,91300038,studentized,marginal,completed,15.94510804102095,20.0,0.2263665704155431,True,conditional-studentized-curvature,True,12.399465622679532,23.8987983015977,11.499332678918169,True
t4-s2000-sd03,39,91300039,laplace,joint-map,completed,21.790991146180342,20.0,0.1574341888817151,True,conditional-laplace,True,18.201767918775683,25.380214373585005,7.178446454809322,True
t4-s2000-sd03,39,91300039,studentized,joint-map,completed,21.790991146180342,20.0,0.1574341888817151,True,conditional-studentized-curvature,True,16.525482340527585,30.27340945313513,13.747927112607549,True
t4-s2000-sd03,40,91300040,laplace,joint-map,completed,19.719375996812268,20.0,0.2128188987251696,True,conditional-laplace,True,15.944018082167208,23.49473391145733,7.550715829290123,True
t4-s2000-sd03,40,91300040,studentized,joint-map,completed,19.719375996812268,20.0,0.2128188987251696,True,conditional-studentized-curvature,True,14.571384814696508,29.351471449580234,14.780086634883729,True
t4-s2000-sd03,41,91300041,laplace,joint-map,completed,19.974938636252983,20.0,0.2959489625151705,True,conditional-laplace,True,14.723507018882906,25.22637025362306,10.502863234740154,True
t4-s2000-sd03,41,91300041,studentized,joint-map,completed,19.974938636252983,20.0,0.2959489625151705,True,conditional-studentized-curvature,True,13.55083124598352,34.70063757624104,21.149806330257523,True
t4-s2000-sd03,42,91300042,laplace,joint-map,completed,18.162642525593714,20.0,0.3244968223066626,True,conditional-laplace,True,13.494486562502528,22.8307984886849,9.33631192618237,True
t4-s2000-sd03,42,91300042,studentized,joint-map,completed,18.162642525593714,20.0,0.3244968223066626,True,conditional-studentized-curvature,True,12.678429458263023,32.04158903060246,19.363159572339438,True
t4-s2000-sd03,43,91300043,laplace,marginal,completed,16.898168411633243,20.0,0.1404402080570888,True,conditional-laplace,True,14.91817095376292,18.87816586950357,3.9599949157406495,False
t4-s2000-sd03,43,91300043,studentized,marginal,completed,16.898168411633243,20.0,0.1404402080570888,True,conditional-studentized-curvature,True,13.732268503841,22.364639688560743,8.632371184719744,True
t4-s2000-sd03,44,91300044,laplace,joint-map,completed,19.53648537801794,20.0,0.1729679790614213,True,conditional-laplace,True,16.375284539835032,22.697686216200847,6.322401676365814,True
t4-s2000-sd03,44,91300044,studentized,joint-map,completed,19.53648537801794,20.0,0.1729679790614213,True,conditional-studentized-curvature,True,15.025403558863813,27.273795957386096,12.248392398522284,True
t4-s2000-sd03,45,91300045,laplace,joint-map,completed,17.050273266287782,20.0,0.2761193002559324,True,conditional-laplace,True,13.52554879814932,20.574997734426248,7.049448936276928,True
t4-s2000-sd03,45,91300045,studentized,joint-map,completed,17.050273266287782,20.0,0.2761193002559324,True,conditional-studentized-curvature,True,12.684098946694364,27.12579145375333,14.441692507058963,True
t4-s2000-sd03,46,91300046,laplace,joint-map,completed,17.85856672831223,20.0,0.3839644562146209,True,conditional-laplace,True,12.566738801327183,23.150394655297276,10.58365585397009,True
t4-s2000-sd03,46,91300046,studentized,joint-map,completed,17.85856672831223,20.0,0.3839644562146209,True,conditional-studentized-curvature,True,12.108418947944164,34.855821262515605,22.74740231457144,True
t4-s2000-sd03,47,91300047,laplace,joint-map,completed,21.757120117552034,20.0,0.1466388508657252,True,conditional-laplace,True,18.356186491841296,25.15805374326277,6.8018672514214735,True
t4-s2000-sd03,47,91300047,studentized,joint-map,completed,21.757120117552034,20.0,0.1466388508657252,True,conditional-studentized-curvature,True,16.70705065522919,29.70985216964004,13.002801514410848,True
t4-s2000-sd03,48,91300048,laplace,joint-map,completed,20.71763908096584,20.0,0.1921248551318724,True,conditional-laplace,True,16.894884647903964,24.54039351402772,7.645508866123752,True
t4-s2000-sd03,48,91300048,studentized,joint-map,completed,20.71763908096584,20.0,0.1921248551318724,True,conditional-studentized-curvature,True,15.355826558580835,30.1682637206282,14.812437162047363,True
t4-s2000-sd03,49,91300049,laplace,joint-map,completed,18.46308435026044,20.0,0.224403337646546,True,conditional-laplace,True,14.984393248263236,21.94177545225764,6.957382203994403,True
t4-s2000-sd03,49,91300049,studentized,joint-map,completed,18.46308435026044,20.0,0.224403337646546,True,conditional-studentized-curvature,True,13.820665950206308,27.594743596482168,13.77407764627586,True
t4-s2000-sd03,50,91300050,laplace,joint-map,completed,18.090078629959507,20.0,0.3028959606187753,True,conditional-laplace,True,13.735290015707276,22.44486724421174,8.709577228504465,True
t4-s2000-sd03,50,91300050,studentized,joint-map,completed,18.090078629959507,20.0,0.3028959606187753,True,conditional-studentized-curvature,True,12.840091991584522,30.73597823240245,17.89588624081793,True
t4-s2000-sd03,51,91300051,laplace,joint-map,completed,20.503390949918074,20.0,0.2321209608165494,True,conditional-laplace,True,16.077524622999746,24.9292572768364,8.851732653836656,True
t4-s2000-sd03,51,91300051,studentized,joint-map,completed,20.503390949918074,20.0,0.2321209608165494,True,conditional-studentized-curvature,True,14.612439743969466,31.981327017555422,17.368887273585955,True
t4-s2000-sd03,52,91300052,laplace,joint-map,completed,20.267953631287085,20.0,0.1564554700915979,True,conditional-laplace,True,17.128383057772943,23.40752420480122,6.279141147028277,True
t4-s2000-sd03,52,91300052,studentized,joint-map,completed,20.267953631287085,20.0,0.1564554700915979,True,conditional-studentized-curvature,True,15.684864262070146,27.767294537243718,12.082430275173568,True
t4-s2000-sd03,53,91300053,laplace,joint-map,completed,21.39882889679067,20.0,0.3002137467824666,True,conditional-laplace,True,15.345199881136002,27.452457912445336,12.107258031309334,True
t4-s2000-sd03,53,91300053,studentized,joint-map,completed,21.39882889679067,20.0,0.3002137467824666,True,conditional-studentized-curvature,True,13.988757517195047,38.08061680486097,24.09185928766593,True
t4-s2000-sd03,54,91300054,laplace,joint-map,completed,22.371803525396285,20.0,0.364776708844745,True,conditional-laplace,True,14.49586233408107,30.2477447167115,15.751882382630432,True
t4-s2000-sd03,54,91300054,studentized,joint-map,completed,22.371803525396285,20.0,0.364776708844745,True,conditional-studentized-curvature,True,13.456749757722744,44.98458320584152,31.52783344811878,True
t4-s2000-sd03,55,91300055,laplace,joint-map,completed,20.815116196687036,20.0,0.4849809494300641,True,conditional-laplace,True,11.73314356833644,29.897088825037628,18.16394525670119,True
t4-s2000-sd03,55,91300055,studentized,joint-map,completed,20.815116196687036,20.0,0.4849809494300641,True,conditional-studentized-curvature,True,12.00754176495915,50.48506737075617,38.47752560579702,True
t4-s2000-sd03,56,91300056,laplace,joint-map,completed,19.708123057627567,20.0,0.233602369897957,True,conditional-laplace,True,15.59273873557859,23.823507379676546,8.230768644097951,True
t4-s2000-sd03,56,91300056,studentized,joint-map,completed,19.708123057627567,20.0,0.233602369897957,True,conditional-studentized-curvature,True,14.25369766264845,30.485680052347924,16.231982389699475,True
t4-s2000-sd03,57,91300057,laplace,marginal,completed,17.129721422455642,20.0,0.1712083753097071,True,conditional-laplace,True,14.758535289773445,19.50090755513784,4.742372265364395,False
t4-s2000-sd03,57,91300057,studentized,marginal,completed,17.129721422455642,20.0,0.1712083753097071,True,conditional-studentized-curvature,True,13.490729700246682,23.95051471143976,10.459785011193077,True
t4-s2000-sd03,58,91300058,laplace,joint-map,completed,16.84454646018007,20.0,0.1739258504588882,True,conditional-laplace,True,14.536722022994786,19.152370897365355,4.615648874370569,False
t4-s2000-sd03,58,91300058,studentized,joint-map,completed,16.84454646018007,20.0,0.1739258504588882,True,conditional-studentized-curvature,True,13.588198407657746,22.62434432590937,9.036145918251623,True
t4-s2000-sd03,59,91300059,laplace,joint-map,completed,16.878210166389763,20.0,0.3270115747217028,True,conditional-laplace,True,12.889667023343067,20.866753309436454,7.977086286093389,True
t4-s2000-sd03,59,91300059,studentized,joint-map,completed,16.878210166389763,20.0,0.3270115747217028,True,conditional-studentized-curvature,True,12.237784875836883,29.05234367158896,16.814558795752074,True
t4-s2000-sd03,60,91300060,laplace,joint-map,completed,18.57919164140126,20.0,0.411661613889878,True,conditional-laplace,True,12.41086631399302,24.7475169688095,12.33665065481648,True
t4-s2000-sd03,60,91300060,studentized,joint-map,completed,18.57919164140126,20.0,0.411661613889878,True,conditional-studentized-curvature,True,12.087501994215264,38.67408989476253,26.58658790054726,True
t4-s2000-sd03,61,91300061,laplace,joint-map,completed,19.22292251638036,20.0,0.3413193683848587,True,conditional-laplace,True,13.698631063128758,24.747213969631964,11.048582906503206,True
t4-s2000-sd03,61,91300061,studentized,joint-map,completed,19.22292251638036,20.0,0.3413193683848587,True,conditional-studentized-curvature,True,12.847403076788108,35.66915135035866,22.821748273570552,True
t4-s2000-sd03,62,91300062,laplace,marginal,completed,15.07371049759463,20.0,0.1074037380465903,True,conditional-laplace,True,13.759948077504882,16.387472917684377,2.627524840179495,False
t4-s2000-sd03,62,91300062,studentized,marginal,completed,15.07371049759463,20.0,0.1074037380465903,True,conditional-studentized-curvature,True,12.92655911113474,18.639868179578613,5.713309068443873,False
t4-s2000-sd03,63,91300063,laplace,marginal,completed,15.787192585582265,20.0,0.1756611341086056,True,conditional-laplace,True,13.766005242586006,17.80837992857852,4.042374685992515,False
t4-s2000-sd03,63,91300063,studentized,marginal,completed,15.787192585582265,20.0,0.1756611341086056,True,conditional-studentized-curvature,True,12.742162666774393,21.75793638116001,9.015773714385622,True
t4-s2000-sd03,64,91300064,laplace,joint-map,completed,22.53437399804428,20.0,0.4242849809094373,True,conditional-laplace,True,13.306929448169246,31.761818547919308,18.454889099750066,True
t4-s2000-sd03,64,91300064,studentized,joint-map,completed,22.53437399804428,20.0,0.4242849809094373,True,conditional-studentized-curvature,True,12.837215658583329,50.1195645953738,37.28234893679047,True
t4-s2000-sd03,65,91300065,laplace,joint-map,completed,22.574724795747724,20.0,0.1178909314378899,True,conditional-laplace,True,19.425068521025967,25.72438107046948,6.29931254944351,True
t4-s2000-sd03,65,91300065,studentized,joint-map,completed,22.574724795747724,20.0,0.1178909314378899,True,conditional-studentized-curvature,True,17.7397648141347,29.706475749179248,11.96671093504455,True
t4-s2000-sd03,66,91300066,laplace,marginal,completed,19.209224034689576,20.0,0.2165673322753758,True,conditional-laplace,True,15.523824612963356,22.8946234564158,7.3707988434524445,True
t4-s2000-sd03,66,91300066,studentized,marginal,completed,19.209224034689576,20.0,0.2165673322753758,True,conditional-studentized-curvature,True,13.856856529666786,30.243818992228952,16.386962462562167,True
t4-s2000-sd03,67,91300067,laplace,joint-map,completed,17.236184619731024,20.0,0.5386828904152661,True,conditional-laplace,True,10.503424972520286,23.96894426694176,13.465519294421476,True
t4-s2000-sd03,67,91300067,studentized,joint-map,completed,17.236184619731024,20.0,0.5386828904152661,True,conditional-studentized-curvature,True,11.16518461262806,43.139088159286274,31.973903546658214,True
t4-s2000-sd03,68,91300068,laplace,joint-map,completed,17.783701306938315,20.0,0.2947806309942339,True,conditional-laplace,True,13.705414413791209,21.861988200085424,8.156573786294217,True
t4-s2000-sd03,68,91300068,studentized,joint-map,completed,17.783701306938315,20.0,0.2947806309942339,True,conditional-studentized-curvature,True,12.816027823748392,29.549662688790622,16.733634865042234,True
t4-s2000-sd03,69,91300069,laplace,joint-map,completed,18.14684704998551,20.0,0.2996553028132213,True,conditional-laplace,True,13.796148968114284,22.49754513185674,8.701396163742455,True
t4-s2000-sd03,69,91300069,studentized,joint-map,completed,18.14684704998551,20.0,0.2996553028132213,True,conditional-studentized-curvature,True,12.88354974677886,30.73098857353221,17.847438826753347,True
t4-s2000-sd03,70,91300070,laplace,joint-map,completed,20.378101068054907,20.0,0.2145253194577354,True,conditional-laplace,True,16.309367830569347,24.446834305540467,8.13746647497112,True
t4-s2000-sd03,70,91300070,studentized,joint-map,completed,20.378101068054907,20.0,0.2145253194577354,True,conditional-studentized-curvature,True,14.836130482248684,30.725371023419576,15.889240541170892,True
t4-s2000-sd03,71,91300071,laplace,joint-map,completed,18.908343327653046,20.0,0.2079865530320978,True,conditional-laplace,True,15.470624294556917,22.346062360749176,6.87543806619226,True
t4-s2000-sd03,71,91300071,studentized,joint-map,completed,18.908343327653046,20.0,0.2079865530320978,True,conditional-studentized-curvature,True,14.221395036015371,27.72389835306797,13.502503317052591,True
t4-s2000-sd03,72,91300072,laplace,joint-map,completed,21.16110550710121,20.0,0.1446062415575927,True,conditional-laplace,True,18.005641752088636,24.316569262113795,6.310927510025159,True
t4-s2000-sd03,72,91300072,studentized,joint-map,completed,21.16110550710121,20.0,0.1446062415575927,True,conditional-studentized-curvature,True,16.457640461843713,28.5304951628062,12.072854700962488,True
t4-s2000-sd03,73,91300073,laplace,joint-map,completed,19.84332930717247,20.0,0.1817770519437828,True,conditional-laplace,True,16.45228778847031,23.234370825874635,6.782083037404323,True
t4-s2000-sd03,73,91300073,studentized,joint-map,completed,19.84332930717247,20.0,0.1817770519437828,True,conditional-studentized-curvature,True,15.051213771107426,28.207328635558664,13.156114864451238,True
t4-s2000-sd03,74,91300074,laplace,joint-map,completed,16.807548169751367,20.0,0.1630430831195876,True,conditional-laplace,True,14.601582645839448,19.013513693663285,4.4119310478238365,False
t4-s2000-sd03,74,91300074,studentized,joint-map,completed,16.807548169751367,20.0,0.1630430831195876,True,conditional-studentized-curvature,True,13.661501216674834,22.272513843735133,8.6110126270603,True
t4-s2000-sd03,75,91300075,laplace,joint-map,completed,18.996802471778,20.0,0.3831320588297066,True,conditional-laplace,True,12.981141479465474,25.012463464090523,12.031321984625048,True
t4-s2000-sd03,75,91300075,studentized,joint-map,completed,18.996802471778,20.0,0.3831320588297066,True,conditional-studentized-curvature,True,12.41593479536033,37.811394016634026,25.395459221273697,True
t4-s2000-sd03,76,91300076,laplace,marginal,completed,17.004377825722393,20.0,0.1147358179143452,True,conditional-laplace,True,15.221880833042976,18.78687481840181,3.564993985358832,False
t4-s2000-sd03,76,91300076,studentized,marginal,completed,17.004377825722393,20.0,0.1147358179143452,True,conditional-studentized-curvature,True,14.066750204367438,21.77328344267453,7.706533238307092,True
t4-s2000-sd03,77,91300077,laplace,joint-map,completed,25.487650061574904,20.0,0.4535056283117509,True,conditional-laplace,True,13.34963204858848,37.62566807456133,24.276036025972854,True
t4-s2000-sd03,77,91300077,studentized,joint-map,completed,25.487650061574904,20.0,0.4535056283117509,True,conditional-studentized-curvature,True,13.063083908683788,59.57229158866927,46.50920767998548,True
t4-s2000-sd03,78,91300078,laplace,marginal,completed,16.230110043173177,20.0,0.378486151477401,True,conditional-laplace,True,12.045765187191751,20.4144548991546,8.36868971196285,True
t4-s2000-sd03,78,91300078,studentized,marginal,completed,16.230110043173177,20.0,0.378486151477401,True,conditional-studentized-curvature,True,11.45103553202043,32.712126119067435,21.261090587047004,True
t4-s2000-sd03,79,91300079,laplace,joint-map,completed,20.079612084738574,20.0,0.3683555542543733,True,conditional-laplace,True,13.579194934286324,26.58002923519083,13.000834300904504,True
t4-s2000-sd03,79,91300079,studentized,joint-map,completed,20.079612084738574,20.0,0.3683555542543733,True,conditional-studentized-curvature,True,12.817472522819031,39.68639786226659,26.86892533944756,True
t4-s2000-sd03,80,91300080,laplace,joint-map,completed,22.2064532270228,20.0,0.1207275843807626,True,conditional-laplace,True,19.190705461586575,25.222200992459012,6.031495530872437,True
t4-s2000-sd03,80,91300080,studentized,joint-map,completed,22.2064532270228,20.0,0.1207275843807626,True,conditional-studentized-curvature,True,17.56832842648099,29.030759890023383,11.462431463542398,True
t4-s2000-sd03,81,91300081,laplace,joint-map,completed,16.61247710913162,20.0,0.0950564431514077,True,conditional-laplace,True,15.066597981567076,18.158356236696164,3.091758255129088,False
t4-s2000-sd03,81,91300081,studentized,joint-map,completed,16.61247710913162,20.0,0.0950564431514077,True,conditional-studentized-curvature,True,14.237449144315512,20.16095943657783,5.923510292262318,True
t4-s2000-sd03,82,91300082,laplace,joint-map,completed,20.73735202617035,20.0,0.0854392710814396,True,conditional-laplace,True,18.544136317582325,22.93056773475837,4.386431417176045,True
t4-s2000-sd03,82,91300082,studentized,joint-map,completed,20.73735202617035,20.0,0.0854392710814396,True,conditional-studentized-curvature,True,17.25622230787986,25.574192848637995,8.317970540758136,True
t4-s2000-sd03,83,91300083,laplace,marginal,completed,16.46963950494036,20.0,0.1593898638589633,True,conditional-laplace,True,14.392463695132246,18.54681531474847,4.154351619616225,False
t4-s2000-sd03,83,91300083,studentized,marginal,completed,16.46963950494036,20.0,0.1593898638589633,True,conditional-studentized-curvature,True,13.253555020254677,22.409974213824988,9.156419193570311,True
t4-s2000-sd03,84,91300084,laplace,joint-map,completed,24.27631584639932,20.0,0.6268605689032681,True,unavailable-gaussian-interval-crosses-bound,False,,,,False
t4-s2000-sd03,84,91300084,studentized,joint-map,completed,24.27631584639932,20.0,0.6268605689032681,True,conditional-studentized-curvature,True,11.515374863523016,70.73618474711027,59.22080988358726,True
t4-s2000-sd03,85,91300085,laplace,joint-map,completed,18.705083565607534,20.0,0.3249448152618839,True,conditional-laplace,True,13.7155812242276,23.69458590698748,9.97900468275988,True
t4-s2000-sd03,85,91300085,studentized,joint-map,completed,18.705083565607534,20.0,0.3249448152618839,True,conditional-studentized-curvature,True,12.840116584716109,33.42624326157013,20.586126676854025,True
t4-s2000-sd03,86,91300086,laplace,joint-map,completed,23.797572586893004,20.0,0.2408489859728022,True,conditional-laplace,True,17.836182621825017,29.75896255196099,11.922779930135974,True
t4-s2000-sd03,86,91300086,studentized,joint-map,completed,23.797572586893004,20.0,0.2408489859728022,True,conditional-studentized-curvature,True,15.852753223733014,38.83186339906103,22.97911017532801,True
t4-s2000-sd03,87,91300087,laplace,joint-map,completed,16.54205228465018,20.0,0.3363281720305565,True,conditional-laplace,True,12.64216371778688,20.44194085151348,7.799777133726598,True
t4-s2000-sd03,87,91300087,studentized,joint-map,completed,16.54205228465018,20.0,0.3363281720305565,True,conditional-studentized-curvature,True,12.065151642777534,28.664194822212306,16.599043179434766,True
t4-s2000-sd03,88,91300088,laplace,joint-map,completed,24.855802369993665,20.0,0.3072538391265005,True,conditional-laplace,True,16.815089916313664,32.89651482367367,16.081424907360006,True
t4-s2000-sd03,88,91300088,studentized,joint-map,completed,24.855802369993665,20.0,0.3072538391265005,True,conditional-studentized-curvature,True,14.984773229092683,45.99720957159454,31.012436342501857,True
t4-s2000-sd03,89,91300089,laplace,joint-map,completed,24.54861396823614,20.0,0.3729536809728784,True,conditional-laplace,True,15.101113899196111,33.99611403727617,18.89500013808006,True
t4-s2000-sd03,89,91300089,studentized,joint-map,completed,24.54861396823614,20.0,0.3729536809728784,True,conditional-studentized-curvature,True,13.886037955428549,50.65523188310556,36.76919392767701,True
t4-s2000-sd03,90,91300090,laplace,joint-map,completed,18.11404144215845,20.0,0.2609031448454917,True,conditional-laplace,True,14.297338965040062,21.93074391927684,7.633404954236774,True
t4-s2000-sd03,90,91300090,studentized,joint-map,completed,18.11404144215845,20.0,0.2609031448454917,True,conditional-studentized-curvature,True,13.260433439501613,28.64021816986621,15.379784730364598,True
t4-s2000-sd03,91,91300091,laplace,joint-map,completed,19.950991805454866,20.0,0.2156934284420116,True,conditional-laplace,True,16.019134015144033,23.882849595765684,7.863715580621651,True
t4-s2000-sd03,91,91300091,studentized,joint-map,completed,19.950991805454866,20.0,0.2156934284420116,True,conditional-studentized-curvature,True,14.6149010056045,30.01105445544201,15.396153449837511,True
t4-s2000-sd03,92,91300092,laplace,joint-map,completed,20.072061102331684,20.0,0.2849782585044584,True,conditional-laplace,True,14.97408348399487,25.170038720668497,10.195955236673628,True
t4-s2000-sd03,92,91300092,studentized,joint-map,completed,20.072061102331684,20.0,0.2849782585044584,True,conditional-studentized-curvature,True,13.734065781117597,34.15551276816319,20.4214469870456,True
t4-s2000-sd03,93,91300093,laplace,joint-map,completed,21.1404172453959,20.0,0.2236431864744656,True,conditional-laplace,True,16.63804987353352,25.642784617258275,9.004734743724754,True
t4-s2000-sd03,93,91300093,studentized,joint-map,completed,21.1404172453959,20.0,0.2236431864744656,True,conditional-studentized-curvature,True,15.053800500365051,32.60667563195417,17.55287513158912,True
t4-s2000-sd03,94,91300094,laplace,joint-map,completed,22.07176504103789,20.0,0.2897687063265958,True,conditional-laplace,True,15.832837685362474,28.310692396713307,12.477854711350831,True
t4-s2000-sd03,94,91300094,studentized,joint-map,completed,22.07176504103789,20.0,0.2897687063265958,True,conditional-studentized-curvature,True,14.33377427251369,38.95598328151978,24.622209009006088,True
t4-s2000-sd03,95,91300095,laplace,joint-map,completed,17.769605479499358,20.0,0.0713407365010426,True,conditional-laplace,True,16.21719616793452,19.32201479106419,3.1048186231296704,False
t4-s2000-sd03,95,91300095,studentized,joint-map,completed,17.769605479499358,20.0,0.0713407365010426,True,conditional-studentized-curvature,True,15.31042505642747,21.216765991455468,5.906340935027998,True
t4-s2000-sd03,96,91300096,laplace,joint-map,completed,18.77054313769398,20.0,0.3092788161722401,True,conditional-laplace,True,13.92729260337247,23.61379367201549,9.68650106864302,True
t4-s2000-sd03,96,91300096,studentized,joint-map,completed,18.77054313769398,20.0,0.3092788161722401,True,conditional-studentized-curvature,True,12.983405719563466,32.83726204153956,19.853856321976096,True
t4-s2000-sd03,97,91300097,laplace,joint-map,completed,23.950625733785408,20.0,0.1347378829026111,True,conditional-laplace,True,20.212430036474476,27.688821431096343,7.476391394621871,False
t4-s2000-sd03,97,91300097,studentized,joint-map,completed,23.950625733785408,20.0,0.1347378829026111,True,conditional-studentized-curvature,True,18.272746206574745,32.4547453170996,14.181999110524856,True
t4-s2000-sd03,98,91300098,laplace,joint-map,completed,18.80373337195841,20.0,0.3383581583533631,True,conditional-laplace,True,13.55594010293081,24.051526640986005,10.495586538055194,True
t4-s2000-sd03,98,91300098,studentized,joint-map,completed,18.80373337195841,20.0,0.3383581583533631,True,conditional-studentized-curvature,True,12.741190739668946,34.50849475423733,21.76730401456839,True
t4-s2000-sd03,99,91300099,laplace,joint-map,completed,21.100086021990872,20.0,0.3484060896236373,True,conditional-laplace,True,14.33727426437844,27.862897779603305,13.525623515224863,True
t4-s2000-sd03,99,91300099,studentized,joint-map,completed,21.100086021990872,20.0,0.3484060896236373,True,conditional-studentized-curvature,True,13.313663429875632,40.70271091216675,27.38904748229112,True
t4-s2000-sd03,100,91300100,laplace,joint-map,completed,23.630651450807573,20.0,0.3038050893130256,True,conditional-laplace,True,16.340336549274955,30.920966352340194,14.58062980306524,True
t4-s2000-sd03,100,91300100,studentized,joint-map,completed,23.630651450807573,20.0,0.3038050893130256,True,conditional-studentized-curvature,True,14.671460638908025,43.10582790061078,28.434367261702757,True
t4-s2000-sd03,101,91300101,laplace,joint-map,completed,17.196510495140238,20.0,0.4873509312044896,True,conditional-laplace,True,11.119853064115397,23.27316792616508,12.153314862049683,True
t4-s2000-sd03,101,91300101,studentized,joint-map,completed,17.196510495140238,20.0,0.4873509312044896,True,conditional-studentized-curvature,True,11.378160231466977,39.42338786974005,28.045227638273072,True
t4-s2000-sd03,102,91300102,laplace,joint-map,completed,17.019313438851892,20.0,0.3114726993499019,True,conditional-laplace,True,13.109671399658998,20.928955478044784,7.819284078385786,True
t4-s2000-sd03,102,91300102,studentized,joint-map,completed,17.019313438851892,20.0,0.3114726993499019,True,conditional-studentized-curvature,True,12.387729666121428,28.715796166569177,16.32806650044775,True
t4-s2000-sd03,103,91300103,laplace,joint-map,completed,19.172513335200243,20.0,0.0820563525764215,True,conditional-laplace,True,17.32258118204601,21.022445488354474,3.699864306308463,True
t4-s2000-sd03,103,91300103,studentized,joint-map,completed,19.172513335200243,20.0,0.0820563525764215,True,conditional-studentized-curvature,True,16.238954981360738,23.266954119707783,7.027999138347045,True
t4-s2000-sd03,104,91300104,laplace,joint-map,completed,22.430718565313967,20.0,0.4065229176109939,True,conditional-laplace,True,13.649223235466604,31.212213895161327,17.56299065969472,True
t4-s2000-sd03,104,91300104,studentized,joint-map,completed,22.430718565313967,20.0,0.4065229176109939,True,conditional-studentized-curvature,True,12.99863864870681,48.427038542094095,35.42839989338729,True
t4-s2000-sd03,105,91300105,laplace,joint-map,completed,28.154968486304107,20.0,0.2729334306890357,True,conditional-laplace,True,19.37431990644135,36.93561706616687,17.56129715972552,True
t4-s2000-sd03,105,91300105,studentized,joint-map,completed,28.154968486304107,20.0,0.2729334306890357,True,conditional-studentized-curvature,True,16.754924222965997,49.63426287610364,32.879338653137644,True
t4-s2000-sd03,106,91300106,laplace,joint-map,completed,18.53231977763721,20.0,0.3585442674028254,True,conditional-laplace,True,13.16687036058542,23.897769194689,10.730898834103582,True
t4-s2000-sd03,106,91300106,studentized,joint-map,completed,18.53231977763721,20.0,0.3585442674028254,True,conditional-studentized-curvature,True,12.491508675159457,35.030139690455904,22.53863101529645,True
t4-s2000-sd03,107,91300107,laplace,joint-map,completed,18.008985918290307,20.0,0.2438538495225826,True,conditional-laplace,True,14.450965189788832,21.567006646791786,7.11604145700295,True
t4-s2000-sd03,107,91300107,studentized,joint-map,completed,18.008985918290307,20.0,0.2438538495225826,True,conditional-studentized-curvature,True,13.390776813671849,27.636325133876475,14.245548320204628,True
t4-s2000-sd03,108,91300108,laplace,joint-map,completed,17.31117630918775,20.0,0.5061934968978102,True,conditional-laplace,True,10.899756429070536,23.72259618930497,12.822839760234428,True
t4-s2000-sd03,108,91300108,studentized,joint-map,completed,17.31117630918775,20.0,0.5061934968978102,True,conditional-studentized-curvature,True,11.309851369928383,41.15106309996848,29.841211730040097,True
t4-s2000-sd03,109,91300109,laplace,marginal,completed,16.700027337585844,20.0,0.141794233628008,True,conditional-laplace,True,14.699692663778055,18.700362011393636,4.000669347615576,False
t4-s2000-sd03,109,91300109,studentized,marginal,completed,16.700027337585844,20.0,0.141794233628008,True,conditional-studentized-curvature,True,13.53673816501875,22.29041940251228,8.753681237493527,True
t4-s2000-sd03,110,91300110,laplace,joint-map,completed,19.274807239394733,20.0,0.4918719737906382,True,conditional-laplace,True,11.3866660456633,27.16294843312616,15.77628238746286,True
t4-s2000-sd03,110,91300110,studentized,joint-map,completed,19.274807239394733,20.0,0.4918719737906382,True,conditional-studentized-curvature,True,11.714322761753955,46.42259774118776,34.7082749794338,True
t4-s2000-sd03,111,91300111,laplace,joint-map,completed,21.502274702727785,20.0,0.2645720438071701,True,conditional-laplace,True,16.02742388474923,26.97712552070634,10.949701635957112,True
t4-s2000-sd03,111,91300111,studentized,joint-map,completed,21.502274702727785,20.0,0.2645720438071701,True,conditional-studentized-curvature,True,14.503096066145227,36.06386775811089,21.560771691965662,True
t4-s2000-sd03,112,91300112,laplace,joint-map,completed,18.920569841776537,20.0,0.1131581201368486,True,conditional-laplace,True,16.673358610775477,21.1677810727776,4.49442246200212,True
t4-s2000-sd03,112,91300112,studentized,joint-map,completed,18.920569841776537,20.0,0.1131581201368486,True,conditional-studentized-curvature,True,15.503364360647948,24.10541205931424,8.60204769866629,True
t4-s2000-sd03,113,91300113,laplace,joint-map,completed,20.939906672139127,20.0,0.1136020045918858,True,conditional-laplace,True,18.285237218197988,23.59457612608027,5.309338907882282,True
t4-s2000-sd03,113,91300113,studentized,joint-map,completed,20.939906672139127,20.0,0.1136020045918858,True,conditional-studentized-curvature,True,16.854333532412387,26.963863391269932,10.109529858857549,True
t4-s2000-sd03,114,91300114,laplace,joint-map,completed,21.00948935960096,20.0,0.0892827328673425,True,conditional-laplace,True,18.61073048386984,23.40824823533208,4.7975177514622445,True
t4-s2000-sd03,114,91300114,studentized,joint-map,completed,21.00948935960096,20.0,0.0892827328673425,True,conditional-studentized-curvature,True,17.242046927149563,26.34962751191716,9.107580584767591,True
t4-s2000-sd03,115,91300115,laplace,joint-map,completed,20.42998175731988,20.0,0.385786479260837,True,conditional-laplace,True,13.404227972268112,27.45573554237165,14.051507570103537,True
t4-s2000-sd03,115,91300115,studentized,joint-map,completed,20.42998175731988,20.0,0.385786479260837,True,conditional-studentized-curvature,True,12.741239423967292,41.82017974195576,29.07894031798846,True
t4-s2000-sd03,116,91300116,laplace,marginal,completed,18.10691456907938,20.0,0.1041978649607104,True,conditional-laplace,True,16.090712652349097,20.123116485809657,4.03240383346056,True
t4-s2000-sd03,116,91300116,studentized,marginal,completed,18.10691456907938,20.0,0.1041978649607104,True,conditional-studentized-curvature,True,14.758122142364902,23.440968883343416,8.682846740978514,True
t4-s2000-sd03,117,91300117,laplace,joint-map,completed,18.000628169541713,20.0,0.0988310086731202,True,conditional-laplace,True,16.14799862992213,19.853257709161294,3.705259079239166,False
t4-s2000-sd03,117,91300117,studentized,joint-map,completed,18.000628169541713,20.0,0.0988310086731202,True,conditional-studentized-curvature,True,15.141166885043038,22.22143988983924,7.080273004796201,True
t4-s2000-sd03,118,91300118,laplace,joint-map,completed,24.869638114081567,20.0,0.249910113221816,True,conditional-laplace,True,18.21768468609288,31.52159154207026,13.30390685597738,True
t4-s2000-sd03,118,91300118,studentized,joint-map,completed,24.869638114081567,20.0,0.249910113221816,True,conditional-studentized-curvature,True,16.081165246729828,41.579617853218,25.49845260648817,True
t4-s2000-sd03,119,91300119,laplace,joint-map,completed,21.312484860680733,20.0,0.1604504007085713,True,conditional-laplace,True,17.844883244444738,24.78008647691673,6.935203232471991,True
t4-s2000-sd03,119,91300119,studentized,joint-map,completed,21.312484860680733,20.0,0.1604504007085713,True,conditional-studentized-curvature,True,16.240334510621025,29.545266634716043,13.304932124095018,True
t4-s2000-sd03,120,91300120,laplace,joint-map,completed,26.589916827499724,20.0,0.3052067876160719,True,conditional-laplace,True,17.675801076388417,35.50403257861103,17.828231502222614,True
t4-s2000-sd03,120,91300120,studentized,joint-map,completed,26.589916827499724,20.0,0.3052067876160719,True,conditional-studentized-curvature,True,15.549960396778989,49.35620432564666,33.80624392886767,True
t4-s2000-sd03,121,91300121,laplace,joint-map,completed,28.53899259555767,20.0,0.2699193342238048,True,conditional-laplace,True,19.65869484958584,37.419290341529496,17.760595491943658,True
t4-s2000-sd03,121,91300121,studentized,joint-map,completed,28.53899259555767,20.0,0.2699193342238048,True,conditional-studentized-curvature,True,16.952152123205916,50.11020229734646,33.15805017414054,True
t4-s2000-sd03,122,91300122,laplace,joint-map,completed,17.482818220214533,20.0,0.3355912704105694,True,conditional-laplace,True,13.048803892712217,21.91683254771685,8.86802865500464,True
t4-s2000-sd03,122,91300122,studentized,joint-map,completed,17.482818220214533,20.0,0.3355912704105694,True,conditional-studentized-curvature,True,12.365592359174034,31.01506071922214,18.649468360048107,True
t4-s2000-sd03,123,91300123,laplace,joint-map,completed,19.555098136653587,20.0,0.1976750584469624,True,conditional-laplace,True,16.04988436814232,23.06031190516486,7.01042753702254,True
t4-s2000-sd03,123,91300123,studentized,joint-map,completed,19.555098136653587,20.0,0.1976750584469624,True,conditional-studentized-curvature,True,14.69385415145792,28.36696280903361,13.673108657575687,True
t4-s2000-sd03,124,91300124,laplace,joint-map,completed,19.17940882340013,20.0,0.3374504168720121,True,conditional-laplace,True,13.725908578523944,24.632909068276312,10.907000489752368,True
t4-s2000-sd03,124,91300124,studentized,joint-map,completed,19.17940882340013,20.0,0.3374504168720121,True,conditional-studentized-curvature,True,12.862827303797015,35.37450487012865,22.51167756633164,True
t4-s2000-sd03,125,91300125,laplace,joint-map,completed,21.405597136865417,20.0,0.2461735712389287,True,conditional-laplace,True,16.33179133628968,26.47940293744115,10.147611601151471,True
t4-s2000-sd03,125,91300125,studentized,joint-map,completed,21.405597136865417,20.0,0.2461735712389287,True,conditional-studentized-curvature,True,14.759668106571922,34.647937250942526,19.888269144370604,True
t4-s2000-sd03,126,91300126,laplace,joint-map,completed,19.556738592359324,20.0,0.1552008612482133,True,conditional-laplace,True,16.651848558304692,22.46162862641395,5.809780068109259,True
t4-s2000-sd03,126,91300126,studentized,joint-map,completed,19.556738592359324,20.0,0.1552008612482133,True,conditional-studentized-curvature,True,15.31744998672485,26.51657449669284,11.19912450996799,True
t4-s2000-sd03,127,91300127,laplace,joint-map,completed,20.044597701361045,20.0,0.1565090665629976,True,conditional-laplace,True,16.982888210447477,23.106307192274613,6.123418981827136,True
t4-s2000-sd03,127,91300127,studentized,joint-map,completed,20.044597701361045,20.0,0.1565090665629976,True,conditional-studentized-curvature,True,15.574187801072243,27.362879122235675,11.788691321163432,True
t4-s2000-sd03,128,91300128,laplace,joint-map,completed,18.04399710855706,20.0,0.3162146975920179,True,conditional-laplace,True,13.530945347828007,22.55704886928612,9.02610352145811,True
t4-s2000-sd03,128,91300128,studentized,joint-map,completed,18.04399710855706,20.0,0.3162146975920179,True,conditional-studentized-curvature,True,12.699165364101724,31.38053261111283,18.681367247011103,True
t4-s2000-sd03,129,91300129,laplace,joint-map,completed,21.83405197809837,20.0,0.4624351456274045,True,conditional-laplace,True,12.39390942894724,31.27419452724949,18.88028509830225,True
t4-s2000-sd03,129,91300129,studentized,joint-map,completed,21.83405197809837,20.0,0.4624351456274045,True,conditional-studentized-curvature,True,12.370702373137837,51.27854042096945,38.90783804783161,True
t4-s2000-sd03,130,91300130,laplace,joint-map,completed,29.546888793932823,20.0,0.3378037424392086,True,conditional-laplace,True,18.00893091641593,41.08484667144971,23.07591575503378,True
t4-s2000-sd03,130,91300130,studentized,joint-map,completed,29.546888793932823,20.0,0.3378037424392086,True,conditional-studentized-curvature,True,15.689456072746474,57.95740052972973,42.26794445698326,True
t4-s2000-sd03,131,91300131,laplace,joint-map,completed,23.052552998693237,20.0,0.3231820804962408,True,conditional-laplace,True,15.635437598782504,30.469668398603964,14.83423079982146,True
t4-s2000-sd03,131,91300131,studentized,joint-map,completed,23.052552998693237,20.0,0.3231820804962408,True,conditional-studentized-curvature,True,14.186590254433897,43.3887395995187,29.20214934508481,True
t4-s2000-sd03,132,91300132,laplace,joint-map,completed,21.98671411926677,20.0,0.0892044248698162,True,conditional-laplace,True,19.486543819022643,24.4868844195109,5.000340600488258,True
t4-s2000-sd03,132,91300132,studentized,joint-map,completed,21.98671411926677,20.0,0.0892044248698162,True,conditional-studentized-curvature,True,18.02220399604054,27.4923941950088,9.47019019896826,True
t4-s2000-sd03,133,91300133,laplace,joint-map,completed,21.45569283003564,20.0,0.0937660120204052,True,conditional-laplace,True,18.98089408308515,23.93049157698613,4.949597493900985,True
t4-s2000-sd03,133,91300133,studentized,joint-map,completed,21.45569283003564,20.0,0.0937660120204052,True,conditional-studentized-curvature,True,17.559343415277517,26.94750318723326,9.388159771955742,True
t4-s2000-sd03,134,91300134,laplace,joint-map,completed,19.453582982495384,20.0,0.1965319641312875,True,conditional-laplace,True,15.992869036604226,22.91429692838654,6.921427891782315,True
t4-s2000-sd03,134,91300134,studentized,joint-map,completed,19.453582982495384,20.0,0.1965319641312875,True,conditional-studentized-curvature,True,14.65236962449982,28.15560004697046,13.503230422470638,True
t4-s2000-sd03,135,91300135,laplace,joint-map,completed,20.023879864638072,20.0,0.5156971306673611,True,conditional-laplace,True,11.10364010602715,28.944119623248994,17.840479517221844,True
t4-s2000-sd03,135,91300135,studentized,joint-map,completed,20.023879864638072,20.0,0.5156971306673611,True,conditional-studentized-curvature,True,11.692917233797903,50.53390690658066,38.840989672782754,True
t4-s2000-sd03,136,91300136,laplace,joint-map,completed,24.66209085713684,20.0,0.2041287310190558,True,conditional-laplace,True,19.152171554637928,30.17201015963575,11.019838604997824,True
t4-s2000-sd03,136,91300136,studentized,joint-map,completed,24.66209085713684,20.0,0.2041287310190558,True,conditional-studentized-curvature,True,16.964614687773324,37.998421351482754,21.03380666370943,True
t4-s2000-sd03,137,91300137,laplace,joint-map,completed,26.81381238489528,20.0,0.1032174408222662,True,conditional-laplace,True,23.048430653207756,30.5791941165828,7.530763463375045,False
t4-s2000-sd03,137,91300137,studentized,joint-map,completed,26.81381238489528,20.0,0.1032174408222662,True,conditional-studentized-curvature,True,20.85029001661565,35.01894050066901,14.16865048405336,False
t4-s2000-sd03,138,91300138,laplace,marginal,completed,16.36238626110326,20.0,0.1253584401005115,True,conditional-laplace,True,14.62249102112638,18.10228150108014,3.47979047995376,False
t4-s2000-sd03,138,91300138,studentized,marginal,completed,16.36238626110326,20.0,0.1253584401005115,True,conditional-studentized-curvature,True,13.548896332558728,21.11946455969705,7.570568227138322,True
t4-s2000-sd03,139,91300139,laplace,joint-map,completed,19.1214264616226,20.0,0.2891608361074494,True,conditional-laplace,True,14.419864125131248,23.822988798113943,9.403124672982695,True
t4-s2000-sd03,139,91300139,studentized,joint-map,completed,19.1214264616226,20.0,0.2891608361074494,True,conditional-studentized-curvature,True,13.334527087198008,32.36008581079545,19.02555872359744,True
t4-s2000-sd03,140,91300140,laplace,joint-map,completed,22.34403117343259,20.0,0.4133972731748747,True,conditional-laplace,True,13.494477728497976,31.193584618367204,17.699106889869228,True
t4-s2000-sd03,140,91300140,studentized,joint-map,completed,22.34403117343259,20.0,0.4133972731748747,True,conditional-studentized-curvature,True,12.915252336286816,48.71202212934577,35.79676979305896,True
t4-s2000-sd03,141,91300141,laplace,joint-map,completed,16.592560105578787,20.0,0.2358182532872197,True,conditional-laplace,True,13.709868142054235,19.475252069103338,5.765383927049102,False
t4-s2000-sd03,141,91300141,studentized,joint-map,completed,16.592560105578787,20.0,0.2358182532872197,True,conditional-studentized-curvature,True,12.844157377437655,24.4614024789146,11.617245101476945,True
t4-s2000-sd03,142,91300142,laplace,joint-map,completed,23.635770417693017,20.0,0.3920522429211002,True,conditional-laplace,True,14.327143407937552,32.94439742744848,18.617254019510927,True
t4-s2000-sd03,142,91300142,studentized,joint-map,completed,23.635770417693017,20.0,0.3920522429211002,True,conditional-studentized-curvature,True,13.420414388196914,50.195875894580986,36.77546150638408,True
t4-s2000-sd03,143,91300143,laplace,joint-map,completed,20.690566141792107,20.0,0.3307013899420901,True,conditional-laplace,True,14.489213527281589,26.891918756302623,12.402705229021038,True
t4-s2000-sd03,143,91300143,studentized,joint-map,completed,20.690566141792107,20.0,0.3307013899420901,True,conditional-studentized-curvature,True,13.39780353605935,38.48711413624366,25.089310600184312,True
t4-s2000-sd03,144,91300144,laplace,joint-map,completed,24.095853714261924,20.0,0.2192438710819703,True,conditional-laplace,True,18.523034915150543,29.668672513373306,11.145637598222756,True
t4-s2000-sd03,144,91300144,studentized,joint-map,completed,24.095853714261924,20.0,0.2192438710819703,True,conditional-studentized-curvature,True,16.443222353182076,37.81220803735402,21.368985684171943,True
t4-s2000-sd03,145,91300145,laplace,joint-map,completed,17.879486172150457,20.0,0.0788106080254694,True,conditional-laplace,True,16.24833825412391,19.510634090177007,3.262295836053095,False
t4-s2000-sd03,145,91300145,studentized,joint-map,completed,17.879486172150457,20.0,0.0788106080254694,True,conditional-studentized-curvature,True,15.310543538430071,21.522067244965708,6.211523706535637,True
t4-s2000-sd03,146,91300146,laplace,joint-map,completed,21.407391047533466,20.0,0.2626221709204709,True,conditional-laplace,True,16.0742481364628,26.740533958604125,10.666285822141326,True
t4-s2000-sd03,146,91300146,studentized,joint-map,completed,21.407391047533466,20.0,0.2626221709204709,True,conditional-studentized-curvature,True,14.545701330457725,35.53206845583305,20.986367125375324,True
t4-s2000-sd03,147,91300147,laplace,joint-map,completed,21.80012829863908,20.0,0.2714905303788763,True,conditional-laplace,True,16.09530237344408,27.504954223834076,11.409651850389992,True
t4-s2000-sd03,147,91300147,studentized,joint-map,completed,21.80012829863908,20.0,0.2714905303788763,True,conditional-studentized-curvature,True,14.54322221324257,36.98784661983574,22.44462440659317,True
t4-s2000-sd03,148,91300148,laplace,joint-map,completed,16.704929229576685,20.0,0.2372600203155901,True,conditional-laplace,True,13.792104096675049,19.617754362478323,5.825650265803274,False
t4-s2000-sd03,148,91300148,studentized,joint-map,completed,16.704929229576685,20.0,0.2372600203155901,True,conditional-studentized-curvature,True,12.907622091112504,24.62848150789246,11.720859416779955,True
t4-s2000-sd03,149,91300149,laplace,joint-map,completed,20.4862754086921,20.0,0.162591632412958,True,conditional-laplace,True,17.17960598884511,23.79294482853909,6.613338839693981,True
t4-s2000-sd03,149,91300149,studentized,joint-map,completed,20.4862754086921,20.0,0.162591632412958,True,conditional-studentized-curvature,True,15.693910978625103,28.4304143063686,12.736503327743494,True
t4-s2000-sd03,150,91300150,laplace,marginal,completed,14.402782391546676,20.0,0.3004687110885914,True,conditional-laplace,True,11.996391603028451,16.8091731800649,4.812781577036446,False
t4-s2000-sd03,150,91300150,studentized,marginal,completed,14.402782391546676,20.0,0.3004687110885914,True,conditional-studentized-curvature,True,11.366763600178071,23.179928564880075,11.813164964702002,True
t4-s2000-sd03,151,91300151,laplace,joint-map,completed,21.277624641922536,20.0,0.1867673184400367,True,conditional-laplace,True,17.33038502298786,25.22486426085721,7.894479237869351,True
t4-s2000-sd03,151,91300151,studentized,joint-map,completed,21.277624641922536,20.0,0.1867673184400367,True,conditional-studentized-curvature,True,15.703016716833815,30.947258981656816,15.244242264823,True
t4-s2000-sd03,152,91300152,laplace,joint-map,completed,20.19207574192996,20.0,0.2023964552259649,True,conditional-laplace,True,16.33663570608856,24.04751577777136,7.710880071682798,True
t4-s2000-sd03,152,91300152,studentized,joint-map,completed,20.19207574192996,20.0,0.2023964552259649,True,conditional-studentized-curvature,True,14.885025786389036,29.915611796278625,15.030586009889586,True
t4-s2000-sd03,153,91300153,laplace,joint-map,completed,23.775499248189465,20.0,0.2965160882684261,True,conditional-laplace,True,16.57545684736365,30.97554164901528,14.400084801651628,True
t4-s2000-sd03,153,91300153,studentized,joint-map,completed,23.775499248189465,20.0,0.2965160882684261,True,conditional-studentized-curvature,True,14.838901687825237,42.85004004919392,28.011138361368687,True
t4-s2000-sd03,154,91300154,laplace,joint-map,completed,22.6811913362131,20.0,0.3474578923075813,True,conditional-laplace,True,14.96941174356528,30.39297092886092,15.42355918529564,True
t4-s2000-sd03,154,91300154,studentized,joint-map,completed,22.6811913362131,20.0,0.3474578923075813,True,conditional-studentized-curvature,True,13.751737212696565,44.38943575001063,30.637698537314066,True
t4-s2000-sd03,155,91300155,laplace,joint-map,completed,19.453245884120733,20.0,0.3888897524834573,True,conditional-laplace,True,13.027129669064172,25.879362099177293,12.85223243011312,True
t4-s2000-sd03,155,91300155,studentized,joint-map,completed,19.453245884120733,20.0,0.3888897524834573,True,conditional-studentized-curvature,True,12.472814061460456,39.49774819044619,27.02493412898573,True
t4-s2000-sd03,156,91300156,laplace,joint-map,completed,20.95269083185114,20.0,0.1865606035287823,True,conditional-laplace,True,17.147477938808585,24.75790372489369,7.610425786085106,True
t4-s2000-sd03,156,91300156,studentized,joint-map,completed,20.95269083185114,20.0,0.1865606035287823,True,conditional-studentized-curvature,True,15.572203652425562,30.2805562553116,14.70835260288604,True
t4-s2000-sd03,157,91300157,laplace,joint-map,completed,22.448744884104265,20.0,0.2708232375500615,True,conditional-laplace,True,16.46640013517036,28.43108963303817,11.964689497867807,True
t4-s2000-sd03,157,91300157,studentized,joint-map,completed,22.448744884104265,20.0,0.2708232375500615,True,conditional-studentized-curvature,True,14.806488041213798,38.21745859056825,23.41097054935445,True
t4-s2000-sd03,158,91300158,laplace,joint-map,completed,18.83433895874485,20.0,0.1462836799035706,True,conditional-laplace,True,16.236930382001802,21.4317475354879,5.194817153486099,True
t4-s2000-sd03,158,91300158,studentized,joint-map,completed,18.83433895874485,20.0,0.1462836799035706,True,conditional-studentized-curvature,True,15.019479508182092,25.035555700030727,10.016076191848637,True
t4-s2000-sd03,159,91300159,laplace,joint-map,completed,20.51557716015827,20.0,0.2401214595173288,True,conditional-laplace,True,15.96304592475386,25.06810839556268,9.105062470808823,True
t4-s2000-sd03,159,91300159,studentized,joint-map,completed,20.51557716015827,20.0,0.2401214595173288,True,conditional-studentized-curvature,True,14.511281521660774,32.415877145192894,17.90459562353212,True
t4-s2000-sd03,160,91300160,laplace,joint-map,completed,19.769024587504376,20.0,0.23256991819473,True,conditional-laplace,True,15.64139515821453,23.896654016794223,8.255258858579692,True
t4-s2000-sd03,160,91300160,studentized,joint-map,completed,19.769024587504376,20.0,0.23256991819473,True,conditional-studentized-curvature,True,14.2913751997749,30.561201838323605,16.269826638548704,True
t4-s2000-sd03,161,91300161,laplace,joint-map,completed,24.044219252092983,20.0,0.2130089226946814,True,conditional-laplace,True,18.57882657203233,29.509611932153632,10.930785360121302,True
t4-s2000-sd03,161,91300161,studentized,joint-map,completed,24.044219252092983,20.0,0.2130089226946814,True,conditional-studentized-curvature,True,16.50336933067987,37.45391128963456,20.95054195895469,True
t4-s2000-sd03,162,91300162,laplace,marginal,completed,18.22329139731734,20.0,0.0001234098040866,True,unavailable-active-bound-use-profile-or-bootstrap,False,,,,False
t4-s2000-sd03,162,91300162,studentized,marginal,completed,18.22329139731734,20.0,0.0001234098040866,True,unavailable-active-bound-use-profile-or-bootstrap,False,,,,False
t4-s2000-sd03,163,91300163,laplace,joint-map,completed,30.186109342007757,20.0,0.0727702094991128,True,conditional-laplace,True,26.52764727497056,33.844571409044946,7.316924134074387,False
t4-s2000-sd03,163,91300163,studentized,joint-map,completed,30.186109342007757,20.0,0.0727702094991128,True,conditional-studentized-curvature,True,24.15178257278435,37.848747875336166,13.696965302551815,False
t4-s2000-sd03,164,91300164,laplace,joint-map,completed,19.89629573099929,20.0,0.1466830787271545,True,conditional-laplace,True,17.01537790317017,22.77721355882841,5.7618356556582455,True
t4-s2000-sd03,164,91300164,studentized,joint-map,completed,19.89629573099929,20.0,0.1466830787271545,True,conditional-studentized-curvature,True,15.644271493176788,26.71674024649039,11.0724687533136,True
t4-s2000-sd03,165,91300165,laplace,joint-map,completed,16.694290029149613,20.0,0.1849929403439817,True,conditional-laplace,True,14.270863146651454,19.11771691164777,4.846853764996318,False
t4-s2000-sd03,165,91300165,studentized,joint-map,completed,16.694290029149613,20.0,0.1849929403439817,True,conditional-studentized-curvature,True,13.344730454857023,22.89893204923935,9.554201594382326,True
t4-s2000-sd03,166,91300166,laplace,marginal,completed,20.750748114400885,20.0,0.1459859177757107,True,conditional-laplace,True,17.625801892210777,23.87569433659099,6.249892444380212,True
t4-s2000-sd03,166,91300166,studentized,marginal,completed,20.750748114400885,20.0,0.1459859177757107,True,conditional-studentized-curvature,True,15.723113325353486,29.18940165525472,13.46628832990123,True
t4-s2000-sd03,167,91300167,laplace,joint-map,completed,21.176399972912,20.0,0.2557489190334185,True,conditional-laplace,True,16.056582353329087,26.29621759249492,10.239635239165832,True
t4-s2000-sd03,167,91300167,studentized,joint-map,completed,21.176399972912,20.0,0.2557489190334185,True,conditional-studentized-curvature,True,14.544516966780945,34.69008816639897,20.14557119961803,True
t4-s2000-sd03,168,91300168,laplace,joint-map,completed,21.17077991804177,20.0,0.1534779453205396,True,conditional-laplace,True,17.852384974274354,24.48917486180919,6.636789887534835,True
t4-s2000-sd03,168,91300168,studentized,joint-map,completed,21.17077991804177,20.0,0.1534779453205396,True,conditional-studentized-curvature,True,16.281374603530253,29.00223220483128,12.720857601301027,True
t4-s2000-sd03,169,91300169,laplace,joint-map,completed,19.39293281197125,20.0,0.156720921188307,True,conditional-laplace,True,16.507829036068927,22.27803658787357,5.770207551804646,True
t4-s2000-sd03,169,91300169,studentized,joint-map,completed,19.39293281197125,20.0,0.156720921188307,True,conditional-studentized-curvature,True,15.195135329484463,26.32952530711236,11.1343899776279,True
t4-s2000-sd03,170,91300170,laplace,joint-map,completed,21.884346232631785,20.0,0.434786210435036,True,conditional-laplace,True,12.928507100394228,30.84018536486934,17.91167826447511,True
t4-s2000-sd03,170,91300170,studentized,joint-map,completed,21.884346232631785,20.0,0.434786210435036,True,conditional-studentized-curvature,True,12.610505645435136,49.2910510667539,36.68054542131877,True
t4-s2000-sd03,171,91300171,laplace,marginal,completed,17.605226993443402,20.0,0.2339331278972921,True,conditional-laplace,True,14.33712688406112,20.873327102825684,6.536200218764563,True
t4-s2000-sd03,171,91300171,studentized,marginal,completed,17.605226993443402,20.0,0.2339331278972921,True,conditional-studentized-curvature,True,13.001976833666014,27.821193419116863,14.81921658545085,True
t4-s2000-sd03,172,91300172,laplace,marginal,completed,16.13839346137039,20.0,0.2077616027000171,True,conditional-laplace,True,13.725677546771848,18.551109375968935,4.825431829197092,False
t4-s2000-sd03,172,91300172,studentized,marginal,completed,16.13839346137039,20.0,0.2077616027000171,True,conditional-studentized-curvature,True,12.641070861983552,23.54863601052616,10.907565148542604,True
t4-s2000-sd03,173,91300173,laplace,joint-map,completed,26.64523765053406,20.0,0.1898164056693116,True,conditional-laplace,True,20.75189241359708,32.538582887471044,11.786690473873968,False
t4-s2000-sd03,173,91300173,studentized,joint-map,completed,26.64523765053406,20.0,0.1898164056693116,True,conditional-studentized-curvature,True,18.218668335532616,40.49040017743341,22.27173184190079,True
t4-s2000-sd03,174,91300174,laplace,joint-map,completed,23.840378198229057,20.0,0.1367645673607707,True,conditional-laplace,True,20.000790983833543,27.67996541262457,7.679174428791029,False
t4-s2000-sd03,174,91300174,studentized,joint-map,completed,23.840378198229057,20.0,0.1367645673607707,True,conditional-studentized-curvature,True,18.05391235379958,32.63583866914824,14.581926315348664,True
t4-s2000-sd03,175,91300175,laplace,joint-map,completed,18.99426159241536,20.0,0.1109911813346811,True,conditional-laplace,True,16.864921865628432,21.123601319202287,4.258679453573855,True
t4-s2000-sd03,175,91300175,studentized,joint-map,completed,18.99426159241536,20.0,0.1109911813346811,True,conditional-studentized-curvature,True,15.715083573311666,23.845868519714053,8.130784946402386,True
t4-s2000-sd03,176,91300176,laplace,joint-map,completed,18.704328080015973,20.0,0.1501088560337721,True,conditional-laplace,True,16.10180038387859,21.306855776153355,5.205055392274765,True
t4-s2000-sd03,176,91300176,studentized,joint-map,completed,18.704328080015973,20.0,0.1501088560337721,True,conditional-studentized-curvature,True,14.898661954284574,24.947246647707573,10.048584693423,True
t4-s2000-sd03,177,91300177,laplace,joint-map,completed,21.61657282726101,20.0,0.1875168802968277,True,conditional-laplace,True,17.559027681904716,25.674117972617307,8.11509029071259,True
t4-s2000-sd03,177,91300177,studentized,joint-map,completed,21.61657282726101,20.0,0.1875168802968277,True,conditional-studentized-curvature,True,15.87759896873836,31.525306668981543,15.64770770024318,True
t4-s2000-sd03,178,91300178,laplace,joint-map,completed,19.983512600256383,20.0,0.2558825718918565,True,conditional-laplace,True,15.420578846344862,24.546446354167895,9.125867507823036,True
t4-s2000-sd03,178,91300178,studentized,joint-map,completed,19.983512600256383,20.0,0.2558825718918565,True,conditional-studentized-curvature,True,14.088496427263282,32.18352990838726,18.095033481123977,True
t4-s2000-sd03,179,91300179,laplace,joint-map,completed,18.833452609561483,20.0,0.1846442395135121,True,conditional-laplace,True,15.777177533098875,21.88972768602409,6.11255015292522,True
t4-s2000-sd03,179,91300179,studentized,joint-map,completed,18.833452609561483,20.0,0.1846442395135121,True,conditional-studentized-curvature,True,14.53080353120364,26.43632219346189,11.905518662258254,True
t4-s2000-sd03,180,91300180,laplace,joint-map,completed,19.233692338338024,20.0,0.2987007869132049,True,conditional-laplace,True,14.33409889070441,24.133285785971637,9.799186895267225,True
t4-s2000-sd03,180,91300180,studentized,joint-map,completed,19.233692338338024,20.0,0.2987007869132049,True,conditional-studentized-curvature,True,13.272199311021984,33.15630952596938,19.88411021494739,True
t4-s2000-sd03,181,91300181,laplace,joint-map,completed,22.886552527081378,20.0,0.4986293195946538,True,conditional-laplace,True,11.799841010253962,33.9732640439088,22.173423033654835,True
t4-s2000-sd03,181,91300181,studentized,joint-map,completed,22.886552527081378,20.0,0.4986293195946538,True,conditional-studentized-curvature,True,12.232204357323976,57.102630378045816,44.87042602072184,True
t4-s2000-sd03,182,91300182,laplace,joint-map,completed,23.23777245900888,20.0,0.3248120695584702,True,conditional-laplace,True,15.683765737190058,30.7917791808277,15.108013443637642,True
t4-s2000-sd03,182,91300182,studentized,joint-map,completed,23.23777245900888,20.0,0.3248120695584702,True,conditional-studentized-curvature,True,14.219604364307836,43.91042083763594,29.690816473328105,True
t4-s2000-sd03,183,91300183,laplace,joint-map,completed,20.602359857580964,20.0,0.4304792834516039,True,conditional-laplace,True,12.691545944326512,28.513173770835422,15.82162782650891,True
t4-s2000-sd03,183,91300183,studentized,joint-map,completed,20.602359857580964,20.0,0.4304792834516039,True,conditional-studentized-curvature,True,12.395719239766787,45.52215078269343,33.12643154292664,True
t4-s2000-sd03,184,91300184,laplace,marginal,completed,16.771587325503198,20.0,0.2275073602142104,True,conditional-laplace,True,13.933841618027902,19.60933303297849,5.675491414950589,False
t4-s2000-sd03,184,91300184,studentized,marginal,completed,16.771587325503198,20.0,0.2275073602142104,True,conditional-studentized-curvature,True,12.74572204958628,25.642098774820347,12.896376725234068,True
t4-s2000-sd03,185,91300185,laplace,joint-map,completed,19.160454567616505,20.0,0.2917642663294249,True,conditional-laplace,True,14.39945717502396,23.921451960209048,9.521994785185086,True
t4-s2000-sd03,185,91300185,studentized,joint-map,completed,19.160454567616505,20.0,0.2917642663294249,True,conditional-studentized-curvature,True,13.319384103878528,32.60008810295118,19.280703999072657,True
t4-s2000-sd03,186,91300186,laplace,joint-map,completed,18.666040388652497,20.0,0.1037170504077299,True,conditional-laplace,True,16.655689365619356,20.67639141168564,4.02070204606628,True
t4-s2000-sd03,186,91300186,studentized,joint-map,completed,18.666040388652497,20.0,0.1037170504077299,True,conditional-studentized-curvature,True,15.560023210557748,23.235218224460368,7.67519501390262,True
t4-s2000-sd03,187,91300187,laplace,joint-map,completed,21.61897915095481,20.0,0.2215728945070185,True,conditional-laplace,True,16.947494641951025,26.2904636599586,9.342969018007576,True
t4-s2000-sd03,187,91300187,studentized,joint-map,completed,21.61897915095481,20.0,0.2215728945070185,True,conditional-studentized-curvature,True,15.284555925185078,33.44494642421766,18.160390499032584,True
t4-s2000-sd03,188,91300188,laplace,marginal,completed,16.946378343224936,20.0,0.1133259219186422,True,conditional-laplace,True,15.222152088561288,18.670604597888584,3.4484525093272964,False
t4-s2000-sd03,188,91300188,studentized,marginal,completed,16.946378343224936,20.0,0.1133259219186422,True,conditional-studentized-curvature,True,14.088624541135088,21.53341480124681,7.444790260111722,True
t4-s2000-sd03,189,91300189,laplace,joint-map,completed,23.00754838904837,20.0,0.3403493598867753,True,conditional-laplace,True,15.262874168632449,30.75222260946429,15.489348440831847,True
t4-s2000-sd03,189,91300189,studentized,joint-map,completed,23.00754838904837,20.0,0.3403493598867753,True,conditional-studentized-curvature,True,13.942882523881238,44.54613084827848,30.60324832439724,True
t4-s2000-sd03,190,91300190,laplace,joint-map,completed,28.09122644042374,20.0,0.2093312364511562,True,conditional-laplace,True,21.249876133064276,34.93257674778321,13.682700614718936,False
t4-s2000-sd03,190,91300190,studentized,joint-map,completed,28.09122644042374,20.0,0.2093312364511562,True,conditional-studentized-curvature,True,18.44758114452319,44.13581116595596,25.68823002143277,True
t4-s2000-sd03,191,91300191,laplace,marginal,completed,17.998286531229176,20.0,0.1398487809512316,True,conditional-laplace,True,15.727172155353168,20.26940090710518,4.542228751752012,True
t4-s2000-sd03,191,91300191,studentized,marginal,completed,17.998286531229176,20.0,0.1398487809512316,True,conditional-studentized-curvature,True,14.34710772005394,24.207452070338675,9.860344350284734,True
t4-s2000-sd03,192,91300192,laplace,joint-map,completed,16.87484666744205,20.0,0.1682601132635626,True,conditional-laplace,True,14.597375567028838,19.15231776785526,4.554942200826421,False
t4-s2000-sd03,192,91300192,studentized,joint-map,completed,16.87484666744205,20.0,0.1682601132635626,True,conditional-studentized-curvature,True,13.645517125298472,22.54911859131168,8.903601466013207,True
t4-s2000-sd03,193,91300193,laplace,joint-map,completed,25.941809350050043,20.0,0.1104830582900715,True,conditional-laplace,True,22.22174589347953,29.661872806620558,7.440126913141025,False
t4-s2000-sd03,193,91300193,studentized,joint-map,completed,25.941809350050043,20.0,0.1104830582900715,True,conditional-studentized-curvature,True,20.105713937419072,34.130328921873854,14.024614984454782,False
t4-s2000-sd03,194,91300194,laplace,marginal,completed,17.71715696090594,20.0,0.1450777742118824,True,conditional-laplace,True,15.449458724860223,19.984855196951653,4.535396472091428,False
t4-s2000-sd03,194,91300194,studentized,marginal,completed,17.71715696090594,20.0,0.1450777742118824,True,conditional-studentized-curvature,True,14.106777820571814,23.9847444883687,9.877966667796889,True
t4-s2000-sd03,195,91300195,laplace,marginal,completed,26.346923083104173,20.0,0.3696970404077644,True,conditional-laplace,True,15.728949368835424,36.96489679737293,21.235947428537507,True
t4-s2000-sd03,195,91300195,studentized,marginal,completed,26.346923083104173,20.0,0.3696970404077644,True,conditional-studentized-curvature,True,13.631067707600735,58.55765858214679,44.92659087454605,True
t4-s2000-sd03,196,91300196,laplace,joint-map,completed,20.943648742919287,20.0,0.0899212835670689,True,conditional-laplace,True,18.662017589004392,23.225279896834184,4.563262307829792,True
t4-s2000-sd03,196,91300196,studentized,joint-map,completed,20.943648742919287,20.0,0.0899212835670689,True,conditional-studentized-curvature,True,17.333151358800688,25.987984604598648,8.65483324579796,True
t4-s2000-sd03,197,91300197,laplace,joint-map,completed,23.84991011601238,20.0,0.4532308913272229,True,conditional-laplace,True,12.9989440065156,34.70087622550916,21.70193221899356,True
t4-s2000-sd03,197,91300197,studentized,joint-map,completed,23.84991011601238,20.0,0.4532308913272229,True,conditional-studentized-curvature,True,12.794722104987438,55.71267619047877,42.91795408549134,True
t4-s2000-sd03,198,91300198,laplace,joint-map,completed,21.78984311946302,20.0,0.1200425101163672,True,conditional-laplace,True,18.879749645833204,24.69993659309284,5.820186947259632,True
t4-s2000-sd03,198,91300198,studentized,joint-map,completed,21.78984311946302,20.0,0.1200425101163672,True,conditional-studentized-curvature,True,17.3176870593774,28.38732050607957,11.06963344670217,True
t4-s2000-sd03,199,91300199,laplace,joint-map,completed,21.83749848884684,20.0,0.4019502723100331,True,conditional-laplace,True,13.567081901262808,30.107915076430874,16.540833175168068,True
t4-s2000-sd03,199,91300199,studentized,joint-map,completed,21.83749848884684,20.0,0.4019502723100331,True,conditional-studentized-curvature,True,12.91831835019755,46.568866638052775,33.65054828785522,True
t4-s2000-sd01,0,91310000,laplace,joint-map,completed,19.848734232120968,20.0,0.0913348911028847,True,conditional-laplace,True,17.733900920675172,21.963567543566764,4.2296666228915925,True
t4-s2000-sd01,0,91310000,studentized,joint-map,completed,19.848734232120968,20.0,0.0913348911028847,True,conditional-studentized-curvature,True,16.526566387505838,24.56685505269748,8.040288665191643,True
t4-s2000-sd01,1,91310001,laplace,joint-map,completed,21.20590579375586,20.0,0.1438394873604555,True,conditional-laplace,True,18.035622101434097,24.376189486077628,6.340567384643531,True
t4-s2000-sd01,1,91310001,studentized,joint-map,completed,21.20590579375586,20.0,0.1438394873604555,True,conditional-studentized-curvature,True,16.4805679429444,28.609050751551,12.128482808606597,True
t4-s2000-sd01,2,91310002,laplace,joint-map,completed,23.108836402506896,20.0,0.1242472817171717,True,conditional-laplace,True,19.765191315280788,26.452481489733,6.687290174452212,True
t4-s2000-sd01,2,91310002,studentized,joint-map,completed,23.108836402506896,20.0,0.1242472817171717,True,conditional-studentized-curvature,True,17.988417662892235,30.683589643049643,12.695171980157408,True
t4-s2000-sd01,3,91310003,laplace,joint-map,completed,20.548105349328345,20.0,0.0987043533788172,True,conditional-laplace,True,18.189936060965596,22.90627463769109,4.716338576725498,True
t4-s2000-sd01,3,91310003,studentized,joint-map,completed,20.548105349328345,20.0,0.0987043533788172,True,conditional-studentized-curvature,True,16.865081636476617,25.830767023484107,8.96568538700749,True
t4-s2000-sd01,4,91310004,laplace,joint-map,completed,22.56467446870013,20.0,0.1435725436388031,True,conditional-laplace,True,19.01683628537389,26.11251265202636,7.095676366652469,True
t4-s2000-sd01,4,91310004,studentized,joint-map,completed,22.56467446870013,20.0,0.1435725436388031,True,conditional-studentized-curvature,True,17.2563524873675,30.780977717269263,13.524625229901766,True
t4-s2000-sd01,5,91310005,laplace,joint-map,completed,18.7417156725824,20.0,0.240347342977852,True,conditional-laplace,True,14.92410932793617,22.559322017228634,7.635212689292464,True
t4-s2000-sd01,5,91310005,studentized,joint-map,completed,18.7417156725824,20.0,0.240347342977852,True,conditional-studentized-curvature,True,13.746709558182207,28.93411012694401,15.187400568761795,True
t4-s2000-sd01,6,91310006,laplace,joint-map,completed,19.813283728051665,20.0,0.1041545709102794,True,conditional-laplace,True,17.560992237302052,22.06557521880128,4.5045829814992295,True
t4-s2000-sd01,6,91310006,studentized,joint-map,completed,19.813283728051665,20.0,0.1041545709102794,True,conditional-studentized-curvature,True,16.318096034633438,24.8977914901472,8.579695455513757,True
t4-s2000-sd01,7,91310007,laplace,joint-map,completed,20.797731883963383,20.0,0.1117642306749277,True,conditional-laplace,True,18.196281643789355,23.39918212413741,5.202900480348056,True
t4-s2000-sd01,7,91310007,studentized,joint-map,completed,20.797731883963383,20.0,0.1117642306749277,True,conditional-studentized-curvature,True,16.78967965931879,26.697032963788335,9.907353304469549,True
t4-s2000-sd01,8,91310008,laplace,joint-map,completed,22.75307315720822,20.0,0.0982685800620454,True,conditional-laplace,True,19.985071996741947,25.521074317674497,5.53600232093255,True
t4-s2000-sd01,8,91310008,studentized,joint-map,completed,22.75307315720822,20.0,0.0982685800620454,True,conditional-studentized-curvature,True,18.386569471187677,28.8674409073682,10.480871436180523,True
t4-s2000-sd01,9,91310009,laplace,marginal,completed,21.289402456450908,20.0,0.0001234098040866,True,unavailable-active-bound-use-profile-or-bootstrap,False,,,,False
t4-s2000-sd01,9,91310009,studentized,marginal,completed,21.289402456450908,20.0,0.0001234098040866,True,unavailable-active-bound-use-profile-or-bootstrap,False,,,,False
t4-s2000-sd01,10,91310010,laplace,joint-map,completed,21.76445866091065,20.0,0.0874154209266424,True,conditional-laplace,True,19.32010742568204,24.208809896139268,4.888702470457229,True
t4-s2000-sd01,10,91310010,studentized,joint-map,completed,21.76445866091065,20.0,0.0874154209266424,True,conditional-studentized-curvature,True,17.887725312067012,27.14863992423977,9.260914612172758,True
t4-s2000-sd01,11,91310011,laplace,joint-map,completed,20.199236542417083,20.0,0.082354157909234,True,conditional-laplace,True,18.11608920310824,22.282383881725927,4.166294678617689,True
t4-s2000-sd01,11,91310011,studentized,joint-map,completed,20.199236542417083,20.0,0.082354157909234,True,conditional-studentized-curvature,True,16.896280699973087,24.802360430340823,7.90607973036774,True
t4-s2000-sd01,12,91310012,laplace,joint-map,completed,19.7319767987035,20.0,0.2327047410457598,True,conditional-laplace,True,15.609524062898087,23.85442953450891,8.24490547161082,True
t4-s2000-sd01,12,91310012,studentized,joint-map,completed,19.7319767987035,20.0,0.2327047410457598,True,conditional-studentized-curvature,True,14.26645688754936,30.523022537281257,16.256565649731897,True
t4-s2000-sd01,13,91310013,laplace,marginal,completed,19.5976219928627,20.0,0.0001234098040866,True,unavailable-active-bound-use-profile-or-bootstrap,False,,,,False
t4-s2000-sd01,13,91310013,studentized,marginal,completed,19.5976219928627,20.0,0.0001234098040866,True,unavailable-active-bound-use-profile-or-bootstrap,False,,,,False
t4-s2000-sd01,14,91310014,laplace,joint-map,completed,20.387553880578075,20.0,0.1345821183921507,True,conditional-laplace,True,17.570462082387788,23.20464567876836,5.63418359638057,True
t4-s2000-sd01,14,91310014,studentized,joint-map,completed,20.387553880578075,20.0,0.1345821183921507,True,conditional-studentized-curvature,True,16.15685434066284,26.938087251712396,10.781232911049552,True
t4-s2000-sd01,15,91310015,laplace,joint-map,completed,19.694003733883925,20.0,0.1560003013421169,True,conditional-laplace,True,16.747458187445737,22.640549280322112,5.893091092876375,True
t4-s2000-sd01,15,91310015,studentized,joint-map,completed,19.694003733883925,20.0,0.1560003013421169,True,conditional-studentized-curvature,True,15.39245851466696,26.747661464752436,11.355202950085474,True
t4-s2000-sd01,16,91310016,laplace,joint-map,completed,20.89782311745422,20.0,0.0778685414842372,True,conditional-laplace,True,18.750927314662466,23.044718920245977,4.293791605583515,True
t4-s2000-sd01,16,91310016,studentized,joint-map,completed,20.89782311745422,20.0,0.0778685414842372,True,conditional-studentized-curvature,True,17.46890130683907,25.60332250460513,8.134421197766066,True
t4-s2000-sd01,17,91310017,laplace,joint-map,completed,21.377924094525383,20.0,0.1025807156631283,True,conditional-laplace,True,18.777893504344306,23.977954684706457,5.200061180362152,True
t4-s2000-sd01,17,91310017,studentized,joint-map,completed,21.377924094525383,20.0,0.1025807156631283,True,conditional-studentized-curvature,True,17.326314835737982,27.203899148561156,9.87758431282317,True
t4-s2000-sd01,18,91310018,laplace,joint-map,completed,18.58897800856502,20.0,0.1620380870168635,True,conditional-laplace,True,15.871005775820084,21.30695024130996,5.435944465489872,True
t4-s2000-sd01,18,91310018,studentized,joint-map,completed,18.58897800856502,20.0,0.1620380870168635,True,conditional-studentized-curvature,True,14.671880749326736,25.205091207577304,10.533210458250569,True
t4-s2000-sd01,19,91310019,laplace,joint-map,completed,21.499855823624724,20.0,0.1597586465555487,True,conditional-laplace,True,17.96144781023253,25.03826383701692,7.076816026784389,True
t4-s2000-sd01,19,91310019,studentized,joint-map,completed,21.499855823624724,20.0,0.1597586465555487,True,conditional-studentized-curvature,True,16.32650266650903,29.89761067635137,13.57110800984234,True
t4-s2000-sd01,20,91310020,laplace,marginal,completed,20.29565375988755,20.0,0.0001234098040866,True,unavailable-active-bound-use-profile-or-bootstrap,False,,,,False
t4-s2000-sd01,20,91310020,studentized,marginal,completed,20.29565375988755,20.0,0.0001234098040866,True,unavailable-active-bound-use-profile-or-bootstrap,False,,,,False
t4-s2000-sd01,21,91310021,laplace,marginal,completed,17.32452514029396,20.0,0.0001234098040866,True,unavailable-active-bound-use-profile-or-bootstrap,False,,,,False
t4-s2000-sd01,21,91310021,studentized,marginal,completed,17.32452514029396,20.0,0.0001234098040866,True,unavailable-active-bound-use-profile-or-bootstrap,False,,,,False
t4-s2000-sd01,22,91310022,laplace,joint-map,completed,20.026229419441123,20.0,0.1224505813232656,True,conditional-laplace,True,17.45220654695568,22.60025229192657,5.148045744970887,True
t4-s2000-sd01,22,91310022,studentized,joint-map,completed,20.026229419441123,20.0,0.1224505813232656,True,conditional-studentized-curvature,True,16.11794377183348,25.956289028186607,9.838345256353126,True
t4-s2000-sd01,23,91310023,laplace,marginal,completed,18.60838823260822,20.0,0.0001234098040866,True,unavailable-active-bound-use-profile-or-bootstrap,False,,,,False
t4-s2000-sd01,23,91310023,studentized,marginal,completed,18.60838823260822,20.0,0.0001234098040866,True,unavailable-active-bound-use-profile-or-bootstrap,False,,,,False
t4-s2000-sd01,24,91310024,laplace,joint-map,completed,19.942106038540736,20.0,0.0753633502467401,True,conditional-laplace,True,17.965166198677164,21.9190458784043,3.9538796797271374,True
t4-s2000-sd01,24,91310024,studentized,joint-map,completed,19.942106038540736,20.0,0.0753633502467401,True,conditional-studentized-curvature,True,16.79519940185045,24.29597025221456,7.500770850364109,True
t4-s2000-sd01,25,91310025,laplace,joint-map,completed,19.94916623050451,20.0,0.0797290950497329,True,conditional-laplace,True,17.954588607615463,21.943743853393556,3.9891552457780897,True
t4-s2000-sd01,25,91310025,studentized,joint-map,completed,19.94916623050451,20.0,0.0797290950497329,True,conditional-studentized-curvature,True,16.778392466985647,24.347447110446687,7.56905464346104,True
t4-s2000-sd01,26,91310026,laplace,joint-map,completed,22.440988273366685,20.0,0.0969040261450863,True,conditional-laplace,True,19.711470219976597,25.17050632675678,5.459036106780186,True
t4-s2000-sd01,26,91310026,studentized,joint-map,completed,22.440988273366685,20.0,0.0969040261450863,True,conditional-studentized-curvature,True,18.146238158384364,28.488533125532392,10.342294967148028,True
t4-s2000-sd01,27,91310027,laplace,joint-map,completed,21.121397600968336,20.0,0.1242767307376662,True,conditional-laplace,True,18.277317851914955,23.965477350021715,5.68815949810676,True
t4-s2000-sd01,27,91310027,studentized,joint-map,completed,21.121397600968336,20.0,0.1242767307376662,True,conditional-studentized-curvature,True,16.788751178870356,27.63322302024492,10.844471841374563,True
t4-s2000-sd01,28,91310028,laplace,joint-map,completed,20.500277175229613,20.0,0.0980445885247132,True,conditional-laplace,True,18.17655644339668,22.823997907062544,4.647441463665867,True
t4-s2000-sd01,28,91310028,studentized,joint-map,completed,20.500277175229613,20.0,0.0980445885247132,True,conditional-studentized-curvature,True,16.864709717140528,25.697693143502693,8.832983426362166,True
t4-s2000-sd01,29,91310029,laplace,marginal,completed,20.921324952129996,20.0,0.0001234098040866,True,unavailable-active-bound-use-profile-or-bootstrap,False,,,,False
t4-s2000-sd01,29,91310029,studentized,marginal,completed,20.921324952129996,20.0,0.0001234098040866,True,unavailable-active-bound-use-profile-or-bootstrap,False,,,,False
t4-s2000-sd01,30,91310030,laplace,joint-map,completed,20.395060995811363,20.0,0.0774977489028293,True,conditional-laplace,True,18.33740967240664,22.452712319216094,4.115302646809457,True
t4-s2000-sd01,30,91310030,studentized,joint-map,completed,20.395060995811363,20.0,0.0774977489028293,True,conditional-studentized-curvature,True,17.114405084710295,24.91627369238988,7.801868607679584,True
t4-s2000-sd01,31,91310031,laplace,joint-map,completed,20.204347993817965,20.0,0.2429088022967588,True,conditional-laplace,True,15.740918968692377,24.667777018943557,8.926858050251177,True
t4-s2000-sd01,31,91310031,studentized,joint-map,completed,20.204347993817965,20.0,0.2429088022967588,True,conditional-studentized-curvature,True,14.343651334776736,31.94657118837649,17.60291985359975,True
t4-s2000-sd01,32,91310032,laplace,joint-map,completed,21.332184596892088,20.0,0.1718015574678252,True,conditional-laplace,True,17.64261831045194,25.02175088333224,7.379132572880298,True
t4-s2000-sd01,32,91310032,studentized,joint-map,completed,21.332184596892088,20.0,0.1718015574678252,True,conditional-studentized-curvature,True,16.017348736252103,30.21160168514712,14.194252948895013,True
t4-s2000-sd01,33,91310033,laplace,joint-map,completed,19.64950432580673,20.0,0.0769860554217749,True,conditional-laplace,True,17.717581574051852,21.581427077561607,3.8638455035097534,True
t4-s2000-sd01,33,91310033,studentized,joint-map,completed,19.64950432580673,20.0,0.0769860554217749,True,conditional-studentized-curvature,True,16.579421469154894,23.913218167713044,7.333796698558149,True
t4-s2000-sd01,34,91310034,laplace,joint-map,completed,20.085141489643043,20.0,0.1242875189518154,True,conditional-laplace,True,17.481955142107203,22.688327837178885,5.206372695071682,True
t4-s2000-sd01,34,91310034,studentized,joint-map,completed,20.085141489643043,20.0,0.1242875189518154,True,conditional-studentized-curvature,True,16.136540550177067,26.087117258172743,9.95057670799568,True
t4-s2000-sd01,35,91310035,laplace,joint-map,completed,20.87258598112331,20.0,0.1589174531832284,True,conditional-laplace,True,17.535019915728626,24.210152046518,6.675132130789372,True
t4-s2000-sd01,35,91310035,studentized,joint-map,completed,20.87258598112331,20.0,0.1589174531832284,True,conditional-studentized-curvature,True,15.997838754075918,28.82156956556858,12.823730811492664,True
t4-s2000-sd01,36,91310036,laplace,joint-map,completed,20.55802226154971,20.0,0.1039960317509127,True,conditional-laplace,True,18.13579862245141,22.98024590064801,4.844447278196604,True
t4-s2000-sd01,36,91310036,studentized,joint-map,completed,20.55802226154971,20.0,0.1039960317509127,True,conditional-studentized-curvature,True,16.792915597019583,26.008509971641708,9.215594374622125,True
t4-s2000-sd01,37,91310037,laplace,marginal,completed,21.269596743145097,20.0,0.0001234098040866,True,unavailable-active-bound-use-profile-or-bootstrap,False,,,,False
t4-s2000-sd01,37,91310037,studentized,marginal,completed,21.269596743145097,20.0,0.0001234098040866,True,unavailable-active-bound-use-profile-or-bootstrap,False,,,,False
t4-s2000-sd01,38,91310038,laplace,joint-map,completed,19.235641418130083,20.0,0.1715837106740465,True,conditional-laplace,True,16.176469746348765,22.2948130899114,6.118343343562636,True
t4-s2000-sd01,38,91310038,studentized,joint-map,completed,19.235641418130083,20.0,0.1715837106740465,True,conditional-studentized-curvature,True,14.872593167038689,26.73734393450621,11.864750767467523,True
t4-s2000-sd01,39,91310039,laplace,marginal,completed,18.58426749022476,20.0,0.0930706501939984,True,conditional-laplace,True,16.688908534920074,20.479626445529448,3.7907179106093736,True
t4-s2000-sd01,39,91310039,studentized,marginal,completed,18.58426749022476,20.0,0.0930706501939984,True,conditional-studentized-curvature,True,15.35078878032994,23.46101007216212,8.110221291832183,True
t4-s2000-sd01,40,91310040,laplace,marginal,completed,20.292755216167457,20.0,0.0001234098040866,True,unavailable-active-bound-use-profile-or-bootstrap,False,,,,False
t4-s2000-sd01,40,91310040,studentized,marginal,completed,20.292755216167457,20.0,0.0001234098040866,True,unavailable-active-bound-use-profile-or-bootstrap,False,,,,False
t4-s2000-sd01,41,91310041,laplace,marginal,completed,19.32322026806364,20.0,0.0979291463588932,True,conditional-laplace,True,17.221928968267083,21.424511567860197,4.202582599593111,True
t4-s2000-sd01,41,91310041,studentized,marginal,completed,19.32322026806364,20.0,0.0979291463588932,True,conditional-studentized-curvature,True,15.747826992067145,24.733726899487262,8.985899907420121,True
t4-s2000-sd01,42,91310042,laplace,joint-map,completed,20.565382894746595,20.0,0.1226739592875218,True,conditional-laplace,True,17.840911845107993,23.289853944385197,5.4489420992772,True
t4-s2000-sd01,42,91310042,studentized,joint-map,completed,20.565382894746595,20.0,0.1226739592875218,True,conditional-studentized-curvature,True,16.427441000797423,26.830800552816637,10.40335955201921,True
t4-s2000-sd01,43,91310043,laplace,joint-map,completed,20.692543811640636,20.0,0.0862394149851824,True,conditional-laplace,True,18.450053827894223,22.93503379538704,4.484979967492819,True
t4-s2000-sd01,43,91310043,studentized,joint-map,completed,20.692543811640636,20.0,0.0862394149851824,True,conditional-studentized-curvature,True,17.149356920760344,25.65981356764258,8.510456646882236,True
t4-s2000-sd01,44,91310044,laplace,joint-map,completed,22.3981584931213,20.0,0.1332390074154163,True,conditional-laplace,True,19.06631303642656,25.730003949816044,6.663690913389488,True
t4-s2000-sd01,44,91310044,studentized,joint-map,completed,22.3981584931213,20.0,0.1332390074154163,True,conditional-studentized-curvature,True,17.360207127208476,30.047949027855815,12.687741900647342,True
t4-s2000-sd01,45,91310045,laplace,joint-map,completed,20.77227526696651,20.0,0.1160532684452181,True,conditional-laplace,True,18.12216288163128,23.42238765230174,5.300224770670461,True
t4-s2000-sd01,45,91310045,studentized,joint-map,completed,20.77227526696651,20.0,0.1160532684452181,True,conditional-studentized-curvature,True,16.70634492759799,26.805926763578796,10.099581835980803,True
t4-s2000-sd01,46,91310046,laplace,marginal,completed,18.010324578394112,20.0,0.0579361398655036,True,conditional-laplace,True,16.519107573650594,19.501541583137627,2.982434009487033,False
t4-s2000-sd01,46,91310046,studentized,marginal,completed,18.010324578394112,20.0,0.0579361398655036,True,conditional-studentized-curvature,True,15.386365585923036,21.735256419908914,6.348890833985879,True
t4-s2000-sd01,47,91310047,laplace,joint-map,completed,19.10188799716731,20.0,0.1045615622892849,True,conditional-laplace,True,16.96960644592056,21.23416954841405,4.26456310249349,True
t4-s2000-sd01,47,91310047,studentized,joint-map,completed,19.10188799716731,20.0,0.1045615622892849,True,conditional-studentized-curvature,True,15.810734334120028,23.94828778345536,8.137553449335329,True
t4-s2000-sd01,48,91310048,laplace,joint-map,completed,18.508877342004496,20.0,0.1157607650239187,True,conditional-laplace,True,16.38672870328909,20.631025980719905,4.244297277430814,True
t4-s2000-sd01,48,91310048,studentized,joint-map,completed,18.508877342004496,20.0,0.1157607650239187,True,conditional-studentized-curvature,True,15.278030265484173,23.404519154833935,8.126488889349766,True
t4-s2000-sd01,49,91310049,laplace,marginal,completed,20.790361472841557,20.0,0.0001234098040866,True,unavailable-active-bound-use-profile-or-bootstrap,False,,,,False
t4-s2000-sd01,49,91310049,studentized,marginal,completed,20.790361472841557,20.0,0.0001234098040866,True,unavailable-active-bound-use-profile-or-bootstrap,False,,,,False
t4-s2000-sd01,50,91310050,laplace,joint-map,completed,20.70703735019662,20.0,0.130481589716928,True,conditional-laplace,True,17.866639144634316,23.547435555758923,5.680796411124607,True
t4-s2000-sd01,50,91310050,studentized,joint-map,completed,20.70703735019662,20.0,0.130481589716928,True,conditional-studentized-curvature,True,16.417561561592926,27.271143695009847,10.85358213341692,True
t4-s2000-sd01,51,91310051,laplace,joint-map,completed,20.161507832668903,20.0,0.090039856846561,True,conditional-laplace,True,18.00161699303269,22.321398672305115,4.319781679272424,True
t4-s2000-sd01,51,91310051,studentized,joint-map,completed,20.161507832668903,20.0,0.090039856846561,True,conditional-studentized-curvature,True,16.760363668050797,24.966118745739728,8.20575507768893,True
t4-s2000-sd01,52,91310052,laplace,joint-map,completed,19.95637335585377,20.0,0.129767539451955,True,conditional-laplace,True,17.285460985641578,22.627285726065963,5.341824740424386,True
t4-s2000-sd01,52,91310052,studentized,joint-map,completed,19.95637335585377,20.0,0.129767539451955,True,conditional-studentized-curvature,True,15.939620245356457,26.16707873926193,10.22745849390548,True
t4-s2000-sd01,53,91310053,laplace,joint-map,completed,20.6886311604633,20.0,0.1270855017381654,True,conditional-laplace,True,17.873508012788513,23.503754308138085,5.630246295349572,True
t4-s2000-sd01,53,91310053,studentized,joint-map,completed,20.6886311604633,20.0,0.1270855017381654,True,conditional-studentized-curvature,True,16.43090961605283,27.185572340959737,10.754662724906908,True
t4-s2000-sd01,54,91310054,laplace,joint-map,completed,20.99210635226536,20.0,0.0928517508585803,True,conditional-laplace,True,18.62548268394854,23.35873002058218,4.733247336633639,True
t4-s2000-sd01,54,91310054,studentized,joint-map,completed,20.99210635226536,20.0,0.0928517508585803,True,conditional-studentized-curvature,True,17.26746070635445,26.25071126942946,8.98325056307501,True
t4-s2000-sd01,55,91310055,laplace,joint-map,completed,20.253637421763667,20.0,0.0929707658840891,True,conditional-laplace,True,18.046052897733414,22.46122194579392,4.415169048060498,True
t4-s2000-sd01,55,91310055,studentized,joint-map,completed,20.253637421763667,20.0,0.0929707658840891,True,conditional-studentized-curvature,True,16.78453915858802,25.173136279993955,8.388597121405933,True
t4-s2000-sd01,56,91310056,laplace,joint-map,completed,20.870404924554517,20.0,0.1350144319952989,True,conditional-laplace,True,17.912110768913227,23.828699080195808,5.916588311282581,True
t4-s2000-sd01,56,91310056,studentized,joint-map,completed,20.870404924554517,20.0,0.1350144319952989,True,conditional-studentized-curvature,True,16.425990850275035,27.73636095582161,11.310370105546571,True
t4-s2000-sd01,57,91310057,laplace,joint-map,completed,20.622717498465025,20.0,0.076446630966111,True,conditional-laplace,True,18.52906484976572,22.716370147164334,4.187305297398616,True
t4-s2000-sd01,57,91310057,studentized,joint-map,completed,20.622717498465025,20.0,0.076446630966111,True,conditional-studentized-curvature,True,17.28086324141295,25.216294670533465,7.935431429120516,True
t4-s2000-sd01,58,91310058,laplace,joint-map,completed,22.40297603170773,20.0,0.1193065981497778,True,conditional-laplace,True,19.338046486549413,25.46790557686604,6.129859090316629,True
t4-s2000-sd01,58,91310058,studentized,joint-map,completed,22.40297603170773,20.0,0.1193065981497778,True,conditional-studentized-curvature,True,17.687243407627697,29.332146991886347,11.64490358425865,True
t4-s2000-sd01,59,91310059,laplace,joint-map,completed,19.700160652749176,20.0,0.1142900268387541,True,conditional-laplace,True,17.311899635927077,22.088421669571275,4.776522033644199,True
t4-s2000-sd01,59,91310059,studentized,joint-map,completed,19.700160652749176,20.0,0.1142900268387541,True,conditional-studentized-curvature,True,16.045226736652825,25.165686637171937,9.120459900519112,True
t4-s2000-sd01,60,91310060,laplace,joint-map,completed,17.73942782486123,20.0,0.1711383120433641,True,conditional-laplace,True,15.16647018723564,20.31238546248682,5.145915275251179,True
t4-s2000-sd01,60,91310060,studentized,joint-map,completed,17.73942782486123,20.0,0.1711383120433641,True,conditional-studentized-curvature,True,14.08701129533866,24.119448266438663,10.032436971100005,True
t4-s2000-sd01,61,91310061,laplace,joint-map,completed,20.16531648107985,20.0,0.145982293320065,True,conditional-laplace,True,17.224162974786218,23.106469987373472,5.882307012587255,True
t4-s2000-sd01,61,91310061,studentized,joint-map,completed,20.16531648107985,20.0,0.145982293320065,True,conditional-studentized-curvature,True,15.815284018356174,27.108049068117587,11.292765049761414,True
t4-s2000-sd01,62,91310062,laplace,joint-map,completed,19.504926978866507,20.0,0.1605982688827225,True,conditional-laplace,True,16.530651662687134,22.479202295045884,5.948550632358749,True
t4-s2000-sd01,62,91310062,studentized,joint-map,completed,19.504926978866507,20.0,0.1605982688827225,True,conditional-studentized-curvature,True,15.196450066003075,26.682899316587854,11.486449250584778,True
t4-s2000-sd01,63,91310063,laplace,marginal,completed,19.8947573471918,20.0,0.0001234098040866,True,unavailable-active-bound-use-profile-or-bootstrap,False,,,,False
t4-s2000-sd01,63,91310063,studentized,marginal,completed,19.8947573471918,20.0,0.0001234098040866,True,unavailable-active-bound-use-profile-or-bootstrap,False,,,,False
t4-s2000-sd01,64,91310064,laplace,joint-map,completed,20.694986861871847,20.0,0.1526233965451814,True,conditional-laplace,True,17.48754056828561,23.902433155458084,6.414892587172474,True
t4-s2000-sd01,64,91310064,studentized,joint-map,completed,20.694986861871847,20.0,0.1526233965451814,True,conditional-studentized-curvature,True,15.985510108972967,28.30269644645676,12.31718633748379,True
t4-s2000-sd01,65,91310065,laplace,marginal,completed,19.912996683180605,20.0,0.0001234098040866,True,unavailable-active-bound-use-profile-or-bootstrap,False,,,,False
t4-s2000-sd01,65,91310065,studentized,marginal,completed,19.912996683180605,20.0,0.0001234098040866,True,unavailable-active-bound-use-profile-or-bootstrap,False,,,,False
t4-s2000-sd01,66,91310066,laplace,marginal,completed,19.003674590471565,20.0,0.0001234098040866,True,unavailable-active-bound-use-profile-or-bootstrap,False,,,,False
t4-s2000-sd01,66,91310066,studentized,marginal,completed,19.003674590471565,20.0,0.0001234098040866,True,unavailable-active-bound-use-profile-or-bootstrap,False,,,,False
t4-s2000-sd01,67,91310067,laplace,marginal,completed,20.13555203406069,20.0,0.0954831023349021,True,conditional-laplace,True,17.898503522668058,22.372600545453324,4.474097022785266,True
t4-s2000-sd01,67,91310067,studentized,marginal,completed,20.13555203406069,20.0,0.0954831023349021,True,conditional-studentized-curvature,True,16.306024428089927,25.85024851536207,9.54422408727214,True
t4-s2000-sd01,68,91310068,laplace,joint-map,completed,18.16094534614157,20.0,0.1731129999357379,True,conditional-laplace,True,15.440827775316103,20.88106291696704,5.4402351416509305,True
t4-s2000-sd01,68,91310068,studentized,joint-map,completed,18.16094534614157,20.0,0.1731129999357379,True,conditional-studentized-curvature,True,14.298356038865636,24.89141817409777,10.593062135232133,True
t4-s2000-sd01,69,91310069,laplace,joint-map,completed,19.557950579989622,20.0,0.1003347768433787,True,conditional-laplace,True,17.382632248242256,21.733268911736992,4.350636663494736,True
t4-s2000-sd01,69,91310069,studentized,joint-map,completed,19.557950579989622,20.0,0.1003347768433787,True,conditional-studentized-curvature,True,16.17867958309464,24.466451630534337,8.287772047439695,True
t4-s2000-sd01,70,91310070,laplace,joint-map,completed,21.151202077915737,20.0,0.0868137701097424,True,conditional-laplace,True,18.81545497332788,23.4869491825036,4.67149420917572,True
t4-s2000-sd01,70,91310070,studentized,joint-map,completed,21.151202077915737,20.0,0.0868137701097424,True,conditional-studentized-curvature,True,17.456434741647954,26.314914809495985,8.858480067848031,True
t4-s2000-sd01,71,91310071,laplace,marginal,completed,19.020181314019272,20.0,0.0001234098040866,True,unavailable-active-bound-use-profile-or-bootstrap,False,,,,False
t4-s2000-sd01,71,91310071,studentized,marginal,completed,19.020181314019272,20.0,0.0001234098040866,True,unavailable-active-bound-use-profile-or-bootstrap,False,,,,False
t4-s2000-sd01,72,91310072,laplace,joint-map,completed,18.883450085711026,20.0,0.1294226374017333,True,conditional-laplace,True,16.515727592029528,21.251172579392524,4.735444987362996,True
t4-s2000-sd01,72,91310072,studentized,joint-map,completed,18.883450085711026,20.0,0.1294226374017333,True,conditional-studentized-curvature,True,15.326292425510694,24.411904189417896,9.085611763907202,True
t4-s2000-sd01,73,91310073,laplace,joint-map,completed,18.71105333103064,20.0,0.118234980628556,True,conditional-laplace,True,16.496416057219125,20.925690604842146,4.42927454762302,True
t4-s2000-sd01,73,91310073,studentized,joint-map,completed,18.71105333103064,20.0,0.118234980628556,True,conditional-studentized-curvature,True,15.351332521168835,23.835345727485915,8.484013206317078,True
t4-s2000-sd01,74,91310074,laplace,marginal,completed,20.31875173298477,20.0,0.0001234098040866,True,unavailable-active-bound-use-profile-or-bootstrap,False,,,,False
t4-s2000-sd01,74,91310074,studentized,marginal,completed,20.31875173298477,20.0,0.0001234098040866,True,unavailable-active-bound-use-profile-or-bootstrap,False,,,,False
t4-s2000-sd01,75,91310075,laplace,joint-map,completed,20.558405678371997,20.0,0.0981800133978917,True,conditional-laplace,True,18.207933235804955,22.908878120939036,4.700944885134078,True
t4-s2000-sd01,75,91310075,studentized,joint-map,completed,20.558405678371997,20.0,0.0981800133978917,True,conditional-studentized-curvature,True,16.88448496132578,25.819753231542386,8.935268270216607,True
t4-s2000-sd01,76,91310076,laplace,joint-map,completed,18.42796679332367,20.0,0.1258334489200554,True,conditional-laplace,True,16.208657151528293,20.64727643511905,4.438619283590757,True
t4-s2000-sd01,76,91310076,studentized,joint-map,completed,18.42796679332367,20.0,0.1258334489200554,True,conditional-studentized-curvature,True,15.08835032291158,23.60818380897954,8.51983348606796,True
t4-s2000-sd01,77,91310077,laplace,joint-map,completed,19.22003360035544,20.0,0.0976516276170326,True,conditional-laplace,True,17.15682200479352,21.28324519591736,4.126423191123841,True
t4-s2000-sd01,77,91310077,studentized,joint-map,completed,19.22003360035544,20.0,0.0976516276170326,True,conditional-studentized-curvature,True,16.007059391111756,23.86778221941443,7.8607228283026735,True
t4-s2000-sd01,78,91310078,laplace,joint-map,completed,18.57878635634897,20.0,0.113798715114943,True,conditional-laplace,True,16.44505016977208,20.712522542925868,4.267472373153787,True
t4-s2000-sd01,78,91310078,studentized,joint-map,completed,18.57878635634897,20.0,0.113798715114943,True,conditional-studentized-curvature,True,15.3279854278696,23.496858518353143,8.168873090483544,True
t4-s2000-sd01,79,91310079,laplace,marginal,completed,18.00716494959105,20.0,0.0001234098040866,True,unavailable-active-bound-use-profile-or-bootstrap,False,,,,False
t4-s2000-sd01,79,91310079,studentized,marginal,completed,18.00716494959105,20.0,0.0001234098040866,True,unavailable-active-bound-use-profile-or-bootstrap,False,,,,False
t4-s2000-sd01,80,91310080,laplace,joint-map,completed,20.480591239889428,20.0,0.0807317428518236,True,conditional-laplace,True,18.34568285094145,22.61549962883741,4.269816777895958,True
t4-s2000-sd01,80,91310080,studentized,joint-map,completed,20.480591239889428,20.0,0.0807317428518236,True,conditional-studentized-curvature,True,17.09218291131443,25.191241903271724,8.099058991957293,True
t4-s2000-sd01,81,91310081,laplace,joint-map,completed,20.666980327842627,20.0,0.1046788171512859,True,conditional-laplace,True,18.205494026345768,23.12846662933948,4.922972602993713,True
t4-s2000-sd01,81,91310081,studentized,joint-map,completed,20.666980327842627,20.0,0.1046788171512859,True,conditional-studentized-curvature,True,16.844122902480517,26.20891861348766,9.364795711007144,True
t4-s2000-sd01,82,91310082,laplace,marginal,completed,18.87947344873193,20.0,0.0001234098040866,True,unavailable-active-bound-use-profile-or-bootstrap,False,,,,False
t4-s2000-sd01,82,91310082,studentized,marginal,completed,18.87947344873193,20.0,0.0001234098040866,True,unavailable-active-bound-use-profile-or-bootstrap,False,,,,False
t4-s2000-sd01,83,91310083,laplace,marginal,completed,21.738208582763843,20.0,0.0001234098040866,True,unavailable-active-bound-use-profile-or-bootstrap,False,,,,False
t4-s2000-sd01,83,91310083,studentized,marginal,completed,21.738208582763843,20.0,0.0001234098040866,True,unavailable-active-bound-use-profile-or-bootstrap,False,,,,False
t4-s2000-sd01,84,91310084,laplace,marginal,completed,21.21041512346974,20.0,0.0001234098040866,True,unavailable-active-bound-use-profile-or-bootstrap,False,,,,False
t4-s2000-sd01,84,91310084,studentized,marginal,completed,21.21041512346974,20.0,0.0001234098040866,True,unavailable-active-bound-use-profile-or-bootstrap,False,,,,False
t4-s2000-sd01,85,91310085,laplace,marginal,completed,18.663114291956404,20.0,0.1528194308418758,True,conditional-laplace,True,16.053191421142134,21.273037162770677,5.219845741628539,True
t4-s2000-sd01,85,91310085,studentized,marginal,completed,18.663114291956404,20.0,0.1528194308418758,True,conditional-studentized-curvature,True,14.526255766653144,25.878541330204023,11.35228556355088,True
t4-s2000-sd01,86,91310086,laplace,joint-map,completed,21.458443367692382,20.0,0.1153587270064719,True,conditional-laplace,True,18.66081224140094,24.256074493983824,5.595262252582884,True
t4-s2000-sd01,86,91310086,studentized,joint-map,completed,21.458443367692382,20.0,0.1153587270064719,True,conditional-studentized-curvature,True,17.153057249284444,27.798494719765408,10.645437470480964,True
t4-s2000-sd01,87,91310087,laplace,marginal,completed,18.34633082578148,20.0,0.0001234098040866,True,unavailable-active-bound-use-profile-or-bootstrap,False,,,,False
t4-s2000-sd01,87,91310087,studentized,marginal,completed,18.34633082578148,20.0,0.0001234098040866,True,unavailable-active-bound-use-profile-or-bootstrap,False,,,,False
t4-s2000-sd01,88,91310088,laplace,joint-map,completed,20.227479538827534,20.0,0.2226303702849018,True,conditional-laplace,True,16.071853358809115,24.383105718845965,8.31125236003685,True
t4-s2000-sd01,88,91310088,studentized,joint-map,completed,20.227479538827534,20.0,0.2226303702849018,True,conditional-studentized-curvature,True,14.633733435527583,30.919131177430987,16.285397741903402,True
t4-s2000-sd01,89,91310089,laplace,joint-map,completed,19.3366924407254,20.0,0.0836283761141613,True,conditional-laplace,True,17.41201330850091,21.261371572949884,3.849358264448973,True
t4-s2000-sd01,89,91310089,studentized,joint-map,completed,19.3366924407254,20.0,0.0836283761141613,True,conditional-studentized-curvature,True,16.294860567828376,23.6094267439994,7.314566176171024,True
t4-s2000-sd01,90,91310090,laplace,marginal,completed,18.657695568562684,20.0,0.0001234098040866,True,unavailable-active-bound-use-profile-or-bootstrap,False,,,,False
t4-s2000-sd01,90,91310090,studentized,marginal,completed,18.657695568562684,20.0,0.0001234098040866,True,unavailable-active-bound-use-profile-or-bootstrap,False,,,,False
t4-s2000-sd01,91,91310091,laplace,joint-map,completed,20.436033227922337,20.0,0.0742923884886564,True,conditional-laplace,True,18.418979120829498,22.453087335015177,4.034108214185679,True
t4-s2000-sd01,91,91310091,studentized,joint-map,completed,20.436033227922337,20.0,0.0742923884886564,True,conditional-studentized-curvature,True,17.20754412103799,24.851257412339297,7.643713291301307,True
t4-s2000-sd01,92,91310092,laplace,joint-map,completed,19.47773610536621,20.0,0.1324468843106178,True,conditional-laplace,True,16.90330534312443,22.052166867607998,5.148861524483564,True
t4-s2000-sd01,92,91310092,studentized,joint-map,completed,19.47773610536621,20.0,0.1324468843106178,True,conditional-studentized-curvature,True,15.620966935634236,25.49484119411746,9.873874258483225,True
t4-s2000-sd01,93,91310093,laplace,joint-map,completed,19.93826790897721,20.0,0.1232101205946145,True,conditional-laplace,True,17.39077465167133,22.485761166283087,5.094986514611758,True
t4-s2000-sd01,93,91310093,studentized,joint-map,completed,19.93826790897721,20.0,0.1232101205946145,True,conditional-studentized-curvature,True,16.069773570429227,25.80792476338745,9.738151192958224,True
t4-s2000-sd01,94,91310094,laplace,marginal,completed,20.772224172376458,20.0,0.0001234098040866,True,unavailable-active-bound-use-profile-or-bootstrap,False,,,,False
t4-s2000-sd01,94,91310094,studentized,marginal,completed,20.772224172376458,20.0,0.0001234098040866,True,unavailable-active-bound-use-profile-or-bootstrap,False,,,,False
t4-s2000-sd01,95,91310095,laplace,joint-map,completed,21.87830864102181,20.0,0.2300173203327155,True,conditional-laplace,True,16.924191032403044,26.832426249640573,9.908235217237529,True
t4-s2000-sd01,95,91310095,studentized,joint-map,completed,21.87830864102181,20.0,0.2300173203327155,True,conditional-studentized-curvature,True,15.235425085919152,34.512466330213634,19.27704124429448,True
t4-s2000-sd01,96,91310096,laplace,marginal,completed,19.99335388909017,20.0,0.0001234098040866,True,unavailable-active-bound-use-profile-or-bootstrap,False,,,,False
t4-s2000-sd01,96,91310096,studentized,marginal,completed,19.99335388909017,20.0,0.0001234098040866,True,unavailable-active-bound-use-profile-or-bootstrap,False,,,,False
t4-s2000-sd01,97,91310097,laplace,joint-map,completed,19.54483729590311,20.0,0.1206479763322764,True,conditional-laplace,True,17.1115145727346,21.97816001907163,4.866645446337032,True
t4-s2000-sd01,97,91310097,studentized,joint-map,completed,19.54483729590311,20.0,0.1206479763322764,True,conditional-studentized-curvature,True,15.848739538359675,25.155998898661576,9.3072593603019,True
t4-s2000-sd01,98,91310098,laplace,joint-map,completed,18.805776017921,20.0,0.1520851745523362,True,conditional-laplace,True,16.148900530180153,21.46265150566185,5.313750975481696,True
t4-s2000-sd01,98,91310098,studentized,joint-map,completed,18.805776017921,20.0,0.1520851745523362,True,conditional-studentized-curvature,True,14.928358026290002,25.18911167951033,10.260753653220323,True
t4-s2000-sd01,99,91310099,laplace,joint-map,completed,22.273115301424404,20.0,0.116052876385124,True,conditional-laplace,True,19.28268506216806,25.26354554068075,5.980860478512689,True
t4-s2000-sd01,99,91310099,studentized,joint-map,completed,22.273115301424404,20.0,0.116052876385124,True,conditional-studentized-curvature,True,17.660583159868217,29.02133131432356,11.36074815445534,True
t4-s2000-sd01,100,91310100,laplace,joint-map,completed,18.36721755411013,20.0,0.1356439675248658,True,conditional-laplace,True,16.03704138383083,20.697393724389435,4.660352340558607,True
t4-s2000-sd01,100,91310100,studentized,joint-map,completed,18.36721755411013,20.0,0.1356439675248658,True,conditional-studentized-curvature,True,14.904726944172651,23.87548206116656,8.970755116993907,True
t4-s2000-sd01,101,91310101,laplace,marginal,completed,20.79960415725504,20.0,0.0331215852258925,True,conditional-laplace,True,19.10588393042412,22.49332438408597,3.3874404536618457,True
t4-s2000-sd01,101,91310101,studentized,marginal,completed,20.79960415725504,20.0,0.0331215852258925,True,conditional-studentized-curvature,True,17.721831865689815,24.88222764580477,7.160395780114957,True
t4-s2000-sd01,102,91310102,laplace,joint-map,completed,18.978131135202403,20.0,0.0777600227054809,True,conditional-laplace,True,17.176364593157906,20.7798976772469,3.603533084088994,True
t4-s2000-sd01,102,91310102,studentized,joint-map,completed,18.978131135202403,20.0,0.0777600227054809,True,conditional-studentized-curvature,True,16.11964238595879,22.965438771679043,6.845796385720252,True
t4-s2000-sd01,103,91310103,laplace,joint-map,completed,20.61317165298395,20.0,0.0684488326069422,True,conditional-laplace,True,18.62057651907612,22.60576678689179,3.9851902678156743,True
t4-s2000-sd01,103,91310103,studentized,joint-map,completed,20.61317165298395,20.0,0.0684488326069422,True,conditional-studentized-curvature,True,17.408303087891806,24.953462925784425,7.545159837892619,True
t4-s2000-sd01,104,91310104,laplace,joint-map,completed,20.81263022037753,20.0,0.1366050065499321,True,conditional-laplace,True,17.844984230878794,23.78027620987628,5.935291978997483,True
t4-s2000-sd01,104,91310104,studentized,joint-map,completed,20.81263022037753,20.0,0.1366050065499321,True,conditional-studentized-curvature,True,16.3631604811343,27.714430979900943,11.351270498766644,True
t4-s2000-sd01,105,91310105,laplace,joint-map,completed,19.17847388689827,20.0,0.1760571368719273,True,conditional-laplace,True,16.100815553053916,22.25613222074262,6.155316667688705,True
t4-s2000-sd01,105,91310105,studentized,joint-map,completed,19.17847388689827,20.0,0.1760571368719273,True,conditional-studentized-curvature,True,14.804195788860277,26.752423031598944,11.948227242738668,True
t4-s2000-sd01,106,91310106,laplace,joint-map,completed,19.730220277988405,20.0,0.1020665590838756,True,conditional-laplace,True,17.49072378005771,21.969716775919096,4.478992995861386,True
t4-s2000-sd01,106,91310106,studentized,joint-map,completed,19.730220277988405,20.0,0.1020665590838756,True,conditional-studentized-curvature,True,16.25732878655567,24.790183596729896,8.532854810174225,True
t4-s2000-sd01,107,91310107,laplace,joint-map,completed,19.24758782544188,20.0,0.175784671237506,True,conditional-laplace,True,16.15468461937344,22.34049103151032,6.185806412136877,True
t4-s2000-sd01,107,91310107,studentized,joint-map,completed,19.24758782544188,20.0,0.175784671237506,True,conditional-studentized-curvature,True,14.847812495070382,26.850326121281363,12.00251362621098,True
t4-s2000-sd01,108,91310108,laplace,joint-map,completed,20.53244982865575,20.0,0.1573620599517127,True,conditional-laplace,True,17.29354574875598,23.77135390855552,6.477808159799537,True
t4-s2000-sd01,108,91310108,studentized,joint-map,completed,20.53244982865575,20.0,0.1573620599517127,True,conditional-studentized-curvature,True,15.80794576843169,28.26631167587869,12.458365907447,True
t4-s2000-sd01,109,91310109,laplace,joint-map,completed,20.45205897885519,20.0,0.1681645886587366,True,conditional-laplace,True,17.073871167077876,23.830246790632504,6.756375623554629,True
t4-s2000-sd01,109,91310109,studentized,joint-map,completed,20.45205897885519,20.0,0.1681645886587366,True,conditional-studentized-curvature,True,15.587560322915603,28.61751483647115,13.029954513555545,True
t4-s2000-sd01,110,91310110,laplace,joint-map,completed,20.785878444198037,20.0,0.0780843934289087,True,conditional-laplace,True,18.63840805928298,22.933348829113083,4.294940769830102,True
t4-s2000-sd01,110,91310110,studentized,joint-map,completed,20.785878444198037,20.0,0.0780843934289087,True,conditional-studentized-curvature,True,17.36264951168884,25.50214657056976,8.139497058880917,True
t4-s2000-sd01,111,91310111,laplace,joint-map,completed,19.97638778791877,20.0,0.1758128374533455,True,conditional-laplace,True,16.64283990465494,23.3099356711826,6.667095766527659,True
t4-s2000-sd01,111,91310111,studentized,joint-map,completed,19.97638778791877,20.0,0.1758128374533455,True,conditional-studentized-curvature,True,15.224258608968425,28.126903643148616,12.902645034180193,True
t4-s2000-sd01,112,91310112,laplace,joint-map,completed,20.34467459906249,20.0,0.1462962753466933,True,conditional-laplace,True,17.339654385093684,23.349694813031284,6.0100404279376,True
t4-s2000-sd01,112,91310112,studentized,joint-map,completed,20.34467459906249,20.0,0.1462962753466933,True,conditional-studentized-curvature,True,15.90243227205643,27.436997440886408,11.534565168829978,True
t4-s2000-sd01,113,91310113,laplace,marginal,completed,20.85138395879957,20.0,0.0001234098040866,True,unavailable-active-bound-use-profile-or-bootstrap,False,,,,False
t4-s2000-sd01,113,91310113,studentized,marginal,completed,20.85138395879957,20.0,0.0001234098040866,True,unavailable-active-bound-use-profile-or-bootstrap,False,,,,False
t4-s2000-sd01,114,91310114,laplace,joint-map,completed,20.628453482869546,20.0,0.1017638025209102,True,conditional-laplace,True,18.232526220027225,23.02438074571186,4.791854525684634,True
t4-s2000-sd01,114,91310114,studentized,joint-map,completed,20.628453482869546,20.0,0.1017638025209102,True,conditional-studentized-curvature,True,16.891508595377754,26.00161465724751,9.110106061869756,True
t4-s2000-sd01,115,91310115,laplace,marginal,completed,19.81479656639285,20.0,0.0001234098040866,True,unavailable-active-bound-use-profile-or-bootstrap,False,,,,False
t4-s2000-sd01,115,91310115,studentized,marginal,completed,19.81479656639285,20.0,0.0001234098040866,True,unavailable-active-bound-use-profile-or-bootstrap,False,,,,False
t4-s2000-sd01,116,91310116,laplace,joint-map,completed,20.735439332199007,20.0,0.0881891808710706,True,conditional-laplace,True,18.46414462153112,23.006734042866903,4.542589421335787,True
t4-s2000-sd01,116,91310116,studentized,joint-map,completed,20.735439332199007,20.0,0.0881891808710706,True,conditional-studentized-curvature,True,17.151826545223162,25.77285323870745,8.62102669348429,True
t4-s2000-sd01,117,91310117,laplace,joint-map,completed,18.489916963078105,20.0,0.1457051869343877,True,conditional-laplace,True,16.016186517069574,20.96364740908664,4.947460892017062,True
t4-s2000-sd01,117,91310117,studentized,joint-map,completed,18.489916963078105,20.0,0.1457051869343877,True,conditional-studentized-curvature,True,14.851774341625768,24.394946305059044,9.543171963433275,True
t4-s2000-sd01,118,91310118,laplace,joint-map,completed,19.054251472634864,20.0,0.1553853706406068,True,conditional-laplace,True,16.28837291019842,21.820130035071305,5.531757124872886,True
t4-s2000-sd01,118,91310118,studentized,joint-map,completed,19.054251472634864,20.0,0.1553853706406068,True,conditional-studentized-curvature,True,15.027727290382003,25.709304662605355,10.681577372223352,True
t4-s2000-sd01,119,91310119,laplace,joint-map,completed,18.919312270632155,20.0,0.0887319184323113,True,conditional-laplace,True,16.99977513679453,20.838849404469784,3.8390742676752554,True
t4-s2000-sd01,119,91310119,studentized,joint-map,completed,18.919312270632155,20.0,0.0887319184323113,True,conditional-studentized-curvature,True,15.910688030963769,23.21863162323437,7.3079435922706,True
t4-s2000-sd01,120,91310120,laplace,joint-map,completed,17.74131741539485,20.0,0.1010200541164111,True,conditional-laplace,True,15.922110732521425,19.56052409826828,3.638413365746853,False
t4-s2000-sd01,120,91310120,studentized,joint-map,completed,17.74131741539485,20.0,0.1010200541164111,True,conditional-studentized-curvature,True,14.942915520115346,21.902321554220208,6.959406034104863,True
t4-s2000-sd01,121,91310121,laplace,marginal,completed,20.471119477569605,20.0,0.0001234098040866,True,unavailable-active-bound-use-profile-or-bootstrap,False,,,,False
t4-s2000-sd01,121,91310121,studentized,marginal,completed,20.471119477569605,20.0,0.0001234098040866,True,unavailable-active-bound-use-profile-or-bootstrap,False,,,,False
t4-s2000-sd01,122,91310122,laplace,joint-map,completed,20.72174191624623,20.0,0.1113633515910623,True,conditional-laplace,True,18.154449821070983,23.289034011421485,5.134584190350502,True
t4-s2000-sd01,122,91310122,studentized,joint-map,completed,20.72174191624623,20.0,0.1113633515910623,True,conditional-studentized-curvature,True,16.76221765489536,26.5390448966059,9.776827241710542,True
t4-s2000-sd01,123,91310123,laplace,joint-map,completed,18.76875318636882,20.0,0.162440963506006,True,conditional-laplace,True,15.986543389100015,21.550962983637625,5.564419594537608,True
t4-s2000-sd01,123,91310123,studentized,joint-map,completed,18.76875318636882,20.0,0.162440963506006,True,conditional-studentized-curvature,True,14.760063261615088,25.53798306386497,10.777919802249883,True
t4-s2000-sd01,124,91310124,laplace,joint-map,completed,21.16753782479813,20.0,0.2198589781147019,True,conditional-laplace,True,16.67430487292497,25.660770776671285,8.986465903746314,True
t4-s2000-sd01,124,91310124,studentized,joint-map,completed,21.16753782479813,20.0,0.2198589781147019,True,conditional-studentized-curvature,True,15.084077901224289,32.59349530888827,17.509417407663985,True
t4-s2000-sd01,125,91310125,laplace,joint-map,completed,20.445095708693948,20.0,0.1430236336446483,True,conditional-laplace,True,17.46672358663901,23.42346783074889,5.956744244109881,True
t4-s2000-sd01,125,91310125,studentized,joint-map,completed,20.445095708693948,20.0,0.1430236336446483,True,conditional-studentized-curvature,True,16.022016551710855,27.44211171914996,11.4200951674391,True
t4-s2000-sd01,126,91310126,laplace,joint-map,completed,19.61858244319956,20.0,0.1330798264447391,True,conditional-laplace,True,17.01128086749298,22.225884018906136,5.214603151413154,True
t4-s2000-sd01,126,91310126,studentized,joint-map,completed,19.61858244319956,20.0,0.1330798264447391,True,conditional-studentized-curvature,True,15.709515637768604,25.705350785999222,9.995835148230622,True
t4-s2000-sd01,127,91310127,laplace,joint-map,completed,20.15644352051251,20.0,0.12093629390692,True,conditional-laplace,True,17.581836711029887,22.73105032999514,5.149213618965252,True
t4-s2000-sd01,127,91310127,studentized,joint-map,completed,20.15644352051251,20.0,0.12093629390692,True,conditional-studentized-curvature,True,16.235787026376812,26.06925946072525,9.833472434348437,True
t4-s2000-sd01,128,91310128,laplace,marginal,completed,20.923451754615,20.0,0.0001234098040866,True,unavailable-active-bound-use-profile-or-bootstrap,False,,,,False
t4-s2000-sd01,128,91310128,studentized,marginal,completed,20.923451754615,20.0,0.0001234098040866,True,unavailable-active-bound-use-profile-or-bootstrap,False,,,,False
t4-s2000-sd01,129,91310129,laplace,marginal,completed,21.24093620108203,20.0,0.0001234098040866,True,unavailable-active-bound-use-profile-or-bootstrap,False,,,,False
t4-s2000-sd01,129,91310129,studentized,marginal,completed,21.24093620108203,20.0,0.0001234098040866,True,unavailable-active-bound-use-profile-or-bootstrap,False,,,,False
t4-s2000-sd01,130,91310130,laplace,joint-map,completed,18.22903328808976,20.0,0.1221256760270512,True,conditional-laplace,True,16.084345470878453,20.373721105301065,4.289375634422612,True
t4-s2000-sd01,130,91310130,studentized,joint-map,completed,18.22903328808976,20.0,0.1221256760270512,True,conditional-studentized-curvature,True,14.995915033764229,23.228852112124077,8.232937078359845,True
t4-s2000-sd01,131,91310131,laplace,joint-map,completed,22.985640284677253,20.0,0.1224893525358198,True,conditional-laplace,True,19.705628014609676,26.265652554744836,6.56002454013516,True
t4-s2000-sd01,131,91310131,studentized,joint-map,completed,22.985640284677253,20.0,0.1224893525358198,True,conditional-studentized-curvature,True,17.95417481847746,30.40812885293226,12.453954034454805,True
t4-s2000-sd01,132,91310132,laplace,joint-map,completed,20.769096934758476,20.0,0.1056693690760257,True,conditional-laplace,True,18.2639669557575,23.27422691375944,5.010259958001939,True
t4-s2000-sd01,132,91310132,studentized,joint-map,completed,20.769096934758476,20.0,0.1056693690760257,True,conditional-studentized-curvature,True,16.883509061797305,26.414847914065184,9.53133885226788,True
t4-s2000-sd01,133,91310133,laplace,joint-map,completed,20.35272687455892,20.0,0.151994364341015,True,conditional-laplace,True,17.277992962214363,23.42746078690348,6.149467824689118,True
t4-s2000-sd01,133,91310133,studentized,joint-map,completed,20.35272687455892,20.0,0.151994364341015,True,conditional-studentized-curvature,True,15.83129558693631,27.645005271522123,11.813709684585811,True
t4-s2000-sd01,134,91310134,laplace,joint-map,completed,18.54073942607509,20.0,0.0873973365512971,True,conditional-laplace,True,16.693837637902746,20.38764121424743,3.693803576344685,True
t4-s2000-sd01,134,91310134,studentized,joint-map,completed,18.54073942607509,20.0,0.0873973365512971,True,conditional-studentized-curvature,True,15.650585314368342,22.68680525094167,7.036219936573328,True
t4-s2000-sd01,135,91310135,laplace,joint-map,completed,21.61789158142897,20.0,0.1623568592213028,True,conditional-laplace,True,18.007410203721758,25.228372959136184,7.220962755414426,True
t4-s2000-sd01,135,91310135,studentized,joint-map,completed,21.61789158142897,20.0,0.1623568592213028,True,conditional-studentized-curvature,True,16.350631616770922,30.19893780848762,13.8483061917167,True
t4-s2000-sd01,136,91310136,laplace,joint-map,completed,19.91629941945805,20.0,0.1725873129916242,True,conditional-laplace,True,16.63095485858407,23.201643980332037,6.570689121747964,True
t4-s2000-sd01,136,91310136,studentized,joint-map,completed,19.91629941945805,20.0,0.1725873129916242,True,conditional-studentized-curvature,True,15.222846537286154,27.935184253202465,12.712337715916313,True
t4-s2000-sd01,137,91310137,laplace,marginal,completed,17.8171400446462,20.0,0.0001234098040866,True,unavailable-active-bound-use-profile-or-bootstrap,False,,,,False
t4-s2000-sd01,137,91310137,studentized,marginal,completed,17.8171400446462,20.0,0.0001234098040866,True,unavailable-active-bound-use-profile-or-bootstrap,False,,,,False
t4-s2000-sd01,138,91310138,laplace,marginal,completed,18.98552598327958,20.0,0.0001234098040866,True,unavailable-active-bound-use-profile-or-bootstrap,False,,,,False
t4-s2000-sd01,138,91310138,studentized,marginal,completed,18.98552598327958,20.0,0.0001234098040866,True,unavailable-active-bound-use-profile-or-bootstrap,False,,,,False
t4-s2000-sd01,139,91310139,laplace,joint-map,completed,19.59192949761029,20.0,0.161321315020248,True,conditional-laplace,True,16.59635538325368,22.58750361196691,5.991148228713229,True
t4-s2000-sd01,139,91310139,studentized,joint-map,completed,19.59192949761029,20.0,0.161321315020248,True,conditional-studentized-curvature,True,15.249485498512833,26.813850321942525,11.564364823429692,True
t4-s2000-sd01,140,91310140,laplace,marginal,completed,18.71526023227769,20.0,0.1320380117527769,True,conditional-laplace,True,16.349750530636346,21.08076993391904,4.731019403282691,True
t4-s2000-sd01,140,91310140,studentized,marginal,completed,18.71526023227769,20.0,0.1320380117527769,True,conditional-studentized-curvature,True,14.86189679363502,25.08165752181618,10.21976072818116,True
t4-s2000-sd01,141,91310141,laplace,joint-map,completed,19.912272175552705,20.0,0.1327080890516824,True,conditional-laplace,True,17.245762374120343,22.578781976985063,5.33301960286472,True
t4-s2000-sd01,141,91310141,studentized,joint-map,completed,19.912272175552705,20.0,0.1327080890516824,True,conditional-studentized-curvature,True,15.904999495568342,26.117765314557808,10.212765818989466,True
t4-s2000-sd01,142,91310142,laplace,marginal,completed,19.217273101057074,20.0,0.0001234098040866,True,unavailable-active-bound-use-profile-or-bootstrap,False,,,,False
t4-s2000-sd01,142,91310142,studentized,marginal,completed,19.217273101057074,20.0,0.0001234098040866,True,unavailable-active-bound-use-profile-or-bootstrap,False,,,,False
t4-s2000-sd01,143,91310143,laplace,joint-map,completed,22.154836356295853,20.0,0.1920063352939618,True,conditional-laplace,True,17.818376893381227,26.49129581921048,8.67291892582925,True
t4-s2000-sd01,143,91310143,studentized,joint-map,completed,22.154836356295853,20.0,0.1920063352939618,True,conditional-studentized-curvature,True,16.04894236537868,32.753623735972866,16.704681370594187,True
t4-s2000-sd01,144,91310144,laplace,marginal,completed,22.893632498423443,20.0,0.0001234098040866,True,unavailable-active-bound-use-profile-or-bootstrap,False,,,,False
t4-s2000-sd01,144,91310144,studentized,marginal,completed,22.893632498423443,20.0,0.0001234098040866,True,unavailable-active-bound-use-profile-or-bootstrap,False,,,,False
t4-s2000-sd01,145,91310145,laplace,joint-map,completed,19.466559376887027,20.0,0.1722062362751415,True,conditional-laplace,True,16.345681225336428,22.587437528437626,6.241756303101198,True
t4-s2000-sd01,145,91310145,studentized,joint-map,completed,19.466559376887027,20.0,0.1722062362751415,True,conditional-studentized-curvature,True,15.007261485874096,27.09823918973396,12.090977703859863,True
t4-s2000-sd01,146,91310146,laplace,marginal,completed,19.956746419820387,20.0,0.0001234098040866,True,unavailable-active-bound-use-profile-or-bootstrap,False,,,,False
t4-s2000-sd01,146,91310146,studentized,marginal,completed,19.956746419820387,20.0,0.0001234098040866,True,unavailable-active-bound-use-profile-or-bootstrap,False,,,,False
t4-s2000-sd01,147,91310147,laplace,joint-map,completed,20.29757939619672,20.0,0.0895329516817498,True,conditional-laplace,True,18.05565510246775,22.53950368992569,4.483848587457942,True
t4-s2000-sd01,147,91310147,studentized,joint-map,completed,20.29757939619672,20.0,0.0895329516817498,True,conditional-studentized-curvature,True,16.781160322529317,25.30216656608685,8.521006243557533,True
t4-s2000-sd01,148,91310148,laplace,joint-map,completed,22.24660791373164,20.0,0.1068185363609669,True,conditional-laplace,True,19.37990506943548,25.11331075802779,5.73340568859231,True
t4-s2000-sd01,148,91310148,studentized,joint-map,completed,22.24660791373164,20.0,0.1068185363609669,True,conditional-studentized-curvature,True,17.790944690895095,28.67171658970921,10.88077189881411,True
t4-s2000-sd01,149,91310149,laplace,joint-map,completed,19.631091148500055,20.0,0.1556278632748783,True,conditional-laplace,True,16.686211820563813,22.5759704764363,5.889758655872488,True
t4-s2000-sd01,149,91310149,studentized,joint-map,completed,19.631091148500055,20.0,0.1556278632748783,True,conditional-studentized-curvature,True,15.338974890762362,26.69336129191748,11.354386401155114,True
t4-s2000-sd01,150,91310150,laplace,marginal,completed,21.427347555825666,20.0,0.0001234098040866,True,unavailable-active-bound-use-profile-or-bootstrap,False,,,,False
t4-s2000-sd01,150,91310150,studentized,marginal,completed,21.427347555825666,20.0,0.0001234098040866,True,unavailable-active-bound-use-profile-or-bootstrap,False,,,,False
t4-s2000-sd01,151,91310151,laplace,marginal,completed,18.632000630000647,20.0,0.0001234098040866,True,unavailable-active-bound-use-profile-or-bootstrap,False,,,,False
t4-s2000-sd01,151,91310151,studentized,marginal,completed,18.632000630000647,20.0,0.0001234098040866,True,unavailable-active-bound-use-profile-or-bootstrap,False,,,,False
t4-s2000-sd01,152,91310152,laplace,joint-map,completed,20.571107322214917,20.0,0.1577837989040917,True,conditional-laplace,True,17.33929691200594,23.80291773242389,6.463620820417948,True
t4-s2000-sd01,152,91310152,studentized,joint-map,completed,20.571107322214917,20.0,0.1577837989040917,True,conditional-studentized-curvature,True,15.849631837677371,28.275825183451087,12.426193345773717,True
t4-s2000-sd01,153,91310153,laplace,joint-map,completed,20.015227991452257,20.0,0.1130401222284218,True,conditional-laplace,True,17.579284158613746,22.451171824290768,4.871887665677022,True
t4-s2000-sd01,153,91310153,studentized,joint-map,completed,20.015227991452257,20.0,0.1130401222284218,True,conditional-studentized-curvature,True,16.275634196064072,25.568835130972637,9.293200934908562,True
t4-s2000-sd01,154,91310154,laplace,joint-map,completed,19.063517139595508,20.0,0.097141686831516,True,conditional-laplace,True,17.023070583048888,21.103963696142127,4.080893113093239,True
t4-s2000-sd01,154,91310154,studentized,joint-map,completed,19.063517139595508,20.0,0.097141686831516,True,conditional-studentized-curvature,True,15.890544225598209,23.667891582903668,7.777347357305459,True
t4-s2000-sd01,155,91310155,laplace,joint-map,completed,19.254124334431825,20.0,0.1199693610312736,True,conditional-laplace,True,16.912782139392576,21.595466529471075,4.682684390078499,True
t4-s2000-sd01,155,91310155,studentized,joint-map,completed,19.254124334431825,20.0,0.1199693610312736,True,conditional-studentized-curvature,True,15.69438579358183,24.652406499234186,8.958020705652352,True
t4-s2000-sd01,156,91310156,laplace,joint-map,completed,21.48507791981885,20.0,0.2049141454390154,True,conditional-laplace,True,17.14708358368517,25.82307225595252,8.675988672267348,True
t4-s2000-sd01,156,91310156,studentized,joint-map,completed,21.48507791981885,20.0,0.2049141454390154,True,conditional-studentized-curvature,True,15.489698104616256,32.300327571355815,16.81062946673956,True
t4-s2000-sd01,157,91310157,laplace,marginal,completed,20.103184167801583,20.0,0.0001234098040866,True,unavailable-active-bound-use-profile-or-bootstrap,False,,,,False
t4-s2000-sd01,157,91310157,studentized,marginal,completed,20.103184167801583,20.0,0.0001234098040866,True,unavailable-active-bound-use-profile-or-bootstrap,False,,,,False
t4-s2000-sd01,158,91310158,laplace,joint-map,completed,20.29546346432693,20.0,0.1669035851145055,True,conditional-laplace,True,16.98901371280912,23.601913215844743,6.612899503035628,True
t4-s2000-sd01,158,91310158,studentized,joint-map,completed,20.29546346432693,20.0,0.1669035851145055,True,conditional-studentized-curvature,True,15.528263699437872,28.283773158294807,12.755509458856936,True
t4-s2000-sd01,159,91310159,laplace,joint-map,completed,19.874610253363155,20.0,0.1738161059753204,True,conditional-laplace,True,16.599938869748385,23.14928163697793,6.549342767229543,True
t4-s2000-sd01,159,91310159,studentized,joint-map,completed,19.874610253363155,20.0,0.1738161059753204,True,conditional-studentized-curvature,True,15.198108106340031,27.87168948093025,12.67358137459022,True
t4-s2000-sd01,160,91310160,laplace,joint-map,completed,20.236471894101523,20.0,0.1182089923652139,True,conditional-laplace,True,17.650915623080916,22.82202816512213,5.171112542041218,True
t4-s2000-sd01,160,91310160,studentized,joint-map,completed,20.236471894101523,20.0,0.1182089923652139,True,conditional-studentized-curvature,True,16.29550162736176,26.16795955803728,9.87245793067552,True
t4-s2000-sd01,161,91310161,laplace,joint-map,completed,19.761172803133075,20.0,0.1055384437509448,True,conditional-laplace,True,17.488945004211413,22.033400602054733,4.544455597843321,True
t4-s2000-sd01,161,91310161,studentized,joint-map,completed,19.761172803133075,20.0,0.1055384437509448,True,conditional-studentized-curvature,True,16.244869361831313,24.905056181319047,8.660186819487734,True
t4-s2000-sd01,162,91310162,laplace,marginal,completed,21.873827901431596,20.0,0.0001234098040866,True,unavailable-active-bound-use-profile-or-bootstrap,False,,,,False
t4-s2000-sd01,162,91310162,studentized,marginal,completed,21.873827901431596,20.0,0.0001234098040866,True,unavailable-active-bound-use-profile-or-bootstrap,False,,,,False
t4-s2000-sd01,163,91310163,laplace,joint-map,completed,20.443822271818245,20.0,0.0786694033733465,True,conditional-laplace,True,18.34559439258826,22.54205015104823,4.196455758459969,True
t4-s2000-sd01,163,91310163,studentized,joint-map,completed,20.443822271818245,20.0,0.0786694033733465,True,conditional-studentized-curvature,True,17.106251422356948,25.06407328012688,7.9578218577699324,True
t4-s2000-sd01,164,91310164,laplace,joint-map,completed,20.744304627924027,20.0,0.1111744206494432,True,conditional-laplace,True,18.173941412681785,23.314667843166266,5.140726430484481,True
t4-s2000-sd01,164,91310164,studentized,joint-map,completed,20.744304627924027,20.0,0.1111744206494432,True,conditional-studentized-curvature,True,16.779146581629565,26.567006358570005,9.78785977694044,True
t4-s2000-sd01,165,91310165,laplace,joint-map,completed,21.80163585813041,20.0,0.1441339972686771,True,conditional-laplace,True,18.43872938256574,25.16454233369508,6.725812951129342,True
t4-s2000-sd01,165,91310165,studentized,joint-map,completed,21.80163585813041,20.0,0.1441339972686771,True,conditional-studentized-curvature,True,16.790079638270324,29.63906914965508,12.848989511384756,True
t4-s2000-sd01,166,91310166,laplace,joint-map,completed,20.21230381253696,20.0,0.1128596770810729,True,conditional-laplace,True,17.721123908348495,22.70348371672542,4.982359808376923,True
t4-s2000-sd01,166,91310166,studentized,joint-map,completed,20.21230381253696,20.0,0.1128596770810729,True,conditional-studentized-curvature,True,16.38849898275392,25.889870702665768,9.501371719911848,True
t4-s2000-sd01,167,91310167,laplace,joint-map,completed,18.950195981991524,20.0,0.1497828934539818,True,conditional-laplace,True,16.275421319975237,21.62497064400781,5.349549324032573,True
t4-s2000-sd01,167,91310167,studentized,joint-map,completed,18.950195981991524,20.0,0.1497828934539818,True,conditional-studentized-curvature,True,15.036145618107916,25.35640703850097,10.320261420393056,True
t4-s2000-sd01,168,91310168,laplace,marginal,completed,20.485466949347938,20.0,0.0001234098040866,True,unavailable-active-bound-use-profile-or-bootstrap,False,,,,False
t4-s2000-sd01,168,91310168,studentized,marginal,completed,20.485466949347938,20.0,0.0001234098040866,True,unavailable-active-bound-use-profile-or-bootstrap,False,,,,False
t4-s2000-sd01,169,91310169,laplace,joint-map,completed,19.52264597560232,20.0,0.1080747419495784,True,conditional-laplace,True,17.25473082072123,21.790561130483404,4.535830309762172,True
t4-s2000-sd01,169,91310169,studentized,joint-map,completed,19.52264597560232,20.0,0.1080747419495784,True,conditional-studentized-curvature,True,16.030235834988215,24.6839832171898,8.653747382201583,True
t4-s2000-sd01,170,91310170,laplace,marginal,completed,19.641229371230686,20.0,0.0001234098040866,True,unavailable-active-bound-use-profile-or-bootstrap,False,,,,False
t4-s2000-sd01,170,91310170,studentized,marginal,completed,19.641229371230686,20.0,0.0001234098040866,True,unavailable-active-bound-use-profile-or-bootstrap,False,,,,False
t4-s2000-sd01,171,91310171,laplace,joint-map,completed,20.72130231634877,20.0,0.1262297860050091,True,conditional-laplace,True,17.9352658910433,23.50733874165424,5.57207285061094,True
t4-s2000-sd01,171,91310171,studentized,joint-map,completed,20.72130231634877,20.0,0.1262297860050091,True,conditional-studentized-curvature,True,16.495192812219173,27.13296724249737,10.6377744302782,True
t4-s2000-sd01,172,91310172,laplace,joint-map,completed,20.98874131098725,20.0,0.1616364353642907,True,conditional-laplace,True,17.556202031209438,24.421280590765065,6.865078559555627,True
t4-s2000-sd01,172,91310172,studentized,joint-map,completed,20.98874131098725,20.0,0.1616364353642907,True,conditional-studentized-curvature,True,15.99562775221585,29.1901664485195,13.194538696303647,True
t4-s2000-sd01,173,91310173,laplace,joint-map,completed,18.57392200015849,20.0,0.0853363179065687,True,conditional-laplace,True,16.747890384313266,20.39995361600372,3.652063231690452,True
t4-s2000-sd01,173,91310173,studentized,joint-map,completed,18.57392200015849,20.0,0.0853363179065687,True,conditional-studentized-curvature,True,15.708485651941375,22.66163905428798,6.953153402346606,True
t4-s2000-sd01,174,91310174,laplace,marginal,completed,21.97816072187493,20.0,0.0001234098040866,True,unavailable-active-bound-use-profile-or-bootstrap,False,,,,False
t4-s2000-sd01,174,91310174,studentized,marginal,completed,21.97816072187493,20.0,0.0001234098040866,True,unavailable-active-bound-use-profile-or-bootstrap,False,,,,False
t4-s2000-sd01,175,91310175,laplace,joint-map,completed,19.825800309190026,20.0,0.0827724819189402,True,conditional-laplace,True,17.802871681875928,21.848728936504116,4.045857254628185,True
t4-s2000-sd01,175,91310175,studentized,joint-map,completed,19.825800309190026,20.0,0.0827724819189402,True,conditional-studentized-curvature,True,16.62496217049342,24.30773098542433,7.682768814930913,True
t4-s2000-sd01,176,91310176,laplace,joint-map,completed,19.996071492036627,20.0,0.097074511462184,True,conditional-laplace,True,17.771128682989954,22.221014301083308,4.449885618093354,True
t4-s2000-sd01,176,91310176,studentized,joint-map,completed,19.996071492036627,20.0,0.097074511462184,True,conditional-studentized-curvature,True,16.522324543115786,24.987743529905583,8.4654189867898,True
t4-s2000-sd01,177,91310177,laplace,joint-map,completed,19.901459040467817,20.0,0.1313470522956876,True,conditional-laplace,True,17.246146214793743,22.556771866141894,5.310625651348151,True
t4-s2000-sd01,177,91310177,studentized,joint-map,completed,19.901459040467817,20.0,0.1313470522956876,True,conditional-studentized-curvature,True,15.908385186393804,26.077232407728857,10.168847221335056,True
t4-s2000-sd01,178,91310178,laplace,joint-map,completed,22.494169649559588,20.0,0.2051995544847765,True,conditional-laplace,True,17.792408457874384,27.19593084124479,9.403522383370408,True
t4-s2000-sd01,178,91310178,studentized,joint-map,completed,22.494169649559588,20.0,0.2051995544847765,True,conditional-studentized-curvature,True,15.970192592452692,34.10241566666831,18.132223074215617,True
t4-s2000-sd01,179,91310179,laplace,joint-map,completed,19.897721411752634,20.0,0.1067316649118629,True,conditional-laplace,True,17.574876216351672,22.2205666071536,4.645690390801928,True
t4-s2000-sd01,179,91310179,studentized,joint-map,completed,19.897721411752634,20.0,0.1067316649118629,True,conditional-studentized-curvature,True,16.30764963952654,25.16097216839192,8.85332252886538,True
t4-s2000-sd01,180,91310180,laplace,marginal,completed,18.676742439444304,20.0,0.0001234098040866,True,unavailable-active-bound-use-profile-or-bootstrap,False,,,,False
t4-s2000-sd01,180,91310180,studentized,marginal,completed,18.676742439444304,20.0,0.0001234098040866,True,unavailable-active-bound-use-profile-or-bootstrap,False,,,,False
t4-s2000-sd01,181,91310181,laplace,joint-map,completed,18.4362472548179,20.0,0.0883797496094896,True,conditional-laplace,True,16.619318236976746,20.253176272659054,3.633858035682312,True
t4-s2000-sd01,181,91310181,studentized,joint-map,completed,18.4362472548179,20.0,0.0883797496094896,True,conditional-studentized-curvature,True,15.591514335862108,22.51370127729092,6.922186941428812,True
t4-s2000-sd01,182,91310182,laplace,marginal,completed,21.37076451540237,20.0,0.0001234098040866,True,unavailable-active-bound-use-profile-or-bootstrap,False,,,,False
t4-s2000-sd01,182,91310182,studentized,marginal,completed,21.37076451540237,20.0,0.0001234098040866,True,unavailable-active-bound-use-profile-or-bootstrap,False,,,,False
t4-s2000-sd01,183,91310183,laplace,joint-map,completed,18.482881070299623,20.0,0.1357936982646997,True,conditional-laplace,True,16.13756183937666,20.828200301222584,4.690638461845925,True
t4-s2000-sd01,183,91310183,studentized,joint-map,completed,18.482881070299623,20.0,0.1357936982646997,True,conditional-studentized-curvature,True,14.991205479859806,24.01451739563468,9.023311915774874,True
t4-s2000-sd01,184,91310184,laplace,marginal,completed,19.836268055109542,20.0,0.0001234098040866,True,unavailable-active-bound-use-profile-or-bootstrap,False,,,,False
t4-s2000-sd01,184,91310184,studentized,marginal,completed,19.836268055109542,20.0,0.0001234098040866,True,unavailable-active-bound-use-profile-or-bootstrap,False,,,,False
t4-s2000-sd01,185,91310185,laplace,joint-map,completed,19.96723137421313,20.0,0.2041136266415976,True,conditional-laplace,True,16.17708467789649,23.75737807052978,7.580293392633287,True
t4-s2000-sd01,185,91310185,studentized,joint-map,completed,19.96723137421313,20.0,0.2041136266415976,True,conditional-studentized-curvature,True,14.761536087209938,29.558323170648727,14.796787083438788,True
t4-s2000-sd01,186,91310186,laplace,joint-map,completed,18.547196699620912,20.0,0.0829608645868626,True,conditional-laplace,True,16.748886064547897,20.345507334693927,3.5966212701460307,True
t4-s2000-sd01,186,91310186,studentized,joint-map,completed,18.547196699620912,20.0,0.0829608645868626,True,conditional-studentized-curvature,True,15.719370688415593,22.564742614586542,6.84537192617095,True
t4-s2000-sd01,187,91310187,laplace,joint-map,completed,24.46926007736588,20.0,0.1816972522693396,True,conditional-laplace,True,19.57954882854052,29.35897132619124,9.77942249765072,True
t4-s2000-sd01,187,91310187,studentized,joint-map,completed,24.46926007736588,20.0,0.1816972522693396,True,conditional-studentized-curvature,True,17.434246224913505,36.06027271381387,18.62602648890037,True
t4-s2000-sd01,188,91310188,laplace,marginal,completed,18.62815621157806,20.0,0.0001234098040866,True,unavailable-active-bound-use-profile-or-bootstrap,False,,,,False
t4-s2000-sd01,188,91310188,studentized,marginal,completed,18.62815621157806,20.0,0.0001234098040866,True,unavailable-active-bound-use-profile-or-bootstrap,False,,,,False
t4-s2000-sd01,189,91310189,laplace,joint-map,completed,19.47830818386211,20.0,0.1151119901454951,True,conditional-laplace,True,17.130110762462753,21.826505605261467,4.696394842798714,True
t4-s2000-sd01,189,91310189,studentized,joint-map,completed,19.47830818386211,20.0,0.1151119901454951,True,conditional-studentized-curvature,True,15.890943085696785,24.86417656940088,8.973233483704094,True
t4-s2000-sd01,190,91310190,laplace,joint-map,completed,20.46565390637023,20.0,0.0753563731261825,True,conditional-laplace,True,18.3961956611558,22.535112151584656,4.1389164904288585,True
t4-s2000-sd01,190,91310190,studentized,joint-map,completed,20.46565390637023,20.0,0.0753563731261825,True,conditional-studentized-curvature,True,17.165164727796054,25.01094467055203,7.845779942755975,True
t4-s2000-sd01,191,91310191,laplace,joint-map,completed,19.647547353830618,20.0,0.1256573347531074,True,conditional-laplace,True,17.131786926444732,22.1633077812165,5.031520854771767,True
t4-s2000-sd01,191,91310191,studentized,joint-map,completed,19.647547353830618,20.0,0.1256573347531074,True,conditional-studentized-curvature,True,15.84355930445476,25.47254507683001,9.628985772375248,True
t4-s2000-sd01,192,91310192,laplace,joint-map,completed,19.761633161264367,20.0,0.1187167610210816,True,conditional-laplace,True,17.28595273740147,22.23731358512726,4.951360847725791,True
t4-s2000-sd01,192,91310192,studentized,joint-map,completed,19.761633161264367,20.0,0.1187167610210816,True,conditional-studentized-curvature,True,15.995309328545,25.458603889036823,9.463294560491825,True
t4-s2000-sd01,193,91310193,laplace,joint-map,completed,19.923404263997018,20.0,0.1091362384128528,True,conditional-laplace,True,17.58824063313918,22.258567894854856,4.670327261715677,True
t4-s2000-sd01,193,91310193,studentized,joint-map,completed,19.923404263997018,20.0,0.1091362384128528,True,conditional-studentized-curvature,True,16.315970057249093,25.2166078687309,8.900637811481808,True
t4-s2000-sd01,194,91310194,laplace,joint-map,completed,23.99517471129805,20.0,0.1488458347533129,True,conditional-laplace,True,19.946729918375052,28.04361950422104,8.096889585845986,True
t4-s2000-sd01,194,91310194,studentized,joint-map,completed,23.99517471129805,20.0,0.1488458347533129,True,conditional-studentized-curvature,True,17.94882745182089,33.33285562178248,15.384028169961589,True
t4-s2000-sd01,195,91310195,laplace,joint-map,completed,19.753085362130143,20.0,0.1126746122741413,True,conditional-laplace,True,17.39950658829786,22.10666413596243,4.707157547664568,True
t4-s2000-sd01,195,91310195,studentized,joint-map,completed,19.753085362130143,20.0,0.1126746122741413,True,conditional-studentized-curvature,True,16.136345615119332,25.117259391789723,8.980913776670391,True
t4-s2000-sd01,196,91310196,laplace,joint-map,completed,19.10244427968536,20.0,0.1504702995009494,True,conditional-laplace,True,16.392376565724952,21.81251199364577,5.420135427920819,True
t4-s2000-sd01,196,91310196,studentized,joint-map,completed,19.10244427968536,20.0,0.1504702995009494,True,conditional-studentized-curvature,True,15.13167313024697,25.581605654777107,10.449932524530135,True
t4-s2000-sd01,197,91310197,laplace,joint-map,completed,22.09875170843244,20.0,0.1106257639665396,True,conditional-laplace,True,19.223204146345296,24.974299270519577,5.751095124174281,True
t4-s2000-sd01,197,91310197,studentized,joint-map,completed,22.09875170843244,20.0,0.1106257639665396,True,conditional-studentized-curvature,True,17.643752554432766,28.56494301334217,10.9211904589094,True
t4-s2000-sd01,198,91310198,laplace,marginal,completed,21.302179552621997,20.0,0.0001234098040866,True,unavailable-active-bound-use-profile-or-bootstrap,False,,,,False
t4-s2000-sd01,198,91310198,studentized,marginal,completed,21.302179552621997,20.0,0.0001234098040866,True,unavailable-active-bound-use-profile-or-bootstrap,False,,,,False
t4-s2000-sd01,199,91310199,laplace,marginal,completed,19.288549694567664,20.0,0.0001234098040866,True,unavailable-active-bound-use-profile-or-bootstrap,False,,,,False
t4-s2000-sd01,199,91310199,studentized,marginal,completed,19.288549694567664,20.0,0.0001234098040866,True,unavailable-active-bound-use-profile-or-bootstrap,False,,,,False
t4-s2000-sd06,0,91320000,laplace,joint-map,completed,21.44635944559409,20.0,0.3351262938993283,True,conditional-laplace,True,14.714644445368055,28.178074445820123,13.463430000452066,True
t4-s2000-sd06,0,91320000,studentized,joint-map,completed,21.44635944559409,20.0,0.3351262938993283,True,conditional-studentized-curvature,True,13.560854046042463,40.61039139922264,27.04953735318017,True
t4-s2000-sd06,1,91320001,laplace,joint-map,completed,26.864704466639356,20.0,0.8204507093089638,True,unavailable-gaussian-interval-crosses-bound,False,,,,False
t4-s2000-sd06,1,91320001,studentized,joint-map,completed,26.864704466639356,20.0,0.8204507093089638,True,conditional-studentized-curvature,True,10.81299442160751,86.82928518764678,76.01629076603926,True
t4-s2000-sd06,2,91320002,laplace,joint-map,completed,30.039914727501,20.0,0.1687135857610035,True,conditional-laplace,True,23.643777615090308,36.43605183991168,12.792274224821377,False
t4-s2000-sd06,2,91320002,studentized,joint-map,completed,30.039914727501,20.0,0.1687135857610035,True,conditional-studentized-curvature,True,20.540414226912134,44.39491327714173,23.8544990502296,False
t4-s2000-sd06,3,91320003,laplace,joint-map,completed,48.57948973770344,20.0,0.404739997506335,True,conditional-laplace,True,21.59098714986108,75.5679923255458,53.97700517568472,False
t4-s2000-sd06,3,91320003,studentized,joint-map,completed,48.57948973770344,20.0,0.404739997506335,True,conditional-studentized-curvature,True,16.32168880197183,89.35049002229626,73.02880122032443,True
t4-s2000-sd06,4,91320004,laplace,marginal,completed,19.589787216850777,20.0,0.2560749028285047,True,conditional-laplace,True,15.137028338299604,24.042546095401956,8.905517757102348,True
t4-s2000-sd06,4,91320004,studentized,marginal,completed,19.589787216850777,20.0,0.2560749028285047,True,conditional-studentized-curvature,True,13.471636174807234,33.55496007527896,20.08332390047172,True
t4-s2000-sd06,5,91320005,laplace,joint-map,completed,16.477839653610886,20.0,0.5991697887941287,True,unavailable-gaussian-interval-crosses-bound,False,,,,False
t4-s2000-sd06,5,91320005,studentized,joint-map,completed,16.477839653610886,20.0,0.5991697887941287,True,conditional-studentized-curvature,True,10.854181723912786,44.70998166778109,33.855799943868305,True
t4-s2000-sd06,6,91320006,laplace,joint-map,completed,20.66451618880656,20.0,0.7926666286701108,True,unavailable-gaussian-interval-crosses-bound,False,,,,False
t4-s2000-sd06,6,91320006,studentized,joint-map,completed,20.66451618880656,20.0,0.7926666286701108,True,conditional-studentized-curvature,True,10.671880700986156,73.54800078225222,62.87612008126606,True
t4-s2000-sd06,7,91320007,laplace,joint-map,completed,18.897669623001548,20.0,0.3373741056044696,True,conditional-laplace,True,13.522663807368364,24.272675438634728,10.750011631266364,True
t4-s2000-sd06,7,91320007,studentized,joint-map,completed,18.897669623001548,20.0,0.3373741056044696,True,conditional-studentized-curvature,True,12.724450989458091,35.0446265133783,22.32017552392021,True
t4-s2000-sd06,8,91320008,laplace,joint-map,completed,24.796624473392548,20.0,0.3385796518893288,True,conditional-laplace,True,16.057759369943625,33.53548957684147,17.477730206897846,True
t4-s2000-sd06,8,91320008,studentized,joint-map,completed,24.796624473392548,20.0,0.3385796518893288,True,conditional-studentized-curvature,True,14.472066425447387,48.28693734888253,33.814870923435144,True
t4-s2000-sd06,9,91320009,laplace,joint-map,completed,22.174812933191973,20.0,0.5107193698366864,True,conditional-laplace,True,11.444118359556242,32.9055075068277,21.46138914727146,True
t4-s2000-sd06,9,91320009,studentized,joint-map,completed,22.174812933191973,20.0,0.5107193698366864,True,conditional-studentized-curvature,True,12.03560744347217,56.25846123824508,44.22285379477292,True
t4-s2000-sd06,10,91320010,laplace,joint-map,completed,22.915395646484505,20.0,0.6187931988083205,True,unavailable-gaussian-interval-crosses-bound,False,,,,False
t4-s2000-sd06,10,91320010,studentized,joint-map,completed,22.915395646484505,20.0,0.6187931988083205,True,conditional-studentized-curvature,True,11.45107451902764,66.82718005217137,55.37610553314373,True
t4-s2000-sd06,11,91320011,laplace,joint-map,completed,32.4184584909958,20.0,0.1784065816677638,True,conditional-laplace,True,25.090152245571357,39.746764736420246,14.656612490848891,False
t4-s2000-sd06,11,91320011,studentized,joint-map,completed,32.4184584909958,20.0,0.1784065816677638,True,conditional-studentized-curvature,True,21.511088536429742,48.58086622967679,27.06977769324704,False
t4-s2000-sd06,12,91320012,laplace,marginal,completed,18.198070090557835,20.0,0.3517501615841432,True,conditional-laplace,True,13.089232538305534,23.30690764281013,10.217675104504597,True
t4-s2000-sd06,12,91320012,studentized,marginal,completed,18.198070090557835,20.0,0.3517501615841432,True,conditional-studentized-curvature,True,12.093096506813907,36.70096567775274,24.607869170938837,True
t4-s2000-sd06,13,91320013,laplace,joint-map,completed,18.34006948454904,20.0,0.4216115241019353,True,conditional-laplace,True,12.225367022266669,24.45477194683141,12.229404924564742,True
t4-s2000-sd06,13,91320013,studentized,joint-map,completed,18.34006948454904,20.0,0.4216115241019353,True,conditional-studentized-curvature,True,11.97602318154107,38.552067037482864,26.576043855941798,True
t4-s2000-sd06,14,91320014,laplace,joint-map,completed,19.389136695707307,20.0,0.2926791513035313,True,conditional-laplace,True,14.526346063843413,24.2519273275712,9.72558126372779,True
t4-s2000-sd06,14,91320014,studentized,joint-map,completed,19.389136695707307,20.0,0.2926791513035313,True,conditional-studentized-curvature,True,13.41077892686025,33.05608435966808,19.645305432807827,True
t4-s2000-sd06,15,91320015,laplace,joint-map,completed,19.27982812376127,20.0,0.1914638242743918,True,conditional-laplace,True,15.98896613879148,22.57069010873106,6.581723969939581,True
t4-s2000-sd06,15,91320015,studentized,joint-map,completed,19.27982812376127,20.0,0.1914638242743918,True,conditional-studentized-curvature,True,14.673941814449162,27.493964789817014,12.820022975367852,True
t4-s2000-sd06,16,91320016,laplace,joint-map,completed,32.643139595197354,20.0,0.3190459709202981,True,conditional-laplace,True,19.98369440770024,45.30258478269447,25.31889037499423,True
t4-s2000-sd06,16,91320016,studentized,joint-map,completed,32.643139595197354,20.0,0.3190459709202981,True,conditional-studentized-curvature,True,16.885698352159135,61.93009798893696,45.04439963677783,True
t4-s2000-sd06,17,91320017,laplace,joint-map,completed,22.455618903877557,20.0,0.480985582888847,True,conditional-laplace,True,12.124533981160113,32.786703826594994,20.66216984543488,True
t4-s2000-sd06,17,91320017,studentized,joint-map,completed,22.455618903877557,20.0,0.480985582888847,True,conditional-studentized-curvature,True,12.31670168108915,54.465194992323646,42.148493311234496,True
t4-s2000-sd06,18,91320018,laplace,joint-map,completed,16.806576167672777,20.0,0.3614654412679139,True,conditional-laplace,True,12.47540728343532,21.13774505191023,8.66233776847491,True
t4-s2000-sd06,18,91320018,studentized,joint-map,completed,16.806576167672777,20.0,0.3614654412679139,True,conditional-studentized-curvature,True,11.981020481228182,30.631437178741542,18.65041669751336,True
t4-s2000-sd06,19,91320019,laplace,joint-map,completed,35.74098924396603,20.0,0.2512044085710516,True,conditional-laplace,True,24.287365121607703,47.194613366324354,22.907248244716648,False
t4-s2000-sd06,19,91320019,studentized,joint-map,completed,35.74098924396603,20.0,0.2512044085710516,True,conditional-studentized-curvature,True,19.965904573839246,60.67579971899385,40.70989514515461,True
t4-s2000-sd06,20,91320020,laplace,joint-map,completed,20.084147943144103,20.0,0.1927921938521471,True,conditional-laplace,True,16.343013748127355,23.82528213816085,7.4822683900335,True
t4-s2000-sd06,20,91320020,studentized,joint-map,completed,20.084147943144103,20.0,0.1927921938521471,True,conditional-studentized-curvature,True,14.905711154368364,29.477692393157305,14.57198123878894,True
t4-s2000-sd06,21,91320021,laplace,joint-map,completed,19.887044775286157,20.0,0.4979613774833824,True,conditional-laplace,True,11.381033368863918,28.39305618170839,17.01202281284447,True
t4-s2000-sd06,21,91320021,studentized,joint-map,completed,19.887044775286157,20.0,0.4979613774833824,True,conditional-studentized-curvature,True,11.778099984842418,48.738308759267184,36.96020877442477,True
t4-s2000-sd06,22,91320022,laplace,joint-map,completed,17.41301899048154,20.0,0.5819857724988634,True,unavailable-gaussian-interval-crosses-bound,False,,,,False
t4-s2000-sd06,22,91320022,studentized,joint-map,completed,17.41301899048154,20.0,0.5819857724988634,True,conditional-studentized-curvature,True,11.028432689358675,46.96571601785149,35.93728332849281,True
t4-s2000-sd06,23,91320023,laplace,joint-map,completed,21.883158883208537,20.0,0.2916980575941324,True,conditional-laplace,True,15.764655843527972,28.0016619228891,12.237006079361128,True
t4-s2000-sd06,23,91320023,studentized,joint-map,completed,21.883158883208537,20.0,0.2916980575941324,True,conditional-studentized-curvature,True,14.28743574446404,38.46644938256924,24.1790136381052,True
t4-s2000-sd06,24,91320024,laplace,joint-map,completed,25.999657443641148,20.0,0.3615995606067526,True,conditional-laplace,True,15.94296957421088,36.05634531307142,20.11337573886054,True
t4-s2000-sd06,24,91320024,studentized,joint-map,completed,25.999657443641148,20.0,0.3615995606067526,True,conditional-studentized-curvature,True,14.41376293409091,52.79209584541434,38.37833291132343,True
t4-s2000-sd06,25,91320025,laplace,joint-map,completed,17.94985305312165,20.0,0.3706079895959943,True,conditional-laplace,True,12.79808688196859,23.101619224274717,10.303532342306124,True
t4-s2000-sd06,25,91320025,studentized,joint-map,completed,17.94985305312165,20.0,0.3706079895959943,True,conditional-studentized-curvature,True,12.24266989597824,34.17914924413231,21.936479348154077,True
t4-s2000-sd06,26,91320026,laplace,joint-map,completed,18.127246151813008,20.0,0.3827675097904476,True,conditional-laplace,True,12.699318933121006,23.55517337050501,10.855854437384004,True
t4-s2000-sd06,26,91320026,studentized,joint-map,completed,18.127246151813008,20.0,0.3827675097904476,True,conditional-studentized-curvature,True,12.200344420080595,35.40037688028944,23.200032460208845,True
t4-s2000-sd06,27,91320027,laplace,joint-map,completed,23.937896900636243,20.0,0.3252231235161861,True,conditional-laplace,True,15.96984571095494,31.905948090317548,15.936102379362609,True
t4-s2000-sd06,27,91320027,studentized,joint-map,completed,23.937896900636243,20.0,0.3252231235161861,True,conditional-studentized-curvature,True,14.412038863383978,45.49996720376372,31.08792834037974,True
t4-s2000-sd06,28,91320028,laplace,joint-map,completed,19.49004268042177,20.0,0.3837660610281231,True,conditional-laplace,True,13.143226321815469,25.836859039028077,12.693632717212605,True
t4-s2000-sd06,28,91320028,studentized,joint-map,completed,19.49004268042177,20.0,0.3837660610281231,True,conditional-studentized-curvature,True,12.537912602482734,39.14103064733687,26.60311804485413,True
t4-s2000-sd06,29,91320029,laplace,joint-map,completed,16.220079726386288,20.0,0.5640754290368126,True,conditional-laplace,True,10.163202361352235,22.276957091420343,12.113754730068106,True
t4-s2000-sd06,29,91320029,studentized,joint-map,completed,16.220079726386288,20.0,0.5640754290368126,True,conditional-studentized-curvature,True,10.930286237194052,41.08970849221058,30.15942225501653,True
t4-s2000-sd06,30,91320030,laplace,joint-map,completed,21.5492018235314,20.0,0.6341005735881063,True,unavailable-gaussian-interval-crosses-bound,False,,,,False
t4-s2000-sd06,30,91320030,studentized,joint-map,completed,21.5492018235314,20.0,0.6341005735881063,True,conditional-studentized-curvature,True,11.25552986903677,64.4532279510042,53.197698081967424,True
t4-s2000-sd06,31,91320031,laplace,marginal,completed,17.931365116039565,20.0,0.1819588209037422,True,conditional-laplace,True,15.152461905462117,20.710268326617012,5.5578064211549005,True
t4-s2000-sd06,31,91320031,studentized,marginal,completed,17.931365116039565,20.0,0.1819588209037422,True,conditional-studentized-curvature,True,13.72611296059656,26.00231904241664,12.276206081820076,True
t4-s2000-sd06,32,91320032,laplace,joint-map,completed,22.77680149012395,20.0,0.5121229908407178,True,conditional-laplace,True,11.435935958838844,34.117667021409055,22.68173106257021,True
t4-s2000-sd06,32,91320032,studentized,joint-map,completed,22.77680149012395,20.0,0.5121229908407178,True,conditional-studentized-curvature,True,12.091082284477228,58.15565570527031,46.06457342079308,True
t4-s2000-sd06,33,91320033,laplace,joint-map,completed,30.15079252342933,20.0,0.7921847169974094,True,unavailable-gaussian-interval-crosses-bound,False,,,,False
t4-s2000-sd06,33,91320033,studentized,joint-map,completed,30.15079252342933,20.0,0.7921847169974094,True,conditional-studentized-curvature,True,10.970839388302087,89.57384546277119,78.6030060744691,True
t4-s2000-sd06,34,91320034,laplace,marginal,completed,13.530031074667924,20.0,0.197945389706707,True,conditional-laplace,True,12.090244437643404,14.969817711692444,2.87957327404904,False
t4-s2000-sd06,34,91320034,studentized,marginal,completed,13.530031074667924,20.0,0.197945389706707,True,conditional-studentized-curvature,True,11.484096434114877,18.13715298285162,6.653056548736744,False
t4-s2000-sd06,35,91320035,laplace,joint-map,completed,37.82360235783524,20.0,0.3157094537958174,True,conditional-laplace,True,22.49232594408547,53.15487877158502,30.66255282749955,False
t4-s2000-sd06,35,91320035,studentized,joint-map,completed,37.82360235783524,20.0,0.3157094537958174,True,conditional-studentized-curvature,True,18.20468568952872,69.96370418955003,51.75901850002131,True
t4-s2000-sd06,36,91320036,laplace,joint-map,completed,23.45272868991152,20.0,0.7952051759380361,True,unavailable-gaussian-interval-crosses-bound,False,,,,False
t4-s2000-sd06,36,91320036,studentized,joint-map,completed,23.45272868991152,20.0,0.7952051759380361,True,conditional-studentized-curvature,True,10.779341659266937,80.15825345912623,69.3789117998593,True
t4-s2000-sd06,37,91320037,laplace,joint-map,completed,19.4904599569843,20.0,0.6173861814174135,True,unavailable-gaussian-interval-crosses-bound,False,,,,False
t4-s2000-sd06,37,91320037,studentized,joint-map,completed,19.4904599569843,20.0,0.6173861814174135,True,conditional-studentized-curvature,True,11.132431014640645,56.9473594051856,45.81492839054495,True
t4-s2000-sd06,38,91320038,laplace,marginal,completed,12.946272657369516,20.0,0.4346811584566175,True,conditional-laplace,True,10.63755429043255,15.25499102430648,4.617436733873928,False
t4-s2000-sd06,38,91320038,studentized,marginal,completed,12.946272657369516,20.0,0.4346811584566175,True,conditional-studentized-curvature,True,10.554018965213787,24.046145088320397,13.492126123106608,True
t4-s2000-sd06,39,91320039,laplace,marginal,completed,13.562638756436964,20.0,0.4294805527192008,True,conditional-laplace,True,10.822915368550806,16.30236214432312,5.479446775772313,False
t4-s2000-sd06,39,91320039,studentized,marginal,completed,13.562638756436964,20.0,0.4294805527192008,True,conditional-studentized-curvature,True,10.687123135899316,26.278495770488806,15.59137263458949,True
t4-s2000-sd06,40,91320040,laplace,joint-map,completed,34.22547892810634,20.0,0.5090352725998161,True,conditional-laplace,True,13.008666394744557,55.44229146146812,42.433625066723565,True
t4-s2000-sd06,40,91320040,studentized,joint-map,completed,34.22547892810634,20.0,0.5090352725998161,True,conditional-studentized-curvature,True,13.373412008491758,79.92623022221596,66.55281821372421,True
t4-s2000-sd06,41,91320041,laplace,joint-map,completed,18.83929019983217,20.0,0.3435936264976035,True,conditional-laplace,True,13.491986801912416,24.186593597751926,10.69460679583951,True
t4-s2000-sd06,41,91320041,studentized,joint-map,completed,18.83929019983217,20.0,0.3435936264976035,True,conditional-studentized-curvature,True,12.70292906450904,34.92861647836841,22.22568741385937,True
t4-s2000-sd06,42,91320042,laplace,joint-map,completed,32.728419348780655,20.0,0.3365592953294737,True,conditional-laplace,True,19.37931140569335,46.07752729186796,26.69821588617461,True
t4-s2000-sd06,42,91320042,studentized,joint-map,completed,32.728419348780655,20.0,0.3365592953294737,True,conditional-studentized-curvature,True,16.467950488434816,63.62486776391052,47.1569172754757,True
t4-s2000-sd06,43,91320043,laplace,joint-map,completed,19.909882065030192,20.0,0.6702427379143681,True,unavailable-gaussian-interval-crosses-bound,False,,,,False
t4-s2000-sd06,43,91320043,studentized,joint-map,completed,19.909882065030192,20.0,0.6702427379143681,True,conditional-studentized-curvature,True,10.97712931125474,62.41941631661494,51.4422870053602,True
t4-s2000-sd06,44,91320044,laplace,joint-map,completed,18.74987836263197,20.0,0.2250144321062524,True,conditional-laplace,True,15.163256869384336,22.3364998558796,7.173242986495264,True
t4-s2000-sd06,44,91320044,studentized,joint-map,completed,18.74987836263197,20.0,0.2250144321062524,True,conditional-studentized-curvature,True,13.955354938819957,28.13147412633046,14.176119187510505,True
t4-s2000-sd06,45,91320045,laplace,marginal,completed,22.625223799261537,20.0,0.1968965451327239,True,conditional-laplace,True,18.015524177065675,27.2349234214574,9.219399244391724,True
t4-s2000-sd06,45,91320045,studentized,marginal,completed,22.625223799261537,20.0,0.1968965451327239,True,conditional-studentized-curvature,True,15.650534653056823,35.59654365247899,19.94600899942217,True
t4-s2000-sd06,46,91320046,laplace,joint-map,completed,25.77429626336384,20.0,0.4530823323823703,True,conditional-laplace,True,13.44238019623745,38.10621233049023,24.66383213425278,True
t4-s2000-sd06,46,91320046,studentized,joint-map,completed,25.77429626336384,20.0,0.4530823323823703,True,conditional-studentized-curvature,True,13.122125679794078,60.11970499000593,46.99757931021185,True
t4-s2000-sd06,47,91320047,laplace,joint-map,completed,29.4641189826193,20.0,0.5154608997644552,True,conditional-laplace,True,12.174226669369965,46.75401129586864,34.57978462649867,True
t4-s2000-sd06,47,91320047,studentized,joint-map,completed,29.4641189826193,20.0,0.5154608997644552,True,conditional-studentized-curvature,True,12.87131992233421,72.81477435173994,59.94345442940573,True
t4-s2000-sd06,48,91320048,laplace,joint-map,completed,18.743865308588884,20.0,0.8621754110641683,True,unavailable-gaussian-interval-crosses-bound,False,,,,False
t4-s2000-sd06,48,91320048,studentized,joint-map,completed,18.743865308588884,20.0,0.8621754110641683,True,conditional-studentized-curvature,True,10.448221449101505,72.83867996587159,62.39045851677009,True
t4-s2000-sd06,49,91320049,laplace,joint-map,completed,23.023530285100968,20.0,0.2728474150664093,True,conditional-laplace,True,16.668633795381233,29.378426774820703,12.70979297943947,True
t4-s2000-sd06,49,91320049,studentized,joint-map,completed,23.023530285100968,20.0,0.2728474150664093,True,conditional-studentized-curvature,True,14.93807370617974,39.72199629080603,24.783922584626293,True
t4-s2000-sd06,50,91320050,laplace,joint-map,completed,16.224356087869346,20.0,0.3424226699808625,True,conditional-laplace,True,12.440653334036448,20.008058841702248,7.5674055076658,True
t4-s2000-sd06,50,91320050,studentized,joint-map,completed,16.224356087869346,20.0,0.3424226699808625,True,conditional-studentized-curvature,True,11.923441772923567,28.15950208969841,16.236060316774847,True
t4-s2000-sd06,51,91320051,laplace,joint-map,completed,32.45043878147546,20.0,0.4399111086150485,True,conditional-laplace,True,15.392341223750352,49.508536339200575,34.116195115450225,True
t4-s2000-sd06,51,91320051,studentized,joint-map,completed,32.45043878147546,20.0,0.4399111086150485,True,conditional-studentized-curvature,True,14.269941490399898,72.0302877956049,57.760346305205005,True
t4-s2000-sd06,52,91320052,laplace,joint-map,completed,37.60347391690027,20.0,0.3439045811621928,True,conditional-laplace,True,21.014303587157848,54.1926442466427,33.17834065948485,False
t4-s2000-sd06,52,91320052,studentized,joint-map,completed,37.60347391690027,20.0,0.3439045811621928,True,conditional-studentized-curvature,True,17.21000570686243,72.28413082801711,55.07412512115468,True
t4-s2000-sd06,53,91320053,laplace,joint-map,completed,15.005683919692064,20.0,0.8895472079993144,True,unavailable-gaussian-interval-crosses-bound,False,,,,False
t4-s2000-sd06,53,91320053,studentized,joint-map,completed,15.005683919692064,20.0,0.8895472079993144,True,conditional-studentized-curvature,True,10.255017225549157,59.47115087065146,49.2161336451023,True
t4-s2000-sd06,54,91320054,laplace,joint-map,completed,18.18929055541108,20.0,0.1558714248859444,True,conditional-laplace,True,15.671746664046328,20.70683444677583,5.0350877827295015,True
t4-s2000-sd06,54,91320054,studentized,joint-map,completed,18.18929055541108,20.0,0.1558714248859444,True,conditional-studentized-curvature,True,14.53766593818492,24.28821447520109,9.750548537016172,True
t4-s2000-sd06,55,91320055,laplace,joint-map,completed,20.987217764780357,20.0,0.3034584703738235,True,conditional-laplace,True,15.090487735530145,26.883947794030565,11.793460058500422,True
t4-s2000-sd06,55,91320055,studentized,joint-map,completed,20.987217764780357,20.0,0.3034584703738235,True,conditional-studentized-curvature,True,13.809535362690696,37.390861667930416,23.58132630523972,True
t4-s2000-sd06,56,91320056,laplace,joint-map,completed,21.051593430337263,20.0,1.0623927144168457,True,unavailable-gaussian-interval-crosses-bound,False,,,,False
t4-s2000-sd06,56,91320056,studentized,joint-map,completed,21.051593430337263,20.0,1.0623927144168457,True,conditional-studentized-curvature,True,10.26099146233284,88.36878497600168,78.10779351366884,True
t4-s2000-sd06,57,91320057,laplace,joint-map,completed,23.736620621470585,20.0,0.7974183186798389,True,unavailable-gaussian-interval-crosses-bound,False,,,,False
t4-s2000-sd06,57,91320057,studentized,joint-map,completed,23.736620621470585,20.0,0.7974183186798389,True,conditional-studentized-curvature,True,10.780777138580394,80.880805898556,70.10002875997561,True
t4-s2000-sd06,58,91320058,laplace,joint-map,completed,15.856152614754668,20.0,0.6399138633081842,True,unavailable-gaussian-interval-crosses-bound,False,,,,False
t4-s2000-sd06,58,91320058,studentized,joint-map,completed,15.856152614754668,20.0,0.6399138633081842,True,conditional-studentized-curvature,True,10.679428198262087,45.01391965380783,34.334491455545745,True
t4-s2000-sd06,59,91320059,laplace,joint-map,completed,19.93801066776865,20.0,0.9007627704997644,True,unavailable-gaussian-interval-crosses-bound,False,,,,False
t4-s2000-sd06,59,91320059,studentized,joint-map,completed,19.93801066776865,20.0,0.9007627704997644,True,conditional-studentized-curvature,True,10.430170281895135,78.61341182434342,68.18324154244829,True
t4-s2000-sd06,60,91320060,laplace,joint-map,completed,19.67999076418437,20.0,0.3352954691774928,True,conditional-laplace,True,13.968280074015489,25.39170145435325,11.42342138033776,True
t4-s2000-sd06,60,91320060,studentized,joint-map,completed,19.67999076418437,20.0,0.3352954691774928,True,conditional-studentized-curvature,True,13.034136826102433,36.45455506556004,23.420418239457604,True
t4-s2000-sd06,61,91320061,laplace,joint-map,completed,21.621212308299885,20.0,0.1283581540042466,True,conditional-laplace,True,18.63163785429785,24.610786762301917,5.979148908004063,True
t4-s2000-sd06,61,91320061,studentized,joint-map,completed,21.621212308299885,20.0,0.1283581540042466,True,conditional-studentized-curvature,True,17.067233170821986,28.45661341053839,11.389380239716406,True
t4-s2000-sd06,62,91320062,laplace,joint-map,completed,17.96696686320107,20.0,0.7472723937470401,True,unavailable-gaussian-interval-crosses-bound,False,,,,False
t4-s2000-sd06,62,91320062,studentized,joint-map,completed,17.96696686320107,20.0,0.7472723937470401,True,conditional-studentized-curvature,True,10.621545368189665,61.80516837941329,51.18362301122362,True
t4-s2000-sd06,63,91320063,laplace,joint-map,completed,25.134206982290564,20.0,0.1670009351153316,True,conditional-laplace,True,20.322070032763257,29.94634393181787,9.624273899054614,False
t4-s2000-sd06,63,91320063,studentized,joint-map,completed,25.134206982290564,20.0,0.1670009351153316,True,conditional-studentized-curvature,True,18.08692246793407,36.347435472395325,18.260513004461256,True
t4-s2000-sd06,64,91320064,laplace,marginal,completed,16.357384643202856,20.0,0.2748560230776618,True,conditional-laplace,True,13.173548216332344,19.54122107007337,6.367672853741023,False
t4-s2000-sd06,64,91320064,studentized,marginal,completed,16.357384643202856,20.0,0.2748560230776618,True,conditional-studentized-curvature,True,12.157625542617,27.137064301096704,14.979438758479702,True
t4-s2000-sd06,65,91320065,laplace,marginal,completed,17.339975415593955,20.0,0.1587581444932841,True,conditional-laplace,True,15.000887614977078,19.679063216210828,4.67817560123375,False
t4-s2000-sd06,65,91320065,studentized,marginal,completed,17.339975415593955,20.0,0.1587581444932841,True,conditional-studentized-curvature,True,13.702690889733216,23.971808017657143,10.26911712792393,True
t4-s2000-sd06,66,91320066,laplace,joint-map,completed,15.163368678004352,20.0,0.7133380709335196,True,unavailable-gaussian-interval-crosses-bound,False,,,,False
t4-s2000-sd06,66,91320066,studentized,joint-map,completed,15.163368678004352,20.0,0.7133380709335196,True,conditional-studentized-curvature,True,10.47219205497262,47.13115910593429,36.658967050961664,True
t4-s2000-sd06,67,91320067,laplace,joint-map,completed,38.307034219974895,20.0,0.8051755011630657,True,unavailable-gaussian-interval-crosses-bound,False,,,,False
t4-s2000-sd06,67,91320067,studentized,joint-map,completed,38.307034219974895,20.0,0.8051755011630657,True,conditional-studentized-curvature,True,10.938367622349892,95.7105726432639,84.77220502091401,True
t4-s2000-sd06,68,91320068,laplace,joint-map,completed,15.44038715029826,20.0,0.3741228705481887,True,conditional-laplace,True,11.857176434616,19.02359786598052,7.166421431364517,False
t4-s2000-sd06,68,91320068,studentized,joint-map,completed,15.44038715029826,20.0,0.3741228705481887,True,conditional-studentized-curvature,True,11.5291868820208,27.389029270248777,15.859842388227978,True
t4-s2000-sd06,69,91320069,laplace,joint-map,completed,23.54899133738733,20.0,0.3081706690424229,True,conditional-laplace,True,16.15102472522755,30.94695794954712,14.795933224319567,True
t4-s2000-sd06,69,91320069,studentized,joint-map,completed,23.54899133738733,20.0,0.3081706690424229,True,conditional-studentized-curvature,True,14.538348700470449,43.44793822691962,28.909589526449167,True
t4-s2000-sd06,70,91320070,laplace,joint-map,completed,13.95305766748269,20.0,0.8262323070991863,True,unavailable-gaussian-interval-crosses-bound,False,,,,False
t4-s2000-sd06,70,91320070,studentized,joint-map,completed,13.95305766748269,20.0,0.8262323070991863,True,conditional-studentized-curvature,True,10.25316922822606,48.51776163977501,38.26459241154895,True
t4-s2000-sd06,71,91320071,laplace,joint-map,completed,32.25617471098865,20.0,0.2997764588100465,True,conditional-laplace,True,20.56057114128249,43.9517782806948,23.391207139412305,False
t4-s2000-sd06,71,91320071,studentized,joint-map,completed,32.25617471098865,20.0,0.2997764588100465,True,conditional-studentized-curvature,True,17.335420070123213,59.39256822835961,42.0571481582364,True
t4-s2000-sd06,72,91320072,laplace,joint-map,completed,15.212762024502211,20.0,0.6462480716140984,True,unavailable-gaussian-interval-crosses-bound,False,,,,False
t4-s2000-sd06,72,91320072,studentized,joint-map,completed,15.212762024502211,20.0,0.6462480716140984,True,conditional-studentized-curvature,True,10.598535396302346,42.476772461407926,31.87823706510558,True
t4-s2000-sd06,73,91320073,laplace,joint-map,completed,24.40980159479051,20.0,0.1819005724368982,True,conditional-laplace,True,19.532009116549,29.287594073032015,9.755584956483016,True
t4-s2000-sd06,73,91320073,studentized,joint-map,completed,24.40980159479051,20.0,0.1819005724368982,True,conditional-studentized-curvature,True,17.396297450031245,35.981987285265554,18.58568983523431,True
t4-s2000-sd06,74,91320074,laplace,joint-map,completed,100.0,20.0,0.1744433809625906,True,unavailable-active-bound-use-profile-or-bootstrap,False,,,,False
t4-s2000-sd06,74,91320074,studentized,joint-map,completed,100.0,20.0,0.1744433809625906,True,unavailable-active-bound-use-profile-or-bootstrap,False,,,,False
t4-s2000-sd06,75,91320075,laplace,joint-map,completed,20.394434686812662,20.0,0.409319961304518,True,conditional-laplace,True,12.971494786427169,27.81737458719816,14.845879800770987,True
t4-s2000-sd06,75,91320075,studentized,joint-map,completed,20.394434686812662,20.0,0.409319961304518,True,conditional-studentized-curvature,True,12.514078189470506,43.513459300698216,30.99938111122771,True
t4-s2000-sd06,76,91320076,laplace,joint-map,completed,22.74074645996956,20.0,0.182613125401977,True,conditional-laplace,True,18.284443727416864,27.19704919252226,8.912605465105397,True
t4-s2000-sd06,76,91320076,studentized,joint-map,completed,22.74074645996956,20.0,0.182613125401977,True,conditional-studentized-curvature,True,16.4205581201602,33.53076700612967,17.11020888596947,True
t4-s2000-sd06,77,91320077,laplace,joint-map,completed,34.87966740389258,20.0,0.1898366410168252,True,conditional-laplace,True,26.07547776351602,43.68385704426914,17.60837928075312,False
t4-s2000-sd06,77,91320077,studentized,joint-map,completed,34.87966740389258,20.0,0.1898366410168252,True,conditional-studentized-curvature,True,21.923771696005268,53.98271766839447,32.0589459723892,False
t4-s2000-sd06,78,91320078,laplace,joint-map,completed,26.164862037668826,20.0,0.6593390766774154,True,unavailable-gaussian-interval-crosses-bound,False,,,,False
t4-s2000-sd06,78,91320078,studentized,joint-map,completed,26.164862037668826,20.0,0.6593390766774154,True,conditional-studentized-curvature,True,11.4639704354842,76.91547250149812,65.45150206601392,True
t4-s2000-sd06,79,91320079,laplace,joint-map,completed,18.847560629787367,20.0,0.2828723195122904,True,conditional-laplace,True,14.360182576962892,23.33493868261184,8.97475610564895,True
t4-s2000-sd06,79,91320079,studentized,joint-map,completed,18.847560629787367,20.0,0.2828723195122904,True,conditional-studentized-curvature,True,13.29279945728432,31.45428822517076,18.16148876788644,True
t4-s2000-sd06,80,91320080,laplace,joint-map,completed,24.053977392208296,20.0,0.4249246445200281,True,conditional-laplace,True,13.73575390909371,34.37220087532288,20.636446966229173,True
t4-s2000-sd06,80,91320080,studentized,joint-map,completed,24.053977392208296,20.0,0.4249246445200281,True,conditional-studentized-curvature,True,13.145121422395738,53.74373158306064,40.5986101606649,True
t4-s2000-sd06,81,91320081,laplace,joint-map,completed,17.27767102614076,20.0,0.2531498063748282,True,conditional-laplace,True,13.963195742064592,20.59214631021693,6.628950568152337,True
t4-s2000-sd06,81,91320081,studentized,joint-map,completed,17.27767102614076,20.0,0.2531498063748282,True,conditional-studentized-curvature,True,13.022113677027892,26.396027617274505,13.373913940246611,True
t4-s2000-sd06,82,91320082,laplace,joint-map,completed,21.86545234097055,20.0,0.535165312547482,True,conditional-laplace,True,10.936417640362029,32.79448704157907,21.85806940121704,True
t4-s2000-sd06,82,91320082,studentized,joint-map,completed,21.86545234097055,20.0,0.535165312547482,True,conditional-studentized-curvature,True,11.831696262722875,57.34692439307344,45.515228130350565,True
t4-s2000-sd06,83,91320083,laplace,marginal,completed,14.071889798601058,20.0,0.3830368422326701,True,conditional-laplace,True,11.265442271604789,16.87833732559733,5.61289505399254,False
t4-s2000-sd06,83,91320083,studentized,marginal,completed,14.071889798601058,20.0,0.3830368422326701,True,conditional-studentized-curvature,True,10.929408768306724,25.938322946402863,15.00891417809614,True
t4-s2000-sd06,84,91320084,laplace,joint-map,completed,29.13516425351302,20.0,0.7366052386500183,True,unavailable-gaussian-interval-crosses-bound,False,,,,False
t4-s2000-sd06,84,91320084,studentized,joint-map,completed,29.13516425351302,20.0,0.7366052386500183,True,conditional-studentized-curvature,True,11.188776849391251,86.04037049457241,74.85159364518117,True
t4-s2000-sd06,85,91320085,laplace,joint-map,completed,33.51042236114476,20.0,0.7009331911368911,True,unavailable-gaussian-interval-crosses-bound,False,,,,False
t4-s2000-sd06,85,91320085,studentized,joint-map,completed,33.51042236114476,20.0,0.7009331911368911,True,conditional-studentized-curvature,True,11.491959132039517,89.30759793336355,77.81563880132404,True
t4-s2000-sd06,86,91320086,laplace,joint-map,completed,19.015029435787493,20.0,0.3115059729565411,True,conditional-laplace,True,14.06012093567973,23.96993793589526,9.90981700021553,True
t4-s2000-sd06,86,91320086,studentized,joint-map,completed,19.015029435787493,20.0,0.3115059729565411,True,conditional-studentized-curvature,True,13.07841810913003,33.32765913438952,20.24924102525949,True
t4-s2000-sd06,87,91320087,laplace,joint-map,completed,18.04175741472578,20.0,0.124455686690282,True,conditional-laplace,True,15.871339191322836,20.212175638128727,4.340836446805891,True
t4-s2000-sd06,87,91320087,studentized,joint-map,completed,18.04175741472578,20.0,0.124455686690282,True,conditional-studentized-curvature,True,14.796108968206752,23.144963417705075,8.348854449498322,True
t4-s2000-sd06,88,91320088,laplace,joint-map,completed,16.676394729261105,20.0,0.3249476602676265,True,conditional-laplace,True,12.838318350450626,20.514471108071582,7.676152757620956,True
t4-s2000-sd06,88,91320088,studentized,joint-map,completed,16.676394729261105,20.0,0.3249476602676265,True,conditional-studentized-curvature,True,12.19624328647887,28.382336254567413,16.186092968088545,True
t4-s2000-sd06,89,91320089,laplace,joint-map,completed,17.60771229601183,20.0,0.5484929501666685,True,conditional-laplace,True,10.38344539986578,24.831979192157878,14.448533792292093,True
t4-s2000-sd06,89,91320089,studentized,joint-map,completed,17.60771229601183,20.0,0.5484929501666685,True,conditional-studentized-curvature,True,11.1729803538097,45.3099800422539,34.1369996884442,True
t4-s2000-sd06,90,91320090,laplace,joint-map,completed,24.79679222042681,20.0,0.3907745923607066,True,conditional-laplace,True,14.663155222878432,34.93042921797519,20.26727399509676,True
t4-s2000-sd06,90,91320090,studentized,joint-map,completed,24.79679222042681,20.0,0.3907745923607066,True,conditional-studentized-curvature,True,13.654233206938402,52.996722508028704,39.3424893010903,True
t4-s2000-sd06,91,91320091,laplace,joint-map,completed,15.339110299228702,20.0,0.1362187807086373,True,conditional-laplace,True,13.778428029734942,16.89979256872246,3.1213645389875198,False
t4-s2000-sd06,91,91320091,studentized,joint-map,completed,15.339110299228702,20.0,0.1362187807086373,True,conditional-studentized-curvature,True,13.061731377752253,19.13250694937192,6.070775571619663,False
t4-s2000-sd06,92,91320092,laplace,joint-map,completed,18.222852757159316,20.0,0.7851290633575235,True,unavailable-gaussian-interval-crosses-bound,False,,,,False
t4-s2000-sd06,92,91320092,studentized,joint-map,completed,18.222852757159316,20.0,0.7851290633575235,True,conditional-studentized-curvature,True,10.56028614330147,65.56991484858312,55.009628705281656,True
t4-s2000-sd06,93,91320093,laplace,joint-map,completed,18.618008094473883,20.0,0.2565572796776014,True,conditional-laplace,True,14.633771270913323,22.60224491803444,7.968473647121112,True
t4-s2000-sd06,93,91320093,studentized,joint-map,completed,18.618008094473883,20.0,0.2565572796776014,True,conditional-studentized-curvature,True,13.511749402260886,29.476981528536577,15.96523212627569,True
t4-s2000-sd06,94,91320094,laplace,joint-map,completed,16.713025752633857,20.0,0.1223301800193198,True,conditional-laplace,True,14.928450784889996,18.49760072037772,3.569149935487728,False
t4-s2000-sd06,94,91320094,studentized,joint-map,completed,16.713025752633857,20.0,0.1223301800193198,True,conditional-studentized-curvature,True,14.043078673418272,20.92210212111288,6.879023447694607,True
t4-s2000-sd06,95,91320095,laplace,joint-map,completed,18.07973273115833,20.0,0.8870125220169155,True,unavailable-gaussian-interval-crosses-bound,False,,,,False
t4-s2000-sd06,95,91320095,studentized,joint-map,completed,18.07973273115833,20.0,0.8870125220169155,True,conditional-studentized-curvature,True,10.38586687827965,72.3856675020863,61.99980062380666,True
t4-s2000-sd06,96,91320096,laplace,marginal,completed,15.787829377783796,20.0,0.1157916907912357,True,conditional-laplace,True,14.284007136761067,17.291651618806522,3.007644482045455,False
t4-s2000-sd06,96,91320096,studentized,marginal,completed,15.787829377783796,20.0,0.1157916907912357,True,conditional-studentized-curvature,True,13.328298217126244,19.85816514690624,6.529866929779994,False
t4-s2000-sd06,97,91320097,laplace,joint-map,completed,24.2512647801821,20.0,0.3104471752935704,True,conditional-laplace,True,16.477034504558542,32.025495055805656,15.548460551247114,True
t4-s2000-sd06,97,91320097,studentized,joint-map,completed,24.2512647801821,20.0,0.3104471752935704,True,conditional-studentized-curvature,True,14.75743571064128,44.927840281641934,30.170404571000653,True
t4-s2000-sd06,98,91320098,laplace,joint-map,completed,40.47715868456925,20.0,0.720695737426917,True,unavailable-gaussian-interval-crosses-bound,False,,,,False
t4-s2000-sd06,98,91320098,studentized,joint-map,completed,40.47715868456925,20.0,0.720695737426917,True,conditional-studentized-curvature,True,11.372156318727276,94.98147571104336,83.6093193923161,True
t4-s2000-sd06,99,91320099,laplace,joint-map,completed,21.78703330914162,20.0,0.4291574022769769,True,conditional-laplace,True,13.013508957550508,30.56055766073273,17.54704870318222,True
t4-s2000-sd06,99,91320099,studentized,joint-map,completed,21.78703330914162,20.0,0.4291574022769769,True,conditional-studentized-curvature,True,12.642393446258142,48.596475266529765,35.954081820271625,True
t4-s2000-sd06,100,91320100,laplace,joint-map,completed,22.8704655459584,20.0,0.3685149450166388,True,conditional-laplace,True,14.573156865852406,31.167774226064388,16.594617360211984,True
t4-s2000-sd06,100,91320100,studentized,joint-map,completed,22.8704655459584,20.0,0.3685149450166388,True,conditional-studentized-curvature,True,13.52164195529741,46.54848341736095,33.02684146206354,True
t4-s2000-sd06,101,91320101,laplace,joint-map,completed,15.164705023879716,20.0,0.2866351295962756,True,conditional-laplace,True,12.477109024610948,17.852301023148488,5.375191998537542,False
t4-s2000-sd06,101,91320101,studentized,joint-map,completed,15.164705023879716,20.0,0.2866351295962756,True,conditional-studentized-curvature,True,11.905013322456512,23.16834669231653,11.263333369860014,True
t4-s2000-sd06,102,91320102,laplace,joint-map,completed,18.64513787447381,20.0,0.6550280977847653,True,unavailable-gaussian-interval-crosses-bound,False,,,,False
t4-s2000-sd06,102,91320102,studentized,joint-map,completed,18.64513787447381,20.0,0.6550280977847653,True,conditional-studentized-curvature,True,10.91468053102481,57.13876543117802,46.224084900153215,True
t4-s2000-sd06,103,91320103,laplace,joint-map,completed,23.98148933829812,20.0,0.1685228920009107,True,conditional-laplace,True,19.572366266238717,28.39061241035752,8.818246144118806,True
t4-s2000-sd06,103,91320103,studentized,joint-map,completed,23.98148933829812,20.0,0.1685228920009107,True,conditional-studentized-curvature,True,17.53197950488722,34.32466613176037,16.792686626873145,True
t4-s2000-sd06,104,91320104,laplace,marginal,completed,20.934944673165703,20.0,0.4191534982181457,True,conditional-laplace,True,12.885891439387365,28.98399790694404,16.098106467556672,True
t4-s2000-sd06,104,91320104,studentized,marginal,completed,20.934944673165703,20.0,0.4191534982181457,True,conditional-studentized-curvature,True,12.09908694836394,50.02747902868289,37.92839208031895,True
t4-s2000-sd06,105,91320105,laplace,joint-map,completed,20.23758662734469,20.0,0.6251590156956301,True,unavailable-gaussian-interval-crosses-bound,False,,,,False
t4-s2000-sd06,105,91320105,studentized,joint-map,completed,20.23758662734469,20.0,0.6251590156956301,True,conditional-studentized-curvature,True,11.176222123459672,59.89397601297164,48.71775388951197,True
t4-s2000-sd06,106,91320106,laplace,joint-map,completed,21.661556247839727,20.0,0.8967701951814188,True,unavailable-gaussian-interval-crosses-bound,False,,,,False
t4-s2000-sd06,106,91320106,studentized,joint-map,completed,21.661556247839727,20.0,0.8967701951814188,True,conditional-studentized-curvature,True,10.490488164303343,82.15677625212248,71.66628808781914,True
t4-s2000-sd06,107,91320107,laplace,joint-map,completed,23.23215578430257,20.0,0.9306193117898064,True,unavailable-gaussian-interval-crosses-bound,False,,,,False
t4-s2000-sd06,107,91320107,studentized,joint-map,completed,23.23215578430257,20.0,0.9306193117898064,True,conditional-studentized-curvature,True,10.468387689785883,86.5249707186531,76.05658302886721,True
t4-s2000-sd06,108,91320108,laplace,joint-map,completed,24.048439978156097,20.0,0.6398512132228886,True,unavailable-gaussian-interval-crosses-bound,False,,,,False
t4-s2000-sd06,108,91320108,studentized,joint-map,completed,24.048439978156097,20.0,0.6398512132228886,True,conditional-studentized-curvature,True,11.432211573794277,71.11391518437125,59.681703610576974,True
t4-s2000-sd06,109,91320109,laplace,joint-map,completed,19.292303852190244,20.0,0.3572587957984234,True,conditional-laplace,True,13.463376189024432,25.12123151535605,11.65785532633162,True
t4-s2000-sd06,109,91320109,studentized,joint-map,completed,19.292303852190244,20.0,0.3572587957984234,True,conditional-studentized-curvature,True,12.70768545637534,36.94656675929228,24.23888130291694,True
t4-s2000-sd06,110,91320110,laplace,marginal,completed,16.450659325400252,20.0,0.4221056054690656,True,conditional-laplace,True,11.642359752002513,21.258958898798,9.616599146795483,True
t4-s2000-sd06,110,91320110,studentized,marginal,completed,16.450659325400252,20.0,0.4221056054690656,True,conditional-studentized-curvature,True,11.272720565943546,36.42146003219791,25.14873946625437,True
t4-s2000-sd06,111,91320111,laplace,joint-map,completed,25.65096759617429,20.0,0.4318884676620552,True,conditional-laplace,True,13.97661828956812,37.32531690278046,23.34869861321234,True
t4-s2000-sd06,111,91320111,studentized,joint-map,completed,25.65096759617429,20.0,0.4318884676620552,True,conditional-studentized-curvature,True,13.355619130445945,58.02617667283052,44.67055754238457,True
t4-s2000-sd06,112,91320112,laplace,joint-map,completed,42.21493707406437,20.0,0.2963201499553466,True,conditional-laplace,True,25.48644604738196,58.94342810074679,33.456982053364825,False
t4-s2000-sd06,112,91320112,studentized,joint-map,completed,42.21493707406437,20.0,0.2963201499553466,True,conditional-studentized-curvature,True,19.812744633715266,74.57478124985538,54.76203661614011,True
t4-s2000-sd06,113,91320113,laplace,joint-map,completed,19.313237963935155,20.0,0.4093673059173082,True,conditional-laplace,True,12.68020416080937,25.946271767060946,13.266067606251571,True
t4-s2000-sd06,113,91320113,studentized,joint-map,completed,19.313237963935155,20.0,0.4093673059173082,True,conditional-studentized-curvature,True,12.28302147650613,40.471574123899785,28.188552647393657,True
t4-s2000-sd06,114,91320114,laplace,joint-map,completed,16.2320767486975,20.0,0.1581135404384098,True,conditional-laplace,True,14.29236660342692,18.171786893968083,3.8794202905411614,False
t4-s2000-sd06,114,91320114,studentized,joint-map,completed,16.2320767486975,20.0,0.1581135404384098,True,conditional-studentized-curvature,True,13.440163607462097,21.00181931439857,7.561655706936477,True
t4-s2000-sd06,115,91320115,laplace,joint-map,completed,32.8693962178873,20.0,0.6180385130814084,True,unavailable-gaussian-interval-crosses-bound,False,,,,False
t4-s2000-sd06,115,91320115,studentized,joint-map,completed,32.8693962178873,20.0,0.6180385130814084,True,conditional-studentized-curvature,True,12.080943606164778,84.75436382829824,72.67342022213346,True
t4-s2000-sd06,116,91320116,laplace,marginal,completed,14.803362910395425,20.0,0.639376996167079,True,unavailable-gaussian-interval-crosses-bound,False,,,,False
t4-s2000-sd06,116,91320116,studentized,marginal,completed,14.803362910395425,20.0,0.639376996167079,True,conditional-studentized-curvature,True,10.414060279304657,46.67414545485695,36.26008517555229,True
t4-s2000-sd06,117,91320117,laplace,joint-map,completed,33.46685433927509,20.0,0.4989299201975159,True,conditional-laplace,True,13.303597104553289,53.630111573996885,40.3265144694436,True
t4-s2000-sd06,117,91320117,studentized,joint-map,completed,33.46685433927509,20.0,0.4989299201975159,True,conditional-studentized-curvature,True,13.453515750658324,78.14265449946008,64.68913874880175,True
t4-s2000-sd06,118,91320118,laplace,joint-map,completed,19.018944581713956,20.0,0.4398492421602064,True,conditional-laplace,True,12.0991763198709,25.938712843557003,13.8395365236861,True
t4-s2000-sd06,118,91320118,studentized,joint-map,completed,19.018944581713956,20.0,0.4398492421602064,True,conditional-studentized-curvature,True,11.9816299558495,41.97025009372817,29.98862013787867,True
t4-s2000-sd06,119,91320119,laplace,joint-map,completed,31.873377715610264,20.0,0.9550816192748476,True,unavailable-gaussian-interval-crosses-bound,False,,,,False
t4-s2000-sd06,119,91320119,studentized,joint-map,completed,31.873377715610264,20.0,0.9550816192748476,True,conditional-studentized-curvature,True,10.503148150220907,95.34552314698196,84.84237499676104,True
t4-s2000-sd06,120,91320120,laplace,joint-map,completed,20.832194282288423,20.0,0.6350128038042161,True,unavailable-gaussian-interval-crosses-bound,False,,,,False
t4-s2000-sd06,120,91320120,studentized,joint-map,completed,20.832194282288423,20.0,0.6350128038042161,True,conditional-studentized-curvature,True,11.185894705459848,62.53240572935596,51.34651102389611,True
t4-s2000-sd06,121,91320121,laplace,joint-map,completed,19.267849486908688,20.0,0.7552822181249479,True,unavailable-gaussian-interval-crosses-bound,False,,,,False
t4-s2000-sd06,121,91320121,studentized,joint-map,completed,19.267849486908688,20.0,0.7552822181249479,True,conditional-studentized-curvature,True,10.686277436617983,66.85175678960015,56.16547935298216,True
t4-s2000-sd06,122,91320122,laplace,joint-map,completed,20.71664181025126,20.0,0.6583789193008603,True,unavailable-gaussian-interval-crosses-bound,False,,,,False
t4-s2000-sd06,122,91320122,studentized,joint-map,completed,20.71664181025126,20.0,0.6583789193008603,True,conditional-studentized-curvature,True,11.08707638104085,63.9187473533032,52.83167097226234,True
t4-s2000-sd06,123,91320123,laplace,joint-map,completed,18.945294671213663,20.0,0.4531607233577976,True,conditional-laplace,True,11.920798652535234,25.969790689892093,14.04899203735686,True
t4-s2000-sd06,123,91320123,studentized,joint-map,completed,18.945294671213663,20.0,0.4531607233577976,True,conditional-studentized-curvature,True,11.895935713424771,42.52819732066932,30.632261607244548,True
t4-s2000-sd06,124,91320124,laplace,joint-map,completed,21.86631596308328,20.0,1.0859588013295556,True,unavailable-gaussian-interval-crosses-bound,False,,,,False
t4-s2000-sd06,124,91320124,studentized,joint-map,completed,21.86631596308328,20.0,1.0859588013295556,True,conditional-studentized-curvature,True,10.248416988469568,90.35708902600072,80.10867203753114,True
t4-s2000-sd06,125,91320125,laplace,joint-map,completed,31.188828027424783,20.0,0.4066632983836318,True,conditional-laplace,True,16.265718987475623,46.11193706737394,29.84621807989832,True
t4-s2000-sd06,125,91320125,studentized,joint-map,completed,31.188828027424783,20.0,0.4066632983836318,True,conditional-studentized-curvature,True,14.67164627289858,67.0557300246339,52.38408375173532,True
t4-s2000-sd06,126,91320126,laplace,joint-map,completed,18.597573072292192,20.0,0.5525088280423339,True,conditional-laplace,True,10.397910381995894,26.797235762588485,16.399325380592593,True
t4-s2000-sd06,126,91320126,studentized,joint-map,completed,18.597573072292192,20.0,0.5525088280423339,True,conditional-studentized-curvature,True,11.297396728563294,48.941295930546886,37.6438992019836,True
t4-s2000-sd06,127,91320127,laplace,joint-map,completed,17.823519884155385,20.0,0.5619537567778797,True,conditional-laplace,True,10.23556820329081,25.41147156501996,15.175903361729148,True
t4-s2000-sd06,127,91320127,studentized,joint-map,completed,17.823519884155385,20.0,0.5619537567778797,True,conditional-studentized-curvature,True,11.154395229684162,46.98318800156137,35.82879277187721,True
t4-s2000-sd06,128,91320128,laplace,joint-map,completed,19.036041051529224,20.0,0.5412432243759343,True,conditional-laplace,True,10.599574392166216,27.472507710892238,16.87293331872602,True
t4-s2000-sd06,128,91320128,studentized,joint-map,completed,19.036041051529224,20.0,0.5412432243759343,True,conditional-studentized-curvature,True,11.41245682443386,49.47268228021194,38.06022545577808,True
t4-s2000-sd06,129,91320129,laplace,joint-map,completed,17.11384701666802,20.0,0.5335300118653807,True,conditional-laplace,True,10.533475722615687,23.694218310720355,13.160742588104668,True
t4-s2000-sd06,129,91320129,studentized,joint-map,completed,17.11384701666802,20.0,0.5335300118653807,True,conditional-studentized-curvature,True,11.15980014458364,42.46443397621558,31.30463383163194,True
t4-s2000-sd06,130,91320130,laplace,joint-map,completed,18.585591568389816,20.0,0.2522088870230619,True,conditional-laplace,True,14.691528994360578,22.47965414241905,7.7881251480584766,True
t4-s2000-sd06,130,91320130,studentized,joint-map,completed,18.585591568389816,20.0,0.2522088870230619,True,conditional-studentized-curvature,True,13.56055239416519,29.13277398259336,15.572221588428166,True
t4-s2000-sd06,131,91320131,laplace,joint-map,completed,17.791583722729996,20.0,0.8075174141010405,True,unavailable-gaussian-interval-crosses-bound,False,,,,False
t4-s2000-sd06,131,91320131,studentized,joint-map,completed,17.791583722729996,20.0,0.8075174141010405,True,conditional-studentized-curvature,True,10.49598050304456,65.66263787008877,55.16665736704421,True
t4-s2000-sd06,132,91320132,laplace,joint-map,completed,20.51117820776509,20.0,0.4566482694186702,True,conditional-laplace,True,12.208278679534004,28.81407773599617,16.60579905646217,True
t4-s2000-sd06,132,91320132,studentized,joint-map,completed,20.51117820776509,20.0,0.4566482694186702,True,conditional-studentized-curvature,True,12.17135007193598,47.28485427275048,35.1135042008145,True
t4-s2000-sd06,133,91320133,laplace,joint-map,completed,17.37915795782499,20.0,0.951138129031488,True,unavailable-gaussian-interval-crosses-bound,False,,,,False
t4-s2000-sd06,133,91320133,studentized,joint-map,completed,17.37915795782499,20.0,0.951138129031488,True,conditional-studentized-curvature,True,10.287929691286958,74.17810629145272,63.89017660016576,True
t4-s2000-sd06,134,91320134,laplace,joint-map,completed,22.871870253307648,20.0,0.572782359451142,True,conditional-laplace,True,10.215557808562735,35.52818269805256,25.312624889489825,True
t4-s2000-sd06,134,91320134,studentized,joint-map,completed,22.871870253307648,20.0,0.572782359451142,True,conditional-studentized-curvature,True,11.714241734900584,63.030206499503976,51.31596476460339,True
t4-s2000-sd06,135,91320135,laplace,joint-map,completed,15.217964786420431,20.0,0.3984011498319993,True,conditional-laplace,True,11.5713245016685,18.864605071172363,7.293280569503862,False
t4-s2000-sd06,135,91320135,studentized,joint-map,completed,15.217964786420431,20.0,0.3984011498319993,True,conditional-studentized-curvature,True,11.35754849251154,27.846017878113955,16.488469385602414,True
t4-s2000-sd06,136,91320136,laplace,joint-map,completed,18.05060323905773,20.0,0.2227683471658412,True,conditional-laplace,True,14.772906782561252,21.328299695554204,6.555392912992952,True
t4-s2000-sd06,136,91320136,studentized,joint-map,completed,18.05060323905773,20.0,0.2227683471658412,True,conditional-studentized-curvature,True,13.667508641848183,26.66107417871996,12.993565536871772,True
t4-s2000-sd06,137,91320137,laplace,joint-map,completed,19.3368887067562,20.0,0.7364225048919854,True,unavailable-gaussian-interval-crosses-bound,False,,,,False
t4-s2000-sd06,137,91320137,studentized,joint-map,completed,19.3368887067562,20.0,0.7364225048919854,True,conditional-studentized-curvature,True,10.735914677880356,65.71674658529305,54.98083190741269,True
t4-s2000-sd06,138,91320138,laplace,joint-map,completed,33.8181447733292,20.0,0.4294028415757241,True,conditional-laplace,True,16.16625960055537,51.47002994610303,35.30377034554766,True
t4-s2000-sd06,138,91320138,studentized,joint-map,completed,33.8181447733292,20.0,0.4294028415757241,True,conditional-studentized-curvature,True,14.642676351780404,73.3828567258814,58.740180374100994,True
t4-s2000-sd06,139,91320139,laplace,joint-map,completed,33.84278711201705,20.0,0.5831406240457685,True,unavailable-gaussian-interval-crosses-bound,False,,,,False
t4-s2000-sd06,139,91320139,studentized,joint-map,completed,33.84278711201705,20.0,0.5831406240457685,True,conditional-studentized-curvature,True,12.445236543744866,84.07277628421126,71.62753974046639,True
t4-s2000-sd06,140,91320140,laplace,joint-map,completed,26.96348204962714,20.0,0.3849818756121326,True,conditional-laplace,True,15.627719828985656,38.299244270268616,22.67152444128296,True
t4-s2000-sd06,140,91320140,studentized,joint-map,completed,26.96348204962714,20.0,0.3849818756121326,True,conditional-studentized-curvature,True,14.2528986010368,56.8890741362998,42.636175535263,True
t4-s2000-sd06,141,91320141,laplace,joint-map,completed,18.460529693196627,20.0,0.4116930199190808,True,conditional-laplace,True,12.38547525874485,24.5355841276484,12.150108868903551,True
t4-s2000-sd06,141,91320141,studentized,joint-map,completed,18.460529693196627,20.0,0.4116930199190808,True,conditional-studentized-curvature,True,12.064644431007451,38.294475131214405,26.229830700206957,True
t4-s2000-sd06,142,91320142,laplace,joint-map,completed,14.714139229506117,20.0,0.3662829416991555,True,conditional-laplace,True,11.608667818814425,17.81961064019781,6.210942821383384,False
t4-s2000-sd06,142,91320142,studentized,joint-map,completed,14.714139229506117,20.0,0.3662829416991555,True,conditional-studentized-curvature,True,11.331198960276318,25.21852696157484,13.88732800129852,True
t4-s2000-sd06,143,91320143,laplace,joint-map,completed,27.89277670546617,20.0,0.832732823027677,True,unavailable-gaussian-interval-crosses-bound,False,,,,False
t4-s2000-sd06,143,91320143,studentized,joint-map,completed,27.89277670546617,20.0,0.832732823027677,True,conditional-studentized-curvature,True,10.792882188894012,88.64739435317756,77.85451216428355,True
t4-s2000-sd06,144,91320144,laplace,joint-map,completed,29.13426474343643,20.0,0.5971744391720731,True,unavailable-gaussian-interval-crosses-bound,False,,,,False
t4-s2000-sd06,144,91320144,studentized,joint-map,completed,29.13426474343643,20.0,0.5971744391720731,True,conditional-studentized-curvature,True,12.06995209986766,78.03220104384185,65.96224894397419,True
t4-s2000-sd06,145,91320145,laplace,marginal,completed,17.83876706593206,20.0,0.1583983248800354,True,conditional-laplace,True,15.357519482668254,20.320014649195866,4.962495166527612,True
t4-s2000-sd06,145,91320145,studentized,marginal,completed,17.83876706593206,20.0,0.1583983248800354,True,conditional-studentized-curvature,True,13.968079866836014,24.834114085458925,10.86603421862291,True
t4-s2000-sd06,146,91320146,laplace,joint-map,completed,20.14413971571415,20.0,0.4834968414030259,True,conditional-laplace,True,11.675385004314142,28.612894427114163,16.93750942280002,True
t4-s2000-sd06,146,91320146,studentized,joint-map,completed,20.14413971571415,20.0,0.4834968414030259,True,conditional-studentized-curvature,True,11.91717674405214,48.31710888119028,36.39993213713814,True
t4-s2000-sd06,147,91320147,laplace,joint-map,completed,21.18381152298174,20.0,0.5574285876854429,True,conditional-laplace,True,10.466981098520282,31.9006419474432,21.43366084892292,True
t4-s2000-sd06,147,91320147,studentized,joint-map,completed,21.18381152298174,20.0,0.5574285876854429,True,conditional-studentized-curvature,True,11.612065341830696,57.22382259868933,45.611757256858624,True
t4-s2000-sd06,148,91320148,laplace,joint-map,completed,20.153342376060763,20.0,0.3814622520264581,True,conditional-laplace,True,13.370714297738262,26.935970454383263,13.565256156645004,True
t4-s2000-sd06,148,91320148,studentized,joint-map,completed,20.153342376060763,20.0,0.3814622520264581,True,conditional-studentized-curvature,True,12.705363312238545,40.85775615196659,28.152392839728044,True
t4-s2000-sd06,149,91320149,laplace,marginal,completed,14.491795650312218,20.0,0.7578714708975971,True,unavailable-gaussian-interval-crosses-bound,False,,,,False
t4-s2000-sd06,149,91320149,studentized,marginal,completed,14.491795650312218,20.0,0.7578714708975971,True,conditional-studentized-curvature,True,10.243770426633745,55.35788286628034,45.1141124396466,True
t4-s2000-sd06,150,91320150,laplace,joint-map,completed,19.12417980905772,20.0,0.3513900509855738,True,conditional-laplace,True,13.388190084775369,24.86016953334007,11.4719794485647,True
t4-s2000-sd06,150,91320150,studentized,joint-map,completed,19.12417980905772,20.0,0.3513900509855738,True,conditional-studentized-curvature,True,12.654422841804696,36.566733687022335,23.91231084521764,True
t4-s2000-sd06,151,91320151,laplace,joint-map,completed,20.989444579747342,20.0,0.6798037978630126,True,unavailable-gaussian-interval-crosses-bound,False,,,,False
t4-s2000-sd06,151,91320151,studentized,joint-map,completed,20.989444579747342,20.0,0.6798037978630126,True,conditional-studentized-curvature,True,11.029274628779858,66.32031823466514,55.29104360588528,True
t4-s2000-sd06,152,91320152,laplace,joint-map,completed,38.04001184439844,20.0,0.3192762456084494,True,conditional-laplace,True,22.3171272234816,53.76289646531528,31.44576924183368,False
t4-s2000-sd06,152,91320152,studentized,joint-map,completed,38.04001184439844,20.0,0.3192762456084494,True,conditional-studentized-curvature,True,18.05352283013912,70.81623121276657,52.76270838262745,True
t4-s2000-sd06,153,91320153,laplace,joint-map,completed,25.218515844640383,20.0,0.6662633979636056,True,unavailable-gaussian-interval-crosses-bound,False,,,,False
t4-s2000-sd06,153,91320153,studentized,joint-map,completed,25.218515844640383,20.0,0.6662633979636056,True,conditional-studentized-curvature,True,11.37215146034858,75.51023732331532,64.13808586296675,True
t4-s2000-sd06,154,91320154,laplace,joint-map,completed,19.489276024694,20.0,0.812267959540537,True,unavailable-gaussian-interval-crosses-bound,False,,,,False
t4-s2000-sd06,154,91320154,studentized,joint-map,completed,19.489276024694,20.0,0.812267959540537,True,conditional-studentized-curvature,True,10.570624296093117,71.672738249266,61.10211395317289,True
t4-s2000-sd06,155,91320155,laplace,joint-map,completed,26.409816800937563,20.0,0.6581249665003315,True,unavailable-gaussian-interval-crosses-bound,False,,,,False
t4-s2000-sd06,155,91320155,studentized,joint-map,completed,26.409816800937563,20.0,0.6581249665003315,True,conditional-studentized-curvature,True,11.49000263312801,77.23677131843617,65.74676868530815,True
t4-s2000-sd06,156,91320156,laplace,joint-map,completed,24.14725421758793,20.0,0.3390978462753623,True,conditional-laplace,True,15.734940655103076,32.55956778007278,16.824627124969705,True
t4-s2000-sd06,156,91320156,studentized,joint-map,completed,24.14725421758793,20.0,0.3390978462753623,True,conditional-studentized-curvature,True,14.259873417133589,47.06339578979023,32.803522372656644,True
t4-s2000-sd06,157,91320157,laplace,joint-map,completed,23.78317950515114,20.0,0.537403150628253,True,conditional-laplace,True,11.008644196667133,36.55771481363514,25.54907061696801,True
t4-s2000-sd06,157,91320157,studentized,joint-map,completed,23.78317950515114,20.0,0.537403150628253,True,conditional-studentized-curvature,True,12.043662002791054,62.61716640409148,50.573504401300426,True
t4-s2000-sd06,158,91320158,laplace,joint-map,completed,30.209027180133464,20.0,0.255531361225686,True,conditional-laplace,True,21.000507740836877,39.417546619430055,18.417038878593186,False
t4-s2000-sd06,158,91320158,studentized,joint-map,completed,30.209027180133464,20.0,0.255531361225686,True,conditional-studentized-curvature,True,17.899877890370245,51.90756892110279,34.007691030732545,True
t4-s2000-sd06,159,91320159,laplace,marginal,completed,19.41011719232517,20.0,0.5133196340344813,True,conditional-laplace,True,10.938504737866648,27.881729646783697,16.94322490891705,True
t4-s2000-sd06,159,91320159,studentized,marginal,completed,19.41011719232517,20.0,0.5133196340344813,True,conditional-studentized-curvature,True,11.259376036309678,54.09845491999671,42.83907888368704,True
t4-s2000-sd06,160,91320160,laplace,joint-map,completed,24.21273591264965,20.0,0.6391389673249687,True,unavailable-gaussian-interval-crosses-bound,False,,,,False
t4-s2000-sd06,160,91320160,studentized,joint-map,completed,24.21273591264965,20.0,0.6391389673249687,True,conditional-studentized-curvature,True,11.446632112108118,71.45422448073637,60.00759236862825,True
t4-s2000-sd06,161,91320161,laplace,joint-map,completed,27.17644413335438,20.0,0.4304050624833336,True,conditional-laplace,True,14.394205359877745,39.958682906831015,25.56447754695327,True
t4-s2000-sd06,161,91320161,studentized,joint-map,completed,27.17644413335438,20.0,0.4304050624833336,True,conditional-studentized-curvature,True,13.63192444508072,61.25594628810509,47.62402184302437,True
t4-s2000-sd06,162,91320162,laplace,marginal,completed,17.165065266015926,20.0,0.2588421505934746,True,conditional-laplace,True,13.796660798719016,20.533469733312835,6.736808934593817,True
t4-s2000-sd06,162,91320162,studentized,marginal,completed,17.165065266015926,20.0,0.2588421505934746,True,conditional-studentized-curvature,True,12.591541484756505,28.135280042049445,15.543738557292942,True
t4-s2000-sd06,163,91320163,laplace,joint-map,completed,35.52656636537735,20.0,0.4701035787641405,True,conditional-laplace,True,14.848918109423362,56.20421462133134,41.35529651190798,True
t4-s2000-sd06,163,91320163,studentized,joint-map,completed,35.52656636537735,20.0,0.4701035787641405,True,conditional-studentized-curvature,True,14.082740469054038,79.06377161003405,64.98103114098001,True
t4-s2000-sd06,164,91320164,laplace,marginal,completed,14.85042076631688,20.0,0.497652717435269,True,conditional-laplace,True,10.57127978630998,19.12956174632378,8.558281960013801,False
t4-s2000-sd06,164,91320164,studentized,marginal,completed,14.85042076631688,20.0,0.497652717435269,True,conditional-studentized-curvature,True,10.72018757356142,35.817665612609055,25.09747803904764,True
t4-s2000-sd06,165,91320165,laplace,joint-map,completed,18.42791624853509,20.0,0.8749773397929376,True,unavailable-gaussian-interval-crosses-bound,False,,,,False
t4-s2000-sd06,165,91320165,studentized,joint-map,completed,18.42791624853509,20.0,0.8749773397929376,True,conditional-studentized-curvature,True,10.415045945302372,72.76089131878331,62.34584537348093,True
t4-s2000-sd06,166,91320166,laplace,joint-map,completed,24.99329243895357,20.0,1.0742076685245292,True,unavailable-gaussian-interval-crosses-bound,False,,,,False
t4-s2000-sd06,166,91320166,studentized,joint-map,completed,24.99329243895357,20.0,1.0742076685245292,True,conditional-studentized-curvature,True,10.288376271004946,93.29875502370416,83.01037875269921,True
t4-s2000-sd06,167,91320167,laplace,joint-map,completed,35.77700438395355,20.0,0.7365572537485872,True,unavailable-gaussian-interval-crosses-bound,False,,,,False
t4-s2000-sd06,167,91320167,studentized,joint-map,completed,35.77700438395355,20.0,0.7365572537485872,True,conditional-studentized-curvature,True,11.293517888078991,92.52961273217116,81.23609484409218,True
t4-s2000-sd06,168,91320168,laplace,joint-map,completed,22.225793505446507,20.0,0.3665419712382604,True,conditional-laplace,True,14.437698305869436,30.01388870502357,15.57619039915414,True
t4-s2000-sd06,168,91320168,studentized,joint-map,completed,22.225793505446507,20.0,0.3665419712382604,True,conditional-studentized-curvature,True,13.41688775733055,44.65489711505921,31.238009357728657,True
t4-s2000-sd06,169,91320169,laplace,joint-map,completed,17.457326737081697,20.0,0.4572813690542591,True,conditional-laplace,True,11.533133932084487,23.38151954207891,11.848385609994422,True
t4-s2000-sd06,169,91320169,studentized,joint-map,completed,17.457326737081697,20.0,0.4572813690542591,True,conditional-studentized-curvature,True,11.574624616686965,38.28695210797609,26.712327491289127,True
t4-s2000-sd06,170,91320170,laplace,joint-map,completed,34.085977484890655,20.0,0.5811515113106062,True,conditional-laplace,True,10.04947511936006,58.12247985042124,48.07300473106118,True
t4-s2000-sd06,170,91320170,studentized,joint-map,completed,34.085977484890655,20.0,0.5811515113106062,True,conditional-studentized-curvature,True,12.485079662891495,84.2170260121672,71.7319463492757,True
t4-s2000-sd06,171,91320171,laplace,joint-map,completed,16.198351950116166,20.0,0.4976361867767748,True,conditional-laplace,True,10.848646324787294,21.54805757544504,10.69941125065774,True
t4-s2000-sd06,171,91320171,studentized,joint-map,completed,16.198351950116166,20.0,0.4976361867767748,True,conditional-studentized-curvature,True,11.155820046762768,36.64289576447552,25.48707571771275,True
t4-s2000-sd06,172,91320172,laplace,joint-map,completed,27.743919564860605,20.0,0.5943849556614227,True,unavailable-gaussian-interval-crosses-bound,False,,,,False
t4-s2000-sd06,172,91320172,studentized,joint-map,completed,27.743919564860605,20.0,0.5943849556614227,True,conditional-studentized-curvature,True,11.99375752538867,75.42258349355814,63.42882596816946,True
t4-s2000-sd06,173,91320173,laplace,joint-map,completed,19.29909399585564,20.0,0.5881656894805174,True,unavailable-gaussian-interval-crosses-bound,False,,,,False
t4-s2000-sd06,173,91320173,studentized,joint-map,completed,19.29909399585564,20.0,0.5881656894805174,True,conditional-studentized-curvature,True,11.224004220275813,54.15236802648767,42.92836380621185,True
t4-s2000-sd06,174,91320174,laplace,joint-map,completed,15.911399523047676,20.0,1.0262490965558482,True,unavailable-gaussian-interval-crosses-bound,False,,,,False
t4-s2000-sd06,174,91320174,studentized,joint-map,completed,15.911399523047676,20.0,1.0262490965558482,True,conditional-studentized-curvature,True,10.184801273921927,73.54403805086277,63.35923677694084,True
t4-s2000-sd06,175,91320175,laplace,joint-map,completed,40.94012607397247,20.0,0.3167325201290986,True,conditional-laplace,True,23.77455464577225,58.10569750217268,34.33114285640043,False
t4-s2000-sd06,175,91320175,studentized,joint-map,completed,40.94012607397247,20.0,0.3167325201290986,True,conditional-studentized-curvature,True,18.725038048563597,74.69433808760685,55.96930003904326,True
t4-s2000-sd06,176,91320176,laplace,joint-map,completed,19.166090301343093,20.0,0.6420329402588457,True,unavailable-gaussian-interval-crosses-bound,False,,,,False
t4-s2000-sd06,176,91320176,studentized,joint-map,completed,19.166090301343093,20.0,0.6420329402588457,True,conditional-studentized-curvature,True,11.008533245338796,57.83735130756615,46.82881806222736,True
t4-s2000-sd06,177,91320177,laplace,joint-map,completed,20.7802124192523,20.0,0.901987219084539,True,unavailable-gaussian-interval-crosses-bound,False,,,,False
t4-s2000-sd06,177,91320177,studentized,joint-map,completed,20.7802124192523,20.0,0.901987219084539,True,conditional-studentized-curvature,True,10.457316429996702,80.54379170968662,70.08647527968992,True
t4-s2000-sd06,178,91320178,laplace,joint-map,completed,19.362902254949415,20.0,0.8422374081117768,True,unavailable-gaussian-interval-crosses-bound,False,,,,False
t4-s2000-sd06,178,91320178,studentized,joint-map,completed,19.362902254949415,20.0,0.8422374081117768,True,conditional-studentized-curvature,True,10.510666031180325,73.2347936043375,62.724127573157176,True
t4-s2000-sd06,179,91320179,laplace,joint-map,completed,14.11240257189403,20.0,1.0021360124944818,True,unavailable-gaussian-interval-crosses-bound,False,,,,False
t4-s2000-sd06,179,91320179,studentized,joint-map,completed,14.11240257189403,20.0,1.0021360124944818,True,conditional-studentized-curvature,True,10.146622045837011,62.577416296156365,52.43079425031935,True
t4-s2000-sd06,180,91320180,laplace,joint-map,completed,17.534192857083994,20.0,0.373635247895794,True,conditional-laplace,True,12.57184526846599,22.496540445702,9.924695177236003,True
t4-s2000-sd06,180,91320180,studentized,joint-map,completed,17.534192857083994,20.0,0.373635247895794,True,conditional-studentized-curvature,True,12.086923845131576,33.413195311657084,21.326271466525508,True
t4-s2000-sd06,181,91320181,laplace,joint-map,completed,24.379186177635685,20.0,0.2148991918900668,True,conditional-laplace,True,18.78485561648332,29.973516738788053,11.188661122304737,True
t4-s2000-sd06,181,91320181,studentized,joint-map,completed,24.379186177635685,20.0,0.2148991918900668,True,conditional-studentized-curvature,True,16.652012969670643,38.06051058807272,21.40849761840208,True
t4-s2000-sd06,182,91320182,laplace,joint-map,completed,20.703713282250963,20.0,0.4594525353018063,True,conditional-laplace,True,12.162568471655373,29.24485809284655,17.082289621191176,True
t4-s2000-sd06,182,91320182,studentized,joint-map,completed,20.703713282250963,20.0,0.4594525353018063,True,conditional-studentized-curvature,True,12.1700275340377,48.20036107616888,36.03033354213117,True
t4-s2000-sd06,183,91320183,laplace,joint-map,completed,14.845444858124788,20.0,0.5077674654072156,True,conditional-laplace,True,10.565460429020522,19.125429287229053,8.559968858208531,False
t4-s2000-sd06,183,91320183,studentized,joint-map,completed,14.845444858124788,20.0,0.5077674654072156,True,conditional-studentized-curvature,True,10.880903050548742,32.20658271648931,21.32567966594057,True
t4-s2000-sd06,184,91320184,laplace,joint-map,completed,19.623358894291723,20.0,0.5669803243064758,True,conditional-laplace,True,10.23778220348035,29.008935585103096,18.771153381622742,True
t4-s2000-sd06,184,91320184,studentized,joint-map,completed,19.623358894291723,20.0,0.5669803243064758,True,conditional-studentized-curvature,True,11.369465868411163,53.31318187869172,41.94371601028055,True
t4-s2000-sd06,185,91320185,laplace,joint-map,completed,22.88384904301484,20.0,0.5446460869861608,True,conditional-laplace,True,10.791196232568156,34.97650185346153,24.185305620893374,True
t4-s2000-sd06,185,91320185,studentized,joint-map,completed,22.88384904301484,20.0,0.5446460869861608,True,conditional-studentized-curvature,True,11.887935398507226,60.91567113955601,49.02773574104879,True
t4-s2000-sd06,186,91320186,laplace,joint-map,completed,32.488819761885985,20.0,0.4251291611027297,True,conditional-laplace,True,15.964080475621156,49.01355904815081,33.04947857252965,True
t4-s2000-sd06,186,91320186,studentized,joint-map,completed,32.488819761885985,20.0,0.4251291611027297,True,conditional-studentized-curvature,True,14.536706377627784,70.87717002350134,56.34046364587356,True
t4-s2000-sd06,187,91320187,laplace,joint-map,completed,20.121872781798277,20.0,0.4874982219923532,True,conditional-laplace,True,11.60835303761376,28.63539252598279,17.02703948836903,True
t4-s2000-sd06,187,91320187,studentized,joint-map,completed,20.121872781798277,20.0,0.4874982219923532,True,conditional-studentized-curvature,True,11.888850063857989,48.54291540734843,36.65406534349045,True
t4-s2000-sd06,188,91320188,laplace,marginal,completed,14.052007353561285,20.0,0.205773163918491,True,conditional-laplace,True,12.422290604434796,15.681724102687769,3.2594334982529727,False
t4-s2000-sd06,188,91320188,studentized,marginal,completed,14.052007353561285,20.0,0.205773163918491,True,conditional-studentized-curvature,True,11.721368961142286,19.209021063815616,7.48765210267333,False
t4-s2000-sd06,189,91320189,laplace,marginal,completed,14.265597604165889,20.0,0.1830224778778263,True,conditional-laplace,True,12.71596948168747,15.815225726644304,3.099256244956834,False
t4-s2000-sd06,189,91320189,studentized,marginal,completed,14.265597604165889,20.0,0.1830224778778263,True,conditional-studentized-curvature,True,11.969146800771508,18.96739193323816,6.9982451324666535,False
t4-s2000-sd06,190,91320190,laplace,joint-map,completed,22.31508352910052,20.0,0.3238162611404227,True,conditional-laplace,True,15.271756778566813,29.35841027963422,14.08665350106741,True
t4-s2000-sd06,190,91320190,studentized,joint-map,completed,22.31508352910052,20.0,0.3238162611404227,True,conditional-studentized-curvature,True,13.938951002695868,41.900608072436185,27.96165706974032,True
t4-s2000-sd06,191,91320191,laplace,joint-map,completed,17.561832889397696,20.0,0.1832261470256793,True,conditional-laplace,True,14.893513731976762,20.230152046818624,5.336638314841862,True
t4-s2000-sd06,191,91320191,studentized,joint-map,completed,17.561832889397696,20.0,0.1832261470256793,True,conditional-studentized-curvature,True,13.83822113168942,24.298393834357263,10.460172702667844,True
t4-s2000-sd06,192,91320192,laplace,joint-map,completed,17.27397712347638,20.0,0.2207758406757103,True,conditional-laplace,True,14.29645918330536,20.251495063647404,5.955035880342043,True
t4-s2000-sd06,192,91320192,studentized,joint-map,completed,17.27397712347638,20.0,0.2207758406757103,True,conditional-studentized-curvature,True,13.307451192588593,25.165297498169103,11.85784630558051,True
t4-s2000-sd06,193,91320193,laplace,joint-map,completed,44.58281680775737,20.0,0.3936817958835079,True,conditional-laplace,True,21.03100269074369,68.13463092477105,47.10362823402736,False
t4-s2000-sd06,193,91320193,studentized,joint-map,completed,44.58281680775737,20.0,0.3936817958835079,True,conditional-studentized-curvature,True,16.54731001795748,84.90880588272246,68.36149586476498,True
t4-s2000-sd06,194,91320194,laplace,joint-map,completed,25.10629612203615,20.0,0.9178931173664618,True,unavailable-gaussian-interval-crosses-bound,False,,,,False
t4-s2000-sd06,194,91320194,studentized,joint-map,completed,25.10629612203615,20.0,0.9178931173664618,True,conditional-studentized-curvature,True,10.522163454051364,88.70996366320014,78.18780020914878,True
t4-s2000-sd06,195,91320195,laplace,joint-map,completed,41.04890529085416,20.0,0.5048411649972157,True,conditional-laplace,True,14.050815556137415,68.0469950255709,53.99617946943348,True
t4-s2000-sd06,195,91320195,studentized,joint-map,completed,41.04890529085416,20.0,0.5048411649972157,True,conditional-studentized-curvature,True,13.769378930509816,87.74844632800867,73.97906739749885,True
t4-s2000-sd06,196,91320196,laplace,joint-map,completed,16.470434852903477,20.0,0.2514997336978699,True,conditional-laplace,True,13.475619273558356,19.4652504322486,5.989631158690244,False
t4-s2000-sd06,196,91320196,studentized,joint-map,completed,16.470434852903477,20.0,0.2514997336978699,True,conditional-studentized-curvature,True,12.656141774753197,24.832025526181997,12.1758837514288,True
t4-s2000-sd06,197,91320197,laplace,joint-map,completed,20.97340305983621,20.0,0.2958252199577858,True,conditional-laplace,True,15.18557166268944,26.761234456982983,11.575662794293544,True
t4-s2000-sd06,197,91320197,studentized,joint-map,completed,20.97340305983621,20.0,0.2958252199577858,True,conditional-studentized-curvature,True,13.87765789042306,36.985172335928254,23.1075144455052,True
t4-s2000-sd06,198,91320198,laplace,marginal,completed,13.616512123687697,20.0,0.4139438225643606,True,conditional-laplace,True,10.920547481358916,16.312476766016477,5.391929284657561,False
t4-s2000-sd06,198,91320198,studentized,marginal,completed,13.616512123687697,20.0,0.4139438225643606,True,conditional-studentized-curvature,True,10.733642764910972,25.82005715353312,15.08641438862215,True
t4-s2000-sd06,199,91320199,laplace,joint-map,completed,17.77885107243244,20.0,0.5591449800688292,True,conditional-laplace,True,10.279822405739118,25.277879739125755,14.998057333386637,True
t4-s2000-sd06,199,91320199,studentized,joint-map,completed,17.77885107243244,20.0,0.5591449800688292,True,conditional-studentized-curvature,True,11.1622196287597,46.56167889766533,35.39945926890563,True
t16-s2000-sd03,0,91330000,laplace,joint-map,completed,22.913604543905095,20.0,0.3829831010418815,True,conditional-laplace,True,15.640192289030646,30.18701679877955,14.546824509748904,True
t16-s2000-sd03,0,91330000,studentized,joint-map,completed,22.913604543905095,20.0,0.3829831010418815,True,conditional-studentized-curvature,True,16.905306691508066,32.720291797751734,15.814985106243668,True
t16-s2000-sd03,1,91330001,laplace,joint-map,completed,21.07227279136549,20.0,0.3100780463280454,True,conditional-laplace,True,15.960234794084563,26.18431078864641,10.224075994561847,True
t16-s2000-sd03,1,91330001,studentized,joint-map,completed,21.07227279136549,20.0,0.3100780463280454,True,conditional-studentized-curvature,True,16.66904007943568,27.76302635706381,11.093986277628131,True
t16-s2000-sd03,2,91330002,laplace,joint-map,completed,23.607521116569966,20.0,0.2642792924415759,True,conditional-laplace,True,18.212051426287204,29.00299080685273,10.790939380565526,True
t16-s2000-sd03,2,91330002,studentized,joint-map,completed,23.607521116569966,20.0,0.2642792924415759,True,conditional-studentized-curvature,True,18.791255450044535,30.399556734550917,11.608301284506377,True
t16-s2000-sd03,3,91330003,laplace,joint-map,completed,20.73337937580476,20.0,0.4377118807565976,True,conditional-laplace,True,13.855548873615732,27.611209877993787,13.755661004378055,True
t16-s2000-sd03,3,91330003,studentized,joint-map,completed,20.73337937580476,20.0,0.4377118807565976,True,conditional-studentized-curvature,True,15.281647551692446,30.453791181134413,15.172143629441967,True
t16-s2000-sd03,4,91330004,laplace,joint-map,completed,27.340608503469856,20.0,0.3032475619072661,True,conditional-laplace,True,19.58197744592536,35.09923956101436,15.517262115089,True
t16-s2000-sd03,4,91330004,studentized,joint-map,completed,27.340608503469856,20.0,0.3032475619072661,True,conditional-studentized-curvature,True,20.50761572595906,37.10208681171878,16.594471085759718,False
t16-s2000-sd03,5,91330005,laplace,joint-map,completed,20.41816382252967,20.0,0.2495890869633456,True,conditional-laplace,True,16.455224373345477,24.381103271713865,7.925878898368387,True
t16-s2000-sd03,5,91330005,studentized,joint-map,completed,20.41816382252967,20.0,0.2495890869633456,True,conditional-studentized-curvature,True,16.878854474166644,25.440249032835787,8.561394558669143,True
t16-s2000-sd03,6,91330006,laplace,joint-map,completed,19.77979282087973,20.0,0.2807336473284361,True,conditional-laplace,True,15.647934836666677,23.9116508050928,8.263715968426121,True
t16-s2000-sd03,6,91330006,studentized,joint-map,completed,19.77979282087973,20.0,0.2807336473284361,True,conditional-studentized-curvature,True,16.166074231821934,25.12918015488072,8.963105923058784,True
t16-s2000-sd03,7,91330007,laplace,joint-map,completed,24.881923213105903,20.0,0.3333968759361178,True,conditional-laplace,True,17.562960367814362,32.200886058397444,14.63792569058308,True
t16-s2000-sd03,7,91330007,studentized,joint-map,completed,24.881923213105903,20.0,0.3333968759361178,True,conditional-studentized-curvature,True,18.60409536401872,34.36891204960751,15.76481668558879,True
t16-s2000-sd03,8,91330008,laplace,joint-map,completed,24.087679693156787,20.0,0.3575344891124226,True,conditional-laplace,True,16.679558505700708,31.49580088061286,14.816242374912154,True
t16-s2000-sd03,8,91330008,studentized,joint-map,completed,24.087679693156787,20.0,0.3575344891124226,True,conditional-studentized-curvature,True,17.843628851102586,33.85888443774475,16.015255586642162,True
t16-s2000-sd03,9,91330009,laplace,joint-map,completed,24.40966852815032,20.0,0.3238675332019888,True,conditional-laplace,True,17.50601664179728,31.313320414503355,13.807303772706074,True
t16-s2000-sd03,9,91330009,studentized,joint-map,completed,24.40966852815032,20.0,0.3238675332019888,True,conditional-studentized-curvature,True,18.461473240202693,33.34226157896804,14.880788338765347,True
t16-s2000-sd03,10,91330010,laplace,joint-map,completed,21.96340202514776,20.0,0.293836166086839,True,conditional-laplace,True,16.726469024077414,27.200335026218102,10.473866002140692,True
t16-s2000-sd03,10,91330010,studentized,joint-map,completed,21.96340202514776,20.0,0.293836166086839,True,conditional-studentized-curvature,True,17.393125715088633,28.71872609787477,11.325600382786138,True
t16-s2000-sd03,11,91330011,laplace,joint-map,completed,21.029065604858157,20.0,0.408400873248366,True,conditional-laplace,True,14.43150701725896,27.626624192457356,13.195117175198394,True
t16-s2000-sd03,11,91330011,studentized,joint-map,completed,21.029065604858157,20.0,0.408400873248366,True,conditional-studentized-curvature,True,15.69241093243855,30.1717822105236,14.479371278085052,True
t16-s2000-sd03,12,91330012,laplace,joint-map,completed,18.76609356573667,20.0,0.3585005376383229,True,conditional-laplace,True,14.109312614412632,23.422874517060716,9.31356190264808,True
t16-s2000-sd03,12,91330012,studentized,joint-map,completed,18.76609356573667,20.0,0.3585005376383229,True,conditional-studentized-curvature,True,14.903270924332803,25.13096825870127,10.227697334368465,True
t16-s2000-sd03,13,91330013,laplace,joint-map,completed,17.672372186764736,20.0,0.3721369929729508,True,conditional-laplace,True,13.430086552961937,21.91465782056753,8.484571267605599,True
t16-s2000-sd03,13,91330013,studentized,joint-map,completed,17.672372186764736,20.0,0.3721369929729508,True,conditional-studentized-curvature,True,14.197799935302903,23.56811136007545,9.370311424772549,True
t16-s2000-sd03,14,91330014,laplace,joint-map,completed,22.12386786222282,20.0,0.2682057868085418,True,conditional-laplace,True,17.2404829717015,27.007252752744137,9.766769781042637,True
t16-s2000-sd03,14,91330014,studentized,joint-map,completed,22.12386786222282,20.0,0.2682057868085418,True,conditional-studentized-curvature,True,17.79166241407421,28.327792562682763,10.536130148608551,True
t16-s2000-sd03,15,91330015,laplace,joint-map,completed,23.98841075622116,20.0,0.2823136918777276,True,conditional-laplace,True,18.062616736430694,29.914204776011616,11.851588039580918,True
t16-s2000-sd03,15,91330015,studentized,joint-map,completed,23.98841075622116,20.0,0.2823136918777276,True,conditional-studentized-curvature,True,18.75864854119545,31.51391722369008,12.755268682494629,True
t16-s2000-sd03,16,91330016,laplace,joint-map,completed,18.61880352631881,20.0,0.2877674474451441,True,conditional-laplace,True,14.877456026976198,22.36015102566143,7.482694998685233,True
t16-s2000-sd03,16,91330016,studentized,joint-map,completed,18.61880352631881,20.0,0.2877674474451441,True,conditional-studentized-curvature,True,15.372399110734971,23.513672495954697,8.141273385219726,True
t16-s2000-sd03,17,91330017,laplace,joint-map,completed,20.058092673246563,20.0,0.4269153526781019,True,conditional-laplace,True,13.771313897911558,26.34487144858157,12.573557550670014,True
t16-s2000-sd03,17,91330017,studentized,joint-map,completed,20.058092673246563,20.0,0.4269153526781019,True,conditional-studentized-curvature,True,15.047913950879211,28.932755808106588,13.884841857227377,True
t16-s2000-sd03,18,91330018,laplace,joint-map,completed,16.60738308161994,20.0,0.2831918140545987,True,conditional-laplace,True,13.74133551351752,19.47343064972236,5.7320951362048405,False
t16-s2000-sd03,18,91330018,studentized,joint-map,completed,16.60738308161994,20.0,0.2831918140545987,True,conditional-studentized-curvature,True,14.130462836630242,20.389920608394814,6.259457771764572,True
t16-s2000-sd03,19,91330019,laplace,joint-map,completed,19.186240682640697,20.0,0.2782014118697421,True,conditional-laplace,True,15.323712995971814,23.048768369309585,7.725055373337771,True
t16-s2000-sd03,19,91330019,studentized,joint-map,completed,19.186240682640697,20.0,0.2782014118697421,True,conditional-studentized-curvature,True,15.809169342793767,24.19550196112777,8.386332618334007,True
t16-s2000-sd03,20,91330020,laplace,joint-map,completed,23.58667039267297,20.0,0.3232191393816879,True,conditional-laplace,True,17.091107015290998,30.082233770054955,12.991126754763958,True
t16-s2000-sd03,20,91330020,studentized,joint-map,completed,23.58667039267297,20.0,0.3232191393816879,True,conditional-studentized-curvature,True,17.999348687163362,32.02821017738311,14.028861490219748,True
t16-s2000-sd03,21,91330021,laplace,joint-map,completed,23.92912867276211,20.0,0.4370133480170994,True,conditional-laplace,True,15.042881502057766,32.815375843466455,17.772494341408688,True
t16-s2000-sd03,21,91330021,studentized,joint-map,completed,23.92912867276211,20.0,0.4370133480170994,True,conditional-studentized-curvature,True,16.812505761243113,36.14365637797407,19.331150616730955,True
t16-s2000-sd03,22,91330022,laplace,joint-map,completed,23.461123155060196,20.0,0.2776102050075979,True,conditional-laplace,True,17.882736064986766,29.03951024513362,11.156774180146854,True
t16-s2000-sd03,22,91330022,studentized,joint-map,completed,23.461123155060196,20.0,0.2776102050075979,True,conditional-studentized-curvature,True,18.52352478808832,30.53802056630345,12.014495778215132,True
t16-s2000-sd03,23,91330023,laplace,joint-map,completed,22.522202340277445,20.0,0.3943306521289025,True,conditional-laplace,True,15.27690355571206,29.76750112484283,14.49059756913077,True
t16-s2000-sd03,23,91330023,studentized,joint-map,completed,22.522202340277445,20.0,0.3943306521289025,True,conditional-studentized-curvature,True,16.585126027841397,32.37618231074531,15.79105628290391,True
t16-s2000-sd03,24,91330024,laplace,joint-map,completed,17.368502582437817,20.0,0.3527183505997747,True,conditional-laplace,True,13.48700460428356,21.250000560592078,7.762995956308515,True
t16-s2000-sd03,24,91330024,studentized,joint-map,completed,17.368502582437817,20.0,0.3527183505997747,True,conditional-studentized-curvature,True,14.152615106424172,22.7062401248586,8.553625018434422,True
t16-s2000-sd03,25,91330025,laplace,joint-map,completed,24.724199319638096,20.0,0.2695140655259467,True,conditional-laplace,True,18.78519429768576,30.66320434159044,11.87801004390468,True
t16-s2000-sd03,25,91330025,studentized,joint-map,completed,24.724199319638096,20.0,0.2695140655259467,True,conditional-studentized-curvature,True,19.42535496422274,32.18190652771137,12.756551563488628,True
t16-s2000-sd03,26,91330026,laplace,joint-map,completed,19.961649788067557,20.0,0.2751901595149241,True,conditional-laplace,True,15.819415620369073,24.103883955766037,8.28446833539696,True
t16-s2000-sd03,26,91330026,studentized,joint-map,completed,19.961649788067557,20.0,0.2751901595149241,True,conditional-studentized-curvature,True,16.32616363583012,25.30423197531168,8.97806833948156,True
t16-s2000-sd03,27,91330027,laplace,joint-map,completed,17.526353557797773,20.0,0.2817422148254144,True,conditional-laplace,True,14.30657524212526,20.746131873470283,6.439556631345024,True
t16-s2000-sd03,27,91330027,studentized,joint-map,completed,17.526353557797773,20.0,0.2817422148254144,True,conditional-studentized-curvature,True,14.730623100692824,21.746708546352643,7.016085445659819,True
t16-s2000-sd03,28,91330028,laplace,joint-map,completed,23.346926555703188,20.0,0.3214703057515878,True,conditional-laplace,True,17.005894932960462,29.68795817844591,12.682063245485448,True
t16-s2000-sd03,28,91330028,studentized,joint-map,completed,23.346926555703188,20.0,0.3214703057515878,True,conditional-studentized-curvature,True,17.88842935678376,31.58940155624304,13.70097219945928,True
t16-s2000-sd03,29,91330029,laplace,joint-map,completed,20.47223035738531,20.0,0.3982540352671341,True,conditional-laplace,True,14.348306724973089,26.59615398979753,12.247847264824443,True
t16-s2000-sd03,29,91330029,studentized,joint-map,completed,20.47223035738531,20.0,0.3982540352671341,True,conditional-studentized-curvature,True,15.495413881737685,28.94571204643267,13.450298164694988,True
t16-s2000-sd03,30,91330030,laplace,joint-map,completed,16.499699241570106,20.0,0.3276853346642306,True,conditional-laplace,True,13.297793520463262,19.701604962676956,6.403811442213691,False
t16-s2000-sd03,30,91330030,studentized,joint-map,completed,16.499699241570106,20.0,0.3276853346642306,True,conditional-studentized-curvature,True,13.809173652715216,20.85136001504853,7.04218636233332,True
t16-s2000-sd03,31,91330031,laplace,joint-map,completed,18.751035511919756,20.0,0.2906130772034276,True,conditional-laplace,True,14.921840913977908,22.580230109861592,7.658389195883684,True
t16-s2000-sd03,31,91330031,studentized,joint-map,completed,18.751035511919756,20.0,0.2906130772034276,True,conditional-studentized-curvature,True,15.432883544172476,23.76587360315702,8.332990058984542,True
t16-s2000-sd03,32,91330032,laplace,joint-map,completed,24.197368828308484,20.0,0.328601426813352,True,conditional-laplace,True,17.304077713149255,31.090659943467717,13.78658223031846,True
t16-s2000-sd03,32,91330032,studentized,joint-map,completed,24.197368828308484,20.0,0.328601426813352,True,conditional-studentized-curvature,True,18.27860842451324,33.14904964522496,14.870441220711722,True
t16-s2000-sd03,33,91330033,laplace,joint-map,completed,22.891264320392928,20.0,0.3069866992089132,True,conditional-laplace,True,17.016652735182625,28.76587590560323,11.749223170420606,True
t16-s2000-sd03,33,91330033,studentized,joint-map,completed,22.891264320392928,20.0,0.3069866992089132,True,conditional-studentized-curvature,True,17.795197399041143,30.48851572632513,12.693318327283984,True
t16-s2000-sd03,34,91330034,laplace,joint-map,completed,18.04151016684413,20.0,0.3403309327239758,True,conditional-laplace,True,13.96919238704242,22.11382794664584,8.144635559603419,True
t16-s2000-sd03,34,91330034,studentized,joint-map,completed,18.04151016684413,20.0,0.3403309327239758,True,conditional-studentized-curvature,True,14.629974481442323,23.567297951518658,8.937323470076334,True
t16-s2000-sd03,35,91330035,laplace,joint-map,completed,17.914480862339385,20.0,0.3975523858361608,True,conditional-laplace,True,13.261976931513974,22.566984793164792,9.305007861650818,True
t16-s2000-sd03,35,91330035,studentized,joint-map,completed,17.914480862339385,20.0,0.3975523858361608,True,conditional-studentized-curvature,True,14.163117088349985,24.47609761796287,10.312980529612886,True
t16-s2000-sd03,36,91330036,laplace,joint-map,completed,21.26474562928243,20.0,0.2442674620989105,True,conditional-laplace,True,17.075560330926006,25.45393092763885,8.378370596712845,True
t16-s2000-sd03,36,91330036,studentized,joint-map,completed,21.26474562928243,20.0,0.2442674620989105,True,conditional-studentized-curvature,True,17.50206928581364,26.53632326493718,9.03425397912354,True
t16-s2000-sd03,37,91330037,laplace,joint-map,completed,22.992499302135684,20.0,0.3208238931097801,True,conditional-laplace,True,16.826390764409723,29.15860783986165,12.332217075451926,True
t16-s2000-sd03,37,91330037,studentized,joint-map,completed,22.992499302135684,20.0,0.3208238931097801,True,conditional-studentized-curvature,True,17.688078731474576,31.02203080185486,13.333952070380285,True
t16-s2000-sd03,38,91330038,laplace,joint-map,completed,23.963736779489064,20.0,0.2842283451653313,True,conditional-laplace,True,18.016937410343857,29.91053614863427,11.893598738290414,True
t16-s2000-sd03,38,91330038,studentized,joint-map,completed,23.963736779489064,20.0,0.2842283451653313,True,conditional-studentized-curvature,True,18.72109282044616,31.52340132326916,12.802308502823,True
t16-s2000-sd03,39,91330039,laplace,joint-map,completed,22.878322667352904,20.0,0.2518805524649173,True,conditional-laplace,True,17.97873074100658,27.77791459369923,9.79918385269265,True
t16-s2000-sd03,39,91330039,studentized,joint-map,completed,22.878322667352904,20.0,0.2518805524649173,True,conditional-studentized-curvature,True,18.479819442421665,29.025861424332604,10.54604198191094,True
t16-s2000-sd03,40,91330040,laplace,joint-map,completed,19.366778213534083,20.0,0.3071101746829338,True,conditional-laplace,True,15.06839881857363,23.66515760849454,8.596758789920909,True
t16-s2000-sd03,40,91330040,studentized,joint-map,completed,19.366778213534083,20.0,0.3071101746829338,True,conditional-studentized-curvature,True,15.67401565585682,25.034378627377684,9.360362971520864,True
t16-s2000-sd03,41,91330041,laplace,joint-map,completed,22.678234021796406,20.0,0.2892722413209818,True,conditional-laplace,True,17.20025079246881,28.156217251124,10.95596645865519,True
t16-s2000-sd03,41,91330041,studentized,joint-map,completed,22.678234021796406,20.0,0.2892722413209818,True,conditional-studentized-curvature,True,17.877170071070623,29.703429398063022,11.826259326992403,True
t16-s2000-sd03,42,91330042,laplace,joint-map,completed,16.960529058895492,20.0,0.3526493256214246,True,conditional-laplace,True,13.311950577166394,20.60910754062459,7.297156963458194,True
t16-s2000-sd03,42,91330042,studentized,joint-map,completed,16.960529058895492,20.0,0.3526493256214246,True,conditional-studentized-curvature,True,13.93676884777527,21.983401197110343,8.046632349335077,True
t16-s2000-sd03,43,91330043,laplace,joint-map,completed,18.49868072795649,20.0,0.2652814942068404,True,conditional-laplace,True,15.061092656304634,21.93626879960835,6.875176143303715,True
t16-s2000-sd03,43,91330043,studentized,joint-map,completed,18.49868072795649,20.0,0.2652814942068404,True,conditional-studentized-curvature,True,15.474831776343152,22.93703441238874,7.462202636045589,True
t16-s2000-sd03,44,91330044,laplace,joint-map,completed,17.60718802190239,20.0,0.2651670698244353,True,conditional-laplace,True,14.519244010662335,20.69513203314245,6.175888022480111,True
t16-s2000-sd03,44,91330044,studentized,joint-map,completed,17.60718802190239,20.0,0.2651670698244353,True,conditional-studentized-curvature,True,14.8976077166032,21.611300909751023,6.713693193147828,True
t16-s2000-sd03,45,91330045,laplace,joint-map,completed,27.598746582398448,20.0,0.2716099615599108,True,conditional-laplace,True,20.47575755827607,34.721735606520824,14.245978048244757,False
t16-s2000-sd03,45,91330045,studentized,joint-map,completed,27.598746582398448,20.0,0.2716099615599108,True,conditional-studentized-curvature,True,21.202251424547335,36.42290136401832,15.220649939470976,False
t16-s2000-sd03,46,91330046,laplace,joint-map,completed,19.48593759156908,20.0,0.3507245072078107,True,conditional-laplace,True,14.535462771384234,24.43641241175392,9.900949640369683,True
t16-s2000-sd03,46,91330046,studentized,joint-map,completed,19.48593759156908,20.0,0.3507245072078107,True,conditional-studentized-curvature,True,15.354513641001413,26.19517290116228,10.840659260160868,True
t16-s2000-sd03,47,91330047,laplace,joint-map,completed,21.985283917006345,20.0,0.4414384839822941,True,conditional-laplace,True,14.244421507594584,29.726146326418103,15.48172481882352,True
t16-s2000-sd03,47,91330047,studentized,joint-map,completed,21.985283917006345,20.0,0.4414384839822941,True,conditional-studentized-curvature,True,15.842443325773736,32.83438008263752,16.991936756863787,True
t16-s2000-sd03,48,91330048,laplace,joint-map,completed,22.58252558990813,20.0,0.3274453569017561,True,conditional-laplace,True,16.490481922588096,28.674569257228164,12.184087334640068,True
t16-s2000-sd03,48,91330048,studentized,joint-map,completed,22.58252558990813,20.0,0.3274453569017561,True,conditional-studentized-curvature,True,17.369993992088894,30.564197123624893,13.194203131536,True
t16-s2000-sd03,49,91330049,laplace,joint-map,completed,17.541269656961262,20.0,0.3138707095022653,True,conditional-laplace,True,13.977789552652997,21.104749761269524,7.126960208616527,True
t16-s2000-sd03,49,91330049,studentized,joint-map,completed,17.541269656961262,20.0,0.3138707095022653,True,conditional-studentized-curvature,True,14.511575197891052,22.312491940646986,7.800916742755932,True
t16-s2000-sd03,50,91330050,laplace,joint-map,completed,18.78219922164897,20.0,0.3111294873197892,True,conditional-laplace,True,14.687781482578917,22.87661696071902,8.188835478140103,True
t16-s2000-sd03,50,91330050,studentized,joint-map,completed,18.78219922164897,20.0,0.3111294873197892,True,conditional-studentized-curvature,True,15.281230312200655,24.214587749505625,8.93335743730497,True
t16-s2000-sd03,51,91330051,laplace,joint-map,completed,24.51038120712542,20.0,0.2368011100991985,True,conditional-laplace,True,19.312506297662363,29.708256116588476,10.39574981892611,True
t16-s2000-sd03,51,91330051,studentized,joint-map,completed,24.51038120712542,20.0,0.2368011100991985,True,conditional-studentized-curvature,True,19.780066652689644,30.931623320478487,11.151556667788842,True
t16-s2000-sd03,52,91330052,laplace,joint-map,completed,21.64401599513588,20.0,0.3576372306057203,True,conditional-laplace,True,15.50176762965686,27.786264360614897,12.284496730958036,True
t16-s2000-sd03,52,91330052,studentized,joint-map,completed,21.64401599513588,20.0,0.3576372306057203,True,conditional-studentized-curvature,True,16.503887915291568,29.879286065846618,13.37539815055505,True
t16-s2000-sd03,53,91330053,laplace,joint-map,completed,22.954039869247783,20.0,0.3137069815879636,True,conditional-laplace,True,16.930540870462373,28.97753886803319,12.046997997570816,True
t16-s2000-sd03,53,91330053,studentized,joint-map,completed,22.954039869247783,20.0,0.3137069815879636,True,conditional-studentized-curvature,True,17.750083810911363,30.76991228284406,13.019828471932698,True
t16-s2000-sd03,54,91330054,laplace,joint-map,completed,19.55285903687884,20.0,0.2992904702671524,True,conditional-laplace,True,15.266539119086222,23.839178954671446,8.572639835585225,True
t16-s2000-sd03,54,91330054,studentized,joint-map,completed,19.55285903687884,20.0,0.2992904702671524,True,conditional-studentized-curvature,True,15.851377127593842,25.173618982052297,9.322241854458454,True
t16-s2000-sd03,55,91330055,laplace,joint-map,completed,19.98694417585931,20.0,0.330643933679254,True,conditional-laplace,True,15.07861655139511,24.895271800323503,9.816655248928395,True
t16-s2000-sd03,55,91330055,studentized,joint-map,completed,19.98694417585931,20.0,0.330643933679254,True,conditional-studentized-curvature,True,15.827604997161131,26.53187348683889,10.704268489677755,True
t16-s2000-sd03,56,91330056,laplace,joint-map,completed,19.846598756892885,20.0,0.3330873728376493,True,conditional-laplace,True,14.973286242443166,24.7199112713426,9.746625028899434,True
t16-s2000-sd03,56,91330056,studentized,joint-map,completed,19.846598756892885,20.0,0.3330873728376493,True,conditional-studentized-curvature,True,15.72489298912619,26.35972229119713,10.63482930207094,True
t16-s2000-sd03,57,91330057,laplace,joint-map,completed,20.562730242086666,20.0,0.340189266939214,True,conditional-laplace,True,15.245717688697834,25.8797427954755,10.634025106777669,True
t16-s2000-sd03,57,91330057,studentized,joint-map,completed,20.562730242086666,20.0,0.340189266939214,True,conditional-studentized-curvature,True,16.075625382448017,27.66616806219108,11.59054267974306,True
t16-s2000-sd03,58,91330058,laplace,joint-map,completed,16.706088504480118,20.0,0.2749035054168423,True,conditional-laplace,True,13.876407652367398,19.53576935659284,5.659361704225443,False
t16-s2000-sd03,58,91330058,studentized,joint-map,completed,16.706088504480118,20.0,0.2749035054168423,True,conditional-studentized-curvature,True,14.2463556982809,20.41754945032323,6.1711937520423295,True
t16-s2000-sd03,59,91330059,laplace,joint-map,completed,23.35753689329964,20.0,0.4324459925114968,True,conditional-laplace,True,14.912902366152249,31.802171420447024,16.889269054294775,True
t16-s2000-sd03,59,91330059,studentized,joint-map,completed,23.35753689329964,20.0,0.4324459925114968,True,conditional-studentized-curvature,True,16.58819398937842,34.99785281088524,18.40965882150682,True
t16-s2000-sd03,60,91330060,laplace,joint-map,completed,20.81875428863996,20.0,0.2842187655649705,True,conditional-laplace,True,16.191399573515206,25.44610900376472,9.254709430249513,True
t16-s2000-sd03,60,91330060,studentized,joint-map,completed,20.81875428863996,20.0,0.2842187655649705,True,conditional-studentized-curvature,True,16.77229365023739,26.795086084880744,10.022792434643351,True
t16-s2000-sd03,61,91330061,laplace,joint-map,completed,17.37554128712265,20.0,0.3962836048232064,True,conditional-laplace,True,13.051254007651778,21.699828566593524,8.648574558941746,True
t16-s2000-sd03,61,91330061,studentized,joint-map,completed,17.37554128712265,20.0,0.3962836048232064,True,conditional-studentized-curvature,True,13.890893198493952,23.492022006954024,9.601128808460071,True
t16-s2000-sd03,62,91330062,laplace,joint-map,completed,18.72087722822841,20.0,0.240887167841919,True,conditional-laplace,True,15.492929404015785,21.94882505244104,6.455895648425258,True
t16-s2000-sd03,62,91330062,studentized,joint-map,completed,18.72087722822841,20.0,0.240887167841919,True,conditional-studentized-curvature,True,15.83389230038199,22.81893468251987,6.98504238213788,True
t16-s2000-sd03,63,91330063,laplace,joint-map,completed,22.269041763138663,20.0,0.289337960105241,True,conditional-laplace,True,16.972996610614775,27.56508691566255,10.592090305047776,True
t16-s2000-sd03,63,91330063,studentized,joint-map,completed,22.269041763138663,20.0,0.289337960105241,True,conditional-studentized-curvature,True,17.630974704801943,29.073337155424728,11.442362450622785,True
t16-s2000-sd03,64,91330064,laplace,joint-map,completed,21.29123717752302,20.0,0.2917198955309752,True,conditional-laplace,True,16.371744382946897,26.21072997209914,9.838985589152244,True
t16-s2000-sd03,64,91330064,studentized,joint-map,completed,21.29123717752302,20.0,0.2917198955309752,True,conditional-studentized-curvature,True,17.000566146171078,27.65237462740189,10.651808481230812,True
t16-s2000-sd03,65,91330065,laplace,joint-map,completed,19.32436324271993,20.0,0.3489081802746578,True,conditional-laplace,True,14.50180994709029,24.146916538349565,9.645106591259276,True
t16-s2000-sd03,65,91330065,studentized,joint-map,completed,19.32436324271993,20.0,0.3489081802746578,True,conditional-studentized-curvature,True,15.292517733188497,25.85285383810829,10.5603361049198,True
t16-s2000-sd03,66,91330066,laplace,joint-map,completed,18.12480572250195,20.0,0.3939516033435779,True,conditional-laplace,True,13.406154429823596,22.8434570151803,9.437302585356704,True
t16-s2000-sd03,66,91330066,studentized,joint-map,completed,18.12480572250195,20.0,0.3939516033435779,True,conditional-studentized-curvature,True,14.305627399163058,24.748626391799693,10.442998992636635,True
t16-s2000-sd03,67,91330067,laplace,joint-map,completed,19.87718844108757,20.0,0.3233509173884429,True,conditional-laplace,True,15.132513439975384,24.62186344219976,9.489350002224374,True
t16-s2000-sd03,67,91330067,studentized,joint-map,completed,19.87718844108757,20.0,0.3233509173884429,True,conditional-studentized-curvature,True,15.836806356212357,26.176845518969625,10.340039162757268,True
t16-s2000-sd03,68,91330068,laplace,joint-map,completed,17.898104008821974,20.0,0.2570603692601364,True,conditional-laplace,True,14.776858539027089,21.019349478616864,6.242490939589777,True
t16-s2000-sd03,68,91330068,studentized,joint-map,completed,17.898104008821974,20.0,0.2570603692601364,True,conditional-studentized-curvature,True,15.143773872280308,21.92011235722842,6.776338484948111,True
t16-s2000-sd03,69,91330069,laplace,joint-map,completed,19.87511306629308,20.0,0.3932675798442364,True,conditional-laplace,True,14.173328019268231,25.576898113317927,11.403570094049694,True
t16-s2000-sd03,69,91330069,studentized,joint-map,completed,19.87511306629308,20.0,0.3932675798442364,True,conditional-studentized-curvature,True,15.232728393505573,27.772610546492853,12.53988215298728,True
t16-s2000-sd03,70,91330070,laplace,joint-map,completed,19.43942375256529,20.0,0.30202737980557,True,conditional-laplace,True,15.16989759804112,23.70894990708946,8.539052309048337,True
t16-s2000-sd03,70,91330070,studentized,joint-map,completed,19.43942375256529,20.0,0.30202737980557,True,conditional-studentized-curvature,True,15.759572959069658,25.050324679045413,9.290751719975756,True
t16-s2000-sd03,71,91330071,laplace,joint-map,completed,17.51997461821545,20.0,0.4022352157651694,True,conditional-laplace,True,13.050795671839062,21.98915356459184,8.938357892752776,True
t16-s2000-sd03,71,91330071,studentized,joint-map,completed,17.51997461821545,20.0,0.4022352157651694,True,conditional-studentized-curvature,True,13.930683497893618,23.8590577186162,9.92837422072258,True
t16-s2000-sd03,72,91330072,laplace,joint-map,completed,21.816469824699,20.0,0.3750000902218625,True,conditional-laplace,True,15.305234888104197,28.3277047612938,13.022469873189609,True
t16-s2000-sd03,72,91330072,studentized,joint-map,completed,21.816469824699,20.0,0.3750000902218625,True,conditional-studentized-curvature,True,16.423536856068335,30.62001285463501,14.19647599856668,True
t16-s2000-sd03,73,91330073,laplace,joint-map,completed,21.190871676706383,20.0,0.3222035168693044,True,conditional-laplace,True,15.844228449899958,26.53751490351281,10.693286453612856,True
t16-s2000-sd03,73,91330073,studentized,joint-map,completed,21.190871676706383,20.0,0.3222035168693044,True,conditional-studentized-curvature,True,16.618261625352268,28.231944068396345,11.613682443044077,True
t16-s2000-sd03,74,91330074,laplace,joint-map,completed,17.412748669486334,20.0,0.3857356889761426,True,conditional-laplace,True,13.162812182698971,21.66268515627369,8.49987297357472,True
t16-s2000-sd03,74,91330074,studentized,joint-map,completed,17.412748669486334,20.0,0.3857356889761426,True,conditional-studentized-curvature,True,13.966968532595793,23.38590328588815,9.418934753292358,True
t16-s2000-sd03,75,91330075,laplace,joint-map,completed,18.08097027018101,20.0,0.2900220430428893,True,conditional-laplace,True,14.52893063285548,21.633009907506533,7.104079274651053,True
t16-s2000-sd03,75,91330075,studentized,joint-map,completed,18.08097027018101,20.0,0.2900220430428893,True,conditional-studentized-curvature,True,15.010235978918423,22.751364931809327,7.741128952890904,True
t16-s2000-sd03,76,91330076,laplace,joint-map,completed,16.68477028647038,20.0,0.3461282905644218,True,conditional-laplace,True,13.22116075906656,20.1483798138742,6.927219054807637,True
t16-s2000-sd03,76,91330076,studentized,joint-map,completed,16.68477028647038,20.0,0.3461282905644218,True,conditional-studentized-curvature,True,13.807929062937411,21.446395958554863,7.638466895617455,True
t16-s2000-sd03,77,91330077,laplace,joint-map,completed,21.616975841349845,20.0,0.3023306715781846,True,conditional-laplace,True,16.385694335769035,26.84825734693065,10.46256301116162,True
t16-s2000-sd03,77,91330077,studentized,joint-map,completed,21.616975841349845,20.0,0.3023306715781846,True,conditional-studentized-curvature,True,17.081573014488804,28.412091802187252,11.330518787698452,True
t16-s2000-sd03,78,91330078,laplace,joint-map,completed,20.54110864174337,20.0,0.3562555977200451,True,conditional-laplace,True,14.994056969678908,26.088160313807837,11.094103344128929,True
t16-s2000-sd03,78,91330078,studentized,joint-map,completed,20.54110864174337,20.0,0.3562555977200451,True,conditional-studentized-curvature,True,15.909208130323377,28.02543587281937,12.116227742495994,True
t16-s2000-sd03,79,91330079,laplace,joint-map,completed,18.841624157001984,20.0,0.2614091995489122,True,conditional-laplace,True,15.323275883767067,22.359972430236898,7.036696546469829,True
t16-s2000-sd03,79,91330079,studentized,joint-map,completed,18.841624157001984,20.0,0.2614091995489122,True,conditional-studentized-curvature,True,15.735024263494232,23.36414692660499,7.62912266311076,True
t16-s2000-sd03,80,91330080,laplace,joint-map,completed,21.638150258686807,20.0,0.3182491222917941,True,conditional-laplace,True,16.13500768709652,27.14129283027709,11.006285143180577,True
t16-s2000-sd03,80,91330080,studentized,joint-map,completed,21.638150258686807,20.0,0.3182491222917941,True,conditional-studentized-curvature,True,16.915981442284732,28.85294377262873,11.936962330344002,True
t16-s2000-sd03,81,91330081,laplace,joint-map,completed,25.43938034821352,20.0,0.3280448380249874,True,conditional-laplace,True,17.943472267546255,32.93528842888078,14.991816161334526,True
t16-s2000-sd03,81,91330081,studentized,joint-map,completed,25.43938034821352,20.0,0.3280448380249874,True,conditional-studentized-curvature,True,18.98192681697125,35.10100393650361,16.11907711953236,True
t16-s2000-sd03,82,91330082,laplace,joint-map,completed,20.96183119637267,20.0,0.3148845569406346,True,conditional-laplace,True,15.827007294949691,26.096655097795647,10.269647802845954,True
t16-s2000-sd03,82,91330082,studentized,joint-map,completed,20.96183119637267,20.0,0.3148845569406346,True,conditional-studentized-curvature,True,16.55382408379547,27.70553937574301,11.151715291947546,True
t16-s2000-sd03,83,91330083,laplace,joint-map,completed,18.059835547577286,20.0,0.3287071528956288,True,conditional-laplace,True,14.106181463873158,22.013489631281416,7.907308167408258,True
t16-s2000-sd03,83,91330083,studentized,joint-map,completed,18.059835547577286,20.0,0.3287071528956288,True,conditional-studentized-curvature,True,14.722874932518597,23.384481435063226,8.661606502544629,True
t16-s2000-sd03,84,91330084,laplace,joint-map,completed,18.553225605457826,20.0,0.3468619000516829,True,conditional-laplace,True,14.137893089527331,22.96855812138832,8.830665031860985,True
t16-s2000-sd03,84,91330084,studentized,joint-map,completed,18.553225605457826,20.0,0.3468619000516829,True,conditional-studentized-curvature,True,14.866866781918926,24.554423744528204,9.687556962609278,True
t16-s2000-sd03,85,91330085,laplace,joint-map,completed,19.6029824353395,20.0,0.3718855467454968,True,conditional-laplace,True,14.325116913922162,24.88084795675684,10.555731042834676,True
t16-s2000-sd03,85,91330085,studentized,joint-map,completed,19.6029824353395,20.0,0.3718855467454968,True,conditional-studentized-curvature,True,15.253277434873567,26.838631321594804,11.585353886721236,True
t16-s2000-sd03,86,91330086,laplace,joint-map,completed,22.734589658446623,20.0,0.3264248205088798,True,conditional-laplace,True,16.57924311929888,28.889936197594363,12.310693078295484,True
t16-s2000-sd03,86,91330086,studentized,joint-map,completed,22.734589658446623,20.0,0.3264248205088798,True,conditional-studentized-curvature,True,17.46394302052459,30.7896113342227,13.32566831369811,True
t16-s2000-sd03,87,91330087,laplace,joint-map,completed,28.549377894259894,20.0,0.2701010029537488,True,conditional-laplace,True,21.08513843593085,36.013617352588945,14.92847891665809,False
t16-s2000-sd03,87,91330087,studentized,joint-map,completed,28.549377894259894,20.0,0.2701010029537488,True,conditional-studentized-curvature,True,21.822982396078384,37.74447999447431,15.921497598395929,False
t16-s2000-sd03,88,91330088,laplace,joint-map,completed,19.95247950560606,20.0,0.3365795935876201,True,conditional-laplace,True,14.978412998462565,24.926546012749554,9.94813301428699,True
t16-s2000-sd03,88,91330088,studentized,joint-map,completed,19.95247950560606,20.0,0.3365795935876201,True,conditional-studentized-curvature,True,15.753966605683406,26.61050511687697,10.856538511193566,True
t16-s2000-sd03,89,91330089,laplace,joint-map,completed,21.2673467258888,20.0,0.2916737531948109,True,conditional-laplace,True,16.36085823453992,26.173835217237684,9.812976982697766,True
t16-s2000-sd03,89,91330089,studentized,joint-map,completed,21.2673467258888,20.0,0.2916737531948109,True,conditional-studentized-curvature,True,16.987795889862205,27.61177749831146,10.623981608449256,True
t16-s2000-sd03,90,91330090,laplace,joint-map,completed,18.05390311479882,20.0,0.4465876292789701,True,conditional-laplace,True,12.769994837334718,23.33781139226292,10.567816554928203,True
t16-s2000-sd03,90,91330090,studentized,joint-map,completed,18.05390311479882,20.0,0.4465876292789701,True,conditional-studentized-curvature,True,13.924190662855956,25.735140788467533,11.810950125611576,True
t16-s2000-sd03,91,91330091,laplace,joint-map,completed,19.130900526421875,20.0,0.274157599564209,True,conditional-laplace,True,15.345218983307944,22.916582069535806,7.571363086227862,True
t16-s2000-sd03,91,91330091,studentized,joint-map,completed,19.130900526421875,20.0,0.274157599564209,True,conditional-studentized-curvature,True,15.812302101033202,24.02855258876809,8.216250487734888,True
t16-s2000-sd03,92,91330092,laplace,joint-map,completed,20.614896302151426,20.0,0.3936771892823429,True,conditional-laplace,True,14.46636767012066,26.76342493418219,12.297057264061529,True
t16-s2000-sd03,92,91330092,studentized,joint-map,completed,20.614896302151426,20.0,0.3936771892823429,True,conditional-studentized-curvature,True,15.603495924950996,29.094171249090454,13.49067532413946,True
t16-s2000-sd03,93,91330093,laplace,joint-map,completed,19.441034088375645,20.0,0.3401153008076896,True,conditional-laplace,True,14.67100653365219,24.211061643099107,9.540055109446918,True
t16-s2000-sd03,93,91330093,studentized,joint-map,completed,19.441034088375645,20.0,0.3401153008076896,True,conditional-studentized-curvature,True,15.429798461214574,25.85983213573549,10.430033674520915,True
t16-s2000-sd03,94,91330094,laplace,joint-map,completed,22.177308291760305,20.0,0.3596653125770657,True,conditional-laplace,True,15.729487292437618,28.62512929108299,12.895641998645374,True
t16-s2000-sd03,94,91330094,studentized,joint-map,completed,22.177308291760305,20.0,0.3596653125770657,True,conditional-studentized-curvature,True,16.77899255269604,30.800024967800145,14.021032415104106,True
t16-s2000-sd03,95,91330095,laplace,joint-map,completed,19.658687539557512,20.0,0.4469814723789277,True,conditional-laplace,True,13.33692248861961,25.98045259049541,12.643530101875804,True
t16-s2000-sd03,95,91330095,studentized,joint-map,completed,19.658687539557512,20.0,0.4469814723789277,True,conditional-studentized-curvature,True,14.69346556246474,28.723717958024302,14.03025239555956,True
t16-s2000-sd03,96,91330096,laplace,joint-map,completed,21.515662955022435,20.0,0.3596587995104945,True,conditional-laplace,True,15.416561080746511,27.61476482929836,12.198203748551846,True
t16-s2000-sd03,96,91330096,studentized,joint-map,completed,21.515662955022435,20.0,0.3596587995104945,True,conditional-studentized-curvature,True,16.41829645402651,29.706819614919524,13.288523160893014,True
t16-s2000-sd03,97,91330097,laplace,joint-map,completed,20.851319861781924,20.0,0.3740741069215669,True,conditional-laplace,True,14.867401178815228,26.83523854474862,11.967837365933391,True
t16-s2000-sd03,97,91330097,studentized,joint-map,completed,20.851319861781924,20.0,0.3740741069215669,True,conditional-studentized-curvature,True,15.908421937005803,28.995290230771506,13.086868293765695,True
t16-s2000-sd03,98,91330098,laplace,joint-map,completed,18.121316340725,20.0,0.2382049649264025,True,conditional-laplace,True,15.122289382389098,21.120343299060902,5.998053916671807,True
t16-s2000-sd03,98,91330098,studentized,joint-map,completed,18.121316340725,20.0,0.2382049649264025,True,conditional-studentized-curvature,True,15.441056695242096,21.93550982183844,6.494453126596346,True
t16-s2000-sd03,99,91330099,laplace,joint-map,completed,17.906391573870366,20.0,0.3022558982374823,True,conditional-laplace,True,14.32335533440068,21.489427813340043,7.166072478939363,True
t16-s2000-sd03,99,91330099,studentized,joint-map,completed,17.906391573870366,20.0,0.3022558982374823,True,conditional-studentized-curvature,True,14.82979366892974,22.651673892559756,7.821880223630014,True
t4-s10000-sd03,0,91340000,laplace,marginal,completed,21.94769611426188,20.0,0.1947100037131114,True,conditional-laplace,True,17.91087868067351,25.98451354785025,8.07363486717674,True
t4-s10000-sd03,0,91340000,studentized,marginal,completed,21.94769611426188,20.0,0.1947100037131114,True,conditional-studentized-curvature,True,15.702137625579242,33.15499570259498,17.45285807701574,True
t4-s10000-sd03,1,91340001,laplace,marginal,completed,19.106745639259028,20.0,0.1523910108067283,True,conditional-laplace,True,16.66091369924175,21.552577579276303,4.891663880034557,True
t4-s10000-sd03,1,91340001,studentized,marginal,completed,19.106745639259028,20.0,0.1523910108067283,True,conditional-studentized-curvature,True,15.108418528900271,25.657341917325358,10.548923388425084,True
t4-s10000-sd03,2,91340002,laplace,marginal,completed,23.929684147040746,20.0,0.1060730226628895,True,conditional-laplace,True,21.27031886998598,26.589049424095503,5.318730554109525,False
t4-s10000-sd03,2,91340002,studentized,marginal,completed,23.929684147040746,20.0,0.1060730226628895,True,conditional-studentized-curvature,True,19.213701326352208,30.44852637269512,11.234825046342912,True
t4-s10000-sd03,3,91340003,laplace,marginal,completed,21.79295060734787,20.0,0.118632791163639,True,conditional-laplace,True,19.298157497892262,24.287743716803472,4.98958621891121,True
t4-s10000-sd03,3,91340003,studentized,marginal,completed,21.79295060734787,20.0,0.118632791163639,True,conditional-studentized-curvature,True,17.470582098086297,28.0686500633642,10.5980679652779,True
t4-s10000-sd03,4,91340004,laplace,marginal,completed,18.43554726515452,20.0,0.2630328077692954,True,conditional-laplace,True,14.598411658413672,22.27268287189537,7.674271213481697,True
t4-s10000-sd03,4,91340004,studentized,marginal,completed,18.43554726515452,20.0,0.2630328077692954,True,conditional-studentized-curvature,True,13.136963597411487,30.564997324770623,17.428033727359136,True
t4-s10000-sd03,5,91340005,laplace,marginal,completed,19.127513405270975,20.0,0.2788322674199611,True,conditional-laplace,True,14.73265740565294,23.52236940488902,8.78971199923608,True
t4-s10000-sd03,5,91340005,studentized,marginal,completed,19.127513405270975,20.0,0.2788322674199611,True,conditional-studentized-curvature,True,13.186567677349077,33.18634828506906,19.999780607719984,True
t4-s10000-sd03,6,91340006,laplace,marginal,completed,26.962154796588106,20.0,0.3898758564151673,True,conditional-laplace,True,15.559770010645444,38.36453958253075,22.80476957188531,True
t4-s10000-sd03,6,91340006,studentized,marginal,completed,26.962154796588106,20.0,0.3898758564151673,True,conditional-studentized-curvature,True,13.537194788602402,61.17957990312114,47.642385114518746,True
t4-s10000-sd03,7,91340007,laplace,marginal,completed,21.981573977811514,20.0,0.2108314261982768,True,conditional-laplace,True,17.606051045001088,26.357096910621934,8.751045865620846,True
t4-s10000-sd03,7,91340007,studentized,marginal,completed,21.981573977811514,20.0,0.2108314261982768,True,conditional-studentized-curvature,True,15.374083613930145,34.37324173158803,18.99915811765789,True
t4-s10000-sd03,8,91340008,laplace,marginal,completed,18.42700894665709,20.0,0.221935106804264,True,conditional-laplace,True,15.18202616437578,21.6719917289384,6.489965564562617,True
t4-s10000-sd03,8,91340008,studentized,marginal,completed,18.42700894665709,20.0,0.221935106804264,True,conditional-studentized-curvature,True,13.660683197019392,28.098365718546905,14.437682521527512,True
t4-s10000-sd03,9,91340009,laplace,marginal,completed,23.309372156128365,20.0,0.1440794084750904,True,conditional-laplace,True,19.941335287734997,26.677409024521737,6.736073736786743,True
t4-s10000-sd03,9,91340009,studentized,marginal,completed,23.309372156128365,20.0,0.1440794084750904,True,conditional-studentized-curvature,True,17.667073411982173,31.9946694217486,14.327596009766424,True
t4-s10000-sd03,10,91340010,laplace,marginal,completed,17.67071132136861,20.0,0.1666758145087853,True,conditional-laplace,True,15.428759304236925,19.9126633385003,4.483904034263375,False
t4-s10000-sd03,10,91340010,studentized,marginal,completed,17.67071132136861,20.0,0.1666758145087853,True,conditional-studentized-curvature,True,14.096573141459569,23.8600531729836,9.76348003152403,True
t4-s10000-sd03,11,91340011,laplace,marginal,completed,18.43963544383558,20.0,0.1196120768201776,True,conditional-laplace,True,16.629742390962495,20.249528496708663,3.6197861057461687,True
t4-s10000-sd03,11,91340011,studentized,marginal,completed,18.43963544383558,20.0,0.1196120768201776,True,conditional-studentized-curvature,True,15.334769023973893,23.072538676338795,7.737769652364903,True
t4-s10000-sd03,12,91340012,laplace,marginal,completed,16.633997342357947,20.0,0.3802998553401768,True,conditional-laplace,True,12.272179972190312,20.995814712525583,8.723634740335275,True
t4-s10000-sd03,12,91340012,studentized,marginal,completed,16.633997342357947,20.0,0.3802998553401768,True,conditional-studentized-curvature,True,11.588885215415305,33.44968802531671,21.860802809901408,True
t4-s10000-sd03,13,91340013,laplace,marginal,completed,19.10176540116574,20.0,0.1847237656153416,True,conditional-laplace,True,16.172836807385448,22.030693994946027,5.85785718756058,True
t4-s10000-sd03,13,91340013,studentized,marginal,completed,19.10176540116574,20.0,0.1847237656153416,True,conditional-studentized-curvature,True,14.539758495700328,27.319084813133543,12.779326317433217,True
t4-s10000-sd03,14,91340014,laplace,marginal,completed,21.76818536242581,20.0,0.0457263248691115,True,conditional-laplace,True,20.561324272545384,22.975046452306245,2.4137221797608603,False
t4-s10000-sd03,14,91340014,studentized,marginal,completed,21.76818536242581,20.0,0.0457263248691115,True,conditional-studentized-curvature,True,19.460791018438712,24.53675804586713,5.075967027428419,True
t4-s10000-sd03,15,91340015,laplace,marginal,completed,16.76319195020779,20.0,0.134474597975121,True,conditional-laplace,True,15.129589259834724,18.396794640580858,3.267205380746134,False
t4-s10000-sd03,15,91340015,studentized,marginal,completed,16.76319195020779,20.0,0.134474597975121,True,conditional-studentized-curvature,True,14.039900146152473,21.085508847597723,7.04560870144525,True
t4-s10000-sd03,16,91340016,laplace,marginal,completed,21.238098985406765,20.0,0.1692196547112872,True,conditional-laplace,True,17.917407616510296,24.558790354303238,6.641382737792938,True
t4-s10000-sd03,16,91340016,studentized,marginal,completed,21.238098985406765,20.0,0.1692196547112872,True,conditional-studentized-curvature,True,15.9118799465206,30.20961201954728,14.29773207302668,True
t4-s10000-sd03,17,91340017,laplace,marginal,completed,16.894370243837834,20.0,0.2776687215267669,True,conditional-laplace,True,13.585275993738572,20.20346449393709,6.618188500198521,True
t4-s10000-sd03,17,91340017,studentized,marginal,completed,16.894370243837834,20.0,0.2776687215267669,True,conditional-studentized-curvature,True,12.443151607653562,27.8060905848957,15.362938977242138,True
t4-s10000-sd03,18,91340018,laplace,marginal,completed,19.7523754661123,20.0,0.2136459560832878,True,conditional-laplace,True,16.13797073690756,23.36678019531704,7.228809458409483,True
t4-s10000-sd03,18,91340018,studentized,marginal,completed,19.7523754661123,20.0,0.2136459560832878,True,conditional-studentized-curvature,True,14.354864209349714,30.257362786325984,15.90249857697627,True
t4-s10000-sd03,19,91340019,laplace,marginal,completed,25.20688018809433,20.0,0.2674724651152087,True,conditional-laplace,True,18.18953852384023,32.224221852348435,14.034683328508205,True
t4-s10000-sd03,19,91340019,studentized,marginal,completed,25.20688018809433,20.0,0.2674724651152087,True,conditional-studentized-curvature,True,15.372469853921142,45.49320786932981,30.120738015408666,True
t4-s10000-sd03,20,91340020,laplace,marginal,completed,23.13011452528609,20.0,0.2859265503132595,True,conditional-laplace,True,16.659693114527006,29.60053593604517,12.940842821518164,True
t4-s10000-sd03,20,91340020,studentized,marginal,completed,23.13011452528609,20.0,0.2859265503132595,True,conditional-studentized-curvature,True,14.364255477889492,42.76600694410659,28.4017514662171,True
t4-s10000-sd03,21,91340021,laplace,marginal,completed,16.86577883715174,20.0,0.1206724966010849,True,conditional-laplace,True,15.361483668273932,18.37007400602955,3.008590337755619,False
t4-s10000-sd03,21,91340021,studentized,marginal,completed,16.86577883715174,20.0,0.1206724966010849,True,conditional-studentized-curvature,True,14.30457560706812,20.75955159417612,6.454975987108,True
t4-s10000-sd03,22,91340022,laplace,marginal,completed,20.01921527190084,20.0,0.3223981560819014,True,conditional-laplace,True,14.449885107884525,25.588545435917155,11.138660328032632,True
t4-s10000-sd03,22,91340022,studentized,marginal,completed,20.01921527190084,20.0,0.3223981560819014,True,conditional-studentized-curvature,True,12.939211814538671,38.559138413800575,25.619926599261905,True
t4-s10000-sd03,23,91340023,laplace,marginal,completed,23.73498180632472,20.0,0.0988087120850699,True,conditional-laplace,True,21.260798542714888,26.20916506993456,4.948366527219669,False
t4-s10000-sd03,23,91340023,studentized,marginal,completed,23.73498180632472,20.0,0.0988087120850699,True,conditional-studentized-curvature,True,19.307026944894982,29.75388341855514,10.446856473660157,True
t4-s10000-sd03,24,91340024,laplace,marginal,completed,19.27948020828956,20.0,0.1198556028574283,True,conditional-laplace,True,17.281944172536228,21.277016244042883,3.995072071506655,True
t4-s10000-sd03,24,91340024,studentized,marginal,completed,19.27948020828956,20.0,0.1198556028574283,True,conditional-studentized-curvature,True,15.849220058287504,24.377701373045248,8.528481314757743,True
t4-s10000-sd03,25,91340025,laplace,marginal,completed,20.531855525077468,20.0,0.2116486376915211,True,conditional-laplace,True,16.667113891693045,24.396597158461887,7.729483266768842,True
t4-s10000-sd03,25,91340025,studentized,marginal,completed,20.531855525077468,20.0,0.2116486376915211,True,conditional-studentized-curvature,True,14.729000031118009,31.647588385268254,16.918588354150245,True
t4-s10000-sd03,26,91340026,laplace,marginal,completed,22.38160933268536,20.0,0.292914528407952,True,conditional-laplace,True,16.12853037830911,28.634688287061607,12.506157908752495,True
t4-s10000-sd03,26,91340026,studentized,marginal,completed,22.38160933268536,20.0,0.292914528407952,True,conditional-studentized-curvature,True,14.01888958888296,41.72512071747722,27.706231128594258,True
t4-s10000-sd03,27,91340027,laplace,marginal,completed,16.99728852773746,20.0,0.2228577035266642,True,conditional-laplace,True,14.283266227587047,19.711310827887875,5.428044600300826,False
t4-s10000-sd03,27,91340027,studentized,marginal,completed,16.99728852773746,20.0,0.2228577035266642,True,conditional-studentized-curvature,True,13.036010394478572,25.222388304991856,12.186377910513285,True
t4-s10000-sd03,28,91340028,laplace,marginal,completed,16.91977844021718,20.0,0.2662890285414139,True,conditional-laplace,True,13.7342342167342,20.10532266370016,6.371088446965956,True
t4-s10000-sd03,28,91340028,studentized,marginal,completed,16.91977844021718,20.0,0.2662890285414139,True,conditional-studentized-curvature,True,12.560357901391145,27.238466323323,14.678108421931851,True
t4-s10000-sd03,29,91340029,laplace,marginal,completed,20.949879574137405,20.0,0.2934025806111356,True,conditional-laplace,True,15.405337518472123,26.494421629802684,11.08908411133056,True
t4-s10000-sd03,29,91340029,studentized,marginal,completed,20.949879574137405,20.0,0.2934025806111356,True,conditional-studentized-curvature,True,13.575323680945072,38.51642695057923,24.94110326963416,True
t4-s10000-sd03,30,91340030,laplace,marginal,completed,23.443721013641227,20.0,0.2018694320777737,True,conditional-laplace,True,18.7438268354128,28.143615191869657,9.399788356456856,True
t4-s10000-sd03,30,91340030,studentized,marginal,completed,23.443721013641227,20.0,0.2018694320777737,True,conditional-studentized-curvature,True,16.21644515634546,36.42351285717677,20.207067700831303,True
t4-s10000-sd03,31,91340031,laplace,marginal,completed,21.692279931966656,20.0,0.3357106973981597,True,conditional-laplace,True,14.925472688408531,28.45908717552478,13.533614487116246,True
t4-s10000-sd03,31,91340031,studentized,marginal,completed,21.692279931966656,20.0,0.3357106973981597,True,conditional-studentized-curvature,True,13.213689648023374,43.82217158069801,30.60848193267464,True
t4-s10000-sd03,32,91340032,laplace,marginal,completed,23.974633585811358,20.0,0.2267732654189725,True,conditional-laplace,True,18.502165091807285,29.44710207981543,10.944936988008145,True
t4-s10000-sd03,32,91340032,studentized,marginal,completed,23.974633585811358,20.0,0.2267732654189725,True,conditional-studentized-curvature,True,15.853087990480926,39.42472166962648,23.571633679145556,True
t4-s10000-sd03,33,91340033,laplace,marginal,completed,22.27430928952854,20.0,0.2455641286345664,True,conditional-laplace,True,17.07110538746941,27.477513191587665,10.406407804118256,True
t4-s10000-sd03,33,91340033,studentized,marginal,completed,22.27430928952854,20.0,0.2455641286345664,True,conditional-studentized-curvature,True,14.808051050797795,37.58105403162211,22.773002980824312,True
t4-s10000-sd03,34,91340034,laplace,marginal,completed,18.512025437412483,20.0,0.2626661073860262,True,conditional-laplace,True,14.649167452656153,22.37488342216881,7.725715969512663,True
t4-s10000-sd03,34,91340034,studentized,marginal,completed,18.512025437412483,20.0,0.2626661073860262,True,conditional-studentized-curvature,True,13.171789907022848,30.699930411576517,17.528140504553665,True
t4-s10000-sd03,35,91340035,laplace,marginal,completed,18.56996804461896,20.0,0.1822824411183774,True,conditional-laplace,True,15.848516547478908,21.29141954175901,5.442902994280104,True
t4-s10000-sd03,35,91340035,studentized,marginal,completed,18.56996804461896,20.0,0.1822824411183774,True,conditional-studentized-curvature,True,14.320645412725078,26.207896214711617,11.88725080198654,True
t4-s10000-sd03,36,91340036,laplace,marginal,completed,26.952171901516515,20.0,0.1355482501952852,True,conditional-laplace,True,22.920350506416888,30.983993296616138,8.06364279019925,False
t4-s10000-sd03,36,91340036,studentized,marginal,completed,26.952171901516515,20.0,0.1355482501952852,True,conditional-studentized-curvature,True,20.039787910688982,37.01576794337469,16.975980032685705,False
t4-s10000-sd03,37,91340037,laplace,marginal,completed,21.921640457981315,20.0,0.1067028578211862,True,conditional-laplace,True,19.625169271065992,24.21811164489664,4.592942373830645,True
t4-s10000-sd03,37,91340037,studentized,marginal,completed,21.921640457981315,20.0,0.1067028578211862,True,conditional-studentized-curvature,True,17.87313478924725,27.605677664206706,9.732542874959456,True
t4-s10000-sd03,38,91340038,laplace,marginal,completed,16.99053972499876,20.0,0.2735935167970688,True,conditional-laplace,True,13.687102394685212,20.29397705531231,6.606874660627099,True
t4-s10000-sd03,38,91340038,studentized,marginal,completed,16.99053972499876,20.0,0.2735935167970688,True,conditional-studentized-curvature,True,12.516930574215216,27.797902588590347,15.28097201437513,True
t4-s10000-sd03,39,91340039,laplace,marginal,completed,19.75758152776486,20.0,0.2626378124113616,True,conditional-laplace,True,15.331767587307803,24.18339546822191,8.851627880914105,True
t4-s10000-sd03,39,91340039,studentized,marginal,completed,19.75758152776486,20.0,0.2626378124113616,True,conditional-studentized-curvature,True,13.61603429501194,33.49323322584838,19.877198930836435,True
t4-s10000-sd03,40,91340040,laplace,marginal,completed,20.41850240821644,20.0,0.0787014870984065,True,conditional-laplace,True,18.866449449304163,21.97055536712871,3.104105917824548,True
t4-s10000-sd03,40,91340040,studentized,marginal,completed,20.41850240821644,20.0,0.0787014870984065,True,conditional-studentized-curvature,True,17.579712881110822,24.138111316640483,6.558398435529661,True
t4-s10000-sd03,41,91340041,laplace,marginal,completed,20.018577680938687,20.0,0.1406303103778776,True,conditional-laplace,True,17.533970080047816,22.50318528182956,4.969215201781744,True
t4-s10000-sd03,41,91340041,studentized,marginal,completed,20.018577680938687,20.0,0.1406303103778776,True,conditional-studentized-curvature,True,15.870951266915627,26.52094728690712,10.64999601999149,True
t4-s10000-sd03,42,91340042,laplace,marginal,completed,21.744724022064347,20.0,0.1657066445819221,True,conditional-laplace,True,18.335304361820643,25.15414368230805,6.8188393204874025,True
t4-s10000-sd03,42,91340042,studentized,marginal,completed,21.744724022064347,20.0,0.1657066445819221,True,conditional-studentized-curvature,True,16.243223733000747,30.885268299419447,14.6420445664187,True
t4-s10000-sd03,43,91340043,laplace,marginal,completed,18.905210963112737,20.0,0.176676455077493,True,conditional-laplace,True,16.15923396088626,21.65118796533921,5.49195400445295,True
t4-s10000-sd03,43,91340043,studentized,marginal,completed,18.905210963112737,20.0,0.176676455077493,True,conditional-studentized-curvature,True,14.577979583460031,26.531109324476454,11.953129741016422,True
t4-s10000-sd03,44,91340044,laplace,marginal,completed,17.514100656806622,20.0,0.2281866242910836,True,conditional-laplace,True,14.53908874165686,20.489112571956383,5.950023830299523,True
t4-s10000-sd03,44,91340044,studentized,marginal,completed,17.514100656806622,20.0,0.2281866242910836,True,conditional-studentized-curvature,True,13.197103242250884,26.54894102918296,13.351837786932071,True
t4-s10000-sd03,45,91340045,laplace,marginal,completed,18.88914991984747,20.0,0.2508294575246121,True,conditional-laplace,True,15.035208762085867,22.743091077609076,7.707882315523205,True
t4-s10000-sd03,45,91340045,studentized,marginal,completed,18.88914991984747,20.0,0.2508294575246121,True,conditional-studentized-curvature,True,13.459743137481352,30.791886298097644,17.33214316061629,True
t4-s10000-sd03,46,91340046,laplace,marginal,completed,25.649640628516504,20.0,0.0924851422725656,True,conditional-laplace,True,23.01320228762834,28.286078969404667,5.272876681776328,False
t4-s10000-sd03,46,91340046,studentized,marginal,completed,25.649640628516504,20.0,0.0924851422725656,True,conditional-studentized-curvature,True,20.863029708392624,31.960115274860712,11.097085566468088,False
t4-s10000-sd03,47,91340047,laplace,joint-map,completed,20.73562997872226,20.0,0.2886900877807664,True,conditional-laplace,True,15.428947626557203,26.04231233088732,10.613364704330117,True
t4-s10000-sd03,47,91340047,studentized,joint-map,completed,20.73562997872226,20.0,0.2886900877807664,True,conditional-studentized-curvature,True,14.063641525802982,35.155533102001165,21.091891576198183,True
t4-s10000-sd03,48,91340048,laplace,marginal,completed,22.475483563537463,20.0,0.1401925420880843,True,conditional-laplace,True,19.38550480344293,25.56546232363199,6.17995752018906,True
t4-s10000-sd03,48,91340048,studentized,marginal,completed,22.475483563537463,20.0,0.1401925420880843,True,conditional-studentized-curvature,True,17.28501568418241,30.4497877600334,13.16477207585099,True
t4-s10000-sd03,49,91340049,laplace,marginal,completed,21.37981936948649,20.0,0.2557545998999895,True,conditional-laplace,True,16.358765430724176,26.400873308248805,10.042107877524629,True
t4-s10000-sd03,49,91340049,studentized,marginal,completed,21.37981936948649,20.0,0.2557545998999895,True,conditional-studentized-curvature,True,14.302751735935184,36.49789491751497,22.195143181579784,True
t4-s10000-sd03,50,91340050,laplace,marginal,completed,20.896042415721052,20.0,0.2225631164445897,True,conditional-laplace,True,16.699481534827108,25.092603296615003,8.393121761787896,True
t4-s10000-sd03,50,91340050,studentized,marginal,completed,20.896042415721052,20.0,0.2225631164445897,True,conditional-studentized-curvature,True,14.6897252891251,33.092457855936054,18.402732566810958,True
t4-s10000-sd03,51,91340051,laplace,marginal,completed,20.122860766579095,20.0,0.1807348334595464,True,conditional-laplace,True,16.935455803555907,23.310265729602293,6.374809926046385,True
t4-s10000-sd03,51,91340051,studentized,marginal,completed,20.122860766579095,20.0,0.1807348334595464,True,conditional-studentized-curvature,True,15.113734325709798,28.94365079628183,13.829916470572032,True
t4-s10000-sd03,52,91340052,laplace,marginal,completed,19.5401311701387,20.0,0.2010626662061218,True,conditional-laplace,True,16.210862670177125,22.869399670100275,6.65853699992315,True
t4-s10000-sd03,52,91340052,studentized,marginal,completed,19.5401311701387,20.0,0.2010626662061218,True,conditional-studentized-curvature,True,14.47408190707311,29.063880017185436,14.589798110112325,True
t4-s10000-sd03,53,91340053,laplace,marginal,completed,19.5614522282224,20.0,0.2911278198213991,True,conditional-laplace,True,14.75772616919016,24.365178287254636,9.607452118064472,True
t4-s10000-sd03,53,91340053,studentized,marginal,completed,19.5614522282224,20.0,0.2911278198213991,True,conditional-studentized-curvature,True,13.176515545807806,35.07402201309739,21.897506467289585,True
t4-s10000-sd03,54,91340054,laplace,marginal,completed,18.80874860554865,20.0,0.1886938583679626,True,conditional-laplace,True,15.91505165950857,21.70244555158874,5.787393892080168,True
t4-s10000-sd03,54,91340054,studentized,marginal,completed,18.80874860554865,20.0,0.1886938583679626,True,conditional-studentized-curvature,True,14.332259547773107,26.993230155273853,12.660970607500746,True
t4-s10000-sd03,55,91340055,laplace,marginal,completed,22.71556343590097,20.0,0.2409322793841075,True,conditional-laplace,True,17.42655705096101,28.00456982084093,10.578012769879926,True
t4-s10000-sd03,55,91340055,studentized,marginal,completed,22.71556343590097,20.0,0.2409322793841075,True,conditional-studentized-curvature,True,15.06257035411452,38.1088786960624,23.04630834194788,True
t4-s10000-sd03,56,91340056,laplace,marginal,completed,17.83637533419541,20.0,0.070284410177178,True,conditional-laplace,True,16.748908735319365,18.923841933071454,2.174933197752093,False
t4-s10000-sd03,56,91340056,studentized,marginal,completed,17.83637533419541,20.0,0.070284410177178,True,conditional-studentized-curvature,True,15.836790597832044,20.436042308274523,4.599251710442479,True
t4-s10000-sd03,57,91340057,laplace,marginal,completed,20.26428921324741,20.0,0.1463204268329068,True,conditional-laplace,True,17.61844514304242,22.910133283452403,5.291688140409985,True
t4-s10000-sd03,57,91340057,studentized,marginal,completed,20.26428921324741,20.0,0.1463204268329068,True,conditional-studentized-curvature,True,15.884043978768972,27.23710945868379,11.353065479914818,True
t4-s10000-sd03,58,91340058,laplace,marginal,completed,19.58585113696284,20.0,0.1304522173987589,True,conditional-laplace,True,17.353061690096325,21.81864058382935,4.465578893733024,True
t4-s10000-sd03,58,91340058,studentized,marginal,completed,19.58585113696284,20.0,0.1304522173987589,True,conditional-studentized-curvature,True,15.810684328412952,25.366058910022502,9.55537458160955,True
t4-s10000-sd03,59,91340059,laplace,marginal,completed,18.30262935046885,20.0,0.2519595950626175,True,conditional-laplace,True,14.68421012289207,21.921048578045628,7.236838455153558,True
t4-s10000-sd03,59,91340059,studentized,marginal,completed,18.30262935046885,20.0,0.2519595950626175,True,conditional-studentized-curvature,True,13.223525967526758,29.578917104875515,16.355391137348757,True
t4-s10000-sd03,60,91340060,laplace,marginal,completed,20.486141724448103,20.0,0.1886092035442926,True,conditional-laplace,True,17.045050761862747,23.92723268703346,6.882181925170713,True
t4-s10000-sd03,60,91340060,studentized,marginal,completed,20.486141724448103,20.0,0.1886092035442926,True,conditional-studentized-curvature,True,15.137419687659609,30.085557023506357,14.948137335846743,True
t4-s10000-sd03,61,91340061,laplace,marginal,completed,20.18148594891009,20.0,0.287396788526046,True,conditional-laplace,True,15.13041024882179,25.23256164899839,10.102151400176602,True
t4-s10000-sd03,61,91340061,studentized,marginal,completed,20.18148594891009,20.0,0.287396788526046,True,conditional-studentized-curvature,True,13.41883654033863,36.26331779286622,22.844481252527583,True
t4-s10000-sd03,62,91340062,laplace,marginal,completed,19.0938880975044,20.0,0.113765613312029,True,conditional-laplace,True,17.232251198429903,20.95552499657889,3.723273798148991,True
t4-s10000-sd03,62,91340062,studentized,marginal,completed,19.0938880975044,20.0,0.113765613312029,True,conditional-studentized-curvature,True,15.867060022525592,23.804250439833137,7.937190417307544,True
t4-s10000-sd03,63,91340063,laplace,marginal,completed,23.060126037441027,20.0,0.4569834880574493,True,conditional-laplace,True,12.749731652799346,33.370520422082706,20.62078876928336,True
t4-s10000-sd03,63,91340063,studentized,marginal,completed,23.060126037441027,20.0,0.4569834880574493,True,conditional-studentized-curvature,True,12.151933834965297,58.64422305329461,46.49228921832932,True
t4-s10000-sd03,64,91340064,laplace,marginal,completed,15.028408328099577,20.0,0.3680118950716224,True,conditional-laplace,True,11.82273281568915,18.234083840510003,6.411351024820853,False
t4-s10000-sd03,64,91340064,studentized,marginal,completed,15.028408328099577,20.0,0.3680118950716224,True,conditional-studentized-curvature,True,11.274912055403371,27.636073556680245,16.36116150127687,True
t4-s10000-sd03,65,91340065,laplace,marginal,completed,19.994973810038804,20.0,0.1351613824279785,True,conditional-laplace,True,17.60032279156177,22.38962482851584,4.789302036954073,True
t4-s10000-sd03,65,91340065,studentized,marginal,completed,19.994973810038804,20.0,0.1351613824279785,True,conditional-studentized-curvature,True,15.96695015492678,26.21737611739473,10.250425962467949,True
t4-s10000-sd03,66,91340066,laplace,marginal,completed,24.346955316468268,20.0,0.4570184991705498,True,conditional-laplace,True,13.01667251013216,35.677238122804376,22.66056561267221,True
t4-s10000-sd03,66,91340066,studentized,marginal,completed,24.346955316468268,20.0,0.4570184991705498,True,conditional-studentized-curvature,True,12.320235657000293,61.84897408866155,49.52873843166125,True
t4-s10000-sd03,67,91340067,laplace,marginal,completed,17.197146081030347,20.0,0.1651786518458755,True,conditional-laplace,True,15.107254335103196,19.28703782695749,4.179783491854298,False
t4-s10000-sd03,67,91340067,studentized,marginal,completed,17.197146081030347,20.0,0.1651786518458755,True,conditional-studentized-curvature,True,13.863418272338397,22.974239808480853,9.110821536142458,True
t4-s10000-sd03,68,91340068,laplace,marginal,completed,17.102244547721916,20.0,0.219428024873498,True,conditional-laplace,True,14.38809252494016,19.816396570503677,5.4283040455635145,False
t4-s10000-sd03,68,91340068,studentized,marginal,completed,17.102244547721916,20.0,0.219428024873498,True,conditional-studentized-curvature,True,13.119353580356805,25.27642642120318,12.157072840846377,True
t4-s10000-sd03,69,91340069,laplace,marginal,completed,20.26642710543237,20.0,0.2333419961145987,True,conditional-laplace,True,16.12141728296439,24.411436927900358,8.290019644935963,True
t4-s10000-sd03,69,91340069,studentized,marginal,completed,20.26642710543237,20.0,0.2333419961145987,True,conditional-studentized-curvature,True,14.24754756154375,32.56945895203243,18.32191139048868,True
t4-s10000-sd03,70,91340070,laplace,marginal,completed,23.001982190663952,20.0,0.0728522941375314,True,conditional-laplace,True,21.20871475933588,24.795249621992028,3.5865348626561517,False
t4-s10000-sd03,70,91340070,studentized,marginal,completed,23.001982190663952,20.0,0.0728522941375314,True,conditional-studentized-curvature,True,19.674315657920012,27.22875929678341,7.554443638863393,True
t4-s10000-sd03,71,91340071,laplace,marginal,completed,21.013626180744176,20.0,0.1123424390064161,True,conditional-laplace,True,18.802656802348253,23.22459555914009,4.421938756791839,True
t4-s10000-sd03,71,91340071,studentized,marginal,completed,21.013626180744176,20.0,0.1123424390064161,True,conditional-studentized-curvature,True,17.151887164493935,26.544156430514207,9.392269266020271,True
t4-s10000-sd03,72,91340072,laplace,marginal,completed,20.812691974888253,20.0,0.0884638050579907,True,conditional-laplace,True,19.018046603071287,22.60733734670521,3.589290743633928,True
t4-s10000-sd03,72,91340072,studentized,marginal,completed,20.812691974888253,20.0,0.0884638050579907,True,conditional-studentized-curvature,True,17.578542241956967,25.17294177248308,7.594399530526115,True
t4-s10000-sd03,73,91340073,laplace,marginal,completed,25.034988307755384,20.0,0.1427541652339301,True,conditional-laplace,True,21.27459862376247,28.795377991748303,7.520779367985835,False
t4-s10000-sd03,73,91340073,studentized,marginal,completed,25.034988307755384,20.0,0.1427541652339301,True,conditional-studentized-curvature,True,18.69015247218438,34.610182687549866,15.920030215365486,True
t4-s10000-sd03,74,91340074,laplace,marginal,completed,21.229461922405434,20.0,0.2155129851958046,True,conditional-laplace,True,17.038681058894095,25.420242785916773,8.381561727022678,True
t4-s10000-sd03,74,91340074,studentized,marginal,completed,21.229461922405434,20.0,0.2155129851958046,True,conditional-studentized-curvature,True,14.959501735874788,33.258193386131595,18.298691650256806,True
t4-s10000-sd03,75,91340075,laplace,marginal,completed,17.717223405120457,20.0,0.254772863971424,True,conditional-laplace,True,14.315506459528326,21.118940350712588,6.8034338911842624,True
t4-s10000-sd03,75,91340075,studentized,marginal,completed,17.717223405120457,20.0,0.254772863971424,True,conditional-studentized-curvature,True,12.970910169857444,28.43961531561917,15.468705145761728,True
t4-s10000-sd03,76,91340076,laplace,marginal,completed,16.519128211946345,20.0,0.2322941436228914,True,conditional-laplace,True,13.88930160813294,19.148954815759748,5.259653207626808,False
t4-s10000-sd03,76,91340076,studentized,marginal,completed,16.519128211946345,20.0,0.2322941436228914,True,conditional-studentized-curvature,True,12.73841294944624,24.643643656198616,11.905230706752375,True
t4-s10000-sd03,77,91340077,laplace,marginal,completed,20.285967475023234,20.0,0.1896773142064381,True,conditional-laplace,True,16.89381994051406,23.67811500953241,6.784295069018349,True
t4-s10000-sd03,77,91340077,studentized,marginal,completed,20.285967475023234,20.0,0.1896773142064381,True,conditional-studentized-curvature,True,15.02387756422148,29.77691340965407,14.753035845432592,True
t4-s10000-sd03,78,91340078,laplace,marginal,completed,17.457715146055985,20.0,0.3382895872224037,True,conditional-laplace,True,13.102070258612034,21.813360033499936,8.711289774887902,True
t4-s10000-sd03,78,91340078,studentized,marginal,completed,17.457715146055985,20.0,0.3382895872224037,True,conditional-studentized-curvature,True,12.090375220725017,33.00069996016893,20.910324739443915,True
t4-s10000-sd03,79,91340079,laplace,marginal,completed,18.79765241158794,20.0,0.2211806203617989,True,conditional-laplace,True,15.424609033726355,22.17069578944953,6.746086755723171,True
t4-s10000-sd03,79,91340079,studentized,marginal,completed,18.79765241158794,20.0,0.2211806203617989,True,conditional-studentized-curvature,True,13.830830018604548,28.799232925552964,14.968402906948416,True
t4-s10000-sd03,80,91340080,laplace,marginal,completed,21.943085633369677,20.0,0.1034548539452451,True,conditional-laplace,True,19.71619827274664,24.169972993992705,4.4537747212460665,True
t4-s10000-sd03,80,91340080,studentized,marginal,completed,21.943085633369677,20.0,0.1034548539452451,True,conditional-studentized-curvature,True,17.99512318860518,27.4262654893049,9.43114230069972,True
t4-s10000-sd03,81,91340081,laplace,marginal,completed,19.439692243895703,20.0,0.1627859217306952,True,conditional-laplace,True,16.742948871593896,22.136435616197517,5.393486744603617,True
t4-s10000-sd03,81,91340081,studentized,marginal,completed,19.439692243895703,20.0,0.1627859217306952,True,conditional-studentized-curvature,True,15.095809492850403,26.755719992471548,11.659910499621144,True
t4-s10000-sd03,82,91340082,laplace,marginal,completed,23.00491504542151,20.0,0.186905298431007,True,conditional-laplace,True,18.78141827355278,27.22841181729024,8.446993543737456,True
t4-s10000-sd03,82,91340082,studentized,marginal,completed,23.00491504542151,20.0,0.186905298431007,True,conditional-studentized-curvature,True,16.373728193163664,34.51287108033235,18.13914288716869,True
t4-s10000-sd03,83,91340083,laplace,marginal,completed,18.994805764267472,20.0,0.2277870609340896,True,conditional-laplace,True,15.443772510255808,22.54583901827914,7.102066508023331,True
t4-s10000-sd03,83,91340083,studentized,marginal,completed,18.994805764267472,20.0,0.2277870609340896,True,conditional-studentized-curvature,True,13.815860720811726,29.60385759174568,15.787996870933954,True
t4-s10000-sd03,84,91340084,laplace,marginal,completed,20.61303107166133,20.0,0.1776397030854038,True,conditional-laplace,True,17.317563557739067,23.908498585583597,6.590935027844527,True
t4-s10000-sd03,84,91340084,studentized,marginal,completed,20.61303107166133,20.0,0.1776397030854038,True,conditional-studentized-curvature,True,15.406934990780158,29.66647156809356,14.259536577313398,True
t4-s10000-sd03,85,91340085,laplace,marginal,completed,16.603257233439663,20.0,0.1791707467786516,True,conditional-laplace,True,14.528527516971929,18.6779869499074,4.149459432935473,False
t4-s10000-sd03,85,91340085,studentized,marginal,completed,16.603257233439663,20.0,0.1791707467786516,True,conditional-studentized-curvature,True,13.369704900375073,22.49226588775197,9.122560987376897,True
t4-s10000-sd03,86,91340086,laplace,marginal,completed,21.1513026931088,20.0,0.2061834367097552,True,conditional-laplace,True,17.165923067301666,25.13668231891593,7.970759251614268,True
t4-s10000-sd03,86,91340086,studentized,marginal,completed,21.1513026931088,20.0,0.2061834367097552,True,conditional-studentized-curvature,True,15.105460312678268,32.46226354240803,17.356803229729763,True
t4-s10000-sd03,87,91340087,laplace,joint-map,completed,18.106806205547453,20.0,0.1850249043121863,True,conditional-laplace,True,15.484662004721663,20.72895040637324,5.244288401651575,True
t4-s10000-sd03,87,91340087,studentized,joint-map,completed,18.106806205547453,20.0,0.1850249043121863,True,conditional-studentized-curvature,True,14.353754255232156,24.54563688112256,10.191882625890406,True
t4-s10000-sd03,88,91340088,laplace,marginal,completed,16.28428960786042,20.0,0.1628463786572648,True,conditional-laplace,True,14.479003574118565,18.08957564160228,3.610572067483714,False
t4-s10000-sd03,88,91340088,studentized,marginal,completed,16.28428960786042,20.0,0.1628463786572648,True,conditional-studentized-curvature,True,13.402504827303318,21.28865867375106,7.8861538464477405,True
t4-s10000-sd03,89,91340089,laplace,marginal,completed,19.10256788750229,20.0,0.238171926949797,True,conditional-laplace,True,15.353084956037756,22.852050818966823,7.498965862929069,True
t4-s10000-sd03,89,91340089,studentized,marginal,completed,19.10256788750229,20.0,0.238171926949797,True,conditional-studentized-curvature,True,13.715104785362644,30.450942882754685,16.73583809739204,True
t4-s10000-sd03,90,91340090,laplace,marginal,completed,21.195521113718947,20.0,0.163080647648326,True,conditional-laplace,True,17.99654495181364,24.394497275624254,6.397952323810614,True
t4-s10000-sd03,90,91340090,studentized,marginal,completed,21.195521113718947,20.0,0.163080647648326,True,conditional-studentized-curvature,True,16.0198486861743,29.77333577587056,13.753487089696256,True
t4-s10000-sd03,91,91340091,laplace,marginal,completed,16.948408353641003,20.0,0.4015773278454477,True,conditional-laplace,True,12.127352980121527,21.769463727160478,9.642110747038943,True
t4-s10000-sd03,91,91340091,studentized,marginal,completed,16.948408353641003,20.0,0.4015773278454477,True,conditional-studentized-curvature,True,11.530494116274344,35.92527772934682,24.394783613072477,True
t4-s10000-sd03,92,91340092,laplace,marginal,completed,21.022349969686395,20.0,0.1699887107709742,True,conditional-laplace,True,17.755410727175736,24.289289212197048,6.533878485021312,True
t4-s10000-sd03,92,91340092,studentized,marginal,completed,21.022349969686395,20.0,0.1699887107709742,True,conditional-studentized-curvature,True,15.789601244981952,29.86868166613111,14.079080421149158,True
t4-s10000-sd03,93,91340093,laplace,marginal,completed,19.84932288513365,20.0,0.3844375583377231,True,conditional-laplace,True,13.31380761753719,26.384838152730108,13.071030535192918,True
t4-s10000-sd03,93,91340093,studentized,marginal,completed,19.84932288513365,20.0,0.3844375583377231,True,conditional-studentized-curvature,True,12.261394947405332,43.24936675491253,30.9879718075072,True
t4-s10000-sd03,94,91340094,laplace,marginal,completed,24.63893789796227,20.0,0.2319011614423681,True,conditional-laplace,True,18.771310885785518,30.50656491013902,11.735254024353504,True
t4-s10000-sd03,94,91340094,studentized,marginal,completed,24.63893789796227,20.0,0.2319011614423681,True,conditional-studentized-curvature,True,15.983358823465696,41.17034851816163,25.18698969469593,True
t4-s10000-sd03,95,91340095,laplace,marginal,completed,18.677974768008333,20.0,0.3962978501601933,True,conditional-laplace,True,12.741860799985025,24.61408873603164,11.872227936046617,True
t4-s10000-sd03,95,91340095,studentized,marginal,completed,18.677974768008333,20.0,0.3962978501601933,True,conditional-studentized-curvature,True,11.922575491697511,40.85472384582005,28.93214835412253,True
t4-s10000-sd03,96,91340096,laplace,joint-map,completed,28.48390013819652,20.0,0.1688825004768755,True,conditional-laplace,True,23.063459002258572,33.90434127413446,10.840882271875884,False
t4-s10000-sd03,96,91340096,studentized,joint-map,completed,28.48390013819652,20.0,0.1688825004768755,True,conditional-studentized-curvature,True,20.31070705227512,40.64447842806787,20.33377137579275,False
t4-s10000-sd03,97,91340097,laplace,marginal,completed,17.477236312616572,20.0,0.1679334959416416,True,conditional-laplace,True,15.27231503991156,19.68215758532158,4.409842545410019,False
t4-s10000-sd03,97,91340097,studentized,marginal,completed,17.477236312616572,20.0,0.1679334959416416,True,conditional-studentized-curvature,True,13.97215084860317,23.586779313804534,9.614628465201369,True
t4-s10000-sd03,98,91340098,laplace,marginal,completed,18.07035410508622,20.0,0.1267602815023529,True,conditional-laplace,True,16.24542273401619,19.895285476156246,3.649862742140055,False
t4-s10000-sd03,98,91340098,studentized,marginal,completed,18.07035410508622,20.0,0.1267602815023529,True,conditional-studentized-curvature,True,14.975706087604689,22.799966420734545,7.824260333129857,True
t4-s10000-sd03,99,91340099,laplace,marginal,completed,21.36042586034122,20.0,0.1922956367350506,True,conditional-laplace,True,17.569203777802503,25.151647942879936,7.582444165077433,True
t4-s10000-sd03,99,91340099,studentized,marginal,completed,21.36042586034122,20.0,0.1922956367350506,True,conditional-studentized-curvature,True,15.482726332304477,31.9060607226109,16.423334390306422,True
internal-s2000-sd03,0,91350000,laplace,joint-map,completed,8.802874375673406,7.5,0.2880961258609124,True,unavailable-gaussian-interval-crosses-bound,False,,,,False
internal-s2000-sd03,0,91350000,studentized,joint-map,completed,8.802874375673406,7.5,0.2880961258609124,True,conditional-studentized-curvature,True,6.597609069238715,9.777689623150833,3.1800805539121164,True
internal-s2000-sd03,1,91350001,laplace,joint-map,completed,7.637325352517607,7.5,0.3646085845698327,True,conditional-laplace,True,6.207364707466569,9.067285997568645,2.859921290102074,True
internal-s2000-sd03,1,91350001,studentized,joint-map,completed,7.637325352517607,7.5,0.3646085845698327,True,conditional-studentized-curvature,True,6.169416092151651,9.016030728327856,2.8466146361762066,True
internal-s2000-sd03,2,91350002,laplace,joint-map,completed,6.934996610314405,7.5,0.3842882322516804,True,conditional-laplace,True,5.818471599377876,8.051521621250936,2.23305002187306,True
internal-s2000-sd03,2,91350002,studentized,joint-map,completed,6.934996610314405,7.5,0.3842882322516804,True,conditional-studentized-curvature,True,5.894720651848705,8.232433275195099,2.337712623346394,True
internal-s2000-sd03,3,91350003,laplace,joint-map,completed,7.27517692089514,7.5,0.3788620541708225,True,conditional-laplace,True,6.014337281759117,8.536016560031163,2.521679278272046,True
internal-s2000-sd03,3,91350003,studentized,joint-map,completed,7.27517692089514,7.5,0.3788620541708225,True,conditional-studentized-curvature,True,6.046344788604006,8.624247888263648,2.5779030996596424,True
internal-s2000-sd03,4,91350004,laplace,joint-map,completed,7.98674813782621,7.5,0.3695468990413029,True,conditional-laplace,True,6.445263051451423,9.528233224200996,3.082970172749574,True
internal-s2000-sd03,4,91350004,studentized,joint-map,completed,7.98674813782621,7.5,0.3695468990413029,True,conditional-studentized-curvature,True,6.292434029338754,9.31634816843254,3.0239141390937867,True
internal-s2000-sd03,5,91350005,laplace,joint-map,completed,7.265244056786404,7.5,0.3813947507831199,True,conditional-laplace,True,5.943656893795907,8.5868312197769,2.643174325980993,True
internal-s2000-sd03,5,91350005,studentized,joint-map,completed,7.265244056786404,7.5,0.3813947507831199,True,conditional-studentized-curvature,True,5.994170096968494,8.671820473764672,2.677650376796178,True
internal-s2000-sd03,6,91350006,laplace,joint-map,completed,6.951166763572315,7.5,0.2893122951821223,True,conditional-laplace,True,6.005535949419696,7.896797577724934,1.891261628305238,True
internal-s2000-sd03,6,91350006,studentized,joint-map,completed,6.951166763572315,7.5,0.2893122951821223,True,conditional-studentized-curvature,True,6.033946116464716,8.05524772930347,2.021301612838755,True
internal-s2000-sd03,7,91350007,laplace,joint-map,completed,7.247233223535434,7.5,0.2823195485932506,True,conditional-laplace,True,6.224330351342728,8.270136095728141,2.0458057443854125,True
internal-s2000-sd03,7,91350007,studentized,joint-map,completed,7.247233223535434,7.5,0.2823195485932506,True,conditional-studentized-curvature,True,6.214284418573969,8.375415709670133,2.1611312910961638,True
internal-s2000-sd03,8,91350008,laplace,joint-map,completed,7.419714026744026,7.5,0.2398223956386836,True,conditional-laplace,True,6.517385633793321,8.322042419694732,1.804656785901411,True
internal-s2000-sd03,8,91350008,studentized,joint-map,completed,7.419714026744026,7.5,0.2398223956386836,True,conditional-studentized-curvature,True,6.465136049557698,8.398316569286568,1.9331805197288696,True
internal-s2000-sd03,9,91350009,laplace,joint-map,completed,7.624991677747253,7.5,0.3833402477293752,True,conditional-laplace,True,6.169234847032485,9.08074850846202,2.9115136614295336,True
internal-s2000-sd03,9,91350009,studentized,joint-map,completed,7.624991677747253,7.5,0.3833402477293752,True,conditional-studentized-curvature,True,6.140465362264768,9.026114881747397,2.8856495194826266,True
internal-s2000-sd03,10,91350010,laplace,joint-map,completed,8.193353929388294,7.5,0.2965984925598068,True,conditional-laplace,True,6.680748602996802,9.705959255779783,3.0252106527829827,True
internal-s2000-sd03,10,91350010,studentized,joint-map,completed,8.193353929388294,7.5,0.2965984925598068,True,conditional-studentized-curvature,True,6.433354010006154,9.430146058630854,2.9967920486247,True
internal-s2000-sd03,11,91350011,laplace,joint-map,completed,7.4554650582777455,7.5,0.4413440087104095,True,conditional-laplace,True,5.912467445386064,8.998462671169428,3.085995225783364,True
internal-s2000-sd03,11,91350011,studentized,joint-map,completed,7.4554650582777455,7.5,0.4413440087104095,True,conditional-studentized-curvature,True,5.964852618371949,8.97844031353744,3.013587695165492,True
internal-s2000-sd03,12,91350012,laplace,joint-map,completed,6.7872407884292265,7.5,0.3044302752428959,True,conditional-laplace,True,5.896093334583071,7.678388242275381,1.78229490769231,True
internal-s2000-sd03,12,91350012,studentized,joint-map,completed,6.7872407884292265,7.5,0.3044302752428959,True,conditional-studentized-curvature,True,5.939850775307647,7.860396311885934,1.9205455365782864,True
internal-s2000-sd03,13,91350013,laplace,joint-map,completed,7.2360574750344835,7.5,0.3477060592707136,True,conditional-laplace,True,6.061285520738162,8.410829429330803,2.3495439085926417,True
internal-s2000-sd03,13,91350013,studentized,joint-map,completed,7.2360574750344835,7.5,0.3477060592707136,True,conditional-studentized-curvature,True,6.08280999432184,8.51531587660208,2.432505882280239,True
internal-s2000-sd03,14,91350014,laplace,joint-map,completed,7.367355120969186,7.5,0.3586123405429334,True,conditional-laplace,True,6.097566037695473,8.637144204242897,2.5395781665474244,True
internal-s2000-sd03,14,91350014,studentized,joint-map,completed,7.367355120969186,7.5,0.3586123405429334,True,conditional-studentized-curvature,True,6.107242354510069,8.698888967772858,2.591646613262789,True
internal-s2000-sd03,15,91350015,laplace,joint-map,completed,7.349051360181314,7.5,0.2688744675662117,True,conditional-laplace,True,6.282602378671916,8.415500341690713,2.132897963018797,True
internal-s2000-sd03,15,91350015,studentized,joint-map,completed,7.349051360181314,7.5,0.2688744675662117,True,conditional-studentized-curvature,True,6.2595804623567926,8.4992746179044,2.239694155547607,True
internal-s2000-sd03,16,91350016,laplace,joint-map,completed,6.499537943543212,7.5,0.2939311206372232,True,conditional-laplace,True,5.746526615507034,7.25254927157939,1.5060226560723562,False
internal-s2000-sd03,16,91350016,studentized,joint-map,completed,6.499537943543212,7.5,0.2939311206372232,True,conditional-studentized-curvature,True,5.8000231450311714,7.453402559123269,1.6533794140920977,False
internal-s2000-sd03,17,91350017,laplace,joint-map,completed,8.748888658359723,7.5,0.2768081614779756,True,unavailable-gaussian-interval-crosses-bound,False,,,,False
internal-s2000-sd03,17,91350017,studentized,joint-map,completed,8.748888658359723,7.5,0.2768081614779756,True,conditional-studentized-curvature,True,6.736826408898917,9.72019041095712,2.9833640020582024,True
internal-s2000-sd03,18,91350018,laplace,joint-map,completed,7.660218579837941,7.5,0.3261238574985312,True,conditional-laplace,True,6.359946552419814,8.960490607256068,2.600544054836254,True
internal-s2000-sd03,18,91350018,studentized,joint-map,completed,7.660218579837941,7.5,0.3261238574985312,True,conditional-studentized-curvature,True,6.294359664275406,8.936344988393024,2.641985324117618,True
internal-s2000-sd03,19,91350019,laplace,joint-map,completed,7.973990644818491,7.5,0.3506398030541514,True,conditional-laplace,True,6.471142539292969,9.476838750344012,3.005696211051043,True
internal-s2000-sd03,19,91350019,studentized,joint-map,completed,7.973990644818491,7.5,0.3506398030541514,True,conditional-studentized-curvature,True,6.320008287024721,9.286440329455788,2.966432042431067,True
internal-s2000-sd03,20,91350020,laplace,joint-map,completed,7.675503209675396,7.5,0.334534133303503,True,conditional-laplace,True,6.389688278636414,8.96131814071438,2.571629862077965,True
internal-s2000-sd03,20,91350020,studentized,joint-map,completed,7.675503209675396,7.5,0.334534133303503,True,conditional-studentized-curvature,True,6.317944517061143,8.936448889530022,2.6185043724688786,True
internal-s2000-sd03,21,91350021,laplace,joint-map,completed,7.756001561332496,7.5,0.2968192086578395,True,conditional-laplace,True,6.548842508057746,8.963160614607247,2.4143181065495014,True
internal-s2000-sd03,21,91350021,studentized,joint-map,completed,7.756001561332496,7.5,0.2968192086578395,True,conditional-studentized-curvature,True,6.448112410875247,8.936110491028623,2.4879980801533765,True
internal-s2000-sd03,22,91350022,laplace,joint-map,completed,8.484452176352924,7.5,0.4383352300698125,True,unavailable-gaussian-interval-crosses-bound,False,,,,False
internal-s2000-sd03,22,91350022,studentized,joint-map,completed,8.484452176352924,7.5,0.4383352300698125,True,conditional-studentized-curvature,True,5.998647201797281,9.774570954768071,3.775923752970792,True
internal-s2000-sd03,23,91350023,laplace,joint-map,completed,7.150338162090806,7.5,0.2961543678147572,True,conditional-laplace,True,6.103353444292702,8.197322879888908,2.0939694355962057,True
internal-s2000-sd03,23,91350023,studentized,joint-map,completed,7.150338162090806,7.5,0.2961543678147572,True,conditional-studentized-curvature,True,6.1162296882895895,8.322819228576382,2.2065895402867923,True
internal-s2000-sd03,24,91350024,laplace,joint-map,completed,8.55679630142789,7.5,0.382207872182832,True,unavailable-gaussian-interval-crosses-bound,False,,,,False
internal-s2000-sd03,24,91350024,studentized,joint-map,completed,8.55679630142789,7.5,0.382207872182832,True,conditional-studentized-curvature,True,6.242941293254721,9.74172843575763,3.498787142502908,True
internal-s2000-sd03,25,91350025,laplace,joint-map,completed,7.132333762957525,7.5,0.3220203055609867,True,conditional-laplace,True,6.033495421596196,8.231172104318853,2.197676682722657,True
internal-s2000-sd03,25,91350025,studentized,joint-map,completed,7.132333762957525,7.5,0.3220203055609867,True,conditional-studentized-curvature,True,6.06117761103492,8.361867281959224,2.300689670924304,True
internal-s2000-sd03,26,91350026,laplace,joint-map,completed,7.731296008663225,7.5,0.2666389731295763,True,conditional-laplace,True,6.647133817951064,8.815458199375389,2.168324381424325,True
internal-s2000-sd03,26,91350026,studentized,joint-map,completed,7.731296008663225,7.5,0.2666389731295763,True,conditional-studentized-curvature,True,6.5470376810865805,8.819359407339704,2.2723217262531232,True
internal-s2000-sd03,27,91350027,laplace,joint-map,completed,7.405278483975497,7.5,0.2916502508328624,True,conditional-laplace,True,6.337651877798649,8.472905090152345,2.135253212353696,True
internal-s2000-sd03,27,91350027,studentized,joint-map,completed,7.405278483975497,7.5,0.2916502508328624,True,conditional-studentized-curvature,True,6.303579277461212,8.545094842048204,2.241515564586992,True
internal-s2000-sd03,28,91350028,laplace,joint-map,completed,7.5287757593454865,7.5,0.2811254459976947,True,conditional-laplace,True,6.460081165901336,8.597470352789637,2.137389186888301,True
internal-s2000-sd03,28,91350028,studentized,joint-map,completed,7.5287757593454865,7.5,0.2811254459976947,True,conditional-studentized-curvature,True,6.401350632289871,8.644615148184302,2.243264515894431,True
internal-s2000-sd03,29,91350029,laplace,joint-map,completed,7.1224559488780645,7.5,0.3195711948062942,True,conditional-laplace,True,6.0229578528267,8.22195404492943,2.198996192102729,True
internal-s2000-sd03,29,91350029,studentized,joint-map,completed,7.1224559488780645,7.5,0.3195711948062942,True,conditional-studentized-curvature,True,6.052912176827535,8.354978214063742,2.302066037236207,True
internal-s2000-sd03,30,91350030,laplace,joint-map,completed,7.170673056813301,7.5,0.2997699075628877,True,conditional-laplace,True,6.089887966948573,8.251458146678027,2.161570179729454,True
internal-s2000-sd03,30,91350030,studentized,joint-map,completed,7.170673056813301,7.5,0.2997699075628877,True,conditional-studentized-curvature,True,6.105559539831091,8.373143303949611,2.26758376411852,True
internal-s2000-sd03,31,91350031,laplace,joint-map,completed,7.644332994229317,7.5,0.278240624531066,True,conditional-laplace,True,6.556190433078295,8.73247555538034,2.176285122302045,True
internal-s2000-sd03,31,91350031,studentized,joint-map,completed,7.644332994229317,7.5,0.278240624531066,True,conditional-studentized-curvature,True,6.474930159263468,8.753621995752647,2.2786918364891795,True
internal-s2000-sd03,32,91350032,laplace,joint-map,completed,8.416628427574317,7.5,0.334477410725036,True,conditional-laplace,True,6.842928976286446,9.990327878862184,3.1473989025757394,True
internal-s2000-sd03,32,91350032,studentized,joint-map,completed,8.416628427574317,7.5,0.334477410725036,True,conditional-studentized-curvature,True,6.471765950852077,9.588888993677497,3.11712304282542,True
internal-s2000-sd03,33,91350033,laplace,joint-map,completed,8.348115345454946,7.5,0.3200989837951322,True,conditional-laplace,True,6.857396540510107,9.838834150399787,2.98143760988968,True
internal-s2000-sd03,33,91350033,studentized,joint-map,completed,8.348115345454946,7.5,0.3200989837951322,True,conditional-studentized-curvature,True,6.5327898340390895,9.5142158099119,2.98142597587281,True
internal-s2000-sd03,34,91350034,laplace,joint-map,completed,8.392162745803176,7.5,0.3124719683082387,True,conditional-laplace,True,6.847719296057791,9.93660619554856,3.088886899490769,True
internal-s2000-sd03,34,91350034,studentized,joint-map,completed,8.392162745803176,7.5,0.3124719683082387,True,conditional-studentized-curvature,True,6.493793911174914,9.56322667924978,3.069432768074866,True
internal-s2000-sd03,35,91350035,laplace,joint-map,completed,7.329409970488231,7.5,0.2731372547185997,True,conditional-laplace,True,6.307756789165619,8.351063151810843,2.0433063626452235,True
internal-s2000-sd03,35,91350035,studentized,joint-map,completed,7.329409970488231,7.5,0.2731372547185997,True,conditional-studentized-curvature,True,6.282253664224767,8.440369128877153,2.1581154646523864,True
internal-s2000-sd03,36,91350036,laplace,joint-map,completed,7.027960648875192,7.5,0.3492848689008402,True,conditional-laplace,True,5.892317202007487,8.163604095742897,2.27128689373541,True
internal-s2000-sd03,36,91350036,studentized,joint-map,completed,7.027960648875192,7.5,0.3492848689008402,True,conditional-studentized-curvature,True,5.95254967014819,8.321219936884205,2.3686702667360158,True
internal-s2000-sd03,37,91350037,laplace,joint-map,completed,8.953818720464422,7.5,0.3302468895828625,True,unavailable-gaussian-interval-crosses-bound,False,,,,False
internal-s2000-sd03,37,91350037,studentized,joint-map,completed,8.953818720464422,7.5,0.3302468895828625,True,conditional-studentized-curvature,True,6.292503063214134,9.88086805493808,3.588364991723946,True
internal-s2000-sd03,38,91350038,laplace,joint-map,completed,8.359973324646303,7.5,0.4206766766134444,True,unavailable-gaussian-interval-crosses-bound,False,,,,False
internal-s2000-sd03,38,91350038,studentized,joint-map,completed,8.359973324646303,7.5,0.4206766766134444,True,conditional-studentized-curvature,True,6.081854656523388,9.69138327542467,3.6095286189012814,True
internal-s2000-sd03,39,91350039,laplace,joint-map,completed,6.609702105742938,7.5,0.3778505293719112,True,conditional-laplace,True,5.689331070831303,7.530073140654574,1.8407420698232717,True
internal-s2000-sd03,39,91350039,studentized,joint-map,completed,6.609702105742938,7.5,0.3778505293719112,True,conditional-studentized-curvature,True,5.773866606314298,7.758950328791343,1.9850837224770448,True
internal-s2000-sd03,40,91350040,laplace,joint-map,completed,7.788362826326943,7.5,0.22974490613791,True,conditional-laplace,True,6.768676521750613,8.808049130903274,2.039372609152662,True
internal-s2000-sd03,40,91350040,studentized,joint-map,completed,7.788362826326943,7.5,0.22974490613791,True,conditional-studentized-curvature,True,6.656376376426294,8.811984800787132,2.155608424360837,True
internal-s2000-sd03,41,91350041,laplace,joint-map,completed,7.2961453648226975,7.5,0.2711761744493575,True,conditional-laplace,True,6.315854146332192,8.2764365833132,1.9605824369810083,True
internal-s2000-sd03,41,91350041,studentized,joint-map,completed,7.2961453648226975,7.5,0.2711761744493575,True,conditional-studentized-curvature,True,6.290867204148003,8.372479610367929,2.081612406219926,True
internal-s2000-sd03,42,91350042,laplace,joint-map,completed,7.2756412912728194,7.5,0.2831888401801797,True,conditional-laplace,True,6.269106802694796,8.282175779850844,2.013068977156048,True
internal-s2000-sd03,42,91350042,studentized,joint-map,completed,7.2756412912728194,7.5,0.2831888401801797,True,conditional-studentized-curvature,True,6.251337441779185,8.381964354987144,2.1306269132079585,True
internal-s2000-sd03,43,91350043,laplace,joint-map,completed,6.535656630414549,7.5,0.3768661580346086,True,conditional-laplace,True,5.587825447655483,7.483487813173615,1.895662365518132,False
internal-s2000-sd03,43,91350043,studentized,joint-map,completed,6.535656630414549,7.5,0.3768661580346086,True,conditional-studentized-curvature,True,5.69711259905092,7.740459980733059,2.043347381682139,True
internal-s2000-sd03,44,91350044,laplace,joint-map,completed,7.778994530059817,7.5,0.3832669759940573,True,conditional-laplace,True,6.280736907268915,9.27725215285072,2.9965152455818043,True
internal-s2000-sd03,44,91350044,studentized,joint-map,completed,7.778994530059817,7.5,0.3832669759940573,True,conditional-studentized-curvature,True,6.204952285401195,9.156953308940178,2.9520010235389837,True
internal-s2000-sd03,45,91350045,laplace,joint-map,completed,7.269704526996671,7.5,0.2198694422589993,True,conditional-laplace,True,6.455682966135794,8.083726087857547,1.6280431217217537,True
internal-s2000-sd03,45,91350045,studentized,joint-map,completed,7.269704526996671,7.5,0.2198694422589993,True,conditional-studentized-curvature,True,6.41780190173518,8.179194106326463,1.761392204591283,True
internal-s2000-sd03,46,91350046,laplace,joint-map,completed,7.269101020055108,7.5,0.3733888072377059,True,conditional-laplace,True,5.959236483731683,8.578965556378533,2.61972907264685,True
internal-s2000-sd03,46,91350046,studentized,joint-map,completed,7.269101020055108,7.5,0.3733888072377059,True,conditional-studentized-curvature,True,6.005488056284676,8.664077078429766,2.6585890221450903,True
internal-s2000-sd03,47,91350047,laplace,joint-map,completed,7.207883750332346,7.5,0.2886807177522178,True,conditional-laplace,True,6.225089102035586,8.190678398629107,1.9655892965935209,True
internal-s2000-sd03,47,91350047,studentized,joint-map,completed,7.207883750332346,7.5,0.2886807177522178,True,conditional-studentized-curvature,True,6.215800965759243,8.302922997209416,2.087122031450173,True
internal-s2000-sd03,48,91350048,laplace,joint-map,completed,8.661411783946427,7.5,0.250742644141151,True,conditional-laplace,True,7.365713675978992,9.957109891913865,2.5913962159348705,True
internal-s2000-sd03,48,91350048,studentized,joint-map,completed,8.661411783946427,7.5,0.250742644141151,True,conditional-studentized-curvature,True,6.902633182630354,9.62063203435074,2.717998851720385,True
internal-s2000-sd03,49,91350049,laplace,joint-map,completed,6.794157668656879,7.5,0.3617724339602024,True,conditional-laplace,True,5.769764502347648,7.818550834966108,2.04878633261846,True
internal-s2000-sd03,49,91350049,studentized,joint-map,completed,6.794157668656879,7.5,0.3617724339602024,True,conditional-studentized-curvature,True,5.849302321604318,8.024277476050557,2.174975154446239,True
internal-s2000-sd03,50,91350050,laplace,joint-map,completed,8.144972770655745,7.5,0.3063358162922386,True,conditional-laplace,True,6.77526539309228,9.51468014821921,2.73941475512693,True
internal-s2000-sd03,50,91350050,studentized,joint-map,completed,8.144972770655745,7.5,0.3063358162922386,True,conditional-studentized-curvature,True,6.551749431297975,9.323153438570348,2.7714040072723725,True
internal-s2000-sd03,51,91350051,laplace,joint-map,completed,6.58676904346989,7.5,0.3966429093119562,True,conditional-laplace,True,5.63615429092404,7.53738379601574,1.9012295050917,True
internal-s2000-sd03,51,91350051,studentized,joint-map,completed,6.58676904346989,7.5,0.3966429093119562,True,conditional-studentized-curvature,True,5.735482432948987,7.780857916737256,2.045375483788269,True
internal-s2000-sd03,52,91350052,laplace,joint-map,completed,7.930295468845619,7.5,0.301471057113058,True,conditional-laplace,True,6.671050813429799,9.18954012426144,2.51848931083164,True
internal-s2000-sd03,52,91350052,studentized,joint-map,completed,7.930295468845619,7.5,0.301471057113058,True,conditional-studentized-curvature,True,6.523187732446878,9.103211603839132,2.580023871392253,True
internal-s2000-sd03,53,91350053,laplace,joint-map,completed,6.909858578536835,7.5,0.2339881297939883,True,conditional-laplace,True,6.151108474128621,7.66860868294505,1.517500208816429,True
internal-s2000-sd03,53,91350053,studentized,joint-map,completed,6.909858578536835,7.5,0.2339881297939883,True,conditional-studentized-curvature,True,6.150709039925073,7.804893905686525,1.6541848657614515,True
internal-s2000-sd03,54,91350054,laplace,joint-map,completed,6.344105029534875,7.5,0.2679796722531443,True,conditional-laplace,True,5.687782527716921,7.000427531352828,1.3126450036359063,False
internal-s2000-sd03,54,91350054,studentized,joint-map,completed,6.344105029534875,7.5,0.2679796722531443,True,conditional-studentized-curvature,True,5.736972029372805,7.193992095614203,1.457020066241398,False
internal-s2000-sd03,55,91350055,laplace,joint-map,completed,6.617939817976273,7.5,0.2940145299409948,True,conditional-laplace,True,5.834761195417315,7.40111844053523,1.5663572451179153,False
internal-s2000-sd03,55,91350055,studentized,joint-map,completed,6.617939817976273,7.5,0.2940145299409948,True,conditional-studentized-curvature,True,5.878381474907686,7.589034061526951,1.7106525866192657,True
internal-s2000-sd03,56,91350056,laplace,joint-map,completed,7.377817110200797,7.5,0.3462856132773997,True,conditional-laplace,True,6.17525522572666,8.580378994674934,2.4051237689482736,True
internal-s2000-sd03,56,91350056,studentized,joint-map,completed,7.377817110200797,7.5,0.3462856132773997,True,conditional-studentized-curvature,True,6.168578253561902,8.64721616035614,2.478637906794237,True
internal-s2000-sd03,57,91350057,laplace,joint-map,completed,7.11830855663219,7.5,0.2943618586952484,True,conditional-laplace,True,6.147543489184615,8.089073624079766,1.9415301348951512,True
internal-s2000-sd03,57,91350057,studentized,joint-map,completed,7.11830855663219,7.5,0.2943618586952484,True,conditional-studentized-curvature,True,6.151872882690333,8.217603863870604,2.0657309811802707,True
internal-s2000-sd03,58,91350058,laplace,joint-map,completed,7.688629148886463,7.5,0.367419732178814,True,conditional-laplace,True,6.270585738757431,9.106672559015497,2.836086820258066,True
internal-s2000-sd03,58,91350058,studentized,joint-map,completed,7.688629148886463,7.5,0.367419732178814,True,conditional-studentized-curvature,True,6.213486676895123,9.0425281138856,2.829041436990476,True
internal-s2000-sd03,59,91350059,laplace,joint-map,completed,7.1312555064992456,7.5,0.3148756522745924,True,conditional-laplace,True,6.063008334921463,8.199502678077028,2.136494343155565,True
internal-s2000-sd03,59,91350059,studentized,joint-map,completed,7.1312555064992456,7.5,0.3148756522745924,True,conditional-studentized-curvature,True,6.084138957280882,8.329748649671117,2.245609692390235,True
internal-s2000-sd03,60,91350060,laplace,joint-map,completed,8.494401685335227,7.5,0.2498508571654402,True,conditional-laplace,True,7.228490610206515,9.760312760463938,2.5318221502574225,True
internal-s2000-sd03,60,91350060,studentized,joint-map,completed,8.494401685335227,7.5,0.2498508571654402,True,conditional-studentized-curvature,True,6.867325468387362,9.501841512842578,2.634516044455216,True
internal-s2000-sd03,61,91350061,laplace,joint-map,completed,7.535232924853926,7.5,0.3743202350634692,True,conditional-laplace,True,6.1418173300018,8.928648519706051,2.786831189704252,True
internal-s2000-sd03,61,91350061,studentized,joint-map,completed,7.535232924853926,7.5,0.3743202350634692,True,conditional-studentized-curvature,True,6.129507621258682,8.919022331002353,2.7895147097436706,True
internal-s2000-sd03,62,91350062,laplace,joint-map,completed,7.520590956465009,7.5,0.3171631692613789,True,conditional-laplace,True,6.354320959458315,8.686860953471703,2.332539994013388,True
internal-s2000-sd03,62,91350062,studentized,joint-map,completed,7.520590956465009,7.5,0.3171631692613789,True,conditional-studentized-curvature,True,6.307859467595303,8.723707906425282,2.41584843882998,True
internal-s2000-sd03,63,91350063,laplace,joint-map,completed,7.657795590399785,7.5,0.3921698135989011,True,conditional-laplace,True,6.155946730119193,9.159644450680378,3.0036977205611857,True
internal-s2000-sd03,63,91350063,studentized,joint-map,completed,7.657795590399785,7.5,0.3921698135989011,True,conditional-studentized-curvature,True,6.125160513449385,9.079931654402213,2.9547711409528272,True
internal-s2000-sd03,64,91350064,laplace,joint-map,completed,8.230445265413339,7.5,0.272551668313024,True,conditional-laplace,True,6.969615873312598,9.49127465751408,2.521658784201481,True
internal-s2000-sd03,64,91350064,studentized,joint-map,completed,8.230445265413339,7.5,0.272551668313024,True,conditional-studentized-curvature,True,6.721519751729147,9.31943500277129,2.597915251042142,True
internal-s2000-sd03,65,91350065,laplace,joint-map,completed,7.564604696763803,7.5,0.2685632958495001,True,conditional-laplace,True,6.521228756775409,8.607980636752199,2.0867518799767897,True
internal-s2000-sd03,65,91350065,studentized,joint-map,completed,7.564604696763803,7.5,0.2685632958495001,True,conditional-studentized-curvature,True,6.453419726981357,8.650820352740862,2.1974006257595047,True
internal-s2000-sd03,66,91350066,laplace,joint-map,completed,7.531169709923908,7.5,0.3724953974675092,True,conditional-laplace,True,6.17858836056964,8.883751059278177,2.705162698708537,True
internal-s2000-sd03,66,91350066,studentized,joint-map,completed,7.531169709923908,7.5,0.3724953974675092,True,conditional-studentized-curvature,True,6.159262838435256,8.88455423120513,2.725291392769873,True
internal-s2000-sd03,67,91350067,laplace,joint-map,completed,7.884512476200498,7.5,0.3166437568315922,True,conditional-laplace,True,6.567712179999657,9.20131277240134,2.633600592401682,True
internal-s2000-sd03,67,91350067,studentized,joint-map,completed,7.884512476200498,7.5,0.3166437568315922,True,conditional-studentized-curvature,True,6.435968652643805,9.109441690759938,2.673473038116134,True
internal-s2000-sd03,68,91350068,laplace,joint-map,completed,7.334779048023549,7.5,0.3434930730084054,True,conditional-laplace,True,6.138259353268865,8.531298742778231,2.393039389509366,True
internal-s2000-sd03,68,91350068,studentized,joint-map,completed,7.334779048023549,7.5,0.3434930730084054,True,conditional-studentized-curvature,True,6.140849555057333,8.609528698427182,2.468679143369849,True
internal-s2000-sd03,69,91350069,laplace,joint-map,completed,7.395532213796635,7.5,0.3833411419387579,True,conditional-laplace,True,6.011284546099686,8.779779881493583,2.768495335393897,True
internal-s2000-sd03,69,91350069,studentized,joint-map,completed,7.395532213796635,7.5,0.3833411419387579,True,conditional-studentized-curvature,True,6.039967750858793,8.815559332737422,2.775591581878629,True
internal-s2000-sd03,70,91350070,laplace,joint-map,completed,7.582723078972001,7.5,0.4361198873190557,True,conditional-laplace,True,5.997376012420197,9.168070145523808,3.170694133103609,True
internal-s2000-sd03,70,91350070,studentized,joint-map,completed,7.582723078972001,7.5,0.4361198873190557,True,conditional-studentized-curvature,True,6.01439483340533,9.08847046557398,3.0740756321686487,True
internal-s2000-sd03,71,91350071,laplace,joint-map,completed,6.664005546351627,7.5,0.3926358662374237,True,conditional-laplace,True,5.642611384930137,7.685399707773116,2.042788322842979,True
internal-s2000-sd03,71,91350071,studentized,joint-map,completed,6.664005546351627,7.5,0.3926358662374237,True,conditional-studentized-curvature,True,5.749719150983631,7.925755052697518,2.1760359017138877,True
internal-s2000-sd03,72,91350072,laplace,joint-map,completed,7.947549707786453,7.5,0.4022397644616677,True,conditional-laplace,True,6.265441110593349,9.629658304979555,3.3642171943862085,True
internal-s2000-sd03,72,91350072,studentized,joint-map,completed,7.947549707786453,7.5,0.4022397644616677,True,conditional-studentized-curvature,True,6.149482151534303,9.367781733893196,3.2182995823588927,True
internal-s2000-sd03,73,91350073,laplace,joint-map,completed,8.739481594809728,7.5,0.2985582222950139,True,unavailable-gaussian-interval-crosses-bound,False,,,,False
internal-s2000-sd03,73,91350073,studentized,joint-map,completed,8.739481594809728,7.5,0.2985582222950139,True,conditional-studentized-curvature,True,6.616446355799677,9.742559650858029,3.126113295058352,True
internal-s2000-sd03,74,91350074,laplace,joint-map,completed,8.069584025615143,7.5,0.3319605972002042,True,conditional-laplace,True,6.643462643166527,9.49570540806376,2.852242764897233,True
internal-s2000-sd03,74,91350074,studentized,joint-map,completed,8.069584025615143,7.5,0.3319605972002042,True,conditional-studentized-curvature,True,6.449496371044977,9.304919699919122,2.855423328874145,True
internal-s2000-sd03,75,91350075,laplace,joint-map,completed,7.3930351609259395,7.5,0.3271548503633416,True,conditional-laplace,True,6.243911124304011,8.542159197547868,2.2982480732438564,True
internal-s2000-sd03,75,91350075,studentized,joint-map,completed,7.3930351609259395,7.5,0.3271548503633416,True,conditional-studentized-curvature,True,6.224272083259876,8.610596472893334,2.386324389633459,True
internal-s2000-sd03,76,91350076,laplace,joint-map,completed,8.51028606516291,7.5,0.2668842193133734,True,conditional-laplace,True,7.187655744934451,9.832916385391368,2.6452606404569163,True
internal-s2000-sd03,76,91350076,studentized,joint-map,completed,8.51028606516291,7.5,0.2668842193133734,True,conditional-studentized-curvature,True,6.804116423736617,9.53856270677772,2.7344462830411027,True
internal-s2000-sd03,77,91350077,laplace,joint-map,completed,7.11100433849559,7.5,0.2246030886850863,True,conditional-laplace,True,6.32881989868814,7.89318877830304,1.5643688796149,True
internal-s2000-sd03,77,91350077,studentized,joint-map,completed,7.11100433849559,7.5,0.2246030886850863,True,conditional-studentized-curvature,True,6.307370657650566,8.006435101940346,1.69906444428978,True
internal-s2000-sd03,78,91350078,laplace,joint-map,completed,6.98484728727482,7.5,0.4356693480792706,True,conditional-laplace,True,5.723277536535976,8.246417038013664,2.5231395014776883,True
internal-s2000-sd03,78,91350078,studentized,joint-map,completed,6.98484728727482,7.5,0.4356693480792706,True,conditional-studentized-curvature,True,5.833612232085167,8.420652297769562,2.587040065684396,True
internal-s2000-sd03,79,91350079,laplace,joint-map,completed,7.500546324463155,7.5,0.324392352497093,True,conditional-laplace,True,6.291484486401979,8.709608162524331,2.4181236761223524,True
internal-s2000-sd03,79,91350079,studentized,joint-map,completed,7.500546324463155,7.5,0.324392352497093,True,conditional-studentized-curvature,True,6.255776979828632,8.745044847112823,2.489267867284191,True
internal-s2000-sd03,80,91350080,laplace,joint-map,completed,8.112958218681497,7.5,0.3231806732061024,True,conditional-laplace,True,6.698607062733821,9.527309374629173,2.8287023118953503,True
internal-s2000-sd03,80,91350080,studentized,joint-map,completed,8.112958218681497,7.5,0.3231806732061024,True,conditional-studentized-curvature,True,6.487042429131549,9.326948051615457,2.839905622483908,True
internal-s2000-sd03,81,91350081,laplace,joint-map,completed,8.447519692802558,7.5,0.2846498363568056,True,conditional-laplace,True,7.07573601473733,9.819303370867788,2.743567356130458,True
internal-s2000-sd03,81,91350081,studentized,joint-map,completed,8.447519692802558,7.5,0.2846498363568056,True,conditional-studentized-curvature,True,6.71474318757837,9.521431204099835,2.806688016521467,True
internal-s2000-sd03,82,91350082,laplace,joint-map,completed,7.101880234351626,7.5,0.2666831877409164,True,conditional-laplace,True,6.200107479660363,8.003652989042887,1.8035455093825243,True
internal-s2000-sd03,82,91350082,studentized,joint-map,completed,7.101880234351626,7.5,0.2666831877409164,True,conditional-studentized-curvature,True,6.19554470902624,8.130019425177391,1.9344747161511504,True
internal-s2000-sd03,83,91350083,laplace,joint-map,completed,7.166899618511275,7.5,0.319320898255285,True,conditional-laplace,True,6.1247298674988615,8.20906936952369,2.084339502024828,True
internal-s2000-sd03,83,91350083,studentized,joint-map,completed,7.166899618511275,7.5,0.319320898255285,True,conditional-studentized-curvature,True,6.133412070388631,8.330937075952107,2.1975250055634765,True
internal-s2000-sd03,84,91350084,laplace,joint-map,completed,7.540822130387559,7.5,0.4452010126638208,True,conditional-laplace,True,5.808423005629954,9.273221255145163,3.464798249515211,True
internal-s2000-sd03,84,91350084,studentized,joint-map,completed,7.540822130387559,7.5,0.4452010126638208,True,conditional-studentized-curvature,True,5.887258055566852,9.15941425058183,3.272156195014979,True
internal-s2000-sd03,85,91350085,laplace,joint-map,completed,7.035583396439982,7.5,0.2124072134333297,True,conditional-laplace,True,6.210268242821836,7.860898550058128,1.650630307236292,True
internal-s2000-sd03,85,91350085,studentized,joint-map,completed,7.035583396439982,7.5,0.2124072134333297,True,conditional-studentized-curvature,True,6.203740515158591,7.989577104835361,1.7858365896767705,True
internal-s2000-sd03,86,91350086,laplace,joint-map,completed,7.2311570406911185,7.5,0.395565034563923,True,conditional-laplace,True,5.946600510480351,8.515713570901886,2.569113060421534,True
internal-s2000-sd03,86,91350086,studentized,joint-map,completed,7.2311570406911185,7.5,0.395565034563923,True,conditional-studentized-curvature,True,5.996534480589021,8.614420879122715,2.6178863985336944,True
internal-s2000-sd03,87,91350087,laplace,joint-map,completed,7.428320559371264,7.5,0.295542565860296,True,conditional-laplace,True,6.345589097545902,8.511052021196626,2.165462923650724,True
internal-s2000-sd03,87,91350087,studentized,joint-map,completed,7.428320559371264,7.5,0.295542565860296,True,conditional-studentized-curvature,True,6.3087734156899655,8.577399788368703,2.268626372678738,True
internal-s2000-sd03,88,91350088,laplace,joint-map,completed,8.63656906350396,7.5,0.2786613495178262,True,unavailable-gaussian-interval-crosses-bound,False,,,,False
internal-s2000-sd03,88,91350088,studentized,joint-map,completed,8.63656906350396,7.5,0.2786613495178262,True,conditional-studentized-curvature,True,6.723366889189066,9.655788200780872,2.9324213115918063,True
internal-s2000-sd03,89,91350089,laplace,joint-map,completed,7.294479579534327,7.5,0.3216583793999701,True,conditional-laplace,True,6.169986532478518,8.418972626590138,2.24898609411162,True
internal-s2000-sd03,89,91350089,studentized,joint-map,completed,7.294479579534327,7.5,0.3216583793999701,True,conditional-studentized-curvature,True,6.167943167099738,8.511820501701507,2.3438773346017694,True
internal-s2000-sd03,90,91350090,laplace,joint-map,completed,7.218158902393114,7.5,0.2709595297581918,True,conditional-laplace,True,6.279792133777534,8.156525671008692,1.876733537231158,True
internal-s2000-sd03,90,91350090,studentized,joint-map,completed,7.218158902393114,7.5,0.2709595297581918,True,conditional-studentized-curvature,True,6.2622724669999466,8.265499524328565,2.003227057328618,True
internal-s2000-sd03,91,91350091,laplace,joint-map,completed,7.19435690399779,7.5,0.2975114044150395,True,conditional-laplace,True,6.192685610170384,8.196028197825196,2.003342587654812,True
internal-s2000-sd03,91,91350091,studentized,joint-map,completed,7.19435690399779,7.5,0.2975114044150395,True,conditional-studentized-curvature,True,6.188877320106654,8.311350327576534,2.12247300746988,True
internal-s2000-sd03,92,91350092,laplace,joint-map,completed,7.80090375266159,7.5,0.2732273341176435,True,conditional-laplace,True,6.656621741573126,8.945185763750054,2.288564022176928,True
internal-s2000-sd03,92,91350092,studentized,joint-map,completed,7.80090375266159,7.5,0.2732273341176435,True,conditional-studentized-curvature,True,6.541957697637293,8.921955042082725,2.3799973444454325,True
internal-s2000-sd03,93,91350093,laplace,joint-map,completed,7.050789194386356,7.5,0.3035338354063396,True,conditional-laplace,True,6.029014135100519,8.072564253672192,2.043550118571673,True
internal-s2000-sd03,93,91350093,studentized,joint-map,completed,7.050789194386356,7.5,0.3035338354063396,True,conditional-studentized-curvature,True,6.05597948918978,8.218094408634025,2.162114919444245,True
internal-s2000-sd03,94,91350094,laplace,joint-map,completed,6.705052892155635,7.5,0.2398690983118478,True,conditional-laplace,True,6.027064364381386,7.383041419929884,1.3559770555484985,False
internal-s2000-sd03,94,91350094,studentized,joint-map,completed,6.705052892155635,7.5,0.2398690983118478,True,conditional-studentized-curvature,True,6.037075343116048,7.528735926827803,1.491660583711755,True
internal-s2000-sd03,95,91350095,laplace,joint-map,completed,7.1576990724724,7.5,0.3340501392131801,True,conditional-laplace,True,6.021398338517993,8.293999806426807,2.2726014679088147,True
internal-s2000-sd03,95,91350095,studentized,joint-map,completed,7.1576990724724,7.5,0.3340501392131801,True,conditional-studentized-curvature,True,6.052161614889917,8.418878811130538,2.366717196240621,True
internal-s2000-sd03,96,91350096,laplace,joint-map,completed,9.306730088459558,7.5,0.3362076202163207,True,unavailable-gaussian-interval-crosses-bound,False,,,,False
internal-s2000-sd03,96,91350096,studentized,joint-map,completed,9.306730088459558,7.5,0.3362076202163207,True,conditional-studentized-curvature,True,5.79453223512446,9.975641211721683,4.181108976597225,True
internal-s2000-sd03,97,91350097,laplace,joint-map,completed,7.712216243929606,7.5,0.3602047786764994,True,conditional-laplace,True,6.271731167719654,9.152701320139558,2.880970152419904,True
internal-s2000-sd03,97,91350097,studentized,joint-map,completed,7.712216243929606,7.5,0.3602047786764994,True,conditional-studentized-curvature,True,6.210360152030576,9.07415976010979,2.863799608079214,True
internal-s2000-sd03,98,91350098,laplace,joint-map,completed,7.009314568802768,7.5,0.1745573067162139,True,conditional-laplace,True,6.3601684024093945,7.658460735196142,1.2982923327867475,True
internal-s2000-sd03,98,91350098,studentized,joint-map,completed,7.009314568802768,7.5,0.1745573067162139,True,conditional-studentized-curvature,True,6.3368607293822565,7.764726941002646,1.4278662116203895,True
internal-s2000-sd03,99,91350099,laplace,joint-map,completed,5.964310564378565,7.5,0.4037562653209179,True,conditional-laplace,True,5.308882257929256,6.619738870827875,1.3108566128986183,False
internal-s2000-sd03,99,91350099,studentized,joint-map,completed,5.964310564378565,7.5,0.4037562653209179,True,conditional-studentized-curvature,True,5.422390394226039,6.911218334810396,1.4888279405843576,False
original-200,0,20260909,laplace,joint-map,completed,30.627050092564183,20.0,0.2587573323475672,True,conditional-laplace,True,21.16482470809876,40.08927547702961,18.92445076893085,False
original-200,0,20260909,studentized,joint-map,completed,30.627050092564183,20.0,0.2587573323475672,True,conditional-studentized-curvature,True,17.98960051509075,52.81736700950941,34.82776649441866,True
original-200,1,20260910,laplace,joint-map,completed,18.203208673037043,20.0,0.3038080283900435,True,conditional-laplace,True,13.77525921416076,22.63115813191333,8.855898917752572,True
original-200,1,20260910,studentized,joint-map,completed,18.203208673037043,20.0,0.3038080283900435,True,conditional-studentized-curvature,True,12.86953405097044,31.05504334625161,18.185509295281168,True
original-200,2,20260911,laplace,joint-map,completed,21.83295331312504,20.0,0.1248730765546652,True,conditional-laplace,True,18.77595054214453,24.889956084105545,6.1140055419610135,True
original-200,2,20260911,studentized,joint-map,completed,21.83295331312504,20.0,0.1248730765546652,True,conditional-studentized-curvature,True,17.17805912261001,28.82053575084652,11.642476628236508,True
original-200,3,20260912,laplace,joint-map,completed,20.04216833090109,20.0,0.3054915269148091,True,conditional-laplace,True,14.635121756851303,25.44921490495088,10.814093148099577,True
original-200,3,20260912,studentized,joint-map,completed,20.04216833090109,20.0,0.3054915269148091,True,conditional-studentized-curvature,True,13.487796206583813,35.310178353349265,21.82238214676545,True
original-200,4,20260913,laplace,marginal,completed,17.12263732151018,20.0,0.2337014615145078,True,conditional-laplace,True,14.029621262332174,20.215653380688185,6.18603211835601,True
original-200,4,20260913,studentized,marginal,completed,17.12263732151018,20.0,0.2337014615145078,True,conditional-studentized-curvature,True,12.789118477126028,26.88559854326362,14.096480066137593,True
original-200,5,20260914,laplace,joint-map,completed,18.127009074186887,20.0,0.0997941621039341,True,conditional-laplace,True,16.209037265008355,20.04498088336541,3.83594361835706,True
original-200,5,20260914,studentized,joint-map,completed,18.127009074186887,20.0,0.0997941621039341,True,conditional-studentized-curvature,True,15.176816683650792,22.510503701624323,7.33368701797353,True
original-200,6,20260915,laplace,joint-map,completed,19.000384508244977,20.0,0.3112514014051851,True,conditional-laplace,True,14.043988468865232,23.956780547624724,9.912792078759493,True
original-200,6,20260915,studentized,joint-map,completed,19.000384508244977,20.0,0.3112514014051851,True,conditional-studentized-curvature,True,13.067119501244044,33.33100686672294,20.26388736547889,True
original-200,7,20260916,laplace,joint-map,completed,18.189512956459943,20.0,0.1511644391557594,True,conditional-laplace,True,15.729822522043442,20.64920339087645,4.919380868833013,True
original-200,7,20260916,studentized,joint-map,completed,18.189512956459943,20.0,0.1511644391557594,True,conditional-studentized-curvature,True,14.601061316399324,24.11411490360804,9.513053587208711,True
original-200,8,20260917,laplace,joint-map,completed,18.84307864994115,20.0,0.1328628103030703,True,conditional-laplace,True,16.468858733263687,21.21729856661861,4.748439833354922,True
original-200,8,20260917,studentized,joint-map,completed,18.84307864994115,20.0,0.1328628103030703,True,conditional-studentized-curvature,True,15.282194716351022,24.39653110419122,9.114336387840195,True
original-200,9,20260918,laplace,joint-map,completed,19.492830251315805,20.0,0.3701869314327004,True,conditional-laplace,True,13.33884708046551,25.646813422166097,12.307966341700588,True
original-200,9,20260918,studentized,joint-map,completed,19.492830251315805,20.0,0.3701869314327004,True,conditional-studentized-curvature,True,12.646834349866811,38.30772570399058,25.660891354123763,True
original-200,10,20260919,laplace,joint-map,completed,21.22973306914141,20.0,0.3100712282293393,True,conditional-laplace,True,15.051729651616114,27.40773648666671,12.356006835050596,True
original-200,10,20260919,studentized,joint-map,completed,21.22973306914141,20.0,0.3100712282293393,True,conditional-studentized-curvature,True,13.78244822682265,38.49404440341512,24.711596176592465,True
original-200,11,20260920,laplace,marginal,completed,15.988979952174978,20.0,0.2494316920065869,True,conditional-laplace,True,13.235720417270414,18.74223948707954,5.506519069809126,False
original-200,11,20260920,studentized,marginal,completed,15.988979952174978,20.0,0.2494316920065869,True,conditional-studentized-curvature,True,12.228511359458912,25.00984093294102,12.781329573482108,True
original-200,12,20260921,laplace,joint-map,completed,20.792489479700368,20.0,0.5375884697261284,True,conditional-laplace,True,10.787294266541869,30.797684692858876,20.01039042631701,True
original-200,12,20260921,studentized,joint-map,completed,20.792489479700368,20.0,0.5375884697261284,True,conditional-studentized-curvature,True,11.670092955930242,54.58956999915265,42.91947704322241,True
original-200,13,20260922,laplace,joint-map,completed,20.767662248563603,20.0,0.2360868235993615,True,conditional-laplace,True,16.188388526986735,25.34693597014047,9.158547443153736,True
original-200,13,20260922,studentized,joint-map,completed,20.767662248563603,20.0,0.2360868235993615,True,conditional-studentized-curvature,True,14.686864302211596,32.64378835846075,17.956924056249157,True
original-200,14,20260923,laplace,marginal,completed,16.215955037986923,20.0,0.2421685529254965,True,conditional-laplace,True,13.431869318813868,19.000040757159983,5.568171438346116,False
original-200,14,20260923,studentized,marginal,completed,16.215955037986923,20.0,0.2421685529254965,True,conditional-studentized-curvature,True,12.371315337615712,25.2118738773872,12.840558539771486,True
original-200,15,20260924,laplace,joint-map,completed,24.39998481224092,20.0,0.1435746171096279,True,conditional-laplace,True,20.359191811218828,28.44077781326301,8.081586002044183,False
original-200,15,20260924,studentized,joint-map,completed,24.39998481224092,20.0,0.1435746171096279,True,conditional-studentized-curvature,True,18.316839158895636,33.64455324037919,15.327714081483556,True
original-200,16,20260925,laplace,joint-map,completed,19.146597381015862,20.0,0.2929767620074613,True,conditional-laplace,True,14.396724500390192,23.89647026164154,9.499745761251347,True
original-200,16,20260925,studentized,joint-map,completed,19.146597381015862,20.0,0.2929767620074613,True,conditional-studentized-curvature,True,13.317452643595852,32.55330251173038,19.23584986813453,True
original-200,17,20260926,laplace,joint-map,completed,22.824250027185784,20.0,0.3180437120733847,True,conditional-laplace,True,15.668458984258514,29.98004107011305,14.311582085854536,True
original-200,17,20260926,studentized,joint-map,completed,22.824250027185784,20.0,0.3180437120733847,True,conditional-studentized-curvature,True,14.20865477768652,42.41336464579356,28.20470986810704,True
original-200,18,20260927,laplace,joint-map,completed,17.507959934930746,20.0,0.1089113080327262,True,conditional-laplace,True,15.63244126741258,19.38347860244891,3.7510373350363295,False
original-200,18,20260927,studentized,joint-map,completed,17.507959934930746,20.0,0.1089113080327262,True,conditional-studentized-curvature,True,14.659557966897532,21.855701844587852,7.196143877690323,True
original-200,19,20260928,laplace,joint-map,completed,17.517026825671493,20.0,0.2901766159453476,True,conditional-laplace,True,13.613925588821264,21.420128062521723,7.806202473700459,True
original-200,19,20260928,studentized,joint-map,completed,17.517026825671493,20.0,0.2901766159453476,True,conditional-studentized-curvature,True,12.748697889894668,28.77708726361376,16.02838937371909,True
original-200,20,20260929,laplace,joint-map,completed,20.89193218763841,20.0,0.2000857747300339,True,conditional-laplace,True,16.857194195315223,24.9266701799616,8.069475984646377,True
original-200,20,20260929,studentized,joint-map,completed,20.89193218763841,20.0,0.2000857747300339,True,conditional-studentized-curvature,True,15.292310133841449,30.95094416362691,15.658634029785464,True
original-200,21,20260930,laplace,joint-map,completed,19.589891396536025,20.0,0.1642242076855997,True,conditional-laplace,True,16.525435521332568,22.65434727173948,6.128911750406914,True
original-200,21,20260930,studentized,joint-map,completed,19.589891396536025,20.0,0.1642242076855997,True,conditional-studentized-curvature,True,15.173710204191188,27.01932492709041,11.84561472289922,True
original-200,22,20260931,laplace,joint-map,completed,20.647587540488814,20.0,0.1614734550520411,True,conditional-laplace,True,17.32211919285803,23.973055888119607,6.650936695261578,True
original-200,22,20260931,studentized,joint-map,completed,20.647587540488814,20.0,0.1614734550520411,True,conditional-studentized-curvature,True,15.814239764562371,28.610641727689483,12.79640196312711,True
original-200,23,20260932,laplace,joint-map,completed,16.03178162185126,20.0,0.3291647837798176,True,conditional-laplace,True,12.501003355761188,19.562559887941333,7.061556532180147,False
original-200,23,20260932,studentized,joint-map,completed,16.03178162185126,20.0,0.3291647837798176,True,conditional-studentized-curvature,True,11.95063797711772,27.00269319070881,15.052055213591093,True
original-200,24,20260933,laplace,joint-map,completed,21.6585667370612,20.0,0.1228018645247668,True,conditional-laplace,True,18.756664833692227,24.560468640430173,5.803803806737946,True
original-200,24,20260933,studentized,joint-map,completed,21.6585667370612,20.0,0.1228018645247668,True,conditional-studentized-curvature,True,17.20782456767693,28.251722808362477,11.043898240685545,True
original-200,25,20260934,laplace,joint-map,completed,19.02079224219457,20.0,0.2188477918869575,True,conditional-laplace,True,15.394115149075652,22.64746933531349,7.253354186237839,True
original-200,25,20260934,studentized,joint-map,completed,19.02079224219457,20.0,0.2188477918869575,True,conditional-studentized-curvature,True,14.138459348540785,28.426894821357163,14.288435472816378,True
original-200,26,20260935,laplace,joint-map,completed,19.940929583887183,20.0,0.3890042287583224,True,conditional-laplace,True,13.207125324546656,26.674733843227703,13.46760851868105,True
original-200,26,20260935,studentized,joint-map,completed,19.940929583887183,20.0,0.3890042287583224,True,conditional-studentized-curvature,True,12.602889856237915,40.6995579181534,28.096668061915487,True
original-200,27,20260936,laplace,joint-map,completed,23.37969060028285,20.0,0.4128909429820397,True,conditional-laplace,True,13.79822658425416,32.96115461631154,19.16292803205738,True
original-200,27,20260936,studentized,joint-map,completed,23.37969060028285,20.0,0.4128909429820397,True,conditional-studentized-curvature,True,13.133409983091669,51.2289356226346,38.09552563954293,True
original-200,28,20260937,laplace,joint-map,completed,21.044805054609107,20.0,0.130150860607076,True,conditional-laplace,True,18.078697162620664,24.01091294659755,5.932215783976886,True
original-200,28,20260937,studentized,joint-map,completed,21.044805054609107,20.0,0.130150860607076,True,conditional-studentized-curvature,True,16.573808153985695,27.90403910658088,11.330230952595189,True
original-200,29,20260938,laplace,marginal,completed,28.145924108025845,20.0,0.0001234098040866,True,unavailable-active-bound-use-profile-or-bootstrap,False,,,,False
original-200,29,20260938,studentized,marginal,completed,28.145924108025845,20.0,0.0001234098040866,True,unavailable-active-bound-use-profile-or-bootstrap,False,,,,False
original-200,30,20260939,laplace,joint-map,completed,17.551109226564357,20.0,0.3109830095999613,True,conditional-laplace,True,13.381834202202535,21.720384250926177,8.33855004872364,True
original-200,30,20260939,studentized,joint-map,completed,17.551109226564357,20.0,0.3109830095999613,True,conditional-studentized-curvature,True,12.586073789071405,29.880610299367724,17.29453651029632,True
original-200,31,20260940,laplace,joint-map,completed,19.59390893970835,20.0,0.421058960767292,True,conditional-laplace,True,12.567756540991647,26.620061338425053,14.052304797433404,True
original-200,31,20260940,studentized,joint-map,completed,19.59390893970835,20.0,0.421058960767292,True,conditional-studentized-curvature,True,12.251440974701602,42.11741727631264,29.865976301611035,True
original-200,32,20260941,laplace,joint-map,completed,20.085009156957504,20.0,0.1228923244049801,True,conditional-laplace,True,17.48948036498485,22.68053794893016,5.191057583945309,True
original-200,32,20260941,studentized,joint-map,completed,20.085009156957504,20.0,0.1228923244049801,True,conditional-studentized-curvature,True,16.145594284057978,26.06583364070933,9.92023935665135,True
original-200,33,20260942,laplace,joint-map,completed,19.91734154661644,20.0,0.2422776660875971,True,conditional-laplace,True,15.567941188514936,24.26674190471794,8.698800716203003,True
original-200,33,20260942,studentized,joint-map,completed,19.91734154661644,20.0,0.2422776660875971,True,conditional-studentized-curvature,True,14.216273247247724,31.40375912246277,17.187485875215046,True
original-200,34,20260943,laplace,joint-map,completed,18.15498718393562,20.0,0.3432477408645769,True,conditional-laplace,True,13.219098964285452,23.090875403585787,9.871776439300335,True
original-200,34,20260943,studentized,joint-map,completed,18.15498718393562,20.0,0.3432477408645769,True,conditional-studentized-curvature,True,12.503076520030296,33.18688865885866,20.683812138828365,True
original-200,35,20260944,laplace,joint-map,completed,21.172188389181727,20.0,0.530173977248816,True,conditional-laplace,True,10.962326284435193,31.38205049392826,20.41972420949307,True
original-200,35,20260944,studentized,joint-map,completed,21.172188389181727,20.0,0.530173977248816,True,conditional-studentized-curvature,True,11.768035258093882,55.05453270378885,43.28649744569497,True
original-200,36,20260945,laplace,joint-map,completed,19.99207292092601,20.0,0.1047436016455347,True,conditional-laplace,True,17.64342660835659,22.34071923349542,4.697292625138829,True
original-200,36,20260945,studentized,joint-map,completed,19.99207292092601,20.0,0.1047436016455347,True,conditional-studentized-curvature,True,16.362482558719872,25.31312915660732,8.950646597887445,True
original-200,37,20260946,laplace,marginal,completed,17.7398879970059,20.0,0.0001234098040866,True,unavailable-active-bound-use-profile-or-bootstrap,False,,,,False
original-200,37,20260946,studentized,marginal,completed,17.7398879970059,20.0,0.0001234098040866,True,unavailable-active-bound-use-profile-or-bootstrap,False,,,,False
original-200,38,20260947,laplace,joint-map,completed,20.446924414498422,20.0,0.1470554558913145,True,conditional-laplace,True,17.402998319572703,23.490850509424146,6.087852189851439,True
original-200,38,20260947,studentized,joint-map,completed,20.446924414498422,20.0,0.1470554558913145,True,conditional-studentized-curvature,True,15.949267478997356,27.63154156063223,11.682274081634873,True
original-200,39,20260948,laplace,joint-map,completed,22.75062411397784,20.0,0.1595745609006265,True,conditional-laplace,True,18.858677371088405,26.642570856867284,7.783893485778879,True
original-200,39,20260948,studentized,joint-map,completed,22.75062411397784,20.0,0.1595745609006265,True,conditional-studentized-curvature,True,17.03051993126613,31.89644592086271,14.86592598959658,True
original-200,40,20260949,laplace,joint-map,completed,20.17798116647372,20.0,0.1284625827499294,True,conditional-laplace,True,17.486925479284317,22.86903685366312,5.382111374378802,True
original-200,40,20260949,studentized,joint-map,completed,20.17798116647372,20.0,0.1284625827499294,True,conditional-studentized-curvature,True,16.116093739653046,26.409771544971736,10.29367780531869,True
original-200,41,20260950,laplace,joint-map,completed,21.32477651684247,20.0,0.2738900742469357,True,conditional-laplace,True,15.785628309943702,26.863924723741235,11.078296413797531,True
original-200,41,20260950,studentized,joint-map,completed,21.32477651684247,20.0,0.2738900742469357,True,conditional-studentized-curvature,True,14.319872145004975,36.213341056345406,21.89346891134043,True
original-200,42,20260951,laplace,joint-map,completed,15.00292031265009,20.0,0.3490463840016223,True,conditional-laplace,True,11.893305097317173,18.11253552798301,6.219230430665839,False
original-200,42,20260951,studentized,joint-map,completed,15.00292031265009,20.0,0.3490463840016223,True,conditional-studentized-curvature,True,11.51627316407366,25.135623947865145,13.619350783791486,True
original-200,43,20260952,laplace,joint-map,completed,20.6547255643554,20.0,0.1021538900356798,True,conditional-laplace,True,18.228129514323385,23.081321614387416,4.853192100064032,True
original-200,43,20260952,studentized,joint-map,completed,20.6547255643554,20.0,0.1021538900356798,True,conditional-studentized-curvature,True,16.876897475757396,26.10578927235636,9.228891796598964,True
original-200,44,20260953,laplace,joint-map,completed,26.472269201500787,20.0,0.2137356169301779,True,conditional-laplace,True,20.08020335278916,32.86433505021241,12.784131697423248,False
original-200,44,20260953,studentized,joint-map,completed,26.472269201500787,20.0,0.2137356169301779,True,conditional-studentized-curvature,True,17.578431571542996,41.77926086897644,24.20082929743344,True
original-200,45,20260954,laplace,joint-map,completed,20.523355549029347,20.0,0.2637192475362526,True,conditional-laplace,True,15.551873853333191,25.4948372447255,9.942963391392306,True
original-200,45,20260954,studentized,joint-map,completed,20.523355549029347,20.0,0.2637192475362526,True,conditional-studentized-curvature,True,14.16820880581154,33.87299895357805,19.70479014776651,True
original-200,46,20260955,laplace,marginal,completed,15.513766648573812,20.0,0.3946023554532184,True,conditional-laplace,True,11.647222081167182,19.38031121598044,7.733089134813259,False
original-200,46,20260955,studentized,marginal,completed,15.513766648573812,20.0,0.3946023554532184,True,conditional-studentized-curvature,True,11.210473618559185,31.424107802633493,20.21363418407431,True
original-200,47,20260956,laplace,joint-map,completed,23.55537113041857,20.0,0.4213974563238411,True,conditional-laplace,True,13.662890346694894,33.44785191414225,19.784961567447358,True
original-200,47,20260956,studentized,joint-map,completed,23.55537113041857,20.0,0.4213974563238411,True,conditional-studentized-curvature,True,13.078106304742532,52.328519400880246,39.25041309613771,True
original-200,48,20260957,laplace,joint-map,completed,28.695462065579367,20.0,0.1412216202123249,True,conditional-laplace,True,23.59979900478939,33.791125126369344,10.191326121579957,False
original-200,48,20260957,studentized,joint-map,completed,28.695462065579367,20.0,0.1412216202123249,True,conditional-studentized-curvature,True,20.88326919922696,39.989732469529656,19.106463270302694,False
original-200,49,20260958,laplace,joint-map,completed,24.74792374369237,20.0,0.3257320314350357,True,conditional-laplace,True,16.300805048315564,33.195042439069184,16.89423739075362,True
original-200,49,20260958,studentized,joint-map,completed,24.74792374369237,20.0,0.3257320314350357,True,conditional-studentized-curvature,True,14.631513670420372,47.30508993456699,32.67357626414662,True
original-200,50,20260959,laplace,joint-map,completed,17.10760463986857,20.0,0.4855994313091582,True,conditional-laplace,True,11.120487458518229,23.094721821218908,11.97423436270068,True
original-200,50,20260959,studentized,joint-map,completed,17.10760463986857,20.0,0.4855994313091582,True,conditional-studentized-curvature,True,11.367999787861308,39.03864181348796,27.670642025626652,True
original-200,51,20260960,laplace,marginal,completed,22.83262862905229,20.0,0.2487982333657375,True,conditional-laplace,True,17.070946447168744,28.59431081093584,11.523364363767095,True
original-200,51,20260960,studentized,marginal,completed,22.83262862905229,20.0,0.2487982333657375,True,conditional-studentized-curvature,True,14.730992588826624,39.93707000576882,25.2060774169422,True
original-200,52,20260961,laplace,joint-map,completed,17.70118377136728,20.0,0.2365054466922872,True,conditional-laplace,True,14.379771066262116,21.022596476472444,6.642825410210328,True
original-200,52,20260961,studentized,joint-map,completed,17.70118377136728,20.0,0.2365054466922872,True,conditional-studentized-curvature,True,13.34883934270817,26.62482299707696,13.275983654368792,True
original-200,53,20260962,laplace,joint-map,completed,21.717875706951645,20.0,0.1168472366575612,True,conditional-laplace,True,18.859348140831955,24.57640327307134,5.717055132239384,True
original-200,53,20260962,studentized,joint-map,completed,21.717875706951645,20.0,0.1168472366575612,True,conditional-studentized-curvature,True,17.31543554475571,28.18696082018364,10.871525275427924,True
original-200,54,20260963,laplace,joint-map,completed,21.974971744935235,20.0,0.2333484163826108,True,conditional-laplace,True,16.949861399203055,27.00008209066741,10.050220691464355,True
original-200,54,20260963,studentized,joint-map,completed,21.974971744935235,20.0,0.2333484163826108,True,conditional-studentized-curvature,True,15.248688105029377,34.79887080187969,19.550182696850317,True
original-200,55,20260964,laplace,joint-map,completed,29.51520848588753,20.0,0.0871469891515913,True,conditional-laplace,True,25.586380453254773,33.444036518520285,7.857656065265512,False
original-200,55,20260964,studentized,joint-map,completed,29.51520848588753,20.0,0.0871469891515913,True,conditional-studentized-curvature,True,23.14171141100217,37.85931225167862,14.717600840676448,False
original-200,56,20260965,laplace,marginal,completed,15.95367969966432,20.0,0.2893851924808447,True,conditional-laplace,True,12.84276917118866,19.06459022813998,6.22182105695132,False
original-200,56,20260965,studentized,marginal,completed,15.95367969966432,20.0,0.2893851924808447,True,conditional-studentized-curvature,True,11.93065598820006,26.76401111826509,14.833355130065032,True
original-200,57,20260966,laplace,joint-map,completed,22.68147767709135,20.0,0.1927153318857722,True,conditional-laplace,True,18.17294281512144,27.190012539061268,9.01706972393983,True
original-200,57,20260966,studentized,joint-map,completed,22.68147767709135,20.0,0.1927153318857722,True,conditional-studentized-curvature,True,16.317577567365685,33.64462381172019,17.327046244354502,True
original-200,58,20260967,laplace,joint-map,completed,18.15371770937763,20.0,0.3049770077707678,True,conditional-laplace,True,13.731980258081936,22.57545516067333,8.843474902591392,True
original-200,58,20260967,studentized,joint-map,completed,18.15371770937763,20.0,0.3049770077707678,True,conditional-studentized-curvature,True,12.838673217253106,31.020457752738785,18.18178453548568,True
original-200,59,20260968,laplace,joint-map,completed,22.00595509211936,20.0,0.3754383755362839,True,conditional-laplace,True,14.138892334975184,29.87301784926353,15.734125514288342,True
original-200,59,20260968,studentized,joint-map,completed,22.00595509211936,20.0,0.3754383755362839,True,conditional-studentized-curvature,True,13.23581425635194,44.96661926471248,31.730805008360537,True
original-200,60,20260969,laplace,joint-map,completed,21.58479896293972,20.0,0.2420135358653966,True,conditional-laplace,True,16.54766924690136,26.621928678978072,10.074259432076712,True
original-200,60,20260969,studentized,joint-map,completed,21.58479896293972,20.0,0.2420135358653966,True,conditional-studentized-curvature,True,14.930694002326677,34.61992542802976,19.689231425703085,True
original-200,61,20260970,laplace,marginal,completed,17.59763707483167,20.0,0.073031796511773,True,conditional-laplace,True,16.080794982759876,19.11447916690346,3.033684184143585,False
original-200,61,20260970,studentized,marginal,completed,17.59763707483167,20.0,0.073031796511773,True,conditional-studentized-curvature,True,14.963979677501236,21.440601060868318,6.4766213833670765,True
original-200,62,20260971,laplace,joint-map,completed,21.534219832561327,20.0,0.3458451129615624,True,conditional-laplace,True,14.535366191793674,28.53307347332898,13.997707281535304,True
original-200,62,20260971,studentized,joint-map,completed,21.534219832561327,20.0,0.3458451129615624,True,conditional-studentized-curvature,True,13.450283934708878,41.635534601165816,28.185250666456938,True
original-200,63,20260972,laplace,joint-map,completed,19.01155046330228,20.0,0.3963017762027025,True,conditional-laplace,True,12.736580405593898,25.28652052101066,12.549940115416764,True
original-200,63,20260972,studentized,joint-map,completed,19.01155046330228,20.0,0.3963017762027025,True,conditional-studentized-curvature,True,12.287464747083789,38.97248782114705,26.68502307406326,True
original-200,64,20260973,laplace,joint-map,completed,17.793679192062964,20.0,0.339917432084474,True,conditional-laplace,True,13.104355252060312,22.483003132065612,9.378647880005303,True
original-200,64,20260973,studentized,joint-map,completed,17.793679192062964,20.0,0.339917432084474,True,conditional-studentized-curvature,True,12.414843167548128,32.1266433687748,19.711800201226676,True
original-200,65,20260974,laplace,joint-map,completed,18.85757889540026,20.0,0.4342191440739766,True,conditional-laplace,True,12.185608922602,25.52954886819852,13.34393994559652,True
original-200,65,20260974,studentized,joint-map,completed,18.85757889540026,20.0,0.4342191440739766,True,conditional-studentized-curvature,True,12.005501067359074,40.89980197417764,28.89430090681856,True
original-200,66,20260975,laplace,joint-map,completed,24.07163231243064,20.0,0.128027361095514,True,conditional-laplace,True,20.42207166570881,27.721192959152475,7.299121293443669,False
original-200,66,20260975,studentized,joint-map,completed,24.07163231243064,20.0,0.128027361095514,True,conditional-studentized-curvature,True,18.48858985599124,32.32115351990943,13.832563663918194,True
original-200,67,20260976,laplace,marginal,completed,15.4230022367636,20.0,0.3099644872785994,True,conditional-laplace,True,12.377352163735315,18.468652309791885,6.091300146056568,False
original-200,67,20260976,studentized,marginal,completed,15.4230022367636,20.0,0.3099644872785994,True,conditional-studentized-curvature,True,11.619120378393156,26.49558257173861,14.876462193345452,True
original-200,68,20260977,laplace,joint-map,completed,17.932794311494632,20.0,0.3524651188748965,True,conditional-laplace,True,13.023270121744568,22.842318501244694,9.819048379500131,True
original-200,68,20260977,studentized,joint-map,completed,17.932794311494632,20.0,0.3524651188748965,True,conditional-studentized-curvature,True,12.37269932715823,33.089087668605075,20.716388341446844,True
original-200,69,20260978,laplace,joint-map,completed,20.29289033458376,20.0,0.2200692134051596,True,conditional-laplace,True,16.13923097818408,24.44654969098344,8.307318712799358,True
original-200,69,20260978,studentized,joint-map,completed,20.29289033458376,20.0,0.2200692134051596,True,conditional-studentized-curvature,True,14.688365168664625,30.95174169044471,16.263376521780085,True
original-200,70,20260979,laplace,joint-map,completed,21.64913850022181,20.0,0.3502283970324407,True,conditional-laplace,True,14.483269402605616,28.815007597838004,14.331738195232388,True
original-200,70,20260979,studentized,joint-map,completed,21.64913850022181,20.0,0.3502283970324407,True,conditional-studentized-curvature,True,13.42212516899134,42.28018555782164,28.858060388830296,True
original-200,71,20260980,laplace,joint-map,completed,18.239334138643024,20.0,0.470103249283948,True,conditional-laplace,True,11.522317224582288,24.95635105270376,13.434033828121471,True
original-200,71,20260980,studentized,joint-map,completed,18.239334138643024,20.0,0.470103249283948,True,conditional-studentized-curvature,True,11.655055654667937,41.63732142648496,29.982265771817023,True
original-200,72,20260981,laplace,joint-map,completed,19.7068798886614,20.0,0.1175811030278734,True,conditional-laplace,True,17.280561006269174,22.133198771053625,4.8526377647844505,True
original-200,72,20260981,studentized,joint-map,completed,19.7068798886614,20.0,0.1175811030278734,True,conditional-studentized-curvature,True,16.00503854721479,25.275723737488683,9.270685190273891,True
original-200,73,20260982,laplace,joint-map,completed,22.76124988854248,20.0,0.12478040897391,True,conditional-laplace,True,19.50120244392212,26.021297333162835,6.520094889240717,True
original-200,73,20260982,studentized,joint-map,completed,22.76124988854248,20.0,0.12478040897391,True,conditional-studentized-curvature,True,17.77462491171224,30.1620198980547,12.38739498634246,True
original-200,74,20260983,laplace,joint-map,completed,25.685086105520885,20.0,0.3001595573304876,True,conditional-laplace,True,17.391737392466077,33.97843481857569,16.586697426109616,True
original-200,74,20260983,studentized,joint-map,completed,25.685086105520885,20.0,0.3001595573304876,True,conditional-studentized-curvature,True,15.376453703802206,47.0949252162667,31.718471512464497,True
original-200,75,20260984,laplace,joint-map,completed,22.044968182963288,20.0,0.2279490971437573,True,conditional-laplace,True,17.05040397580277,27.039532390123803,9.989128414321032,True
original-200,75,20260984,studentized,joint-map,completed,22.044968182963288,20.0,0.2279490971437573,True,conditional-studentized-curvature,True,15.331735241982702,34.7409279998514,19.4091927578687,True
original-200,76,20260985,laplace,joint-map,completed,18.21501933122867,20.0,0.1744945489185906,True,conditional-laplace,True,15.471333131966787,20.958705530490555,5.487372398523766,True
original-200,76,20260985,studentized,joint-map,completed,18.21501933122867,20.0,0.1744945489185906,True,conditional-studentized-curvature,True,14.32058641797411,25.005004830158096,10.684418412183987,True
original-200,77,20260986,laplace,joint-map,completed,30.6958292749109,20.0,0.4225717920332569,True,conditional-laplace,True,15.597155294484113,45.79450325533769,30.197347960853577,True
original-200,77,20260986,studentized,joint-map,completed,30.6958292749109,20.0,0.4225717920332569,True,conditional-studentized-curvature,True,14.330169693945212,67.44190815737052,53.11173846342531,True
original-200,78,20260987,laplace,joint-map,completed,20.52506839479452,20.0,0.2655744660910167,True,conditional-laplace,True,15.513490478454717,25.536646311134312,10.023155832679596,True
original-200,78,20260987,studentized,joint-map,completed,20.52506839479452,20.0,0.2655744660910167,True,conditional-studentized-curvature,True,14.137459350760924,34.01589811975781,19.878438768996883,True
original-200,79,20260988,laplace,joint-map,completed,20.311522096141356,20.0,0.3509708121273281,True,conditional-laplace,True,13.978821135755757,26.644223056526958,12.665401920771195,True
original-200,79,20260988,studentized,joint-map,completed,20.311522096141356,20.0,0.3509708121273281,True,conditional-studentized-curvature,True,13.064391393876257,38.98369990969043,25.919308515814173,True
original-200,80,20260989,laplace,joint-map,completed,19.47106950139425,20.0,0.2357108074806757,True,conditional-laplace,True,15.427992729808189,23.51414627298031,8.08615354317212,True
original-200,80,20260989,studentized,joint-map,completed,19.47106950139425,20.0,0.2357108074806757,True,conditional-studentized-curvature,True,14.128703768111343,30.10753514361788,15.978831375506536,True
original-200,81,20260990,laplace,joint-map,completed,18.076231068753888,20.0,0.1989233589818559,True,conditional-laplace,True,15.083666666600042,21.06879547090773,5.985128804307692,True
original-200,81,20260990,studentized,joint-map,completed,18.076231068753888,20.0,0.1989233589818559,True,conditional-studentized-curvature,True,13.954266521978235,25.710453883856022,11.756187361877789,True
original-200,82,20260991,laplace,joint-map,completed,19.211922064677037,20.0,0.3702964971524777,True,conditional-laplace,True,13.256654543982028,25.167189585372043,11.910535041390016,True
original-200,82,20260991,studentized,joint-map,completed,19.211922064677037,20.0,0.3702964971524777,True,conditional-studentized-curvature,True,12.583282286507384,37.49894078736028,24.91565850085289,True
original-200,83,20260992,laplace,joint-map,completed,20.88285554157749,20.0,0.2819023682664043,True,conditional-laplace,True,15.44211203420009,26.323599048954897,10.881487014754809,True
original-200,83,20260992,studentized,joint-map,completed,20.88285554157749,20.0,0.2819023682664043,True,conditional-studentized-curvature,True,14.069506624483424,35.6927251981201,21.62321857363668,True
original-200,84,20260993,laplace,joint-map,completed,19.763291792078437,20.0,0.1334585330063496,True,conditional-laplace,True,17.097373501780666,22.4292100823762,5.331836580595535,True
original-200,84,20260993,studentized,joint-map,completed,19.763291792078437,20.0,0.1334585330063496,True,conditional-studentized-curvature,True,15.771489586663352,25.991800846445265,10.220311259781912,True
original-200,85,20260994,laplace,joint-map,completed,21.64913329761466,20.0,0.1974332701097693,True,conditional-laplace,True,17.420356328317084,25.87791026691224,8.457553938595154,True
original-200,85,20260994,studentized,joint-map,completed,21.64913329761466,20.0,0.1974332701097693,True,conditional-studentized-curvature,True,15.73286208274678,32.0717510480745,16.338888965327723,True
original-200,86,20260995,laplace,joint-map,completed,18.51814395881718,20.0,0.35425545567465,True,conditional-laplace,True,13.208667038918597,23.827620878715763,10.618953839797168,True
original-200,86,20260995,studentized,joint-map,completed,18.51814395881718,20.0,0.35425545567465,True,conditional-studentized-curvature,True,12.515434424780247,34.7868667199882,22.27143229520795,True
original-200,87,20260996,laplace,marginal,completed,16.362801843474543,20.0,0.0001234098040866,True,unavailable-active-bound-use-profile-or-bootstrap,False,,,,False
original-200,87,20260996,studentized,marginal,completed,16.362801843474543,20.0,0.0001234098040866,True,unavailable-active-bound-use-profile-or-bootstrap,False,,,,False
original-200,88,20260997,laplace,joint-map,completed,18.445237842579992,20.0,0.1833158747394725,True,conditional-laplace,True,15.48819174523212,21.40228393992787,5.914092194695749,True
original-200,88,20260997,studentized,joint-map,completed,18.445237842579992,20.0,0.1833158747394725,True,conditional-studentized-curvature,True,14.30038303013108,25.846354492231573,11.545971462100493,True
original-200,89,20260998,laplace,joint-map,completed,17.400341795408735,20.0,0.2336294946800458,True,conditional-laplace,True,14.247912027395536,20.55277156342193,6.304859536026395,True
original-200,89,20260998,studentized,joint-map,completed,17.400341795408735,20.0,0.2336294946800458,True,conditional-studentized-curvature,True,13.255184172778367,25.858929649038327,12.60374547625996,True
original-200,90,20260999,laplace,marginal,completed,16.515197122683748,20.0,0.2625696369145663,True,conditional-laplace,True,13.390342588755573,19.640051656611927,6.249709067856356,False
original-200,90,20260999,studentized,marginal,completed,16.515197122683748,20.0,0.2625696369145663,True,conditional-studentized-curvature,True,12.314887791181526,26.870526382984984,14.555638591803458,True
original-200,91,20261000,laplace,joint-map,completed,18.09091588158089,20.0,0.2295858798281291,True,conditional-laplace,True,14.704434301796391,21.477397461365392,6.772963159568999,True
original-200,91,20261000,studentized,joint-map,completed,18.09091588158089,20.0,0.2295858798281291,True,conditional-studentized-curvature,True,13.60316273674055,27.064200564763013,13.461037828022462,True
original-200,92,20261001,laplace,joint-map,completed,20.595852614501823,20.0,0.2244545471325799,True,conditional-laplace,True,16.268535468743877,24.923169760259768,8.65463429151589,True
original-200,92,20261001,studentized,joint-map,completed,20.595852614501823,20.0,0.2244545471325799,True,conditional-studentized-curvature,True,14.774653066226278,31.706574685722558,16.931921619496276,True
original-200,93,20261002,laplace,joint-map,completed,22.55644706330673,20.0,0.25358303530846,True,conditional-laplace,True,16.86391888758137,28.2489752390321,11.385056351450729,True
original-200,93,20261002,studentized,joint-map,completed,22.55644706330673,20.0,0.25358303530846,True,conditional-studentized-curvature,True,15.124582013883426,37.2996222254814,22.17504021159797,True
original-200,94,20261003,laplace,joint-map,completed,21.279269344524995,20.0,0.2375191293089194,True,conditional-laplace,True,16.41404538319737,26.14449330585262,9.730447922655252,True
original-200,94,20261003,studentized,joint-map,completed,21.279269344524995,20.0,0.2375191293089194,True,conditional-studentized-curvature,True,14.840316475325023,33.88171709921606,19.04140062389104,True
original-200,95,20261004,laplace,joint-map,completed,19.2341393707743,20.0,0.3230879563968685,True,conditional-laplace,True,13.957678855744756,24.510599885803845,10.552921030059087,True
original-200,95,20261004,studentized,joint-map,completed,19.2341393707743,20.0,0.3230879563968685,True,conditional-studentized-curvature,True,13.013999633235038,34.6529689125088,21.63896927927376,True
original-200,96,20261005,laplace,marginal,completed,21.82859760663591,20.0,0.0001234098040866,True,unavailable-active-bound-use-profile-or-bootstrap,False,,,,False
original-200,96,20261005,studentized,marginal,completed,21.82859760663591,20.0,0.0001234098040866,True,unavailable-active-bound-use-profile-or-bootstrap,False,,,,False
original-200,97,20261006,laplace,joint-map,completed,16.226473151759734,20.0,0.1955023807432963,True,conditional-laplace,True,13.90359382115462,18.54935248236485,4.645758661210225,False
original-200,97,20261006,studentized,joint-map,completed,16.226473151759734,20.0,0.1955023807432963,True,conditional-studentized-curvature,True,13.048321799309166,22.25126974836881,9.202947949059643,True
original-200,98,20261007,laplace,joint-map,completed,17.538722194394825,20.0,0.1324124096982998,True,conditional-laplace,True,15.419824449342215,19.657619939447432,4.237795490105215,False
original-200,98,20261007,studentized,joint-map,completed,17.538722194394825,20.0,0.1324124096982998,True,conditional-studentized-curvature,True,14.402707330702713,22.580201749694695,8.177494418991987,True
original-200,99,20261008,laplace,marginal,completed,16.480205275193686,20.0,0.2638931411846207,True,conditional-laplace,True,13.370030088691404,19.59038046169597,6.220350373004564,False
original-200,99,20261008,studentized,marginal,completed,16.480205275193686,20.0,0.2638931411846207,True,conditional-studentized-curvature,True,12.30120687383966,26.794917627700315,14.493710753860656,True
original-200,100,20261009,laplace,joint-map,completed,24.370077268771656,20.0,0.3629438046907714,True,conditional-laplace,True,15.298155386979143,33.441999150564165,18.14384376358502,True
original-200,100,20261009,studentized,joint-map,completed,24.370077268771656,20.0,0.3629438046907714,True,conditional-studentized-curvature,True,13.995422619625566,49.35634592511309,35.360923305487525,True
original-200,101,20261010,laplace,joint-map,completed,24.58438186235324,20.0,0.1938083385651068,True,conditional-laplace,True,19.36052063941993,29.808243085286534,10.447722445866605,True
original-200,101,20261010,studentized,joint-map,completed,24.58438186235324,20.0,0.1938083385651068,True,conditional-studentized-curvature,True,17.18577746989621,37.10723920866679,19.92146173877058,True
original-200,102,20261011,laplace,marginal,completed,24.099516845082256,20.0,0.1438733712988871,True,conditional-laplace,True,20.120850909578017,28.07818278058649,7.957331871008478,False
original-200,102,20261011,studentized,marginal,completed,24.099516845082256,20.0,0.1438733712988871,True,conditional-studentized-curvature,True,17.591307531925917,34.52673822486477,16.935430692938855,True
original-200,103,20261012,laplace,joint-map,completed,22.03486729295677,20.0,0.1377518473350188,True,conditional-laplace,True,18.743782960839603,25.32595162507394,6.582168664234338,True
original-200,103,20261012,studentized,joint-map,completed,22.03486729295677,20.0,0.1377518473350188,True,conditional-studentized-curvature,True,17.081855383518977,29.63182153771826,12.549966154199282,True
original-200,104,20261013,laplace,marginal,completed,22.13453135369172,20.0,0.0001234098040866,True,unavailable-active-bound-use-profile-or-bootstrap,False,,,,False
original-200,104,20261013,studentized,marginal,completed,22.13453135369172,20.0,0.0001234098040866,True,unavailable-active-bound-use-profile-or-bootstrap,False,,,,False
original-200,105,20261014,laplace,joint-map,completed,21.359419260723698,20.0,0.4010173061155102,True,conditional-laplace,True,13.429037689565392,29.289800831882005,15.860763142316612,True
original-200,105,20261014,studentized,joint-map,completed,21.359419260723698,20.0,0.4010173061155102,True,conditional-studentized-curvature,True,12.815585345712282,45.32478334079804,32.50919799508576,True
original-200,106,20261015,laplace,joint-map,completed,20.08206849350409,20.0,0.2478808407062518,True,conditional-laplace,True,15.55317693322538,24.6109600537828,9.05778312055742,True
original-200,106,20261015,studentized,joint-map,completed,20.08206849350409,20.0,0.2478808407062518,True,conditional-studentized-curvature,True,14.19289530103688,32.11142533699533,17.91853003595845,True
original-200,107,20261016,laplace,joint-map,completed,21.57254897619434,20.0,0.1484115211394258,True,conditional-laplace,True,18.165076963151144,24.98002098923753,6.814944026086387,True
original-200,107,20261016,studentized,joint-map,completed,21.57254897619434,20.0,0.1484115211394258,True,conditional-studentized-curvature,True,16.53619568583711,29.579235149231028,13.043039463393916,True
original-200,108,20261017,laplace,joint-map,completed,23.994054334910857,20.0,0.2981559877141425,True,conditional-laplace,True,16.630430066391398,31.35767860343031,14.72724853703891,True
original-200,108,20261017,studentized,joint-map,completed,23.994054334910857,20.0,0.2981559877141425,True,conditional-studentized-curvature,True,14.87315443241032,43.47346683910186,28.60031240669154,True
original-200,109,20261018,laplace,joint-map,completed,19.877746476347696,20.0,0.3250121438004425,True,conditional-laplace,True,14.24526779470237,25.510225157993027,11.264957363290655,True
original-200,109,20261018,studentized,joint-map,completed,19.877746476347696,20.0,0.3250121438004425,True,conditional-studentized-curvature,True,13.219402260543156,36.15623890342414,22.936836642880984,True
original-200,110,20261019,laplace,joint-map,completed,18.697227294495818,20.0,0.1964710332328141,True,conditional-laplace,True,15.495790298024597,21.89866429096704,6.402873992942441,True
original-200,110,20261019,studentized,joint-map,completed,18.697227294495818,20.0,0.1964710332328141,True,conditional-studentized-curvature,True,14.271750221180053,26.808522746690883,12.53677252551083,True
original-200,111,20261020,laplace,joint-map,completed,17.076919368985447,20.0,0.4403332499361284,True,conditional-laplace,True,11.64498174500212,22.50885699296877,10.86387524796665,True
original-200,111,20261020,studentized,joint-map,completed,17.076919368985447,20.0,0.4403332499361284,True,conditional-studentized-curvature,True,11.582601113506794,36.03025941373039,24.4476583002236,True
original-200,112,20261021,laplace,joint-map,completed,16.46826468882061,20.0,0.0823440997010264,True,conditional-laplace,True,15.021508358991827,17.915021018649394,2.893512659657567,False
original-200,112,20261021,studentized,joint-map,completed,16.46826468882061,20.0,0.0823440997010264,True,conditional-studentized-curvature,True,14.227228981397568,19.76215067293299,5.534921691535422,False
original-200,113,20261022,laplace,joint-map,completed,19.874242921435425,20.0,0.1825586291971577,True,conditional-laplace,True,16.46814027625978,23.280345566611068,6.812205290351287,True
original-200,113,20261022,studentized,joint-map,completed,19.874242921435425,20.0,0.1825586291971577,True,conditional-studentized-curvature,True,15.062194211881671,28.276298805323595,13.214104593441924,True
original-200,114,20261023,laplace,joint-map,completed,26.96293038224237,20.0,0.2658746299091436,True,conditional-laplace,True,18.98026092950193,34.9455998349828,15.965338905480866,True
original-200,114,20261023,studentized,joint-map,completed,26.96293038224237,20.0,0.2658746299091436,True,conditional-studentized-curvature,True,16.535423429907944,46.7102441695714,30.174820739663453,True
original-200,115,20261024,laplace,joint-map,completed,18.873071429586616,20.0,0.1433745505882172,True,conditional-laplace,True,16.337391746097143,21.408751113076093,5.07135936697895,True
original-200,115,20261024,studentized,joint-map,completed,18.873071429586616,20.0,0.1433745505882172,True,conditional-studentized-curvature,True,15.123323811739096,24.88592335408759,9.762599542348497,True
original-200,116,20261025,laplace,marginal,completed,18.146016024718904,20.0,0.161542869295668,True,conditional-laplace,True,15.592013069899984,20.70001897953782,5.108005909637836,True
original-200,116,20261025,studentized,marginal,completed,18.146016024718904,20.0,0.161542869295668,True,conditional-studentized-curvature,True,14.14784273304356,25.310792130937926,11.162949397894366,True
original-200,117,20261026,laplace,marginal,completed,18.51622873888177,20.0,0.0441360569147344,True,conditional-laplace,True,17.074284274948102,19.95817320281545,2.8838889278673463,False
original-200,117,20261026,studentized,marginal,completed,18.51622873888177,20.0,0.0441360569147344,True,conditional-studentized-curvature,True,15.936504904261056,22.056203282351674,6.11969837809062,True
original-200,118,20261027,laplace,joint-map,completed,17.347509145569894,20.0,0.1668337111493041,True,conditional-laplace,True,14.92292490419133,19.772093386948452,4.8491684827571255,False
original-200,118,20261027,studentized,joint-map,completed,17.347509145569894,20.0,0.1668337111493041,True,conditional-studentized-curvature,True,13.902052581921996,23.36306775772257,9.461015175800576,True
original-200,119,20261028,laplace,joint-map,completed,19.412722591410372,20.0,0.2101386759611279,True,conditional-laplace,True,15.759983206949313,23.06546197587144,7.305478768922123,True
original-200,119,20261028,studentized,joint-map,completed,19.412722591410372,20.0,0.2101386759611279,True,conditional-studentized-curvature,True,14.434570902816578,28.75437111297215,14.319800210155574,True
original-200,120,20261029,laplace,joint-map,completed,21.66681916496617,20.0,0.404753801751568,True,conditional-laplace,True,13.472715845364096,29.86092248456824,16.388206639204146,True
original-200,120,20261029,studentized,joint-map,completed,21.66681916496617,20.0,0.404753801751568,True,conditional-studentized-curvature,True,12.858642772938278,46.30725664213241,33.44861386919413,True
original-200,121,20261030,laplace,joint-map,completed,25.599824522246536,20.0,0.2720370596421712,True,conditional-laplace,True,18.09751938144926,33.10212966304381,15.004610281594552,True
original-200,121,20261030,studentized,joint-map,completed,25.599824522246536,20.0,0.2720370596421712,True,conditional-studentized-curvature,True,15.922665651471137,44.58464607045724,28.661980418986104,True
original-200,122,20261031,laplace,joint-map,completed,20.54464350114392,20.0,0.1348148415590475,True,conditional-laplace,True,17.705864523840503,23.38342247844734,5.677557954606836,True
original-200,122,20261031,studentized,joint-map,completed,20.54464350114392,20.0,0.1348148415590475,True,conditional-studentized-curvature,True,16.272917226429886,27.130167702463023,10.857250476033135,True
original-200,123,20261032,laplace,joint-map,completed,18.590396718724357,20.0,0.1607491420265617,True,conditional-laplace,True,15.882133162458643,21.298660274990063,5.416527112531417,True
original-200,123,20261032,studentized,joint-map,completed,18.590396718724357,20.0,0.1607491420265617,True,conditional-studentized-curvature,True,14.683508531869268,25.176593820211043,10.493085288341774,True
original-200,124,20261033,laplace,marginal,completed,25.35575709591616,20.0,0.0001234098040866,True,unavailable-active-bound-use-profile-or-bootstrap,False,,,,False
original-200,124,20261033,studentized,marginal,completed,25.35575709591616,20.0,0.0001234098040866,True,unavailable-active-bound-use-profile-or-bootstrap,False,,,,False
original-200,125,20261034,laplace,joint-map,completed,18.66160251395611,20.0,0.1395373124193916,True,conditional-laplace,True,16.170301847889213,21.152903180023014,4.9826013321338,True
original-200,125,20261034,studentized,joint-map,completed,18.66160251395611,20.0,0.1395373124193916,True,conditional-studentized-curvature,True,14.98487911828597,24.584947192515934,9.600068074229965,True
original-200,126,20261035,laplace,marginal,completed,16.955978578558696,20.0,0.1405732735338661,True,conditional-laplace,True,14.909328044758578,19.00262911235881,4.093301067600237,False
original-200,126,20261035,studentized,marginal,completed,16.955978578558696,20.0,0.1405732735338661,True,conditional-studentized-curvature,True,13.704600316773124,22.64288725655053,8.938286939777406,True
original-200,127,20261036,laplace,joint-map,completed,18.86755208932298,20.0,0.5072476799766414,True,conditional-laplace,True,11.092445603215012,26.64265857543095,15.550212972215938,True
original-200,127,20261036,studentized,joint-map,completed,18.86755208932298,20.0,0.5072476799766414,True,conditional-studentized-curvature,True,11.56052199195736,46.33303365325723,34.77251166129987,True
original-200,128,20261037,laplace,joint-map,completed,18.77190779457543,20.0,0.319230361626131,True,conditional-laplace,True,13.820897174193238,23.722918414957626,9.902021240764387,True
original-200,128,20261037,studentized,joint-map,completed,18.77190779457543,20.0,0.319230361626131,True,conditional-studentized-curvature,True,12.911597394755884,33.275139269881684,20.3635418751258,True
original-200,129,20261038,laplace,joint-map,completed,16.596807659098438,20.0,0.1104725476037211,True,conditional-laplace,True,14.984677357146923,18.208937961049955,3.224260603903032,False
original-200,129,20261038,studentized,joint-map,completed,16.596807659098438,20.0,0.1104725476037211,True,conditional-studentized-curvature,True,14.141925114188655,20.331593910760294,6.189668796571638,True
original-200,130,20261039,laplace,joint-map,completed,24.244436066300977,20.0,0.2571245478942499,True,conditional-laplace,True,17.736243693186736,30.75262843941522,13.016384746228482,True
original-200,130,20261039,studentized,joint-map,completed,24.244436066300977,20.0,0.2571245478942499,True,conditional-studentized-curvature,True,15.727058262256875,40.79948652467447,25.0724282624176,True
original-200,131,20261040,laplace,joint-map,completed,21.03502444559785,20.0,0.3297557727493152,True,conditional-laplace,True,14.625381704888358,27.444667186307345,12.819285481418987,True
original-200,131,20261040,studentized,joint-map,completed,21.03502444559785,20.0,0.3297557727493152,True,conditional-studentized-curvature,True,13.494034717132193,39.3326570213132,25.838622304181,True
original-200,132,20261041,laplace,joint-map,completed,19.13655153186476,20.0,0.3621107476792102,True,conditional-laplace,True,13.346671895799462,24.92643116793005,11.579759272130593,True
original-200,132,20261041,studentized,joint-map,completed,19.13655153186476,20.0,0.3621107476792102,True,conditional-studentized-curvature,True,12.6307618932783,36.79650701913825,24.16574512585995,True
original-200,133,20261042,laplace,joint-map,completed,25.294620436382715,20.0,0.0918189654235148,True,conditional-laplace,True,22.03472330505582,28.55451756770961,6.519794262653786,False
original-200,133,20261042,studentized,joint-map,completed,25.294620436382715,20.0,0.0918189654235148,True,conditional-studentized-curvature,True,20.106761868214228,32.39885028216133,12.2920884139471,False
original-200,134,20261043,laplace,joint-map,completed,22.80588009303344,20.0,0.339917336295562,True,conditional-laplace,True,15.1617007077453,30.45005947832157,15.288358770576275,True
original-200,134,20261043,studentized,joint-map,completed,22.80588009303344,20.0,0.339917336295562,True,conditional-studentized-curvature,True,13.874928502178188,44.157260854282114,30.28233235210393,True
original-200,135,20261044,laplace,joint-map,completed,22.971282431643072,20.0,0.4684895605516599,True,conditional-laplace,True,12.481549371303116,33.46101549198303,20.97946612067991,True
original-200,135,20261044,studentized,joint-map,completed,22.971282431643072,20.0,0.4684895605516599,True,conditional-studentized-curvature,True,12.505733632373516,54.77749549463738,42.271761862263865,True
original-200,136,20261045,laplace,joint-map,completed,18.644584304406894,20.0,0.3312010424355046,True,conditional-laplace,True,13.602864791320124,23.686303817493677,10.08343902617355,True
original-200,136,20261045,studentized,joint-map,completed,18.644584304406894,20.0,0.3312010424355046,True,conditional-studentized-curvature,True,12.764956427122552,33.63907236039471,20.874115933272154,True
original-200,137,20261046,laplace,joint-map,completed,19.81474030531917,20.0,0.1627777805937499,True,conditional-laplace,True,16.71543935669868,22.91404125393965,6.198601897240973,True
original-200,137,20261046,studentized,joint-map,completed,19.81474030531917,20.0,0.1627777805937499,True,conditional-studentized-curvature,True,15.332130190465334,27.295969849735613,11.96383965927028,True
original-200,138,20261047,laplace,marginal,completed,22.56157944782094,20.0,0.0001234098040866,True,unavailable-active-bound-use-profile-or-bootstrap,False,,,,False
original-200,138,20261047,studentized,marginal,completed,22.56157944782094,20.0,0.0001234098040866,True,unavailable-active-bound-use-profile-or-bootstrap,False,,,,False
original-200,139,20261048,laplace,joint-map,completed,23.204674457296992,20.0,0.1896170669943656,True,conditional-laplace,True,18.480156655572934,27.92919225902105,9.449035603448117,True
original-200,139,20261048,studentized,joint-map,completed,23.204674457296992,20.0,0.1896170669943656,True,conditional-studentized-curvature,True,16.538067163861943,34.660451163687284,18.12238399982534,True
original-200,140,20261049,laplace,joint-map,completed,23.741055832142848,20.0,0.1610214938675718,True,conditional-laplace,True,19.494338169145983,27.987773495139717,8.49343532599373,True
original-200,140,20261049,studentized,joint-map,completed,23.741055832142848,20.0,0.1610214938675718,True,conditional-studentized-curvature,True,17.50198319365096,33.67955295405278,16.17756976040182,True
original-200,141,20261050,laplace,joint-map,completed,21.70461473896893,20.0,0.3192650957315525,True,conditional-laplace,True,15.10359468106848,28.305634796869388,13.202040115800909,True
original-200,141,20261050,studentized,joint-map,completed,21.70461473896893,20.0,0.3192650957315525,True,conditional-studentized-curvature,True,13.820792861788815,40.16236248182344,26.34156962003462,True
original-200,142,20261051,laplace,joint-map,completed,22.76708179407949,20.0,0.4751241671891833,True,conditional-laplace,True,12.283961268815217,33.25020231934377,20.96624105052856,True
original-200,142,20261051,studentized,joint-map,completed,22.76708179407949,20.0,0.4751241671891833,True,conditional-studentized-curvature,True,12.40786391967764,54.865898614313615,42.45803469463597,True
original-200,143,20261052,laplace,joint-map,completed,22.5828912289274,20.0,0.1108758838515471,True,conditional-laplace,True,19.59233447717288,25.573447980681927,5.98111350350905,True
original-200,143,20261052,studentized,joint-map,completed,22.5828912289274,20.0,0.1108758838515471,True,conditional-studentized-curvature,True,17.94457769091682,29.292515026232707,11.347937335315889,True
original-200,144,20261053,laplace,joint-map,completed,19.56626484702126,20.0,0.2114590667728513,True,conditional-laplace,True,15.841790914831556,23.29073877921096,7.448947864379406,True
original-200,144,20261053,studentized,joint-map,completed,19.56626484702126,20.0,0.2114590667728513,True,conditional-studentized-curvature,True,14.49342302497298,29.08764850251557,14.59422547754259,True
original-200,145,20261054,laplace,joint-map,completed,20.618618706736093,20.0,0.1798911166390588,True,conditional-laplace,True,17.01390794431873,24.22332946915345,7.20942152483472,True
original-200,145,20261054,studentized,joint-map,completed,20.618618706736093,20.0,0.1798911166390588,True,conditional-studentized-curvature,True,15.493437489435651,29.426222640180782,13.932785150745136,True
original-200,146,20261055,laplace,joint-map,completed,20.736649452272125,20.0,0.2478252204437326,True,conditional-laplace,True,15.949409185656428,25.52388971888782,9.574480533231393,True
original-200,146,20261055,studentized,joint-map,completed,20.736649452272125,20.0,0.2478252204437326,True,conditional-studentized-curvature,True,14.483364332313045,33.33218815841682,18.84882382610377,True
original-200,147,20261056,laplace,marginal,completed,16.92044783615551,20.0,0.1807910376401284,True,conditional-laplace,True,14.526403374592906,19.314492297718115,4.788088923125208,False
original-200,147,20261056,studentized,marginal,completed,16.92044783615551,20.0,0.1807910376401284,True,conditional-studentized-curvature,True,13.292522773060597,23.904810410086554,10.612287637025958,True
original-200,148,20261057,laplace,marginal,completed,14.762332271158964,20.0,0.1275177626212398,True,conditional-laplace,True,13.414435222859556,16.11022931945837,2.6957940965988136,False
original-200,148,20261057,studentized,marginal,completed,14.762332271158964,20.0,0.1275177626212398,True,conditional-studentized-curvature,True,12.609686395392794,18.5175612519342,5.907874856541406,False
original-200,149,20261058,laplace,marginal,completed,16.59796934120283,20.0,0.0001234098040866,True,unavailable-active-bound-use-profile-or-bootstrap,False,,,,False
original-200,149,20261058,studentized,marginal,completed,16.59796934120283,20.0,0.0001234098040866,True,unavailable-active-bound-use-profile-or-bootstrap,False,,,,False
original-200,150,20261059,laplace,joint-map,completed,22.03042482368072,20.0,0.2573240627082535,True,conditional-laplace,True,16.491720222803327,27.569129424558117,11.077409201754786,True
original-200,150,20261059,studentized,joint-map,completed,22.03042482368072,20.0,0.2573240627082535,True,conditional-studentized-curvature,True,14.850786559347917,36.52617956962536,21.67539301027744,True
original-200,151,20261060,laplace,joint-map,completed,16.489495490794216,20.0,0.2006223429697857,True,conditional-laplace,True,14.028377591466112,18.95061339012232,4.922235798656208,False
original-200,151,20261060,studentized,joint-map,completed,16.489495490794216,20.0,0.2006223429697857,True,conditional-studentized-curvature,True,13.136897872138393,22.89336713814663,9.75646926600824,True
original-200,152,20261061,laplace,joint-map,completed,19.176055363480724,20.0,0.270961062439549,True,conditional-laplace,True,14.722459535808229,23.629651191153226,8.907191655344995,True
original-200,152,20261061,studentized,joint-map,completed,19.176055363480724,20.0,0.270961062439549,True,conditional-studentized-curvature,True,13.562430082443118,31.44128590899741,17.878855826554297,True
original-200,153,20261062,laplace,joint-map,completed,23.711949661251527,20.0,0.4893884893441066,True,conditional-laplace,True,12.121436368143856,35.3024629543592,23.181026586215346,True
original-200,153,20261062,studentized,joint-map,completed,23.711949661251527,20.0,0.4893884893441066,True,conditional-studentized-curvature,True,12.42668987875276,58.44588597300952,46.01919609425676,True
original-200,154,20261063,laplace,joint-map,completed,24.04251948443629,20.0,0.2293708897284243,True,conditional-laplace,True,18.26598574217474,29.81905322669784,11.5530674845231,True
original-200,154,20261063,studentized,joint-map,completed,24.04251948443629,20.0,0.2293708897284243,True,conditional-studentized-curvature,True,16.211245137698487,38.400823893001714,22.189578755303227,True
original-200,155,20261064,laplace,joint-map,completed,18.63145651179984,20.0,0.253750202576292,True,conditional-laplace,True,14.655945319348938,22.60696770425074,7.951022384901801,True
original-200,155,20261064,studentized,joint-map,completed,18.63145651179984,20.0,0.253750202576292,True,conditional-studentized-curvature,True,13.529192087049651,29.450938124386035,15.921746037336382,True
original-200,156,20261065,laplace,joint-map,completed,20.914218653563637,20.0,0.1085079882850316,True,conditional-laplace,True,18.368055206890368,23.4603821002369,5.092326893346531,True
original-200,156,20261065,studentized,joint-map,completed,20.914218653563637,20.0,0.1085079882850316,True,conditional-studentized-curvature,True,16.965885467511722,26.651705771818957,9.685820304307232,True
original-200,157,20261066,laplace,joint-map,completed,22.40791145610881,20.0,0.2742902363529971,True,conditional-laplace,True,16.364609553405018,28.4512133588126,12.08660380540758,True
original-200,157,20261066,studentized,joint-map,completed,22.40791145610881,20.0,0.2742902363529971,True,conditional-studentized-curvature,True,14.728001521433036,38.4068794854416,23.678877964008564,True
original-200,158,20261067,laplace,joint-map,completed,28.941768350453412,20.0,0.3505456546325938,True,conditional-laplace,True,17.362769634177184,40.52076706672965,23.157997432552463,True
original-200,158,20261067,studentized,joint-map,completed,28.941768350453412,20.0,0.3505456546325938,True,conditional-studentized-curvature,True,15.288199646588383,57.910055467087965,42.621855820499576,True
original-200,159,20261068,laplace,joint-map,completed,21.65131774113771,20.0,0.1960995665750501,True,conditional-laplace,True,17.418137489943163,25.88449799233226,8.466360502389097,True
original-200,159,20261068,studentized,joint-map,completed,21.65131774113771,20.0,0.1960995665750501,True,conditional-studentized-curvature,True,15.73031952053608,32.08682315536623,16.356503634830155,True
original-200,160,20261069,laplace,marginal,completed,21.793826273168,20.0,0.2003682232617254,True,conditional-laplace,True,17.374820807709067,26.212831738626928,8.83801093091786,True
original-200,160,20261069,studentized,marginal,completed,21.793826273168,20.0,0.2003682232617254,True,conditional-studentized-curvature,True,15.180382432799666,34.419492621247414,19.239110188447743,True
original-200,161,20261070,laplace,joint-map,completed,21.38430236353585,20.0,0.2999912404096729,True,conditional-laplace,True,15.35005044996133,27.41855427711037,12.068503827149044,True
original-200,161,20261070,studentized,joint-map,completed,21.38430236353585,20.0,0.2999912404096729,True,conditional-studentized-curvature,True,13.992378696269691,38.00591472265716,24.013536026387467,True
original-200,162,20261071,laplace,joint-map,completed,21.36861046302506,20.0,0.2727965132375293,True,conditional-laplace,True,15.821204448872376,26.916016477177745,11.09481202830537,True
original-200,162,20261071,studentized,joint-map,completed,21.36861046302506,20.0,0.2727965132375293,True,conditional-studentized-curvature,True,14.345954120124958,36.26012646274929,21.914172342624333,True
original-200,163,20261072,laplace,joint-map,completed,20.111713311443737,20.0,0.3936125509261597,True,conditional-laplace,True,13.16639855959739,27.057028063290083,13.890629503692692,True
original-200,163,20261072,studentized,joint-map,completed,20.111713311443737,20.0,0.3936125509261597,True,conditional-studentized-curvature,True,12.593051437746077,41.559590484420646,28.96653904667457,True
original-200,164,20261073,laplace,marginal,completed,16.539062112321314,20.0,0.2507476785260643,True,conditional-laplace,True,13.509710559844793,19.56841366479784,6.058703104953047,False
original-200,164,20261073,studentized,marginal,completed,16.539062112321314,20.0,0.2507476785260643,True,conditional-studentized-curvature,True,12.4082467693832,26.426593229171303,14.018346459788102,True
original-200,165,20261074,laplace,joint-map,completed,18.999011932773485,20.0,0.1477797878557229,True,conditional-laplace,True,16.381945846496006,21.616078019050967,5.234132172554961,True
original-200,165,20261074,studentized,joint-map,completed,18.999011932773485,20.0,0.1477797878557229,True,conditional-studentized-curvature,True,15.14372388849914,25.225421283654725,10.081697395155588,True
original-200,166,20261075,laplace,joint-map,completed,27.59402852624283,20.0,0.2148018598211805,True,conditional-laplace,True,20.749777138395125,34.43827991409053,13.688502775695405,False
original-200,166,20261075,studentized,joint-map,completed,27.59402852624283,20.0,0.2148018598211805,True,conditional-studentized-curvature,True,18.04353385379673,43.80669519941027,25.76316134561354,True
original-200,167,20261076,laplace,joint-map,completed,18.46972181066473,20.0,0.080106897143772,True,conditional-laplace,True,16.625559763785095,20.313883857544365,3.6883240937592703,True
original-200,167,20261076,studentized,joint-map,completed,18.46972181066473,20.0,0.080106897143772,True,conditional-studentized-curvature,True,15.587816341664942,22.61582391119827,7.028007569533328,True
original-200,168,20261077,laplace,joint-map,completed,19.013622352045417,20.0,0.3212884165245714,True,conditional-laplace,True,13.917489684211866,24.109755019878968,10.192265335667102,True
original-200,168,20261077,studentized,joint-map,completed,19.013622352045417,20.0,0.3212884165245714,True,conditional-studentized-curvature,True,12.98186305116015,33.895975161169304,20.914112110009157,True
original-200,169,20261078,laplace,joint-map,completed,20.669282909109317,20.0,0.2419264835332543,True,conditional-laplace,True,16.03568945829084,25.302876359927783,9.267186901636943,True
original-200,169,20261078,studentized,joint-map,completed,20.669282909109317,20.0,0.2419264835332543,True,conditional-studentized-curvature,True,14.561992773273625,32.77330178429112,18.211309011017494,True
original-200,170,20261079,laplace,joint-map,completed,22.39693561496421,20.0,0.1463065400632676,True,conditional-laplace,True,18.830141436876737,25.96372979305169,7.133588356174954,True
original-200,170,20261079,studentized,joint-map,completed,22.39693561496421,20.0,0.1463065400632676,True,conditional-studentized-curvature,True,17.085390580751856,30.696370581361272,13.610980000609416,True
original-200,171,20261080,laplace,joint-map,completed,21.80343329131818,20.0,0.3614763381851755,True,conditional-laplace,True,14.36254116741418,29.24432541522218,14.881784247807998,True
original-200,171,20261080,studentized,joint-map,completed,21.80343329131818,20.0,0.3614763381851755,True,conditional-studentized-curvature,True,13.355556470894276,43.33654297417767,29.98098650328339,True
original-200,172,20261081,laplace,joint-map,completed,21.457784317018668,20.0,0.2230388928393993,True,conditional-laplace,True,16.799630568478886,26.11593806555845,9.31630749707956,True
original-200,172,20261081,studentized,joint-map,completed,21.457784317018668,20.0,0.2230388928393993,True,conditional-studentized-curvature,True,15.16691134262456,33.30394333131543,18.13703198869087,True
original-200,173,20261082,laplace,joint-map,completed,18.13986887282035,20.0,0.4069577033981118,True,conditional-laplace,True,12.361323579380336,23.91841416626037,11.557090586880031,True
original-200,173,20261082,studentized,joint-map,completed,18.13986887282035,20.0,0.4069577033981118,True,conditional-studentized-curvature,True,12.024756541244628,37.04590845314024,25.02115191189561,True
original-200,174,20261083,laplace,joint-map,completed,22.948696137923985,20.0,0.2297089643680964,True,conditional-laplace,True,17.572400623068994,28.324991652778976,10.752591029709984,True
original-200,174,20261083,studentized,joint-map,completed,22.948696137923985,20.0,0.2297089643680964,True,conditional-studentized-curvature,True,15.706144175425331,36.49453813163586,20.78839395621053,True
original-200,175,20261084,laplace,joint-map,completed,23.285880327322985,20.0,0.2686977701333417,True,conditional-laplace,True,16.92378339963072,29.64797725501525,12.724193855384527,True
original-200,175,20261084,studentized,joint-map,completed,23.285880327322985,20.0,0.2686977701333417,True,conditional-studentized-curvature,True,15.126677890748162,39.86178501198193,24.735107121233767,True
original-200,176,20261085,laplace,joint-map,completed,21.09268860986596,20.0,0.3678252826872614,True,conditional-laplace,True,13.971594313516103,28.21378290621581,14.242188592699703,True
original-200,176,20261085,studentized,joint-map,completed,21.09268860986596,20.0,0.3678252826872614,True,conditional-studentized-curvature,True,13.095620233495072,42.11458388750059,29.018963654005518,True
original-200,177,20261086,laplace,joint-map,completed,18.31363220861845,20.0,0.3409214119934151,True,conditional-laplace,True,13.30726784898741,23.319996568249486,10.012728719262077,True
original-200,177,20261086,studentized,joint-map,completed,18.31363220861845,20.0,0.3409214119934151,True,conditional-studentized-curvature,True,12.56496305076417,33.48563384978284,20.920670799018666,True
original-200,178,20261087,laplace,joint-map,completed,21.212525914894385,20.0,0.3730159935745229,True,conditional-laplace,True,13.908669299837076,28.51638252995169,14.607713230114616,True
original-200,178,20261087,studentized,joint-map,completed,21.212525914894385,20.0,0.3730159935745229,True,conditional-studentized-curvature,True,13.065754715610645,42.83208202412224,29.7663273085116,True
original-200,179,20261088,laplace,marginal,completed,22.738324852789347,20.0,0.2161364136070049,True,conditional-laplace,True,17.686825696133063,27.789824009445635,10.102998313312572,True
original-200,179,20261088,studentized,marginal,completed,22.738324852789347,20.0,0.2161364136070049,True,conditional-studentized-curvature,True,15.30247028132708,37.247205682205774,21.94473540087869,True
original-200,180,20261089,laplace,joint-map,completed,26.13331448417597,20.0,0.1704989824517749,True,conditional-laplace,True,20.95066257846211,31.315966389889827,10.365303811427715,False
original-200,180,20261089,studentized,joint-map,completed,26.13331448417597,20.0,0.1704989824517749,True,conditional-studentized-curvature,True,18.54100429089037,38.14293536677043,19.60193107588006,True
original-200,181,20261090,laplace,joint-map,completed,25.311301113857716,20.0,0.1680545312462484,True,conditional-laplace,True,20.442941219142803,30.179661008572623,9.73671978942982,False
original-200,181,20261090,studentized,joint-map,completed,25.311301113857716,20.0,0.1680545312462484,True,conditional-studentized-curvature,True,18.178026417713617,36.64072535771256,18.462698939998944,True
original-200,182,20261091,laplace,joint-map,completed,31.02895266311956,20.0,0.325842709463912,True,conditional-laplace,True,19.0071794775296,43.050725848709526,24.043546371179925,True
original-200,182,20261091,studentized,joint-map,completed,31.02895266311956,20.0,0.325842709463912,True,conditional-studentized-curvature,True,16.301482956646247,59.726916239200094,43.42543328255385,True
original-200,183,20261092,laplace,joint-map,completed,21.561397172269285,20.0,0.0874392095601786,True,conditional-laplace,True,19.179103811174283,23.94369053336429,4.764586722190007,True
original-200,183,20261092,studentized,joint-map,completed,21.561397172269285,20.0,0.0874392095601786,True,conditional-studentized-curvature,True,17.779402500621643,26.8062030548648,9.026800554243156,True
original-200,184,20261093,laplace,joint-map,completed,21.84843489179913,20.0,0.2257485094801035,True,conditional-laplace,True,16.981834325045668,26.71503545855259,9.733201133506924,True
original-200,184,20261093,studentized,joint-map,completed,21.84843489179913,20.0,0.2257485094801035,True,conditional-studentized-curvature,True,15.2905355907251,34.21179326893813,18.92125767821303,True
original-200,185,20261094,laplace,joint-map,completed,21.733023422319967,20.0,0.266893031200735,True,conditional-laplace,True,16.157456132374037,27.308590712265897,11.15113457989186,True
original-200,185,20261094,studentized,joint-map,completed,21.733023422319967,20.0,0.266893031200735,True,conditional-studentized-curvature,True,14.59580990023066,36.513250470167534,21.917440569936872,True
original-200,186,20261095,laplace,joint-map,completed,21.1606826239527,20.0,0.3254620463554343,True,conditional-laplace,True,14.784179594114748,27.53718565379065,12.753006059675904,True
original-200,186,20261095,studentized,joint-map,completed,21.1606826239527,20.0,0.3254620463554343,True,conditional-studentized-curvature,True,13.600647451469944,39.22482464674961,25.624177195279668,True
original-200,187,20261096,laplace,joint-map,completed,22.74915683007311,20.0,0.3298588284577347,True,conditional-laplace,True,15.386680532030608,30.111633128115614,14.724952596085004,True
original-200,187,20261096,studentized,joint-map,completed,22.74915683007311,20.0,0.3298588284577347,True,conditional-studentized-curvature,True,14.019260408924616,43.13353310770721,29.114272698782592,True
original-200,188,20261097,laplace,joint-map,completed,22.48873501834252,20.0,0.3179437884474107,True,conditional-laplace,True,15.47734396827308,29.50012606841196,14.022782100138878,True
original-200,188,20261097,studentized,joint-map,completed,22.48873501834252,20.0,0.3179437884474107,True,conditional-studentized-curvature,True,14.078105611471534,41.82123949953312,27.74313388806158,True
original-200,189,20261098,laplace,joint-map,completed,25.427069172443204,20.0,0.3299870763587859,True,conditional-laplace,True,16.500708271486445,34.35343007339996,17.852721801913518,True
original-200,189,20261098,studentized,joint-map,completed,25.427069172443204,20.0,0.3299870763587859,True,conditional-studentized-curvature,True,14.761275120459498,49.04191930623672,34.28064418577722,True
original-200,190,20261099,laplace,joint-map,completed,19.08334392833575,20.0,0.2703184053134024,True,conditional-laplace,True,14.701876484681172,23.46481137199033,8.762934887309157,True
original-200,190,20261099,studentized,joint-map,completed,19.08334392833575,20.0,0.2703184053134024,True,conditional-studentized-curvature,True,13.5490708964718,31.137493218808785,17.58842232233698,True
original-200,191,20261100,laplace,joint-map,completed,18.39520014632289,20.0,0.1951409757737601,True,conditional-laplace,True,15.313040901376011,21.477359391269776,6.164318489893763,True
original-200,191,20261100,studentized,joint-map,completed,18.39520014632289,20.0,0.1951409757737601,True,conditional-studentized-curvature,True,14.134610424206658,26.217001323935666,12.082390899729004,True
original-200,192,20261101,laplace,marginal,completed,14.556346387359554,20.0,0.0001234098040866,True,unavailable-active-bound-use-profile-or-bootstrap,False,,,,False
original-200,192,20261101,studentized,marginal,completed,14.556346387359554,20.0,0.0001234098040866,True,unavailable-active-bound-use-profile-or-bootstrap,False,,,,False
original-200,193,20261102,laplace,joint-map,completed,21.388119451724798,20.0,0.2337710947622245,True,conditional-laplace,True,16.584193535636718,26.192045367812877,9.607851832176156,True
original-200,193,20261102,studentized,joint-map,completed,21.388119451724798,20.0,0.2337710947622245,True,conditional-studentized-curvature,True,14.980094318147277,33.73925244692427,18.759158128777,True
original-200,194,20261103,laplace,joint-map,completed,28.579494607474565,20.0,0.5442358740582075,True,conditional-laplace,True,11.186311044402654,45.97267817054649,34.78636712614383,True
original-200,194,20261103,studentized,joint-map,completed,28.579494607474565,20.0,0.5442358740582075,True,conditional-studentized-curvature,True,12.492755110012189,73.33863632880427,60.84588121879209,True
original-200,195,20261104,laplace,joint-map,completed,30.055347975036845,20.0,0.190116751404996,True,conditional-laplace,True,23.007692466423062,37.10300348365063,14.09531101722756,False
original-200,195,20261104,studentized,joint-map,completed,30.055347975036845,20.0,0.190116751404996,True,conditional-studentized-curvature,True,19.8450606787122,46.08729802885689,26.24223735014469,True
original-200,196,20261105,laplace,joint-map,completed,17.988995727591224,20.0,0.2238077053001517,True,conditional-laplace,True,14.69899952968709,21.278991925495355,6.579992395808265,True
original-200,196,20261105,studentized,joint-map,completed,17.988995727591224,20.0,0.2238077053001517,True,conditional-studentized-curvature,True,13.606672154458742,26.668740898271288,13.062068743812546,True
original-200,197,20261106,laplace,joint-map,completed,25.88346146931726,20.0,0.2589196330155747,True,conditional-laplace,True,18.583221574764444,33.18370136387007,14.600479789105629,True
original-200,197,20261106,studentized,joint-map,completed,25.88346146931726,20.0,0.2589196330155747,True,conditional-studentized-curvature,True,16.299528008818637,44.10669987259755,27.807171863778915,True
original-200,198,20261107,laplace,marginal,completed,19.239748226822265,20.0,0.0001234098040866,True,unavailable-active-bound-use-profile-or-bootstrap,False,,,,False
original-200,198,20261107,studentized,marginal,completed,19.239748226822265,20.0,0.0001234098040866,True,unavailable-active-bound-use-profile-or-bootstrap,False,,,,False
original-200,199,20261108,laplace,joint-map,completed,17.835597763004888,20.0,0.1332535486896278,True,conditional-laplace,True,15.682310177329466,19.988885348680306,4.30657517135084,False
original-200,199,20261108,studentized,joint-map,completed,17.835597763004888,20.0,0.1332535486896278,True,conditional-studentized-curvature,True,14.630059759130935,22.924445154519457,8.29438539538852,True
heldout-known-sd,0,91300000,laplace,joint-map,completed,17.50030377538771,20.0,0.3,False,conditional-laplace,True,13.493326300168174,21.50728125060724,8.013954950439068,True
heldout-known-sd,0,91300000,studentized,joint-map,completed,17.50030377538771,20.0,0.3,False,conditional-bounded-normal-curvature,True,14.347643697531316,22.60271472877809,8.255071031246773,True
heldout-known-sd,1,91300001,laplace,joint-map,completed,19.05525306297567,20.0,0.3,False,conditional-laplace,True,14.24372573732937,23.86678038862197,9.623054651292598,True
heldout-known-sd,1,91300001,studentized,joint-map,completed,19.05525306297567,20.0,0.3,False,conditional-bounded-normal-curvature,True,15.251294165363111,25.123030589464825,9.871736424101712,True
heldout-known-sd,2,91300002,laplace,joint-map,completed,16.78926629702343,20.0,0.3,False,conditional-laplace,True,13.137541043875125,20.440991550171745,7.303450506296622,True
heldout-known-sd,2,91300002,studentized,joint-map,completed,16.78926629702343,20.0,0.3,False,conditional-bounded-normal-curvature,True,13.925249578795777,21.46464685103187,7.539397272236094,True
heldout-known-sd,3,91300003,laplace,marginal,completed,20.307348888515243,20.0,0.3,False,conditional-laplace,True,14.80725745383886,25.80744032319162,11.00018286935276,True
heldout-known-sd,3,91300003,studentized,marginal,completed,20.307348888515243,20.0,0.3,False,conditional-bounded-normal-curvature,True,15.950418754468192,27.20154930966767,11.251130555199476,True
heldout-known-sd,4,91300004,laplace,joint-map,completed,22.96699299229283,20.0,0.3,False,conditional-laplace,True,16.098420068203584,29.835565916382077,13.73714584817849,True
heldout-known-sd,4,91300004,studentized,joint-map,completed,22.96699299229283,20.0,0.3,False,conditional-bounded-normal-curvature,True,17.4808253994365,31.43158599961016,13.95076060017366,True
heldout-known-sd,5,91300005,laplace,joint-map,completed,20.538819310608325,20.0,0.3,False,conditional-laplace,True,14.964736506869729,26.112902114346923,11.148165607477196,True
heldout-known-sd,5,91300005,studentized,joint-map,completed,20.538819310608325,20.0,0.3,False,conditional-bounded-normal-curvature,True,16.11181382906433,27.50339345286404,11.39157962379971,True
heldout-known-sd,6,91300006,laplace,joint-map,completed,25.39903866183838,20.0,0.3,False,conditional-laplace,True,17.265478162935008,33.532599160741746,16.26712099780674,True
heldout-known-sd,6,91300006,studentized,joint-map,completed,25.39903866183838,20.0,0.3,False,conditional-bounded-normal-curvature,True,18.8565432916456,35.26949742491252,16.412954133266922,True
heldout-known-sd,7,91300007,laplace,joint-map,completed,20.697559069070746,20.0,0.3,False,conditional-laplace,True,15.001944420779498,26.393173717361982,11.391229296582484,True
heldout-known-sd,7,91300007,studentized,joint-map,completed,20.697559069070746,20.0,0.3,False,conditional-bounded-normal-curvature,True,16.179175445646944,27.81759314102108,11.638417695374134,True
heldout-known-sd,8,91300008,laplace,joint-map,completed,20.84143165131069,20.0,0.3,False,conditional-laplace,True,15.111874342184542,26.57098896043684,11.459114618252292,True
heldout-known-sd,8,91300008,studentized,joint-map,completed,20.84143165131069,20.0,0.3,False,conditional-bounded-normal-curvature,True,16.286791744865937,27.9868174503768,11.70002570551086,True
heldout-known-sd,9,91300009,laplace,joint-map,completed,24.37887744342158,20.0,0.3,False,conditional-laplace,True,16.73371363134511,32.02404125549805,15.290327624152935,True
heldout-known-sd,9,91300009,studentized,joint-map,completed,24.37887744342158,20.0,0.3,False,conditional-bounded-normal-curvature,True,18.25513410896615,33.72675367271422,15.471619563748067,True
heldout-known-sd,10,91300010,laplace,joint-map,completed,21.40677901781838,20.0,0.3,False,conditional-laplace,True,15.304625312795912,27.508932722840843,12.20430741004493,True
heldout-known-sd,10,91300010,studentized,joint-map,completed,21.40677901781838,20.0,0.3,False,conditional-bounded-normal-curvature,True,16.5627910291134,29.011454722977664,12.448663693864264,True
heldout-known-sd,11,91300011,laplace,marginal,completed,20.14840687275276,20.0,0.3,False,conditional-laplace,True,14.74450856817464,25.552305177330883,10.807796609156242,True
heldout-known-sd,11,91300011,studentized,marginal,completed,20.14840687275276,20.0,0.3,False,conditional-bounded-normal-curvature,True,15.867223424134623,26.925041551493607,11.05781812735898,True
heldout-known-sd,12,91300012,laplace,joint-map,completed,27.288199393551224,20.0,0.3,False,conditional-laplace,True,18.159783438122236,36.41661534898021,18.256831910857976,True
heldout-known-sd,12,91300012,studentized,joint-map,completed,27.288199393551224,20.0,0.3,False,conditional-bounded-normal-curvature,True,19.90621225727008,38.23212599749782,18.325913740227737,True
heldout-known-sd,13,91300013,laplace,joint-map,completed,24.808900935692435,20.0,0.3,False,conditional-laplace,True,16.99924936982873,32.61855250155614,15.61930313172741,True
heldout-known-sd,13,91300013,studentized,joint-map,completed,24.808900935692435,20.0,0.3,False,conditional-bounded-normal-curvature,True,18.534749988432967,34.3185269651671,15.783776976734137,True
heldout-known-sd,14,91300014,laplace,joint-map,completed,19.554002343514693,20.0,0.3,False,conditional-laplace,True,14.440811387057677,24.667193299971707,10.226381912914032,True
heldout-known-sd,14,91300014,studentized,joint-map,completed,19.554002343514693,20.0,0.3,False,conditional-bounded-normal-curvature,True,15.513589309005358,25.994729498070196,10.481140189064837,True
heldout-known-sd,15,91300015,laplace,marginal,completed,18.11540061864289,20.0,0.3,False,conditional-laplace,True,13.766919805234725,22.463881432051057,8.696961626816334,True
heldout-known-sd,15,91300015,studentized,marginal,completed,18.11540061864289,20.0,0.3,False,conditional-bounded-normal-curvature,True,14.691672014950283,23.63815626398651,8.946484249036226,True
heldout-known-sd,16,91300016,laplace,joint-map,completed,17.074050134988475,20.0,0.3,False,conditional-laplace,True,13.279884870943208,20.868215399033744,7.588330528090536,True
heldout-known-sd,16,91300016,studentized,joint-map,completed,17.074050134988475,20.0,0.3,False,conditional-bounded-normal-curvature,True,14.09444116218678,21.92108440637722,7.826643244190437,True
heldout-known-sd,17,91300017,laplace,joint-map,completed,17.86308299104282,20.0,0.3,False,conditional-laplace,True,13.668760372662769,22.057405609422872,8.388645236760105,True
heldout-known-sd,17,91300017,studentized,joint-map,completed,17.86308299104282,20.0,0.3,False,conditional-bounded-normal-curvature,True,14.559127052829275,23.19170757003665,8.63258051720738,True
heldout-known-sd,18,91300018,laplace,joint-map,completed,26.420933333357414,20.0,0.3,False,conditional-laplace,True,17.773648027225605,35.06821863948923,17.294570612263627,True
heldout-known-sd,18,91300018,studentized,joint-map,completed,26.420933333357414,20.0,0.3,False,conditional-bounded-normal-curvature,True,19.440993773501315,36.84187042272785,17.400876649226536,True
heldout-known-sd,19,91300019,laplace,joint-map,completed,23.662192203769614,20.0,0.3,False,conditional-laplace,True,16.432270208928546,30.892114198610678,14.459843989682128,True
heldout-known-sd,19,91300019,studentized,joint-map,completed,23.662192203769614,20.0,0.3,False,conditional-bounded-normal-curvature,True,17.875803156877097,32.53339198137893,14.657588824501827,True
heldout-known-sd,20,91300020,laplace,marginal,completed,17.27111995432527,20.0,0.3,False,conditional-laplace,True,13.357439604924648,21.184800303725886,7.82736069880124,True
heldout-known-sd,20,91300020,studentized,marginal,completed,17.27111995432527,20.0,0.3,False,conditional-bounded-normal-curvature,True,14.19887400742325,22.269818890888253,8.070944883465003,True
heldout-known-sd,21,91300021,laplace,marginal,completed,21.176098010647152,20.0,0.3,False,conditional-laplace,True,15.20892953800687,27.143266483287437,11.934336945280563,True
heldout-known-sd,21,91300021,studentized,marginal,completed,21.176098010647152,20.0,0.3,False,conditional-bounded-normal-curvature,True,16.43983641466151,28.619519084448235,12.179682669786724,True
heldout-known-sd,22,91300022,laplace,marginal,completed,22.19578654381627,20.0,0.3,False,conditional-laplace,True,15.704189491491572,28.687383596140968,12.983194104649396,True
heldout-known-sd,22,91300022,studentized,marginal,completed,22.19578654381627,20.0,0.3,False,conditional-bounded-normal-curvature,True,17.026568153498957,30.24018602667499,13.213617873176034,True
heldout-known-sd,23,91300023,laplace,joint-map,completed,24.91486087089563,20.0,0.3,False,conditional-laplace,True,17.016065386566826,32.81365635522444,15.797590968657612,True
heldout-known-sd,23,91300023,studentized,joint-map,completed,24.91486087089563,20.0,0.3,False,conditional-bounded-normal-curvature,True,18.573267294960484,34.53393931497518,15.960672020014696,True
heldout-known-sd,24,91300024,laplace,marginal,completed,18.959944705297907,20.0,0.3,False,conditional-laplace,True,14.170898845590088,23.74899056500573,9.578091719415646,True
heldout-known-sd,24,91300024,studentized,marginal,completed,18.959944705297907,20.0,0.3,False,conditional-bounded-normal-curvature,True,15.179790070697658,25.010606120921324,9.830816050223666,True
heldout-known-sd,25,91300025,laplace,marginal,completed,19.974599779801476,20.0,0.3,False,conditional-laplace,True,14.645532625453836,25.303666934149103,10.65813430869527,True
heldout-known-sd,25,91300025,studentized,marginal,completed,19.974599779801476,20.0,0.3,False,conditional-bounded-normal-curvature,True,15.757704744005364,26.668815805920083,10.91111106191472,True
heldout-known-sd,26,91300026,laplace,marginal,completed,19.468950380153235,20.0,0.3,False,conditional-laplace,True,14.422637723148997,24.51526303715747,10.092625314008474,True
heldout-known-sd,26,91300026,studentized,marginal,completed,19.468950380153235,20.0,0.3,False,conditional-bounded-normal-curvature,True,15.478264708865666,25.82248323114928,10.344218522283615,True
heldout-known-sd,27,91300027,laplace,joint-map,completed,21.0772984248654,20.0,0.3,False,conditional-laplace,True,15.189978177384036,26.964618672346766,11.774640494962732,True
heldout-known-sd,27,91300027,studentized,joint-map,completed,21.0772984248654,20.0,0.3,False,conditional-bounded-normal-curvature,True,16.40060779893927,28.418239117514982,12.017631318575717,True
heldout-known-sd,28,91300028,laplace,marginal,completed,23.967162533001343,20.0,0.3,False,conditional-laplace,True,16.551852591157722,31.38247247484497,14.830619883687248,True
heldout-known-sd,28,91300028,studentized,marginal,completed,23.967162533001343,20.0,0.3,False,conditional-bounded-normal-curvature,True,18.032008005041565,33.05449300185116,15.022484996809592,True
heldout-known-sd,29,91300029,laplace,marginal,completed,21.608238034084607,20.0,0.3,False,conditional-laplace,True,15.432042270684423,27.78443379748479,12.352391526800366,True
heldout-known-sd,29,91300029,studentized,marginal,completed,21.608238034084607,20.0,0.3,False,conditional-bounded-normal-curvature,True,16.696888240642796,29.287506422327056,12.59061818168426,True
heldout-known-sd,30,91300030,laplace,joint-map,completed,15.666396921463672,20.0,0.3,False,conditional-laplace,True,12.611930270326004,18.720863572601345,6.108933302275338,False
heldout-known-sd,30,91300030,studentized,joint-map,completed,15.666396921463672,20.0,0.3,False,conditional-bounded-normal-curvature,True,13.27793408229902,19.602505973241776,6.324571890942757,False
heldout-known-sd,31,91300031,laplace,joint-map,completed,19.35564018994885,20.0,0.3,False,conditional-laplace,True,14.382431612451825,24.328848767445884,9.94641715499406,True
heldout-known-sd,31,91300031,studentized,joint-map,completed,19.35564018994885,20.0,0.3,False,conditional-bounded-normal-curvature,True,15.421481583129104,25.61751091283137,10.196029329702268,True
heldout-known-sd,32,91300032,laplace,joint-map,completed,22.5519063095134,20.0,0.3,False,conditional-laplace,True,15.918878495431974,29.18493412359482,13.266055628162848,True
heldout-known-sd,32,91300032,studentized,joint-map,completed,22.5519063095134,20.0,0.3,False,conditional-bounded-normal-curvature,True,17.256631965251508,30.74256328854833,13.48593132329682,True
heldout-known-sd,33,91300033,laplace,joint-map,completed,19.471872519223425,20.0,0.3,False,conditional-laplace,True,14.42631725686125,24.5174277815856,10.091110524724346,True
heldout-known-sd,33,91300033,studentized,joint-map,completed,19.471872519223425,20.0,0.3,False,conditional-bounded-normal-curvature,True,15.481333609491692,25.823700414588792,10.3423668050971,True
heldout-known-sd,34,91300034,laplace,marginal,completed,20.4546952269528,20.0,0.3,False,conditional-laplace,True,14.893125105034407,26.016265348871197,11.123140243836788,True
heldout-known-sd,34,91300034,studentized,marginal,completed,20.4546952269528,20.0,0.3,False,conditional-bounded-normal-curvature,True,16.044369835744035,27.41551266410921,11.371142828365176,True
heldout-known-sd,35,91300035,laplace,marginal,completed,20.47770599046279,20.0,0.3,False,conditional-laplace,True,14.87438461612619,26.081027364799397,11.206642748673204,True
heldout-known-sd,35,91300035,studentized,marginal,completed,20.47770599046279,20.0,0.3,False,conditional-bounded-normal-curvature,True,16.039444628422427,27.497821142221763,11.458376513799337,True
heldout-known-sd,36,91300036,laplace,joint-map,completed,28.018435213022396,20.0,0.3,False,conditional-laplace,True,18.53131915412813,37.50555127191666,18.974232117788524,True
heldout-known-sd,36,91300036,studentized,joint-map,completed,28.018435213022396,20.0,0.3,False,conditional-bounded-normal-curvature,True,20.325467041309388,39.33288331681525,19.00741627550586,False
heldout-known-sd,37,91300037,laplace,marginal,completed,15.608113359409192,20.0,0.3,False,conditional-laplace,True,12.572565294429111,18.643661424389272,6.071096129960161,False
heldout-known-sd,37,91300037,studentized,marginal,completed,15.608113359409192,20.0,0.3,False,conditional-bounded-normal-curvature,True,13.237089794239296,19.525147879133996,6.288058084894697,False
heldout-known-sd,38,91300038,laplace,marginal,completed,15.927432836219992,20.0,0.3,False,conditional-laplace,True,12.721594601278875,19.133271071161108,6.411676469882231,False
heldout-known-sd,38,91300038,studentized,marginal,completed,15.927432836219992,20.0,0.3,False,conditional-bounded-normal-curvature,True,13.421183656518624,20.056422278667448,6.635238622148822,True
heldout-known-sd,39,91300039,laplace,marginal,completed,21.595074869444883,20.0,0.3,False,conditional-laplace,True,15.415376899020274,27.77477283986949,12.359395940849218,True
heldout-known-sd,39,91300039,studentized,marginal,completed,21.595074869444883,20.0,0.3,False,conditional-bounded-normal-curvature,True,16.683016759962506,29.28197568630987,12.598958926347365,True
heldout-known-sd,40,91300040,laplace,marginal,completed,19.54175503069448,20.0,0.3,False,conditional-laplace,True,14.464387400580623,24.619122660808333,10.154735260227708,True
heldout-known-sd,40,91300040,studentized,marginal,completed,19.54175503069448,20.0,0.3,False,conditional-bounded-normal-curvature,True,15.52440317106336,25.929634328775258,10.4052311577119,True
heldout-known-sd,41,91300041,laplace,joint-map,completed,19.977355360716537,20.0,0.3,False,conditional-laplace,True,14.65906187488768,25.2956488465454,10.636586971657715,True
heldout-known-sd,41,91300041,studentized,joint-map,completed,19.977355360716537,20.0,0.3,False,conditional-bounded-normal-curvature,True,15.766713485959114,26.654572726996143,10.88785924103703,True
heldout-known-sd,42,91300042,laplace,joint-map,completed,18.156815493649532,20.0,0.3,False,conditional-laplace,True,13.817883832755747,22.495747154543324,8.677863321787575,True
heldout-known-sd,42,91300042,studentized,joint-map,completed,18.156815493649532,20.0,0.3,False,conditional-bounded-normal-curvature,True,14.734446151744754,23.65685562342801,8.922409471683261,True
heldout-known-sd,43,91300043,laplace,marginal,completed,16.844004430335527,20.0,0.3,False,conditional-laplace,True,13.17101706458098,20.516991796090075,7.345974731509095,True
heldout-known-sd,43,91300043,studentized,marginal,completed,16.844004430335527,20.0,0.3,False,conditional-bounded-normal-curvature,True,13.961442109778678,21.54268118561937,7.581239075840694,True
heldout-known-sd,44,91300044,laplace,joint-map,completed,19.57717112925382,20.0,0.3,False,conditional-laplace,True,14.481334001161947,24.673008257345693,10.191674256183743,True
heldout-known-sd,44,91300044,studentized,joint-map,completed,19.57717112925382,20.0,0.3,False,conditional-bounded-normal-curvature,True,15.54480061243054,25.98691812772277,10.44211751529223,True
heldout-known-sd,45,91300045,laplace,marginal,completed,16.906774793087575,20.0,0.3,False,conditional-laplace,True,13.167770316810593,20.64577926936456,7.478008952553967,True
heldout-known-sd,45,91300045,studentized,marginal,completed,16.906774793087575,20.0,0.3,False,conditional-bounded-normal-curvature,True,13.9780480062445,21.698465650320724,7.720417644076225,True
heldout-known-sd,46,91300046,laplace,joint-map,completed,17.8196642697434,20.0,0.3,False,conditional-laplace,True,13.624632929111506,22.014695610375288,8.390062681263782,True
heldout-known-sd,46,91300046,studentized,joint-map,completed,17.8196642697434,20.0,0.3,False,conditional-bounded-normal-curvature,True,14.519902552602314,23.157614761454948,8.637712208852633,True
heldout-known-sd,47,91300047,laplace,marginal,completed,21.53545047697651,20.0,0.3,False,conditional-laplace,True,15.384002812127434,27.686898141825584,12.30289532969815,True
heldout-known-sd,47,91300047,studentized,marginal,completed,21.53545047697651,20.0,0.3,False,conditional-bounded-normal-curvature,True,16.647212859557705,29.19077549585557,12.543562636297864,True
heldout-known-sd,48,91300048,laplace,marginal,completed,20.510584070656243,20.0,0.3,False,conditional-laplace,True,14.913994463263354,26.10717367804913,11.193179214785776,True
heldout-known-sd,48,91300048,studentized,marginal,completed,20.510584070656243,20.0,0.3,False,conditional-bounded-normal-curvature,True,16.072858460756084,27.514427139945543,11.441568679189462,True
heldout-known-sd,49,91300049,laplace,joint-map,completed,18.49227518221925,20.0,0.3,False,conditional-laplace,True,13.972349146958315,23.012201217480182,9.03985207052187,True
heldout-known-sd,49,91300049,studentized,joint-map,completed,18.49227518221925,20.0,0.3,False,conditional-bounded-normal-curvature,True,14.924880966991978,24.212073048911066,9.287192081919088,True
heldout-known-sd,50,91300050,laplace,joint-map,completed,18.08888935990296,20.0,0.3,False,conditional-laplace,True,13.772733202948512,22.405045516857413,8.632312313908901,True
heldout-known-sd,50,91300050,studentized,joint-map,completed,18.08888935990296,20.0,0.3,False,conditional-bounded-normal-curvature,True,14.687475623386918,23.566018754362908,8.87854313097599,True
heldout-known-sd,51,91300051,laplace,joint-map,completed,20.535373272567767,20.0,0.3,False,conditional-laplace,True,14.943382638556812,26.12736390657872,11.18398126802191,True
heldout-known-sd,51,91300051,studentized,joint-map,completed,20.535373272567767,20.0,0.3,False,conditional-bounded-normal-curvature,True,16.097783389943036,27.52772321129231,11.429939821349276,True
heldout-known-sd,52,91300052,laplace,marginal,completed,20.09804788292032,20.0,0.3,False,conditional-laplace,True,14.700120706118753,25.49597505972189,10.795854353603138,True
heldout-known-sd,52,91300052,studentized,marginal,completed,20.09804788292032,20.0,0.3,False,conditional-bounded-normal-curvature,True,15.825939125658287,26.87482656805228,11.048887442393994,True
heldout-known-sd,53,91300053,laplace,joint-map,completed,21.39869228469036,20.0,0.3,False,conditional-laplace,True,15.349108030116838,27.448276539263887,12.099168509147049,True
heldout-known-sd,53,91300053,studentized,joint-map,completed,21.39869228469036,20.0,0.3,False,conditional-bounded-normal-curvature,True,16.58776227812878,28.925803551507595,12.338041273378815,True
heldout-known-sd,54,91300054,laplace,joint-map,completed,22.316056723585906,20.0,0.3,False,conditional-laplace,True,15.78718486962753,28.84492857754428,13.05774370791675,True
heldout-known-sd,54,91300054,studentized,joint-map,completed,22.316056723585906,20.0,0.3,False,conditional-bounded-normal-curvature,True,17.110738886958345,30.394313616709127,13.283574729750782,True
heldout-known-sd,55,91300055,laplace,joint-map,completed,20.614231252527876,20.0,0.3,False,conditional-laplace,True,14.93814294316756,26.290319561888182,11.35217661872062,True
heldout-known-sd,55,91300055,studentized,joint-map,completed,20.614231252527876,20.0,0.3,False,conditional-bounded-normal-curvature,True,16.116803869604297,27.71988930640849,11.603085436804191,True
heldout-known-sd,56,91300056,laplace,marginal,completed,19.530621125024897,20.0,0.3,False,conditional-laplace,True,14.439949668846369,24.621292581203427,10.18134291235706,True
heldout-known-sd,56,91300056,studentized,marginal,completed,19.530621125024897,20.0,0.3,False,conditional-bounded-normal-curvature,True,15.50638557422966,25.941020047468623,10.434634473238969,True
heldout-known-sd,57,91300057,laplace,marginal,completed,17.07514389801235,20.0,0.3,False,conditional-laplace,True,13.27545471335484,20.87483308266986,7.599378369315019,True
heldout-known-sd,57,91300057,studentized,marginal,completed,17.07514389801235,20.0,0.3,False,conditional-bounded-normal-curvature,True,14.09210761114553,21.930735261003534,7.838627649858004,True
heldout-known-sd,58,91300058,laplace,marginal,completed,16.73085327057612,20.0,0.3,False,conditional-laplace,True,13.110616005671956,20.351090535480285,7.2404745298083295,True
heldout-known-sd,58,91300058,studentized,marginal,completed,16.73085327057612,20.0,0.3,False,conditional-bounded-normal-curvature,True,13.891886599050888,21.36734072387928,7.475454124828392,True
heldout-known-sd,59,91300059,laplace,joint-map,completed,16.86557945029779,20.0,0.3,False,conditional-laplace,True,13.1848815833264,20.54627731726918,7.361395733942778,True
heldout-known-sd,59,91300059,studentized,joint-map,completed,16.86557945029779,20.0,0.3,False,conditional-bounded-normal-curvature,True,13.976109294894192,21.572374509953143,7.596265215058951,True
heldout-known-sd,60,91300060,laplace,joint-map,completed,18.5055197569052,20.0,0.3,False,conditional-laplace,True,13.943398860754437,23.06764065305596,9.124241792301524,True
heldout-known-sd,60,91300060,studentized,joint-map,completed,18.5055197569052,20.0,0.3,False,conditional-bounded-normal-curvature,True,14.911221458271989,24.28859160523257,9.37737014696058,True
heldout-known-sd,61,91300061,laplace,joint-map,completed,19.194566406022027,20.0,0.3,False,conditional-laplace,True,14.3092249106396,24.079907901404454,9.770682990764854,True
heldout-known-sd,61,91300061,studentized,joint-map,completed,19.194566406022027,20.0,0.3,False,conditional-bounded-normal-curvature,True,15.330959483301466,25.350646916960947,10.01968743365948,True
heldout-known-sd,62,91300062,laplace,marginal,completed,15.003120965147971,20.0,0.3,False,conditional-laplace,True,12.279414018486364,17.72682791180958,5.447413893323214,False
heldout-known-sd,62,91300062,studentized,marginal,completed,15.003120965147971,20.0,0.3,False,conditional-bounded-normal-curvature,True,12.881386412298554,18.5341646019789,5.652778189680348,False
heldout-known-sd,63,91300063,laplace,marginal,completed,15.745134752126257,20.0,0.3,False,conditional-laplace,True,12.623150730511409,18.867118773741105,6.243968043229696,False
heldout-known-sd,63,91300063,studentized,marginal,completed,15.745134752126257,20.0,0.3,False,conditional-bounded-normal-curvature,True,13.308182553321188,19.77484075822708,6.466658204905894,False
heldout-known-sd,64,91300064,laplace,joint-map,completed,22.395084536062416,20.0,0.3,False,conditional-laplace,True,15.812352196215516,28.97781687590932,13.165464679693804,True
heldout-known-sd,64,91300064,studentized,joint-map,completed,22.395084536062416,20.0,0.3,False,conditional-bounded-normal-curvature,True,17.147952733452478,30.53913995965728,13.3911872262048,True
heldout-known-sd,65,91300065,laplace,marginal,completed,22.358507202882944,20.0,0.3,False,conditional-laplace,True,15.755827605927555,28.96118679983833,13.205359193910772,True
heldout-known-sd,65,91300065,studentized,marginal,completed,22.358507202882944,20.0,0.3,False,conditional-bounded-normal-curvature,True,17.103142728385286,30.53876412351491,13.435621395129624,True
heldout-known-sd,66,91300066,laplace,marginal,completed,19.160031125011862,20.0,0.3,False,conditional-laplace,True,14.255536966024094,24.064525283999632,9.80898831797554,True
heldout-known-sd,66,91300066,studentized,marginal,completed,19.160031125011862,20.0,0.3,False,conditional-bounded-normal-curvature,True,15.288511456917892,25.35210853622076,10.06359707930287,True
heldout-known-sd,67,91300067,laplace,joint-map,completed,17.116313753238185,20.0,0.3,False,conditional-laplace,True,13.295527143474082,20.93710036300229,7.641573219528212,True
heldout-known-sd,67,91300067,studentized,joint-map,completed,17.116313753238185,20.0,0.3,False,conditional-bounded-normal-curvature,True,14.11625082034174,21.997475752506297,7.881224932164558,True
heldout-known-sd,68,91300068,laplace,joint-map,completed,17.786004545912924,20.0,0.3,False,conditional-laplace,True,13.640522125812303,21.931486966013548,8.290964840201244,True
heldout-known-sd,68,91300068,studentized,joint-map,completed,17.786004545912924,20.0,0.3,False,conditional-bounded-normal-curvature,True,14.519666071401398,23.05246069251556,8.532794621114162,True
heldout-known-sd,69,91300069,laplace,joint-map,completed,18.146971857958903,20.0,0.3,False,conditional-laplace,True,13.791667353635324,22.502276362282487,8.710609008647163,True
heldout-known-sd,69,91300069,studentized,joint-map,completed,18.146971857958903,20.0,0.3,False,conditional-bounded-normal-curvature,True,14.715759722246464,23.674453258652697,8.958693536406233,True
heldout-known-sd,70,91300070,laplace,joint-map,completed,20.4035964397721,20.0,0.3,False,conditional-laplace,True,14.893722245941747,25.913470633602454,11.01974838766071,True
heldout-known-sd,70,91300070,studentized,joint-map,completed,20.4035964397721,20.0,0.3,False,conditional-bounded-normal-curvature,True,16.030338281771247,27.295146214069888,11.26480793229864,True
heldout-known-sd,71,91300071,laplace,joint-map,completed,18.9452773591132,20.0,0.3,False,conditional-laplace,True,14.180659328160488,23.70989539006591,9.529236061905422,True
heldout-known-sd,71,91300071,studentized,joint-map,completed,18.9452773591132,20.0,0.3,False,conditional-bounded-normal-curvature,True,15.18148511657134,24.96082185575001,9.779336739178673,True
heldout-known-sd,72,91300072,laplace,joint-map,completed,21.20734511537984,20.0,0.3,False,conditional-laplace,True,15.28641881308256,27.128271417677112,11.841852604594552,True
heldout-known-sd,72,91300072,studentized,joint-map,completed,21.20734511537984,20.0,0.3,False,conditional-bounded-normal-curvature,True,16.496025332698995,28.57550533976766,12.079480007068664,True
heldout-known-sd,73,91300073,laplace,joint-map,completed,19.889237831941404,20.0,0.3,False,conditional-laplace,True,14.62910945482058,25.14936620906223,10.52025675424165,True
heldout-known-sd,73,91300073,studentized,joint-map,completed,19.889237831941404,20.0,0.3,False,conditional-bounded-normal-curvature,True,15.72347002100142,26.493626206214728,10.770156185213308,True
heldout-known-sd,74,91300074,laplace,marginal,completed,16.69512413356769,20.0,0.3,False,conditional-laplace,True,13.082429492568128,20.30781877456725,7.225389281999121,True
heldout-known-sd,74,91300074,studentized,marginal,completed,16.69512413356769,20.0,0.3,False,conditional-bounded-normal-curvature,True,13.864476990678398,21.32651676557394,7.46203977489554,True
heldout-known-sd,75,91300075,laplace,joint-map,completed,18.950295909931217,20.0,0.3,False,conditional-laplace,True,14.186501797618178,23.714090022244253,9.527588224626076,True
heldout-known-sd,75,91300075,studentized,joint-map,completed,18.950295909931217,20.0,0.3,False,conditional-bounded-normal-curvature,True,15.186468339661731,24.963635531683703,9.77716719202197,True
heldout-known-sd,76,91300076,laplace,marginal,completed,16.952682129902477,20.0,0.3,False,conditional-laplace,True,13.21275627732315,20.692607982481803,7.479851705158653,True
heldout-known-sd,76,91300076,studentized,marginal,completed,16.952682129902477,20.0,0.3,False,conditional-bounded-normal-curvature,True,14.018482758234128,21.736903855218344,7.718421096984215,True
heldout-known-sd,77,91300077,laplace,joint-map,completed,25.236644640154186,20.0,0.3,False,conditional-laplace,True,17.17390291241244,33.299386367895934,16.125483455483494,True
heldout-known-sd,77,91300077,studentized,joint-map,completed,25.236644640154186,20.0,0.3,False,conditional-bounded-normal-curvature,True,18.75664807867261,35.03428818679004,16.277640108117428,True
heldout-known-sd,78,91300078,laplace,marginal,completed,16.282561398416856,20.0,0.3,False,conditional-laplace,True,12.886397508402904,19.67872528843081,6.792327780027909,False
heldout-known-sd,78,91300078,studentized,marginal,completed,16.282561398416856,20.0,0.3,False,conditional-bounded-normal-curvature,True,13.625130547329167,20.647896377226324,7.022765829897157,True
heldout-known-sd,79,91300079,laplace,joint-map,completed,20.03315337264041,20.0,0.3,False,conditional-laplace,True,14.685232481627754,25.381074263653066,10.695841782025308,True
heldout-known-sd,79,91300079,studentized,joint-map,completed,20.03315337264041,20.0,0.3,False,conditional-bounded-normal-curvature,True,15.798470866976968,26.745426218077487,10.94695535110052,True
heldout-known-sd,80,91300080,laplace,marginal,completed,21.974223624112497,20.0,0.3,False,conditional-laplace,True,15.619017500385954,28.329429747839043,12.710412247453087,True
heldout-known-sd,80,91300080,studentized,marginal,completed,21.974223624112497,20.0,0.3,False,conditional-bounded-normal-curvature,True,16.913070084980852,29.85525341602452,12.942183331043667,True
heldout-known-sd,81,91300081,laplace,marginal,completed,16.493031680979907,20.0,0.3,False,conditional-laplace,True,12.988691161586916,19.9973722003729,7.008681038785985,False
heldout-known-sd,81,91300081,studentized,marginal,completed,16.493031680979907,20.0,0.3,False,conditional-bounded-normal-curvature,True,13.748638692210706,20.99058547045854,7.241946778247835,True
heldout-known-sd,82,91300082,laplace,marginal,completed,20.52614415363285,20.0,0.3,False,conditional-laplace,True,14.923365947598777,26.12892235966692,11.205556412068145,True
heldout-known-sd,82,91300082,studentized,marginal,completed,20.52614415363285,20.0,0.3,False,conditional-bounded-normal-curvature,True,16.082961439343933,27.5365497741444,11.453588334800468,True
heldout-known-sd,83,91300083,laplace,marginal,completed,16.41729825344335,20.0,0.3,False,conditional-laplace,True,12.948156878163813,19.886439628722886,6.938282750559074,False
heldout-known-sd,83,91300083,studentized,marginal,completed,16.41729825344335,20.0,0.3,False,conditional-bounded-normal-curvature,True,13.701986261055206,20.87328499714034,7.171298736085133,True
heldout-known-sd,84,91300084,laplace,joint-map,completed,23.62827964346133,20.0,0.3,False,conditional-laplace,True,16.385717071186217,30.87084221573644,14.485125144550224,True
heldout-known-sd,84,91300084,studentized,joint-map,completed,23.62827964346133,20.0,0.3,False,conditional-bounded-normal-curvature,True,17.83781686439393,32.52390648960494,14.686089625211013,True
heldout-known-sd,85,91300085,laplace,joint-map,completed,18.69020857483333,20.0,0.3,False,conditional-laplace,True,14.06268580919571,23.317731340470964,9.255045531275254,True
heldout-known-sd,85,91300085,studentized,joint-map,completed,18.69020857483333,20.0,0.3,False,conditional-bounded-normal-curvature,True,15.036643294547344,24.540493162890485,9.50384986834314,True
heldout-known-sd,86,91300086,laplace,joint-map,completed,23.82530434614146,20.0,0.3,False,conditional-laplace,True,16.52390391689275,31.126704775390174,14.602800858497424,True
heldout-known-sd,86,91300086,studentized,joint-map,completed,23.82530434614146,20.0,0.3,False,conditional-bounded-normal-curvature,True,17.976557921263478,32.77197763562798,14.7954197143645,True
heldout-known-sd,87,91300087,laplace,joint-map,completed,16.526416317741027,20.0,0.3,False,conditional-laplace,True,13.019755255604588,20.033077379877465,7.013322124272877,True
heldout-known-sd,87,91300087,studentized,joint-map,completed,16.526416317741027,20.0,0.3,False,conditional-bounded-normal-curvature,True,13.77708238297356,21.021185167010405,7.244102784036844,True
heldout-known-sd,88,91300088,laplace,joint-map,completed,24.84925297134606,20.0,0.3,False,conditional-laplace,True,16.988376465636666,32.71012947705546,15.721753011418794,True
heldout-known-sd,88,91300088,studentized,joint-map,completed,24.84925297134606,20.0,0.3,False,conditional-bounded-normal-curvature,True,18.538644093363143,34.42537115856322,15.886727065200075,True
heldout-known-sd,89,91300089,laplace,joint-map,completed,24.45974318551184,20.0,0.3,False,conditional-laplace,True,16.80880182064682,32.11068455037686,15.30188272973004,True
heldout-known-sd,89,91300089,studentized,joint-map,completed,24.45974318551184,20.0,0.3,False,conditional-bounded-normal-curvature,True,18.32337244454169,33.80176345552678,15.478391010985092,True
heldout-known-sd,90,91300090,laplace,marginal,completed,17.95604878877476,20.0,0.3,False,conditional-laplace,True,13.686841552942347,22.22525602460717,8.538414471664819,True
heldout-known-sd,90,91300090,studentized,marginal,completed,17.95604878877476,20.0,0.3,False,conditional-bounded-normal-curvature,True,14.597087999658989,23.384659775918823,8.787571776259835,True
heldout-known-sd,91,91300091,laplace,joint-map,completed,19.99101603585581,20.0,0.3,False,conditional-laplace,True,14.69005759038282,25.291974481328808,10.601916890945986,True
heldout-known-sd,91,91300091,studentized,joint-map,completed,19.99101603585581,20.0,0.3,False,conditional-bounded-normal-curvature,True,15.789467498558045,26.639237837561566,10.849770339003522,True
heldout-known-sd,92,91300092,laplace,joint-map,completed,20.080317871841167,20.0,0.3,False,conditional-laplace,True,14.731689726210291,25.428946017472043,10.69725629126175,True
heldout-known-sd,92,91300092,studentized,joint-map,completed,20.080317871841167,20.0,0.3,False,conditional-bounded-normal-curvature,True,15.840138768674002,26.78504792221495,10.944909153540948,True
heldout-known-sd,93,91300093,laplace,joint-map,completed,21.17790680433948,20.0,0.3,False,conditional-laplace,True,15.277408894452664,27.078404714226288,11.800995819773624,True
heldout-known-sd,93,91300093,studentized,joint-map,completed,21.17790680433948,20.0,0.3,False,conditional-bounded-normal-curvature,True,16.482295276682713,28.52062126766012,12.038325990977404,True
heldout-known-sd,94,91300094,laplace,joint-map,completed,22.079038767367894,20.0,0.3,False,conditional-laplace,True,15.636139941086252,28.521937593649543,12.88579765256329,True
heldout-known-sd,94,91300094,studentized,joint-map,completed,22.079038767367894,20.0,0.3,False,conditional-bounded-normal-curvature,True,16.95255131936273,30.071953251248967,13.119401931886236,True
heldout-known-sd,95,91300095,laplace,marginal,completed,17.615659175442527,20.0,0.3,False,conditional-laplace,True,13.529484150983349,21.701834199901707,8.172350048918359,True
heldout-known-sd,95,91300095,studentized,marginal,completed,17.615659175442527,20.0,0.3,False,conditional-bounded-normal-curvature,True,14.403114123855731,22.821023466760597,8.41790934290486,True
heldout-known-sd,96,91300096,laplace,joint-map,completed,18.765310775456147,20.0,0.3,False,conditional-laplace,True,14.056160579746958,23.47446097116533,9.418300391418374,True
heldout-known-sd,96,91300096,studentized,joint-map,completed,18.765310775456147,20.0,0.3,False,conditional-bounded-normal-curvature,True,15.054368043785232,24.728438484240066,9.674070440454829,True
heldout-known-sd,97,91300097,laplace,marginal,completed,23.71086401500164,20.0,0.3,False,conditional-laplace,True,16.42674137591308,30.9949866540902,14.56824527817712,True
heldout-known-sd,97,91300097,studentized,marginal,completed,23.71086401500164,20.0,0.3,False,conditional-bounded-normal-curvature,True,17.885499932932984,32.65250839349358,14.767008460560591,True
heldout-known-sd,98,91300098,laplace,joint-map,completed,18.785395697533364,20.0,0.3,False,conditional-laplace,True,14.097678520840534,23.4731128742262,9.375434353385662,True
heldout-known-sd,98,91300098,studentized,joint-map,completed,18.785395697533364,20.0,0.3,False,conditional-bounded-normal-curvature,True,15.08524288204724,24.711430530319888,9.626187648272648,True
heldout-known-sd,99,91300099,laplace,joint-map,completed,21.08085210581528,20.0,0.3,False,conditional-laplace,True,15.209921437494504,26.951782774136063,11.74186133664156,True
heldout-known-sd,99,91300099,studentized,joint-map,completed,21.08085210581528,20.0,0.3,False,conditional-bounded-normal-curvature,True,16.4138170271196,28.39644997365501,11.98263294653541,True
heldout-known-sd,100,91300100,laplace,joint-map,completed,23.626901367937307,20.0,0.3,False,conditional-laplace,True,16.42357049925883,30.830232236615785,14.406661737356956,True
heldout-known-sd,100,91300100,studentized,joint-map,completed,23.626901367937307,20.0,0.3,False,conditional-bounded-normal-curvature,True,17.86089780475247,32.46553119760404,14.604633392851568,True
heldout-known-sd,101,91300101,laplace,joint-map,completed,17.09191502402355,20.0,0.3,False,conditional-laplace,True,13.289601140285468,20.89422890776163,7.6046277674761615,True
heldout-known-sd,101,91300101,studentized,joint-map,completed,17.09191502402355,20.0,0.3,False,conditional-bounded-normal-curvature,True,14.10552190565686,21.948452663751816,7.8429307580949565,True
heldout-known-sd,102,91300102,laplace,joint-map,completed,17.013797004615345,20.0,0.3,False,conditional-laplace,True,13.236798368446088,20.790795640784605,7.553997272338517,True
heldout-known-sd,102,91300102,studentized,joint-map,completed,17.013797004615345,20.0,0.3,False,conditional-bounded-normal-curvature,True,14.050890804156085,21.84516915986736,7.794278355711274,True
heldout-known-sd,103,91300103,laplace,marginal,completed,19.005381020842435,20.0,0.3,False,conditional-laplace,True,14.206864726215665,23.803897315469207,9.597032589253544,True
heldout-known-sd,103,91300103,studentized,marginal,completed,19.005381020842435,20.0,0.3,False,conditional-bounded-normal-curvature,True,15.21462837279682,25.062256191420357,9.847627818623534,True
heldout-known-sd,104,91300104,laplace,joint-map,completed,22.32099582784596,20.0,0.3,False,conditional-laplace,True,15.780631663840389,28.861359991851533,13.080728328011144,True
heldout-known-sd,104,91300104,studentized,joint-map,completed,22.32099582784596,20.0,0.3,False,conditional-bounded-normal-curvature,True,17.108060858976785,30.41542637828977,13.30736551931298,True
heldout-known-sd,105,91300105,laplace,joint-map,completed,28.180445250815804,20.0,0.3,False,conditional-laplace,True,18.583455849687617,37.77743465194399,19.19397880225637,True
heldout-known-sd,105,91300105,studentized,joint-map,completed,28.180445250815804,20.0,0.3,False,conditional-bounded-normal-curvature,True,20.39905618780296,39.61798494672488,19.21892875892192,False
heldout-known-sd,106,91300106,laplace,joint-map,completed,18.50678306562934,20.0,0.3,False,conditional-laplace,True,13.971234682546704,23.042331448711973,9.07109676616527,True
heldout-known-sd,106,91300106,studentized,joint-map,completed,18.50678306562934,20.0,0.3,False,conditional-bounded-normal-curvature,True,14.928395060707135,24.24819610144469,9.319801040737556,True
heldout-known-sd,107,91300107,laplace,joint-map,completed,18.03023877091396,20.0,0.3,False,conditional-laplace,True,13.7400954104727,22.320382131355213,8.580286720882514,True
heldout-known-sd,107,91300107,studentized,joint-map,completed,18.03023877091396,20.0,0.3,False,conditional-bounded-normal-curvature,True,14.650751539140924,23.47765699394344,8.826905454802517,True
heldout-known-sd,108,91300108,laplace,joint-map,completed,17.233515317206145,20.0,0.3,False,conditional-laplace,True,13.340472062925585,21.126558571486704,7.786086508561121,True
heldout-known-sd,108,91300108,studentized,joint-map,completed,17.233515317206145,20.0,0.3,False,conditional-bounded-normal-curvature,True,14.177653290766727,22.20674144022428,8.029088149457554,True
heldout-known-sd,109,91300109,laplace,marginal,completed,16.635026669379712,20.0,0.3,False,conditional-laplace,True,13.039461872650948,20.23059146610848,7.19112959345753,True
heldout-known-sd,109,91300109,studentized,marginal,completed,16.635026669379712,20.0,0.3,False,conditional-bounded-normal-curvature,True,13.821043175185268,21.25080336427388,7.42976018908861,True
heldout-known-sd,110,91300110,laplace,joint-map,completed,19.097739611638985,20.0,0.3,False,conditional-laplace,True,14.24296974588129,23.952509477396685,9.709539731515395,True
heldout-known-sd,110,91300110,studentized,joint-map,completed,19.097739611638985,20.0,0.3,False,conditional-bounded-normal-curvature,True,15.263018716913246,25.224501591358436,9.961482874445188,True
heldout-known-sd,111,91300111,laplace,marginal,completed,21.272428232684447,20.0,0.3,False,conditional-laplace,True,15.227030161414774,27.31782630395412,12.090796142539348,True
heldout-known-sd,111,91300111,studentized,marginal,completed,21.272428232684447,20.0,0.3,False,conditional-bounded-normal-curvature,True,16.477856988979433,28.81622623716336,12.338369248183923,True
heldout-known-sd,112,91300112,laplace,marginal,completed,18.767355414389588,20.0,0.3,False,conditional-laplace,True,14.051777885809791,23.482932942969388,9.431155057159597,True
heldout-known-sd,112,91300112,studentized,marginal,completed,18.767355414389588,20.0,0.3,False,conditional-bounded-normal-curvature,True,15.052317206501186,24.740104956725748,9.687787750224562,True
heldout-known-sd,113,91300113,laplace,marginal,completed,20.73243406240193,20.0,0.3,False,conditional-laplace,True,15.009367978908584,26.45550014589528,11.446132166986692,True
heldout-known-sd,113,91300113,studentized,marginal,completed,20.73243406240193,20.0,0.3,False,conditional-bounded-normal-curvature,True,16.193515101396862,27.887722515175724,11.694207413778862,True
heldout-known-sd,114,91300114,laplace,marginal,completed,20.80888156239613,20.0,0.3,False,conditional-laplace,True,15.016422530408926,26.601340594383345,11.58491806397442,True
heldout-known-sd,114,91300114,studentized,marginal,completed,20.80888156239613,20.0,0.3,False,conditional-bounded-normal-curvature,True,16.219334250793302,28.055385376983835,11.836051126190531,True
heldout-known-sd,115,91300115,laplace,joint-map,completed,20.357820642920505,20.0,0.3,False,conditional-laplace,True,14.838118836088244,25.877522449752767,11.039403613664522,True
heldout-known-sd,115,91300115,studentized,joint-map,completed,20.357820642920505,20.0,0.3,False,conditional-bounded-normal-curvature,True,15.98348558983384,27.27264043765448,11.289154847820642,True
heldout-known-sd,116,91300116,laplace,marginal,completed,18.03854083267983,20.0,0.3,False,conditional-laplace,True,13.686414515483683,22.390667149875974,8.704252634392288,True
heldout-known-sd,116,91300116,studentized,marginal,completed,18.03854083267983,20.0,0.3,False,conditional-bounded-normal-curvature,True,14.620913717668206,23.581752134025358,8.960838416357149,True
heldout-known-sd,117,91300117,laplace,marginal,completed,17.85740884927154,20.0,0.3,False,conditional-laplace,True,13.639524022316706,22.075293676226373,8.435769653909666,True
heldout-known-sd,117,91300117,studentized,marginal,completed,17.85740884927154,20.0,0.3,False,conditional-bounded-normal-curvature,True,14.539869774890056,23.22412215425839,8.684252379368331,True
heldout-known-sd,118,91300118,laplace,joint-map,completed,24.91135116093412,20.0,0.3,False,conditional-laplace,True,17.0267045864746,32.795997735393634,15.769293148919033,True
heldout-known-sd,118,91300118,studentized,joint-map,completed,24.91135116093412,20.0,0.3,False,conditional-bounded-normal-curvature,True,18.57897379380397,34.51075261555636,15.931778821752392,True
heldout-known-sd,119,91300119,laplace,marginal,completed,21.11665902550708,20.0,0.3,False,conditional-laplace,True,15.207693437076411,27.025624613937744,11.81793117686133,True
heldout-known-sd,119,91300119,studentized,marginal,completed,21.11665902550708,20.0,0.3,False,conditional-bounded-normal-curvature,True,16.42245515262088,28.483112668069865,12.060657515448984,True
heldout-known-sd,120,91300120,laplace,joint-map,completed,26.583545810402214,20.0,0.3,False,conditional-laplace,True,17.814334115953265,35.35275750485116,17.538423388897897,True
heldout-known-sd,120,91300120,studentized,joint-map,completed,26.583545810402214,20.0,0.3,False,conditional-bounded-normal-curvature,True,19.50844622289105,37.14756329656215,17.639117073671095,True
heldout-known-sd,121,91300121,laplace,joint-map,completed,28.575958959459964,20.0,0.3,False,conditional-laplace,True,18.76529235998994,38.38662555892999,19.621333198940054,True
heldout-known-sd,121,91300121,studentized,joint-map,completed,28.575958959459964,20.0,0.3,False,conditional-bounded-normal-curvature,True,20.61293245163224,40.23800323288632,19.625070781254077,False
heldout-known-sd,122,91300122,laplace,joint-map,completed,17.4639474497163,20.0,0.3,False,conditional-laplace,True,13.473225133885103,21.454669765547493,7.98144463166239,True
heldout-known-sd,122,91300122,studentized,joint-map,completed,17.4639474497163,20.0,0.3,False,conditional-bounded-normal-curvature,True,14.324919451562112,22.54761169033881,8.222692238776698,True
heldout-known-sd,123,91300123,laplace,marginal,completed,19.373732646787275,20.0,0.3,False,conditional-laplace,True,14.372429107123253,24.375036186451293,10.00260707932804,True
heldout-known-sd,123,91300123,studentized,marginal,completed,19.373732646787275,20.0,0.3,False,conditional-bounded-normal-curvature,True,15.420579169334898,25.6755484563857,10.254969287050804,True
heldout-known-sd,124,91300124,laplace,joint-map,completed,19.154346788135094,20.0,0.3,False,conditional-laplace,True,14.275150636442469,24.03354293982772,9.758392303385254,True
heldout-known-sd,124,91300124,studentized,joint-map,completed,19.154346788135094,20.0,0.3,False,conditional-bounded-normal-curvature,True,15.298760724588618,25.30836458736495,10.00960386277633,True
heldout-known-sd,125,91300125,laplace,joint-map,completed,21.42296353196614,20.0,0.3,False,conditional-laplace,True,15.35008855496567,27.495838508966614,12.145749954000944,True
heldout-known-sd,125,91300125,studentized,joint-map,completed,21.42296353196614,20.0,0.3,False,conditional-bounded-normal-curvature,True,16.59511977707457,28.980673372083672,12.385553595009103,True
heldout-known-sd,126,91300126,laplace,marginal,completed,19.395983956266782,20.0,0.3,False,conditional-laplace,True,14.373353617655829,24.41861429487774,10.045260677221911,True
heldout-known-sd,126,91300126,studentized,marginal,completed,19.395983956266782,20.0,0.3,False,conditional-bounded-normal-curvature,True,15.42750637941844,25.72655305393621,10.299046674517774,True
heldout-known-sd,127,91300127,laplace,marginal,completed,19.877729599617567,20.0,0.3,False,conditional-laplace,True,14.603541138585149,25.151918060649983,10.548376922064836,True
heldout-known-sd,127,91300127,studentized,marginal,completed,19.877729599617567,20.0,0.3,False,conditional-bounded-normal-curvature,True,15.704648509978504,26.50576882997994,10.801120320001436,True
heldout-known-sd,128,91300128,laplace,joint-map,completed,18.035213579658265,20.0,0.3,False,conditional-laplace,True,13.73843518162893,22.3319919776876,8.593556796058671,True
heldout-known-sd,128,91300128,studentized,joint-map,completed,18.035213579658265,20.0,0.3,False,conditional-bounded-normal-curvature,True,14.651196596812792,23.49209199887824,8.840895402065446,True
heldout-known-sd,129,91300129,laplace,joint-map,completed,21.750672781347333,20.0,0.3,False,conditional-laplace,True,15.541249764694534,27.960095798000133,12.4188460333056,True
heldout-known-sd,129,91300129,studentized,joint-map,completed,21.750672781347333,20.0,0.3,False,conditional-bounded-normal-curvature,True,16.803454415626568,29.45412424458409,12.650669828957522,True
heldout-known-sd,130,91300130,laplace,joint-map,completed,29.485933350408104,20.0,0.3,False,conditional-laplace,True,19.19733103591645,39.77453566489976,20.57720462898331,True
heldout-known-sd,130,91300130,studentized,joint-map,completed,29.485933350408104,20.0,0.3,False,conditional-bounded-normal-curvature,True,21.11174791415914,41.63998411002615,20.52823619586701,False
heldout-known-sd,131,91300131,laplace,joint-map,completed,23.030153574291145,20.0,0.3,False,conditional-laplace,True,16.12029473314574,29.940012415436552,13.819717682290811,True
heldout-known-sd,131,91300131,studentized,joint-map,completed,23.030153574291145,20.0,0.3,False,conditional-bounded-normal-curvature,True,17.51153435393554,31.544285817141706,14.032751463206164,True
heldout-known-sd,132,91300132,laplace,marginal,completed,21.76342976862721,20.0,0.3,False,conditional-laplace,True,15.502948158482392,28.023911378772038,12.52096322028964,True
heldout-known-sd,132,91300132,studentized,marginal,completed,21.76342976862721,20.0,0.3,False,conditional-bounded-normal-curvature,True,16.783451444887852,29.540893972077924,12.757442527190072,True
heldout-known-sd,133,91300133,laplace,marginal,completed,21.233609121466507,20.0,0.3,False,conditional-laplace,True,15.247392119832387,27.219826123100624,11.972434003268235,True
heldout-known-sd,133,91300133,studentized,marginal,completed,21.233609121466507,20.0,0.3,False,conditional-bounded-normal-curvature,True,16.479429408719692,28.695270410933457,12.215841002213764,True
heldout-known-sd,134,91300134,laplace,joint-map,completed,19.49600843968124,20.0,0.3,False,conditional-laplace,True,14.451783723372364,24.54023315599011,10.088449432617743,True
heldout-known-sd,134,91300134,studentized,joint-map,completed,19.49600843968124,20.0,0.3,False,conditional-bounded-normal-curvature,True,15.503698191894028,25.84135217693966,10.337653985045634,True
heldout-known-sd,135,91300135,laplace,joint-map,completed,19.797250033517347,20.0,0.3,False,conditional-laplace,True,14.575923029090925,25.01857703794377,10.442654008852848,True
heldout-known-sd,135,91300135,studentized,joint-map,completed,19.797250033517347,20.0,0.3,False,conditional-bounded-normal-curvature,True,15.664970219330511,26.35909742317761,10.694127203847096,True
heldout-known-sd,136,91300136,laplace,joint-map,completed,24.72162857945216,20.0,0.3,False,conditional-laplace,True,16.9231005882135,32.520156570690816,15.597055982477317,True
heldout-known-sd,136,91300136,studentized,joint-map,completed,24.72162857945216,20.0,0.3,False,conditional-bounded-normal-curvature,True,18.464146367349237,34.23045534773663,15.766308980387397,True
heldout-known-sd,137,91300137,laplace,marginal,completed,26.49628048067056,20.0,0.3,False,conditional-laplace,True,17.73441709278062,35.258143868560495,17.523726775779874,True
heldout-known-sd,137,91300137,studentized,marginal,completed,26.49628048067056,20.0,0.3,False,conditional-bounded-normal-curvature,True,19.435779609794807,37.06508964537501,17.629310035580204,True
heldout-known-sd,138,91300138,laplace,marginal,completed,16.317819223552082,20.0,0.3,False,conditional-laplace,True,12.903851021245764,19.7317874258584,6.827936404612636,False
heldout-known-sd,138,91300138,studentized,marginal,completed,16.317819223552082,20.0,0.3,False,conditional-bounded-normal-curvature,True,13.646015183251931,20.704814380675717,7.058799197423781,True
heldout-known-sd,139,91300139,laplace,joint-map,completed,19.12702008688282,20.0,0.3,False,conditional-laplace,True,14.262244472223706,23.99179570154193,9.729551229318222,True
heldout-known-sd,139,91300139,studentized,joint-map,completed,19.12702008688282,20.0,0.3,False,conditional-bounded-normal-curvature,True,15.283100782365644,25.26381816322672,9.980717380861073,True
heldout-known-sd,140,91300140,laplace,joint-map,completed,22.21932679369301,20.0,0.3,False,conditional-laplace,True,15.748357194898263,28.690296392487767,12.941939197589504,True
heldout-known-sd,140,91300140,studentized,joint-map,completed,22.21932679369301,20.0,0.3,False,conditional-bounded-normal-curvature,True,17.0602262647123,30.22885281809806,13.16862655338576,True
heldout-known-sd,141,91300141,laplace,marginal,completed,16.469732060141304,20.0,0.3,False,conditional-laplace,True,12.963060995424748,19.97640312485786,7.013342129433113,False
heldout-known-sd,141,91300141,studentized,marginal,completed,16.469732060141304,20.0,0.3,False,conditional-bounded-normal-curvature,True,13.726450101089888,20.97560300167471,7.249152900584823,True
heldout-known-sd,142,91300142,laplace,joint-map,completed,23.526286661518785,20.0,0.3,False,conditional-laplace,True,16.34207978209057,30.710493540947,14.36841375885643,True
heldout-known-sd,142,91300142,studentized,joint-map,completed,23.526286661518785,20.0,0.3,False,conditional-bounded-normal-curvature,True,17.78325135441883,32.35473250490168,14.571481150482851,True
heldout-known-sd,143,91300143,laplace,joint-map,completed,20.672126358782258,20.0,0.3,False,conditional-laplace,True,15.0185240323834,26.32572868518111,11.307204652797711,True
heldout-known-sd,143,91300143,studentized,joint-map,completed,20.672126358782258,20.0,0.3,False,conditional-bounded-normal-curvature,True,16.182166039335314,27.733126931983957,11.55096089264864,True
heldout-known-sd,144,91300144,laplace,joint-map,completed,24.120974776345705,20.0,0.3,False,conditional-laplace,True,16.686837548430397,31.55511200426101,14.868274455830612,True
heldout-known-sd,144,91300144,studentized,joint-map,completed,24.120974776345705,20.0,0.3,False,conditional-bounded-normal-curvature,True,18.1570972939738,33.20871315247604,15.051615858502236,True
heldout-known-sd,145,91300145,laplace,marginal,completed,17.735160144925118,20.0,0.3,False,conditional-laplace,True,13.586890200356605,21.88343008949364,8.296539889137032,True
heldout-known-sd,145,91300145,studentized,marginal,completed,17.735160144925118,20.0,0.3,False,conditional-bounded-normal-curvature,True,14.472540330058086,23.01559870347898,8.543058373420893,True
heldout-known-sd,146,91300146,laplace,joint-map,completed,21.427730941509942,20.0,0.3,False,conditional-laplace,True,15.38916602207012,27.46629586094977,12.07712983887965,True
heldout-known-sd,146,91300146,studentized,joint-map,completed,21.427730941509942,20.0,0.3,False,conditional-bounded-normal-curvature,True,16.620431073654057,28.93311524640989,12.312684172755835,True
heldout-known-sd,147,91300147,laplace,joint-map,completed,21.81133628152137,20.0,0.3,False,conditional-laplace,True,15.55356505684218,28.06910750620056,12.515542449358374,True
heldout-known-sd,147,91300147,studentized,joint-map,completed,21.81133628152137,20.0,0.3,False,conditional-bounded-normal-curvature,True,16.827805596438672,29.576149285889592,12.74834368945092,True
heldout-known-sd,148,91300148,laplace,marginal,completed,16.580484655691464,20.0,0.3,False,conditional-laplace,True,13.04078795075821,20.120181360624724,7.079393409866514,True
heldout-known-sd,148,91300148,studentized,marginal,completed,16.580484655691464,20.0,0.3,False,conditional-bounded-normal-curvature,True,13.805661883450815,21.117556171027253,7.311894287576436,True
heldout-known-sd,149,91300149,laplace,joint-map,completed,20.532452379368205,20.0,0.3,False,conditional-laplace,True,14.93236602054981,26.1325387381866,11.20017271763679,True
heldout-known-sd,149,91300149,studentized,joint-map,completed,20.532452379368205,20.0,0.3,False,conditional-bounded-normal-curvature,True,16.090231858827416,27.53762063472042,11.447388775893003,True
heldout-known-sd,150,91300150,laplace,marginal,completed,14.402843823655273,20.0,0.3,False,conditional-laplace,True,11.999907611964158,16.805780035346384,4.805872423382226,False
heldout-known-sd,150,91300150,studentized,marginal,completed,14.402843823655273,20.0,0.3,False,conditional-bounded-normal-curvature,True,12.53451208450764,17.529861205204735,4.995349120697096,False
heldout-known-sd,151,91300151,laplace,joint-map,completed,21.317962288971778,20.0,0.3,False,conditional-laplace,True,15.313911686674857,27.3220128912687,12.008101204593844,True
heldout-known-sd,151,91300151,studentized,joint-map,completed,21.317962288971778,20.0,0.3,False,conditional-bounded-normal-curvature,True,16.54370072079628,28.79120459330061,12.247503872504325,True
heldout-known-sd,152,91300152,laplace,joint-map,completed,20.230082906658108,20.0,0.3,False,conditional-laplace,True,14.773651319608906,25.686514493707318,10.912863174098408,True
heldout-known-sd,152,91300152,studentized,joint-map,completed,20.230082906658108,20.0,0.3,False,conditional-bounded-normal-curvature,True,15.90809374206454,27.071896373372866,11.163802631308323,True
heldout-known-sd,153,91300153,laplace,joint-map,completed,23.778727513821156,20.0,0.3,False,conditional-laplace,True,16.49837822428106,31.059076803361243,14.560698579080183,True
heldout-known-sd,153,91300153,studentized,joint-map,completed,23.778727513821156,20.0,0.3,False,conditional-bounded-normal-curvature,True,17.94818980040069,32.702930667222255,14.754740866821564,True
heldout-known-sd,154,91300154,laplace,joint-map,completed,22.653709079274613,20.0,0.3,False,conditional-laplace,True,15.943372966531966,29.364045192017254,13.420672225485292,True
heldout-known-sd,154,91300154,studentized,joint-map,completed,22.653709079274613,20.0,0.3,False,conditional-bounded-normal-curvature,True,17.29959818025328,30.940564900699425,13.640966720446144,True
heldout-known-sd,155,91300155,laplace,joint-map,completed,19.384603250932148,20.0,0.3,False,conditional-laplace,True,14.371297439116915,24.39790906274738,10.026611623630464,True
heldout-known-sd,155,91300155,studentized,joint-map,completed,19.384603250932148,20.0,0.3,False,conditional-bounded-normal-curvature,True,15.423002944844455,25.702907784471684,10.279904839627228,True
heldout-known-sd,156,91300156,laplace,marginal,completed,20.74321069754554,20.0,0.3,False,conditional-laplace,True,15.02711972909824,26.45930166599284,11.4321819368946,True
heldout-known-sd,156,91300156,studentized,marginal,completed,20.74321069754554,20.0,0.3,False,conditional-bounded-normal-curvature,True,16.20738211546253,27.885962843096703,11.678580727634175,True
heldout-known-sd,157,91300157,laplace,joint-map,completed,22.464579423905807,20.0,0.3,False,conditional-laplace,True,15.881102407900183,29.048056439911427,13.166954032011242,True
heldout-known-sd,157,91300157,studentized,joint-map,completed,22.464579423905807,20.0,0.3,False,conditional-bounded-normal-curvature,True,17.209405286303785,30.59739501545034,13.387989729146554,True
heldout-known-sd,158,91300158,laplace,marginal,completed,18.66687438934388,20.0,0.3,False,conditional-laplace,True,14.020120415339592,23.31362836334817,9.293507948008576,True
heldout-known-sd,158,91300158,studentized,marginal,completed,18.66687438934388,20.0,0.3,False,conditional-bounded-normal-curvature,True,15.0041795914487,24.551432835619345,9.547253244170646,True
heldout-known-sd,159,91300159,laplace,joint-map,completed,20.543393883209585,20.0,0.3,False,conditional-laplace,True,14.957377996235373,26.1294097701838,11.172031773948426,True
heldout-known-sd,159,91300159,studentized,joint-map,completed,20.543393883209585,20.0,0.3,False,conditional-bounded-normal-curvature,True,16.1085959460036,27.525230778408663,11.416634832405062,True
heldout-known-sd,160,91300160,laplace,joint-map,completed,19.80315836238055,20.0,0.3,False,conditional-laplace,True,14.596386895038131,25.009929829722964,10.41354293468483,True
heldout-known-sd,160,91300160,studentized,joint-map,completed,19.80315836238055,20.0,0.3,False,conditional-bounded-normal-curvature,True,15.67910287576586,26.34162138784539,10.66251851207953,True
heldout-known-sd,161,91300161,laplace,joint-map,completed,24.08249307770761,20.0,0.3,False,conditional-laplace,True,16.629370278065856,31.53561587734937,14.906245599283515,True
heldout-known-sd,161,91300161,studentized,joint-map,completed,24.08249307770761,20.0,0.3,False,conditional-bounded-normal-curvature,True,18.11105334246969,33.2044300059494,15.093376663479706,True
heldout-known-sd,162,91300162,laplace,marginal,completed,18.100259307260774,20.0,0.3,False,conditional-laplace,True,13.763961753983228,22.436556860538328,8.6725951065551,True
heldout-known-sd,162,91300162,studentized,marginal,completed,18.100259307260774,20.0,0.3,False,conditional-bounded-normal-curvature,True,14.685488413766013,23.60678754915483,8.921299135388818,True
heldout-known-sd,163,91300163,laplace,marginal,completed,29.79396353441271,20.0,0.3,False,conditional-laplace,True,19.315913887013764,40.27201318181167,20.9560992947979,True
heldout-known-sd,163,91300163,studentized,marginal,completed,29.79396353441271,20.0,0.3,False,conditional-bounded-normal-curvature,True,21.262309729426896,42.149724542432565,20.88741481300567,False
heldout-known-sd,164,91300164,laplace,marginal,completed,19.72895281308254,20.0,0.3,False,conditional-laplace,True,14.530451325023634,24.927454301141445,10.397002976117813,True
heldout-known-sd,164,91300164,studentized,marginal,completed,19.72895281308254,20.0,0.3,False,conditional-bounded-normal-curvature,True,15.617898348649716,26.268388157002608,10.65048980835289,True
heldout-known-sd,165,91300165,laplace,marginal,completed,16.583085100798222,20.0,0.3,False,conditional-laplace,True,13.006113928495148,20.160056273101297,7.153942344606151,True
heldout-known-sd,165,91300165,studentized,marginal,completed,16.583085100798222,20.0,0.3,False,conditional-bounded-normal-curvature,True,13.785769303629923,21.17932659267023,7.393557289040306,True
heldout-known-sd,166,91300166,laplace,marginal,completed,20.676335216510434,20.0,0.3,False,conditional-laplace,True,14.971611818347869,26.381058614673005,11.409446796325138,True
heldout-known-sd,166,91300166,studentized,marginal,completed,20.676335216510434,20.0,0.3,False,conditional-bounded-normal-curvature,True,16.15470008211025,27.81407299278655,11.6593729106763,True
heldout-known-sd,167,91300167,laplace,joint-map,completed,21.202838221818908,20.0,0.3,False,conditional-laplace,True,15.266558447781108,27.139117995856704,11.872559548075596,True
heldout-known-sd,167,91300167,studentized,joint-map,completed,21.202838221818908,20.0,0.3,False,conditional-bounded-normal-curvature,True,16.482579532827486,28.594885814082765,12.11230628125528,True
heldout-known-sd,168,91300168,laplace,marginal,completed,20.987663065541263,20.0,0.3,False,conditional-laplace,True,15.140644172576694,26.834681958505836,11.694037785929138,True
heldout-known-sd,168,91300168,studentized,marginal,completed,20.987663065541263,20.0,0.3,False,conditional-bounded-normal-curvature,True,16.345341269441022,28.28402837888818,11.93868710944716,True
heldout-known-sd,169,91300169,laplace,marginal,completed,19.23905048675312,20.0,0.3,False,conditional-laplace,True,14.29494085465662,24.183160118849614,9.888219264192994,True
heldout-known-sd,169,91300169,studentized,marginal,completed,19.23905048675312,20.0,0.3,False,conditional-bounded-normal-curvature,True,15.335040770004769,25.477630194857525,10.142589424852757,True
heldout-known-sd,170,91300170,laplace,joint-map,completed,21.745671997658675,20.0,0.3,False,conditional-laplace,True,15.507718334636902,27.98362566068045,12.475907326043547,True
heldout-known-sd,170,91300170,studentized,joint-map,completed,21.745671997658675,20.0,0.3,False,conditional-bounded-normal-curvature,True,16.781455569264025,29.49263969227864,12.711184123014611,True
heldout-known-sd,171,91300171,laplace,marginal,completed,17.558066410046276,20.0,0.3,False,conditional-laplace,True,13.500812447587176,21.615320372505376,8.1145079249182,True
heldout-known-sd,171,91300171,studentized,marginal,completed,17.558066410046276,20.0,0.3,False,conditional-bounded-normal-curvature,True,14.36904082903493,22.72879920380116,8.35975837476623,True
heldout-known-sd,172,91300172,laplace,marginal,completed,16.115602093364217,20.0,0.3,False,conditional-laplace,True,12.81110022016622,19.420103966562216,6.609003746395995,False
heldout-known-sd,172,91300172,studentized,marginal,completed,16.115602093364217,20.0,0.3,False,conditional-bounded-normal-curvature,True,13.530577114690487,20.366427527496462,6.8358504128059785,True
heldout-known-sd,173,91300173,laplace,marginal,completed,26.357316705337954,20.0,0.3,False,conditional-laplace,True,17.634778124761667,35.07985528591425,17.445077161152582,True
heldout-known-sd,173,91300173,studentized,marginal,completed,26.357316705337954,20.0,0.3,False,conditional-bounded-normal-curvature,True,19.33743064498868,36.89507820622201,17.557647561233328,True
heldout-known-sd,174,91300174,laplace,joint-map,completed,23.893678713609145,20.0,0.3,False,conditional-laplace,True,16.509125447833966,31.278231979384326,14.76910653155036,True
heldout-known-sd,174,91300174,studentized,joint-map,completed,23.893678713609145,20.0,0.3,False,conditional-bounded-normal-curvature,True,17.985771684952244,32.94926967001753,14.963497985065285,True
heldout-known-sd,175,91300175,laplace,marginal,completed,18.84230971781204,20.0,0.3,False,conditional-laplace,True,14.136024997635708,23.54859443798837,9.412569440352662,True
heldout-known-sd,175,91300175,studentized,marginal,completed,18.84230971781204,20.0,0.3,False,conditional-bounded-normal-curvature,True,15.124843682898993,24.786570089200232,9.66172640630124,True
heldout-known-sd,176,91300176,laplace,marginal,completed,18.54870530151343,20.0,0.3,False,conditional-laplace,True,13.967529887553772,23.129880715473085,9.162350827919312,True
heldout-known-sd,176,91300176,studentized,marginal,completed,18.54870530151343,20.0,0.3,False,conditional-bounded-normal-curvature,True,14.93827598958582,24.353348767797662,9.415072778211844,True
heldout-known-sd,177,91300177,laplace,joint-map,completed,21.669281824869017,20.0,0.3,False,conditional-laplace,True,15.492943434409302,27.84562021532873,12.352676780919428,True
heldout-known-sd,177,91300177,studentized,joint-map,completed,21.669281824869017,20.0,0.3,False,conditional-bounded-normal-curvature,True,16.75121383017085,29.337806194744136,12.586592364573283,True
heldout-known-sd,178,91300178,laplace,joint-map,completed,19.99136977263337,20.0,0.3,False,conditional-laplace,True,14.708463923356936,25.2742756219098,10.565811698552862,True
heldout-known-sd,178,91300178,studentized,joint-map,completed,19.99136977263337,20.0,0.3,False,conditional-bounded-normal-curvature,True,15.800803616193466,26.611978397987155,10.811174781793689,True
heldout-known-sd,179,91300179,laplace,marginal,completed,18.686009201505943,20.0,0.3,False,conditional-laplace,True,14.054861457447318,23.31715694556457,9.262295488117251,True
heldout-known-sd,179,91300179,studentized,marginal,completed,18.686009201505943,20.0,0.3,False,conditional-bounded-normal-curvature,True,15.030696409724564,24.5427051392042,9.512008729479634,True
heldout-known-sd,180,91300180,laplace,joint-map,completed,19.23442940025286,20.0,0.3,False,conditional-laplace,True,14.314958443220268,24.15390035728546,9.838941914065192,True
heldout-known-sd,180,91300180,studentized,joint-map,completed,19.23442940025286,20.0,0.3,False,conditional-bounded-normal-curvature,True,15.345848418756734,25.43581297171805,10.089964552961316,True
heldout-known-sd,181,91300181,laplace,joint-map,completed,22.670357338963164,20.0,0.3,False,conditional-laplace,True,15.93711500431906,29.40359967360727,13.46648466928821,True
heldout-known-sd,181,91300181,studentized,joint-map,completed,22.670357338963164,20.0,0.3,False,conditional-bounded-normal-curvature,True,17.300296658944923,30.98810083792505,13.687804178980125,True
heldout-known-sd,182,91300182,laplace,joint-map,completed,23.22326582273861,20.0,0.3,False,conditional-laplace,True,16.21458826287497,30.231943382602253,14.017355119727284,True
heldout-known-sd,182,91300182,studentized,joint-map,completed,23.22326582273861,20.0,0.3,False,conditional-bounded-normal-curvature,True,17.622300702344535,31.84833090157794,14.226030199233405,True
heldout-known-sd,183,91300183,laplace,joint-map,completed,20.481046812086507,20.0,0.3,False,conditional-laplace,True,14.918790660704325,26.04330296346869,11.124512302764366,True
heldout-known-sd,183,91300183,studentized,joint-map,completed,20.481046812086507,20.0,0.3,False,conditional-bounded-normal-curvature,True,16.067465907396024,27.438115730174918,11.37064982277889,True
heldout-known-sd,184,91300184,laplace,marginal,completed,16.743880462136094,20.0,0.3,False,conditional-laplace,True,13.12494269455108,20.362818229721107,7.237875535170026,True
heldout-known-sd,184,91300184,studentized,marginal,completed,16.743880462136094,20.0,0.3,False,conditional-bounded-normal-curvature,True,13.904306942749232,21.375780823138637,7.471473880389402,True
heldout-known-sd,185,91300185,laplace,joint-map,completed,19.16520536829814,20.0,0.3,False,conditional-laplace,True,14.279340968724732,24.051069767871542,9.77172879914681,True
heldout-known-sd,185,91300185,studentized,joint-map,completed,19.16520536829814,20.0,0.3,False,conditional-bounded-normal-curvature,True,15.30441405342094,25.327513169461703,10.023099116040765,True
heldout-known-sd,186,91300186,laplace,marginal,completed,18.512320125256625,20.0,0.3,False,conditional-laplace,True,13.963944449684124,23.06069580082912,9.096751351144995,True
heldout-known-sd,186,91300186,studentized,marginal,completed,18.512320125256625,20.0,0.3,False,conditional-bounded-normal-curvature,True,14.925588328625874,24.27267700962293,9.347088680997055,True
heldout-known-sd,187,91300187,laplace,joint-map,completed,21.65750128801193,20.0,0.3,False,conditional-laplace,True,15.493094516321486,27.821908059702373,12.328813543380887,True
heldout-known-sd,187,91300187,studentized,joint-map,completed,21.65750128801193,20.0,0.3,False,conditional-bounded-normal-curvature,True,16.748044514996415,29.310290504148,12.562245989151585,True
heldout-known-sd,188,91300188,laplace,marginal,completed,16.854859357164898,20.0,0.3,False,conditional-laplace,True,13.181520342755933,20.52819837157387,7.346678028817937,True
heldout-known-sd,188,91300188,studentized,marginal,completed,16.854859357164898,20.0,0.3,False,conditional-bounded-normal-curvature,True,13.970935339140206,21.55201007119816,7.581074732057951,True
heldout-known-sd,189,91300189,laplace,joint-map,completed,22.97973182147417,20.0,0.3,False,conditional-laplace,True,16.111721982990158,29.84774165995819,13.73601967696803,True
heldout-known-sd,189,91300189,studentized,joint-map,completed,22.97973182147417,20.0,0.3,False,conditional-bounded-normal-curvature,True,17.492515392149368,31.441245460836463,13.948730068687096,True
heldout-known-sd,190,91300190,laplace,joint-map,completed,28.16821016579632,20.0,0.3,False,conditional-laplace,True,18.61916516451596,37.71725516707668,19.09809000256072,True
heldout-known-sd,190,91300190,studentized,joint-map,completed,28.16821016579632,20.0,0.3,False,conditional-bounded-normal-curvature,True,20.418663749776115,39.5421828712722,19.123519121496088,False
heldout-known-sd,191,91300191,laplace,marginal,completed,17.891443024508376,20.0,0.3,False,conditional-laplace,True,13.666081329460765,22.11680471955599,8.450723390095227,True
heldout-known-sd,191,91300191,studentized,marginal,completed,17.891443024508376,20.0,0.3,False,conditional-bounded-normal-curvature,True,14.565769527339068,23.263442276317665,8.697672748978597,True
heldout-known-sd,192,91300192,laplace,marginal,completed,16.74638163214865,20.0,0.3,False,conditional-laplace,True,13.107769822411656,20.38499344188564,7.277223619473984,True
heldout-known-sd,192,91300192,studentized,marginal,completed,16.74638163214865,20.0,0.3,False,conditional-bounded-normal-curvature,True,13.894778840798306,21.409171898210584,7.514393057412278,True
heldout-known-sd,193,91300193,laplace,marginal,completed,25.654584059634583,20.0,0.3,False,conditional-laplace,True,17.341792283100904,33.967375836168266,16.62558355306736,True
heldout-known-sd,193,91300193,studentized,marginal,completed,25.654584059634583,20.0,0.3,False,conditional-bounded-normal-curvature,True,18.97120485785307,35.73557636403524,16.76437150618217,True
heldout-known-sd,194,91300194,laplace,marginal,completed,17.651985484241095,20.0,0.3,False,conditional-laplace,True,13.544449864327364,21.759521104154828,8.215071239827463,True
heldout-known-sd,194,91300194,studentized,marginal,completed,17.651985484241095,20.0,0.3,False,conditional-bounded-normal-curvature,True,14.42272883584124,22.884099381855187,8.461370546013946,True
heldout-known-sd,195,91300195,laplace,marginal,completed,26.436369028330475,20.0,0.3,False,conditional-laplace,True,17.693483255875798,35.179254800785145,17.485771544909348,True
heldout-known-sd,195,91300195,studentized,marginal,completed,26.436369028330475,20.0,0.3,False,conditional-bounded-normal-curvature,True,19.394643838717627,36.98893963278573,17.594295794068103,True
heldout-known-sd,196,91300196,laplace,marginal,completed,20.729132070192,20.0,0.3,False,conditional-laplace,True,15.023525507534414,26.434738632849594,11.41121312531518,True
heldout-known-sd,196,91300196,studentized,marginal,completed,20.729132070192,20.0,0.3,False,conditional-bounded-normal-curvature,True,16.201230880640015,27.85856211555348,11.657331234913467,True
heldout-known-sd,197,91300197,laplace,joint-map,completed,23.685671968851764,20.0,0.3,False,conditional-laplace,True,16.433770454003632,30.937573483699893,14.50380302969626,True
heldout-known-sd,197,91300197,studentized,joint-map,completed,23.685671968851764,20.0,0.3,False,conditional-bounded-normal-curvature,True,17.88306085620208,32.58478190130854,14.70172104510646,True
heldout-known-sd,198,91300198,laplace,marginal,completed,21.59022561352215,20.0,0.3,False,conditional-laplace,True,15.433785875192962,27.74666535185134,12.31287947665838,True
heldout-known-sd,198,91300198,studentized,marginal,completed,21.59022561352215,20.0,0.3,False,conditional-bounded-normal-curvature,True,16.692953754169572,29.243136373211414,12.55018261904184,True
heldout-known-sd,199,91300199,laplace,joint-map,completed,21.752579722154827,20.0,0.3,False,conditional-laplace,True,15.515584431228191,27.989575013081456,12.473990581853265,True
heldout-known-sd,199,91300199,studentized,joint-map,completed,21.752579722154827,20.0,0.3,False,conditional-bounded-normal-curvature,True,16.788200164047314,29.496874677914526,12.708674513867212,True
