Collecting coverage
  Downloading coverage-7.16.0-cp312-cp312-manylinux2014_aarch64.manylinux_2_17_aarch64.manylinux_2_28_aarch64.whl.metadata (8.6 kB)
Collecting radon
  Downloading radon-6.0.1-py2.py3-none-any.whl.metadata (8.2 kB)
Collecting build
  Downloading build-1.6.1-py3-none-any.whl.metadata (5.6 kB)
Collecting twine
  Downloading twine-7.0.0-py3-none-any.whl.metadata (3.5 kB)
Collecting check-wheel-contents
  Downloading check_wheel_contents-0.6.3-py3-none-any.whl.metadata (24 kB)
Collecting mando<0.8,>=0.6 (from radon)
  Downloading mando-0.7.1-py2.py3-none-any.whl.metadata (7.4 kB)
Requirement already satisfied: colorama>=0.4.1 in /opt/conda/lib/python3.12/site-packages (from radon) (0.4.6)
Requirement already satisfied: packaging>=24.0 in /opt/conda/lib/python3.12/site-packages (from build) (26.3)
Collecting pyproject_hooks (from build)
  Downloading pyproject_hooks-1.2.0-py3-none-any.whl.metadata (1.3 kB)
Collecting readme-renderer>=35.0 (from twine)
  Downloading readme_renderer-46.0-py3-none-any.whl.metadata (3.0 kB)
Requirement already satisfied: requests>=2.20 in /opt/conda/lib/python3.12/site-packages (from twine) (2.34.2)
Collecting requests-toolbelt!=0.9.0,>=0.8.0 (from twine)
  Downloading requests_toolbelt-1.0.0-py2.py3-none-any.whl.metadata (14 kB)
Requirement already satisfied: urllib3>=1.26.0 in /opt/conda/lib/python3.12/site-packages (from twine) (2.7.0)
Collecting keyring>=21.2.0 (from twine)
  Downloading keyring-25.7.0-py3-none-any.whl.metadata (21 kB)
Collecting rfc3986>=1.4.0 (from twine)
  Downloading rfc3986-2.0.0-py2.py3-none-any.whl.metadata (6.6 kB)
Requirement already satisfied: rich>=14.3.3 in /opt/conda/lib/python3.12/site-packages (from twine) (15.0.0)
Collecting id (from twine)
  Downloading id-1.6.1-py3-none-any.whl.metadata (5.1 kB)
Collecting attrs>=18.1 (from check-wheel-contents)
  Downloading attrs-26.1.0-py3-none-any.whl.metadata (8.8 kB)
Requirement already satisfied: click!=8.2.2,~=8.2 in /opt/conda/lib/python3.12/site-packages (from check-wheel-contents) (8.5.0)
Collecting pydantic~=2.0 (from check-wheel-contents)
  Downloading pydantic-2.13.5-py3-none-any.whl.metadata (110 kB)
Collecting wheel-filename~=1.1 (from check-wheel-contents)
  Downloading wheel_filename-1.4.2-py3-none-any.whl.metadata (5.4 kB)
Collecting SecretStorage>=3.2 (from keyring>=21.2.0->twine)
  Downloading secretstorage-3.5.0-py3-none-any.whl.metadata (4.0 kB)
Collecting jeepney>=0.4.2 (from keyring>=21.2.0->twine)
  Downloading jeepney-0.9.0-py3-none-any.whl.metadata (1.2 kB)
Collecting jaraco.classes (from keyring>=21.2.0->twine)
  Downloading jaraco.classes-3.4.0-py3-none-any.whl.metadata (2.6 kB)
Requirement already satisfied: jaraco.functools in /opt/conda/lib/python3.12/site-packages (from keyring>=21.2.0->twine) (4.6.0)
Collecting jaraco.context (from keyring>=21.2.0->twine)
  Downloading jaraco_context-6.1.2-py3-none-any.whl.metadata (4.2 kB)
Requirement already satisfied: six in /opt/conda/lib/python3.12/site-packages (from mando<0.8,>=0.6->radon) (1.17.0)
Collecting annotated-types>=0.6.0 (from pydantic~=2.0->check-wheel-contents)
  Downloading annotated_types-0.8.0-py3-none-any.whl.metadata (15 kB)
Collecting pydantic-core==2.46.5 (from pydantic~=2.0->check-wheel-contents)
  Downloading pydantic_core-2.46.5-cp312-cp312-manylinux_2_17_aarch64.manylinux2014_aarch64.whl.metadata (6.6 kB)
Requirement already satisfied: typing-extensions>=4.14.1 in /opt/conda/lib/python3.12/site-packages (from pydantic~=2.0->check-wheel-contents) (4.16.0)
Collecting typing-inspection>=0.4.2 (from pydantic~=2.0->check-wheel-contents)
  Downloading typing_inspection-0.4.4-py3-none-any.whl.metadata (2.6 kB)
Collecting nh3>=0.2.14 (from readme-renderer>=35.0->twine)
  Downloading nh3-0.3.7-cp38-abi3-manylinux_2_17_aarch64.manylinux2014_aarch64.whl.metadata (2.0 kB)
Collecting docutils>=0.21.2 (from readme-renderer>=35.0->twine)
  Downloading docutils-0.23-py3-none-any.whl.metadata (15 kB)
Requirement already satisfied: Pygments>=2.5.1 in /opt/conda/lib/python3.12/site-packages (from readme-renderer>=35.0->twine) (2.21.0)
Requirement already satisfied: charset_normalizer<4,>=2 in /opt/conda/lib/python3.12/site-packages (from requests>=2.20->twine) (3.5.1)
Requirement already satisfied: idna<4,>=2.5 in /opt/conda/lib/python3.12/site-packages (from requests>=2.20->twine) (3.19)
Requirement already satisfied: certifi>=2023.5.7 in /opt/conda/lib/python3.12/site-packages (from requests>=2.20->twine) (2026.7.22)
Requirement already satisfied: markdown-it-py>=2.2.0 in /opt/conda/lib/python3.12/site-packages (from rich>=14.3.3->twine) (4.2.0)
Requirement already satisfied: mdurl~=0.1 in /opt/conda/lib/python3.12/site-packages (from markdown-it-py>=2.2.0->rich>=14.3.3->twine) (0.1.2)
Collecting cryptography>=2.0 (from SecretStorage>=3.2->keyring>=21.2.0->twine)
  Downloading cryptography-50.0.1-cp311-abi3-manylinux_2_34_aarch64.whl.metadata (4.3 kB)
Requirement already satisfied: more-itertools in /opt/conda/lib/python3.12/site-packages (from jaraco.classes->keyring>=21.2.0->twine) (11.1.0)
Requirement already satisfied: cffi>=2.0.0 in /opt/conda/lib/python3.12/site-packages (from cryptography>=2.0->SecretStorage>=3.2->keyring>=21.2.0->twine) (2.1.1)
Requirement already satisfied: pycparser in /opt/conda/lib/python3.12/site-packages (from cffi>=2.0.0->cryptography>=2.0->SecretStorage>=3.2->keyring>=21.2.0->twine) (3.0)
Downloading coverage-7.16.0-cp312-cp312-manylinux2014_aarch64.manylinux_2_17_aarch64.manylinux_2_28_aarch64.whl (258 kB)
Downloading radon-6.0.1-py2.py3-none-any.whl (52 kB)
Downloading build-1.6.1-py3-none-any.whl (31 kB)
Downloading twine-7.0.0-py3-none-any.whl (43 kB)
Downloading check_wheel_contents-0.6.3-py3-none-any.whl (27 kB)
Downloading attrs-26.1.0-py3-none-any.whl (67 kB)
Downloading keyring-25.7.0-py3-none-any.whl (39 kB)
Downloading mando-0.7.1-py2.py3-none-any.whl (28 kB)
Downloading pydantic-2.13.5-py3-none-any.whl (472 kB)
Downloading pydantic_core-2.46.5-cp312-cp312-manylinux_2_17_aarch64.manylinux2014_aarch64.whl (2.0 MB)
   ━━━━━━━━━━━━━━━━━━━━━━━━━━━━━━━━━━━━━━━━ 2.0/2.0 MB 24.3 MB/s eta 0:00:00
Downloading readme_renderer-46.0-py3-none-any.whl (14 kB)
Downloading requests_toolbelt-1.0.0-py2.py3-none-any.whl (54 kB)
Downloading rfc3986-2.0.0-py2.py3-none-any.whl (31 kB)
Downloading wheel_filename-1.4.2-py3-none-any.whl (6.2 kB)
Downloading id-1.6.1-py3-none-any.whl (14 kB)
Downloading pyproject_hooks-1.2.0-py3-none-any.whl (10 kB)
Downloading annotated_types-0.8.0-py3-none-any.whl (13 kB)
Downloading docutils-0.23-py3-none-any.whl (634 kB)
   ━━━━━━━━━━━━━━━━━━━━━━━━━━━━━━━━━━━━━━━━ 634.7/634.7 kB 25.8 MB/s eta 0:00:00
Downloading jeepney-0.9.0-py3-none-any.whl (49 kB)
Downloading nh3-0.3.7-cp38-abi3-manylinux_2_17_aarch64.manylinux2014_aarch64.whl (859 kB)
   ━━━━━━━━━━━━━━━━━━━━━━━━━━━━━━━━━━━━━━━━ 859.6/859.6 kB 14.1 MB/s eta 0:00:00
Downloading secretstorage-3.5.0-py3-none-any.whl (15 kB)
Downloading typing_inspection-0.4.4-py3-none-any.whl (14 kB)
Downloading jaraco.classes-3.4.0-py3-none-any.whl (6.8 kB)
Downloading jaraco_context-6.1.2-py3-none-any.whl (7.9 kB)
Downloading cryptography-50.0.1-cp311-abi3-manylinux_2_34_aarch64.whl (4.7 MB)
   ━━━━━━━━━━━━━━━━━━━━━━━━━━━━━━━━━━━━━━━━ 4.7/4.7 MB 28.0 MB/s eta 0:00:00
Installing collected packages: wheel-filename, typing-inspection, rfc3986, pyproject_hooks, pydantic-core, nh3, mando, jeepney, jaraco.context, jaraco.classes, id, docutils, coverage, attrs, annotated-types, requests-toolbelt, readme-renderer, radon, pydantic, cryptography, build, SecretStorage, check-wheel-contents, keyring, twine
Successfully installed SecretStorage-3.5.0 annotated-types-0.8.0 attrs-26.1.0 build-1.6.1 check-wheel-contents-0.6.3 coverage-7.16.0 cryptography-50.0.1 docutils-0.23 id-1.6.1 jaraco.classes-3.4.0 jaraco.context-6.1.2 jeepney-0.9.0 keyring-25.7.0 mando-0.7.1 nh3-0.3.7 pydantic-2.13.5 pydantic-core-2.46.5 pyproject_hooks-1.2.0 radon-6.0.1 readme-renderer-46.0 requests-toolbelt-1.0.0 rfc3986-2.0.0 twine-7.0.0 typing-inspection-0.4.4 wheel-filename-1.4.2

[notice] A new release of pip is available: 25.0.1 -> 26.2.1
[notice] To update, run: python -m pip install --upgrade pip
Name                                     Stmts   Miss Branch BrPart  Cover   Missing
------------------------------------------------------------------------------------
nwkit/__init__.py                            1      0      0      0   100%
nwkit/__main__.py                            3      3      2      0     0%   1-4
nwkit/annotate.py                          249     52    142     16    76%   52, 55, 63->61, 66-71, 81, 83, 87, 97, 102, 106, 117-150, 172, 175, 214-215, 229, 254, 334-341, 463
nwkit/asr.py                              1868    181    740    110    87%   74, 80, 84-85, 97, 124, 130-131, 138, 140, 148, 162, 176, 179, 183, 247, 276, 279-280, 287, 289, 309, 311, 318->316, 328, 337, 367-368, 370, 378, 417, 431, 442, 446, 449, 454, 466, 619, 634, 697-698, 772, 799, 814, 863-864, 866, 931, 1008, 1035, 1037, 1042, 1047, 1098-1099, 1120-1121, 1160, 1194->1196, 1369, 1381, 1435, 1437, 1442, 1446, 1453, 1540, 1543-1553, 1566->1571, 1603-1604, 1653, 1656, 1659->1676, 1671, 1675, 1733, 1803, 1821-1822, 1891, 1906, 1913-1914, 1916, 1951-1952, 1980, 1982, 1984, 1986, 1988, 2081, 2243-2245, 2346, 2348, 2350, 2357, 2374, 2385, 2388, 2393, 2408, 2422, 2490, 2506->2508, 2531, 2535->2537, 2584-2586, 2612, 2722, 2760-2761, 3041, 3043, 3095, 3236->3240, 3240->3242, 3242->3249, 3349, 3351, 3375, 3387->3402, 3423-3424, 3453->3455, 3480-3522, 3535-3559, 3644, 3767, 3778-3780, 3993, 4145, 4280, 4286, 4295, 4303
nwkit/asr_averaging.py                     101     10     34      8    85%   25, 44-48, 87, 92, 107, 138, 142, 199
nwkit/asr_bootstrap_intervals.py            25      3     10      3    83%   39, 48, 58
nwkit/asr_compare.py                       876     96    402     77    86%   196, 199, 207, 215, 223, 234, 264, 280, 296, 305, 315, 322, 324, 331-340, 421-432, 448, 462, 464, 466, 470, 476, 480, 487, 495, 507, 517, 521, 526, 531, 546->exit, 582, 598, 601, 613, 615, 618, 629, 633, 638, 728, 790, 797, 846, 1077, 1083, 1097, 1100, 1110, 1125-1127, 1181-1182, 1184-1202, 1233, 1247, 1249, 1318->1324, 1346->1348, 1361, 1388, 1395, 1410, 1417, 1429, 1446, 1523->1526, 1527, 1548, 1554-1565, 1618-1630, 1704, 1712, 1714, 1717, 1739, 1752->1754, 1757-1758, 1763->1765, 1840
nwkit/asr_compare_figure.py                225     22     68     11    87%   16, 39, 41, 122, 125-127, 136, 173, 177-178, 185, 234-243, 270->272, 480
nwkit/asr_compare_panels.py                149      0     44      0   100%
nwkit/asr_comparison.py                    207     14    110     11    91%   24, 27, 52, 91, 156, 255, 282, 296, 303, 331, 341-344
nwkit/asr_continuous_diagnostics.py        133     35     56      6    70%   22, 26-27, 29, 38, 118-237, 262-264, 398
nwkit/asr_cross_validation.py               40      2     14      2    93%   51, 66
nwkit/asr_diagnostics.py                   136     16     50     15    82%   46, 50, 53, 56, 80-81, 84, 86, 88, 102, 144, 147, 160, 245, 248, 270
nwkit/asr_discrete_cross_validation.py      53      3     16      3    91%   18, 25, 120
nwkit/asr_figure.py                        282      4    112      5    98%   38, 48->41, 91, 120, 480
nwkit/asr_heatmap.py                        79      0     18      1    99%   71->80
nwkit/asr_input.py                         389     61    236     54    81%   122, 162, 164, 174, 176, 178, 182, 184, 186, 188, 193, 201, 208, 216, 265, 269, 302, 306, 312, 317, 326, 332, 342-349, 360, 368, 373, 375, 377, 385, 389, 396, 401, 403, 414, 419, 434, 465, 473, 475, 488, 527, 532-533, 579, 581, 624, 653, 658, 665, 670, 678, 683, 700, 704, 733, 748
nwkit/asr_latent.py                         80      4     30      7    90%   33, 62, 70, 93, 186->188, 188->190, 190->203
nwkit/asr_models.py                         30      3      2      1    88%   21, 121-122
nwkit/asr_multivariate_diagnostics.py      112     11     50      7    86%   25, 34, 92, 112, 188-200, 257->exit, 281
nwkit/asr_output.py                         28      0      8      0   100%
nwkit/asr_paths.py                         137      6     46      6    93%   81, 103, 151, 270, 272, 311
nwkit/asr_regimes.py                        99     26     42     12    70%   28-29, 40, 44, 47, 59-60, 64, 68, 73, 76, 98, 104, 111-112, 120-121, 125, 132-139
nwkit/asr_tip_labels.py                     18      0      2      0   100%
nwkit/asr_tree_ensemble.py                 122     11     54     12    87%   21, 26, 36, 40, 80, 111, 117, 169, 187, 227, 253->286, 277
nwkit/branch_gaussian.py                   112      0     42      0   100%
nwkit/branch_gaussian_asr.py                95      0     26      0   100%
nwkit/branch_gaussian_estimation.py        149     12     46      9    89%   64, 81, 111-112, 116, 131, 146, 164-165, 184, 218->235, 304, 308
nwkit/branch_gaussian_fit_spec.py          107      7     58      7    92%   105, 121, 130, 138, 167, 169, 178
nwkit/branch_gaussian_input.py             130      7     58      6    93%   94, 167, 185, 195, 200, 203, 209
nwkit/branch_gaussian_options.py            76      6     58      6    91%   102, 111, 115, 137, 180, 188
nwkit/branch_gaussian_output.py             90      3     22      3    95%   154, 167, 210
nwkit/branch_gaussian_paths.py              60      4     22      4    90%   37, 67, 76, 105
nwkit/clade_index.py                        82      0     30      0   100%
nwkit/clade_mapping.py                     205     18     80     13    88%   64-67, 88, 94, 101, 119->121, 121->123, 130, 258, 266, 269, 291-294, 306, 309, 312
nwkit/cladefreq.py                          73      6     28      4    90%   42-43, 66, 77, 97, 131
nwkit/cli.py                               979     15     82     10    97%   42->44, 45, 68, 72-74, 80-81, 108, 1354, 2311, 6519, 6545, 6587-6588, 6592
nwkit/collapse.py                           44      1     26      2    96%   36, 67->69
nwkit/compiled_tree.py                      44      7     16      5    80%   30, 33, 43-44, 48, 54, 73
nwkit/compose.py                           154     20     58     14    83%   26, 28, 38, 46, 48, 57, 63, 86->91, 119-121, 163, 194-209, 239->251, 296, 342, 345-346
nwkit/consensus.py                         394     68    178     29    81%   32, 66, 76, 82, 87-88, 95, 107, 112-113, 117, 121, 128-129, 133, 138, 140, 152-159, 171-183, 190-191, 193, 200-201, 231, 295, 317, 330, 390-391, 404, 430, 462->464, 488, 512-536, 552, 564->563, 661, 664-666, 679, 681, 685-686, 719, 737
nwkit/constrain.py                         366     62    178     23    81%   33-34, 45, 65, 67, 69, 108-115, 121-123, 153->155, 158, 162, 195-197, 199-201, 202->204, 227, 261->259, 283-289, 299->322, 314, 328-331, 350-355, 369, 378, 394, 403, 419-429, 467, 502-510
nwkit/continuous_asr.py                    355     26    132     22    90%   100, 113-114, 124, 136, 163, 178, 180, 188, 213, 245, 293, 325, 329, 353, 368, 388, 409, 481, 515, 612-613, 615, 621, 634, 651
nwkit/continuous_asr_io.py                  94      2     52      2    97%   33, 317
nwkit/continuous_asr_optimize.py           121      3     42      5    95%   69->82, 105, 146, 163->178, 173
nwkit/continuous_asr_process.py             42      9     30      7    75%   21, 34, 60, 76, 98-101, 105, 115
nwkit/continuous_observation.py            115     12     52     13    85%   15, 19, 33->35, 47, 53, 58, 74, 81, 123, 133, 158, 164, 171
nwkit/contrast.py                          680    117    328     82    79%   130, 133, 135, 137, 146, 167, 173-174, 202-203, 206-208, 210-211, 214, 220, 266, 276, 287, 304, 306, 312, 331, 346, 351, 492, 516, 520, 525, 529, 552, 556, 561, 565, 626, 637, 650, 668, 682, 703, 714, 723, 730, 733-734, 742-743, 748-749, 771, 799, 806-807, 828, 853, 858, 860, 863, 871, 878, 882, 893, 898, 921, 930, 951, 961, 969, 989, 998-999, 1001, 1042, 1088, 1142-1169, 1174-1179, 1182, 1192-1208, 1213, 1219-1222, 1255, 1331, 1342->1346, 1370, 1397, 1400, 1414, 1416, 1512, 1558, 1565, 1572, 1576, 1582->1584, 1615->1619, 1617, 1619->1621, 1621->1625, 1626
nwkit/conventions.py                        14      0      0      0   100%
nwkit/convert.py                            68      2     36      2    96%   24, 92
nwkit/diff.py                              272     24    126     18    88%   73, 88, 91, 123, 125, 217, 416, 418, 421, 424, 438, 456, 460->462, 463, 509-517, 641, 647, 671
nwkit/discrete_asr_models.py               331     49    168     37    82%   38, 40, 80, 86, 90->89, 100, 114, 133, 150, 152, 166, 181-182, 185, 207-208, 211, 228, 231, 237, 244, 246, 248, 285-287, 323, 327, 342, 344, 369, 378-379, 389-390, 392, 399, 401, 406-407, 409, 413, 423, 436-437, 439, 441, 443, 447, 495
nwkit/discrete_observation.py               53     11     28      9    75%   18, 22, 33, 39, 44-45, 64, 79, 84, 89, 94
nwkit/disparity.py                         152      7     50      7    93%   87, 101, 105, 120, 122, 143, 154
nwkit/dist.py                              280     27    136     14    89%   57, 73, 89, 109-110, 154, 162, 177-178, 183, 200, 213->207, 216, 269, 317-338, 348, 394-402, 420
nwkit/draw.py                              263     13     62     14    92%   782, 814, 830, 846->858, 855, 860, 866, 868, 878, 908, 924, 929, 935, 993
nwkit/draw_helpers.py                     1167    109    450     89    87%   63, 160, 181, 191, 209, 224, 246, 254, 257-258, 266, 275-281, 300->305, 305->311, 315, 343, 347, 368, 382, 389, 394-395, 407, 458, 468-469, 489-490, 497, 506, 572-573, 575, 577, 616->612, 618, 652, 714-718, 742-744, 801, 834, 869, 910, 1007-1008, 1012, 1028-1029, 1033, 1035, 1047, 1210->1212, 1212->1214, 1214->1216, 1255, 1271, 1278, 1284, 1367, 1428, 1482-1490, 1498, 1502, 1508, 1511-1512, 1518, 1534, 1549->1547, 1562-1563, 1564->1559, 1566->1579, 1607->1597, 1625, 1627, 1634, 1648-1649, 1659, 1666, 1682->exit, 1715->1708, 1837, 1849->1844, 1855, 1897, 1962, 2021, 2024, 2030, 2085, 2147, 2149, 2153, 2165, 2241->2236, 2271, 2282, 2294, 2311->2338, 2326->2338, 2329->2338, 2331->2338, 2334->2331, 2339-2352, 2354
nwkit/draw_layouts.py                      919     50    322     40    92%   44, 61, 111, 139, 165, 359, 364, 448, 475->477, 525, 628, 674, 677, 723, 754, 771, 792, 799, 802, 826->838, 837, 839-842, 854, 872, 876, 926, 980, 1078-1081, 1120, 1122, 1247-1252, 1315->1323, 1328-1331, 1378, 1380, 1393, 1402-1405, 1711, 1786, 1890
nwkit/draw_output.py                        27      0     10      1    97%   23->27
nwkit/draw_prep.py                         104      7     44      3    93%   30, 45-46, 57-59, 102
nwkit/draw_quality.py                      282     14    132     14    93%   26, 30, 65->72, 137, 160, 178, 240-241, 290, 315, 320, 347, 372->423, 441, 471-472
nwkit/draw_render.py                       440     42    214     36    87%   165->175, 229, 345->276, 413, 416-421, 424, 637, 653-654, 655->648, 657->672, 660->662, 677, 698, 747, 838-855, 898-911, 921->995, 969->995, 992, 1013, 1030-1063, 1145->1176, 1167->1176, 1262, 1284, 1347-1349, 1351-1352, 1363->1381, 1367->1372, 1378, 1418->1423, 1540, 1561, 1562->1564, 1580, 1581->1583, 1585-1592
nwkit/draw_setup.py                        260     33    140     33    84%   54, 57, 61, 68, 72, 76, 80, 82, 104, 138, 144, 169, 198, 202, 205, 209, 214, 220, 232, 237, 242, 248, 251, 261, 324, 389, 393, 399, 462, 471, 477, 586, 612
nwkit/draw_types.py                        124      0      0      0   100%
nwkit/drop.py                               20      0     10      0   100%
nwkit/dtt.py                               167      9     72      7    93%   61-62, 77, 97, 140, 148, 151, 180, 187
nwkit/dtt_cli.py                            20      0      2      0   100%
nwkit/dtt_figure.py                        147      2     48      5    96%   67->71, 96->107, 124->135, 208, 312
nwkit/event_regression.py                   65     19     28      8    65%   25, 27, 47, 49, 54, 107-139, 144, 148
nwkit/evolution.py                         352     63    164     38    79%   62, 82, 98, 112-113, 147, 174, 180, 183-184, 203-215, 238, 248, 261, 264, 315, 352, 358, 369, 394, 396, 412, 415, 420, 433-434, 436, 440-441, 466, 468, 472, 487, 505, 509, 513, 515, 522, 525, 548, 554, 561, 564, 575-576, 612, 623-634, 647, 665, 698
nwkit/fasta.py                              42      0     22      1    98%   42->44
nwkit/file_paths.py                         61      3     30      1    96%   15, 77-78
nwkit/full_ou.py                            76      5     22      3    92%   20, 25-26, 30, 79
nwkit/full_ou_fit.py                        78      2     14      2    96%   63, 65
nwkit/gaussian.py                          513     98    190     32    77%   151, 156, 162, 207, 209, 214, 244, 254, 262, 287, 307, 341, 402, 459, 474, 499-500, 513-514, 516-517, 535, 569, 577, 763, 767, 772-781, 783-788, 794-796, 804, 811, 880, 900, 910-916, 918-920, 936-940, 944-957, 969-1029, 1036-1043
nwkit/gaussian_inference.py                404     58    168     43    82%   80, 83, 104, 118, 132, 148, 152-156, 163, 178-181, 189, 204, 208, 214, 217-218, 220-221, 239, 248, 252-257, 259, 267->263, 272->274, 280-281, 285, 341, 358, 380, 388, 451, 461-462, 466, 472-473, 477, 531, 535, 546, 560-561, 575, 580, 588, 598, 616, 619, 644, 659, 662, 686, 698
nwkit/gaussian_tree.py                     396     61    152     43    80%   32, 34, 60, 65, 69, 75, 79, 110-116, 168, 171, 176, 207, 241-242, 246, 263-269, 277-279, 295, 302, 311, 341, 351, 355, 371, 385, 396, 429, 448-449, 482, 497, 503, 507, 531, 535, 563, 588, 590, 593, 615, 617, 622, 628, 640, 642, 648, 653-654, 658
nwkit/gaussian_whitening.py                168      8     58      8    93%   20, 135, 154, 191, 212, 214, 240, 248
nwkit/general_ou_asr.py                    137     17     40     11    84%   48, 51-52, 54-55, 89, 96, 105, 117, 158, 207-208, 210, 233, 235, 237-238
nwkit/hidden_rate_asr.py                    73      7     40      8    87%   22, 78, 80, 82, 85, 87, 100, 116->118
nwkit/image.py                            2523    587    944    202    73%   239-240, 269-270, 283, 292-293, 297, 320, 325, 330-331, 335, 349, 382-383, 385->387, 422->424, 429, 440, 482-486, 523-524, 532->546, 544-545, 547-551, 557, 571->573, 574, 590-593, 602, 612, 619-622, 628-629, 633, 662-663, 665-670, 678, 696, 700, 709, 713, 717, 725, 737, 777, 780-797, 799, 806, 826, 833-842, 860-861, 877, 890-891, 893, 897, 903, 935, 943-947, 960, 967-983, 997-998, 1000, 1013, 1026-1027, 1031, 1075, 1089, 1093, 1099, 1107, 1113-1122, 1134-1135, 1142-1144, 1149, 1155, 1157, 1163->1161, 1167->1165, 1170, 1187, 1193->1211, 1196, 1217, 1222-1234, 1259, 1263, 1271, 1282->1284, 1290->1244, 1294, 1327, 1351, 1360, 1376-1383, 1400, 1409-1412, 1414->1417, 1416, 1422-1424, 1441, 1446-1459, 1501, 1522, 1544->1546, 1551, 1554->1556, 1586, 1651, 1660-1661, 1681, 1688-1689, 1692, 1703, 1706, 1720, 1724, 1726, 1785, 1790-1791, 1807-1809, 1822-1827, 1842-1844, 1889, 1891, 1893, 1895, 1922, 1956-1957, 1971, 1976-1980, 1984-2015, 2025-2074, 2084, 2095, 2107, 2112, 2127, 2130->2129, 2135, 2141, 2147, 2153, 2168, 2173, 2177-2179, 2186-2200, 2202->2212, 2217-2244, 2247-2248, 2298, 2314-2315, 2316->2318, 2324->2326, 2334, 2341, 2355, 2359-2364, 2375, 2405, 2408, 2451-2453, 2456, 2459, 2462, 2465, 2468-2471, 2487-2503, 2506-2520, 2533, 2536-2540, 2556, 2559, 2563, 2566->2579, 2572-2573, 2588->2579, 2601, 2609, 2670-2673, 2705->2738, 2725, 2740, 2746, 2773, 2777, 2785, 2788, 2818-2820, 2825-2844, 2847-2862, 2865-2886, 2889-2910, 2992, 2994->2988, 3005->2999, 3013, 3017, 3042-3043, 3080-3084, 3120->3112, 3133, 3142, 3163-3164, 3170-3171, 3174-3175, 3251, 3269->3271, 3272, 3273->3275, 3334-3338, 3342-3365, 3390-3392, 3397-3419, 3425-3438, 3441-3458, 3461-3479, 3512, 3530, 3586-3590, 3592, 3594, 3600, 3602, 3604, 3606, 3607->3584, 3609, 3661-3671, 3710-3717, 3725, 3732-3733, 3737, 3739, 3749, 3759, 3770-3771, 3794-3796, 3817-3818, 3824, 3838, 3845-3853, 3869-3870, 3914->3913, 3917, 3948-3949, 3992->3999, 4069->4073, 4073->4077, 4085, 4096, 4102, 4104, 4113, 4116, 4120, 4127->exit, 4153-4160, 4173-4180, 4187, 4243, 4259-4260, 4262-4265, 4270, 4280->4287, 4312-4319, 4347->4350, 4356, 4360, 4402, 4419, 4578->4581
nwkit/image_metadata.py                    264     60    142     34    73%   177, 181, 185, 187, 189, 199, 204, 206, 208, 210, 212, 216, 224-225, 250->252, 289-292, 297, 300, 304-305, 333, 336->346, 338, 340, 344, 352, 355-358, 361, 365-366, 373, 381->384, 441-447, 453, 458, 466-467, 483-484, 493, 495, 497, 501, 507-520
nwkit/individual_asr.py                    144      4     50      4    96%   46, 55, 145, 264
nwkit/individual_covariance.py             304     24    126     23    89%   95, 126, 148, 232-233, 271->259, 274, 277, 319, 323, 338, 344, 412, 416, 426, 428, 434, 437, 446, 449, 475, 506, 514, 516, 520
nwkit/info.py                               52      2     26      2    95%   66, 71
nwkit/intersection.py                      215     13     90     10    92%   79, 107, 116, 185-192, 197, 200->202, 269-270, 272, 321, 330
nwkit/iqtree_library.py                    124     26     46     10    76%   86, 99->98, 108, 120, 132, 136, 145->147, 152, 161-196, 222-223, 228
nwkit/iqtree_worker.py                     100     10     32      5    89%   30-32, 35-36, 64, 67, 72, 76, 80
nwkit/jump_asr.py                           25      3      4      1    86%   16-17, 47
nwkit/label.py                              25      0      8      0   100%
nwkit/latent_gaussian.py                    93      5     16      3    93%   90, 94-95, 121, 138
nwkit/mark.py                               84      0     48      1    99%   103->100
nwkit/markov_gaussian_asr.py                83     10     32     10    83%   22, 30, 33, 45, 47, 68, 88, 117, 121, 125
nwkit/mcmc_diagnostics.py                   91      1     40      1    98%   34
nwkit/mcmctree.py                          490     91    244     40    81%   60->65, 82, 84, 99-100, 102, 111, 118, 120-123, 152->165, 160-163, 168-169, 179->185, 195, 205-224, 253, 278-280, 287-289, 291-293, 295-297, 305-307, 319-321, 335-338, 340-342, 345-359, 369, 377, 382->384, 448-449, 468, 477-478, 516, 519-522, 525-536, 615, 629, 636-638, 722, 727-730, 790, 794, 804, 855, 874
nwkit/measurement_error.py                 721    126    256     75    77%   77, 79, 84, 117, 124-125, 142, 147, 155, 163, 165, 168, 208->212, 214, 228, 296, 301->304, 329, 337-338, 341, 355->359, 361, 367, 372-375, 430, 438, 555-556, 573, 576, 587, 606->610, 612, 620, 690, 696-700, 702-706, 708-716, 720, 722-745, 757-760, 772, 785-786, 827-836, 845, 856, 874, 885, 902, 924, 931, 943, 957, 964, 992-998, 1011, 1013, 1047-1049, 1060, 1097, 1165->1183, 1168-1169, 1175-1178, 1214, 1220, 1287, 1295, 1298->1257, 1322-1323, 1363, 1384, 1454-1457, 1460-1461, 1470, 1522->1514, 1525, 1528-1538, 1540, 1548, 1553, 1560, 1564-1565
nwkit/model_matrix.py                      364     78    144     38    74%   80-81, 88, 102-109, 121-122, 123->113, 130, 206, 208, 211-212, 224, 247, 253, 276, 290, 294, 311, 324, 329, 342, 348-352, 354-360, 369, 386, 428, 435, 455, 507-518, 525, 535, 537, 555-569, 573, 604, 629, 633, 681, 724, 730, 745, 757, 775-797, 814
nwkit/model_specs.py                        20      2      0      0    90%   87-88
nwkit/monophyly.py                          43      2     18      3    92%   39->37, 47, 81
nwkit/multivariate_asr.py                  309     27    138     17    89%   46, 54, 57-60, 69, 74, 83, 109-113, 136-140, 142, 151, 155, 177, 180-181, 185, 193-194, 283, 291, 305, 590->593
nwkit/multivariate_gaussian_asr.py         639     37    202     34    92%   121, 124-125, 127-128, 151, 163, 166, 170, 196, 210, 216, 266, 303, 338, 370->379, 381, 433, 463, 479, 559, 626, 685, 700, 738-743, 874, 877, 953, 955, 1025, 1031, 1045, 1051, 1080, 1167, 1171, 1173
nwkit/multivariate_pgls.py                 317     26    118     22    89%   98, 143-148, 154, 191, 203, 209, 231, 233, 235, 238, 242, 245, 270, 273, 295, 387, 397, 451, 555, 567, 588-597, 599
nwkit/nhx2nwk.py                            13      0     10      1    96%   15->12
nwkit/nonstationary_continuous_asr.py      214     39     72     21    76%   62-77, 120, 149-150, 153, 165->164, 175->164, 180->182, 183, 198->204, 207, 209, 211, 268-269, 271, 275, 283->325, 309-324, 326, 379, 398-399, 412->415, 429-430, 433, 443
nwkit/nwk2table.py                          42      2     18      2    93%   26, 70
nwkit/optimization.py                      146     11     60      8    90%   38-39, 55, 82, 84, 89, 112->118, 133->128, 193, 195-198
nwkit/ordinary_regression.py               890    117    344     74    83%   217, 220, 222, 230-231, 328, 439->441, 443, 511-512, 514, 517, 528, 533-534, 538, 556, 630, 639, 641, 643, 647, 655, 657, 663, 665, 676, 678, 685, 714, 720, 818, 825, 839, 916, 918-924, 974, 999-1000, 1200, 1207, 1216-1217, 1246, 1307-1344, 1859, 1861, 1863, 1865, 1877, 1889-1890, 1901-1902, 1904-1915, 1919, 2025, 2137, 2365, 2418, 2461, 2503, 2505, 2508, 2542, 2605, 2613, 2627-2628, 2634, 2872, 2878-2884, 2888-2889, 2895, 2947, 2960, 2973, 2980, 3065, 3127, 3214, 3248, 3294, 3398-3399, 3432, 3471->3473, 3487->3491, 3492
nwkit/ou_asr.py                            567     66    228     48    85%   85, 88, 102, 106-110, 124, 135, 142, 163, 171, 175-182, 197-199, 201-203, 212, 246-247, 249, 271, 299, 317, 329, 346, 351-356, 404, 411, 418, 423, 444, 469, 492, 495-496, 498, 500, 531->535, 534, 541, 574, 600, 652-667, 693->700, 723-724, 822, 824-826, 837->exit, 877-878, 928, 930, 978, 981, 994->996, 1017, 1046, 1082
nwkit/output_transaction.py                208     17     76      9    90%   36-37, 43, 60, 101-102, 129-131, 144, 150, 167->169, 174, 176, 178-181, 203->198
nwkit/pagel_asr.py                          82      7     28      7    87%   33, 41, 45, 73, 96, 115, 147
nwkit/pca.py                               112      2     34      2    97%   93, 129
nwkit/pca_cli.py                            17      0      2      0   100%
nwkit/pca_figure.py                         58      3     16      2    93%   19-20, 26, 115->128
nwkit/penalized_phylogenetic.py            285     17     90     18    91%   47, 71, 73, 77, 177, 197->224, 221, 230, 305, 312, 317, 351, 362, 385, 387, 461->463, 531, 533-534
nwkit/phylogenetic_glmm.py                1699    189    590    120    85%   176-177, 188, 192, 242-243, 257, 269-274, 304, 311, 318, 325, 337-339, 436->447, 446, 448-451, 460, 466, 471, 504->506, 580, 584, 591, 638->664, 641, 681, 689, 743->776, 747, 754-755, 807, 812, 825, 837->839, 854, 877, 898, 913-915, 918, 922, 925-930, 954, 959, 967, 984-998, 1010, 1025, 1045, 1059, 1071, 1087, 1102, 1184, 1304->1323, 1466, 1485, 1490, 1492, 1499, 1507, 1513, 1517, 1524, 1535, 1557, 1578, 1595, 1600, 1621, 1624, 1626, 1632, 1651, 1655, 1657, 1662, 1742, 1746, 1753->1764, 1773, 1780, 1845, 1917, 1978, 2045-2056, 2078-2085, 2127-2138, 2146-2149, 2152-2153, 2158-2160, 2164-2165, 2169-2171, 2175-2178, 2204-2216, 2334-2335, 2383->2423, 2394, 2477, 2519, 2539->2542, 2584, 2599, 2723, 2816, 2964, 2969, 2981, 2991, 2993, 2997, 2999, 3005, 3009, 3016, 3022, 3038, 3050, 3055, 3066->3075, 3076, 3082, 3088, 3159, 3198, 3211-3212, 3254-3255, 3257, 3259->3244, 3262, 3292-3295, 3304, 3510->3524, 3518, 3578, 3669
nwkit/phylogenetic_pca.py                  102     10     32     10    85%   29, 51, 67, 88, 96, 100, 106, 108, 120, 127
nwkit/phylogenetic_predictive.py            24      2      8      2    88%   31, 39
nwkit/printlabel.py                         20      0      8      0   100%
nwkit/provenance.py                        623     91    276     49    82%   185, 188, 198, 214, 221->223, 223->225, 230, 244, 255-264, 269->252, 278-286, 294-296, 313, 369->407, 373-374, 375->407, 387->407, 389-401, 411->413, 418, 425-426, 428, 435, 441-442, 452-453, 500, 514-516, 530-531, 542-543, 627-628, 639, 653, 655-658, 660-663, 670->672, 685, 686->707, 705-706, 745->747, 751, 753, 757, 760->765, 762-764, 770->772, 778->780, 801, 812->814, 814->818, 863-865, 900-901, 923-924, 925->exit, 950, 955->945, 957->945, 961-963, 974, 994-995, 1007, 1009, 1033-1036
nwkit/prune.py                              44      2     28      2    94%   37->39, 44-50
nwkit/radte.py                             330     57    148     36    79%   71, 85, 89, 91, 93, 95, 99, 103, 105, 109, 111, 115, 133, 154, 159, 175, 184, 200, 206-211, 214, 226, 230, 251, 261, 301-302, 312, 315, 319, 328-332, 382->389, 385-388, 395, 412, 420, 432-449, 454, 458, 679, 688
nwkit/radte_calibrated.py                  137     46     50     18    61%   24, 35-41, 43, 51, 53, 60, 71, 89-90, 107-115, 130, 139, 167-170, 206, 212, 214, 218-220, 222-223, 248-249, 260-274
nwkit/radte_cli.py                          64      0      8      0   100%
nwkit/radte_codon.py                        82      3     38      3    95%   59, 95, 101
nwkit/radte_compare.py                     106     16     48     16    79%   24, 58, 64, 68, 75, 80, 84, 97, 104, 113, 118, 120, 129, 133, 232, 237
nwkit/radte_compare_plot.py                 76      1     20      1    98%   175
nwkit/radte_components.py                   46      0     10      0   100%
nwkit/radte_ensemble.py                     82     13     28      7    80%   26, 56, 60, 64-68, 87, 136-137, 155-156, 162-163
nwkit/radte_exact_interval.py               53      9     16      6    78%   22, 27, 29, 46-47, 54-55, 68-69
nwkit/radte_inputs.py                      310     40    162     35    83%   55->53, 57, 69, 93, 96, 99, 102, 105, 123, 130, 132, 137, 139, 150, 153-158, 167, 196, 200, 207, 214, 218, 237-239, 243, 251, 256, 272->283, 280, 302, 304, 306, 308, 321, 352, 380, 446-447, 458
nwkit/radte_iqtree.py                      296     28    124     21    88%   57, 71, 106, 108, 111, 115, 123, 126, 160, 176, 228, 230, 280, 313-314, 326-328, 330-331, 390, 396, 416, 499, 509, 517, 528, 579
nwkit/radte_marginal.py                    192      8     22      3    95%   299->303, 330-339
nwkit/radte_model.py                       357     22    124     20    91%   47, 200, 212->216, 263, 292->296, 358, 382, 417, 423, 428, 458, 506, 508, 529, 553, 558-560, 589-590, 592-593, 608-609, 640->exit
nwkit/radte_paml.py                        180     10     58     10    92%   59->40, 104, 201, 212, 226, 234, 275->277, 278, 294, 299-300, 316
nwkit/radte_sequence.py                    241     12     84     12    93%   48, 94, 111, 123, 135, 170, 272, 298, 383, 415, 419, 432
nwkit/radte_sequence_fit.py                 70      1     24      1    98%   124
nwkit/radte_simulation.py                   40      3     18      3    90%   15, 35, 52
nwkit/radte_species.py                      34      4     20      4    85%   26, 42, 45, 63
nwkit/radte_studentized.py                  68      7     24      4    88%   49, 104-105, 113-114, 119-120
nwkit/radte_uncertainty.py                 203     30     88     18    84%   21-25, 29-32, 61, 90, 120, 122, 125-126, 146, 229-231, 276, 278, 285, 309, 313-318, 320-322, 339, 343-344, 350, 352-353
nwkit/reconcile.py                         355     35    146     22    88%   77, 87, 100, 107, 111, 138, 161-163, 195-197, 206-208, 250-252, 254-256, 287, 334, 434, 454-455, 458, 473, 645, 765-772, 829->834, 841, 843
nwkit/reconciliation_properties.py          23      1     16      2    92%   13, 21->18
nwkit/regime_continuous_asr.py             340     61    116     25    78%   99, 103, 106-112, 120, 129, 136, 152, 155-156, 158, 182, 207, 248, 279->277, 315-329, 333, 335, 354, 389, 393-394, 397, 464, 485-486, 511, 513, 550-556, 560-589, 609, 613
nwkit/regime_drift_asr.py                  179     55     68     16    62%   50, 53-54, 56-57, 72, 89, 119, 129, 133-156, 181, 185, 216, 230, 238, 261-264, 266-269, 298-306, 309, 328, 330-340
nwkit/regime_gaussian_asr.py               347     41    132     27    85%   88, 99, 102-103, 105, 111, 114-115, 117, 140, 163-164, 166, 179, 192, 199, 218, 220, 222, 224, 363, 372, 378, 453-457, 506, 519-524, 545, 547, 553, 555, 587, 708, 744, 758-759
nwkit/regress.py                          1669    197    700    158    85%   78->80, 88-91, 320, 323, 325, 332, 336, 349-350, 352, 359, 369-370, 374, 378, 388, 413-414, 420, 427, 439, 448, 455-456, 520, 524, 526, 544, 552, 556, 564, 571, 578, 613, 621, 625, 629, 634, 672, 694, 703, 750, 768, 793, 803, 805, 811, 836, 847, 851, 855, 862, 865, 882, 895, 963, 972, 993, 1080, 1092, 1104, 1175-1176, 1230, 1236->1238, 1243, 1254, 1279, 1293-1295, 1368, 1379, 1383, 1389, 1402, 1433, 1457-1460, 1491, 1556, 1600, 1648, 1681-1682, 1697, 1706-1707, 1716, 1747, 1754, 1787->1780, 1790, 1794, 1807, 1832, 1849, 1874, 1899-1900, 1902, 1909, 1936, 1964-1965, 1967, 1974, 1998-2003, 2081, 2116, 2117->2126, 2119, 2151, 2249-2250, 2254, 2373-2375, 2411, 2502, 2555-2557, 2663, 2961, 2995, 3091, 3169-3171, 3361, 3363, 3365, 3367, 3369, 3375, 3377, 3379, 3381, 3387, 3393, 3404, 3412, 3414, 3426, 3442, 3454, 3484, 3503, 3649, 3689, 3724-3749, 3757-3761, 3902, 3983, 4195, 4222, 4230, 4355, 4364-4367, 4378, 4382, 4384, 4389, 4394, 4442, 4498, 4501, 4587->4592, 4598, 4606, 4614, 4621->4626, 4632, 4640, 4650, 4655, 4659, 4695->4697, 4697->4701, 4702, 4712-4715, 4723, 4725, 4727, 4785, 4794
nwkit/regression_inference.py               41      4     14      4    85%   24, 31, 71, 75
nwkit/regression_observation.py            123     15     52     14    83%   14, 23, 41, 62, 66, 70, 73, 75, 88, 99, 109->115, 127, 170, 174, 198-199
nwkit/regression_pipeline.py               997    128    328     70    84%   162, 223-241, 275, 283, 288->290, 311, 334-337, 339, 579, 592, 604, 610, 836, 854->856, 858, 908, 1108, 1151-1173, 1228, 1231, 1242, 1321, 1368, 1391, 1430-1431, 1497, 1532, 1553, 1611-1612, 1616, 1627->1669, 1630-1637, 1647, 1658, 1661-1666, 1695, 1701, 1807-1808, 1810, 1815, 1843, 1859->1840, 1881-1883, 1895-1896, 1933-1940, 2213-2246, 2280, 2436, 2762, 2783-2806, 2808-2818, 2823, 2843->2845, 2882, 2884, 2886, 2888, 2893, 2902, 2916-2923, 2947, 3001, 3083, 3212, 3219, 3226, 3292, 3299, 3305, 3338, 3345, 3459
nwkit/regression_selection.py              175     21     64     18    84%   30, 32, 34, 36, 104-110, 116->114, 121-122, 147-148, 183, 186, 188, 287, 314, 358, 368, 373->377, 379, 381, 386, 390
nwkit/regression_selection_cli.py           23      0      0      0   100%
nwkit/rename.py                            129     16     68     18    83%   22, 32, 34, 36, 46, 57, 96, 101->93, 112, 113->110, 115, 123, 129, 135-139, 142, 153, 157, 173->177
nwkit/replicates.py                        525     79    220     67    80%   42, 50, 54-56, 69, 91, 93, 111, 122, 130, 198, 200, 235, 281, 295-296, 305-306, 318, 341-343, 350, 359, 365-367, 372, 384, 390, 398, 400, 406, 415, 418, 422, 459, 473, 480, 495, 541, 562-564, 585, 615->630, 645, 662-663, 697->703, 716, 726, 748, 770, 794, 796, 798, 802, 804, 806, 811, 821, 848, 850, 856, 858, 875, 879, 887, 890, 902, 929, 946, 1011, 1037, 1042, 1048-1049, 1054, 1057
nwkit/rescale.py                            17      0     10      0   100%
nwkit/result_plot.py                       372     29    146     16    90%   38, 42, 56-60, 88-91, 104-107, 231, 291, 322, 377, 598, 640, 648, 673, 830-832, 849, 855, 859
nwkit/result_plot_cli.py                    18      0      6      0   100%
nwkit/result_plot_data.py                  168     23     94     22    83%   39, 57, 59, 61, 76, 87, 101-102, 104, 121, 124->109, 159, 168, 195, 222, 231, 242, 246, 251, 258, 266, 274, 292, 304
nwkit/rf_distance.py                        19      0     10      0   100%
nwkit/root.py                             1732    172    786    121    88%   76-87, 93->exit, 101-107, 118, 120, 130, 137-145, 154-155, 159, 165, 168-171, 177, 183->185, 193, 237-238, 342->351, 344->351, 376, 379->385, 403, 476-477, 530, 538, 588-594, 599, 610, 620-621, 635, 644, 647, 685, 720->724, 725, 768, 789, 804, 808, 812, 842->844, 845, 863-864, 912-924, 942-947, 1020->1026, 1051->exit, 1070, 1158, 1181, 1386, 1389, 1421, 1441, 1575, 1579, 1616, 1660->1666, 1679, 1700, 1710-1714, 1754, 1815, 1841, 1866->1872, 1872->1876, 1886, 1894, 1903, 1907, 1925, 1930, 1956, 1958, 1960, 1987, 1989, 2039, 2046, 2060, 2076, 2079->2081, 2091, 2106, 2112, 2118, 2145, 2148, 2150, 2171->2175, 2176, 2181, 2229, 2238-2239, 2241-2242, 2245, 2259, 2274, 2308-2309, 2311-2312, 2316, 2318, 2323, 2328, 2334, 2337, 2339, 2341, 2343, 2349-2350, 2353, 2362, 2381-2382, 2386-2387, 2391, 2396, 2413, 2428, 2442, 2481, 2483, 2534, 2569, 2585-2586, 2590, 2714, 2848-2849, 2872, 2968->2970, 2992-2993, 3001, 3011, 3047, 3094, 3110
nwkit/root_compare.py                      486     47    232     44    87%   114, 123, 125, 129, 139->141, 142, 180, 191, 193, 202, 249, 278->300, 296, 309-310, 312, 318, 338, 350, 368->375, 443, 466->exit, 474, 477-478, 493, 514->505, 534, 552, 718-726, 750-751, 760, 782, 809, 818, 821, 823, 843, 888, 890, 894, 904, 908, 911, 915, 932-933, 940->942, 955->exit, 973
nwkit/root_evaluation.py                    89      9     24      8    85%   76, 79, 93, 104->120, 107-108, 116-117, 118->120, 123, 125
nwkit/rooting_state.py                     100      2     34      2    97%   101, 150
nwkit/rsc_diagnostics.py                    76      4     24      4    92%   44, 68, 122, 124
nwkit/sample.py                            255     34    102     22    84%   37, 47, 56, 69, 78, 80, 91, 107, 125-126, 136, 140-148, 159, 192-193, 220-221, 225, 251-252, 258, 296, 330->337, 338, 358, 394, 418, 445, 449
nwkit/sanitize.py                           20      0     12      0   100%
nwkit/shift.py                             176     16     92     16    88%   43, 51, 67, 71, 97, 105, 109, 113, 177, 187, 194, 219, 235, 240, 280, 401
nwkit/shift_backend.py                      17      1      4      1    90%   136
nwkit/shift_backend_probe.py                39      3     16      3    89%   156, 193, 198
nwkit/shift_bootstrap.py                    57      6     26      5    87%   12, 18, 24, 46, 126-128
nwkit/shift_calibrated_output.py            52      7     20      5    81%   24, 65-68, 238, 241->243, 244
nwkit/shift_calibration.py                 207     11     78      9    92%   40, 66, 89, 103, 127-130, 222, 264, 270->305, 282, 303->270
nwkit/shift_candidates.py                   72      3     42      3    95%   61, 66, 77
nwkit/shift_cli.py                          75      2     10      0    98%   13-14
nwkit/shift_convergence.py                  57     21     28      1    62%   120->122, 127-150
nwkit/shift_joint_dense.py                 124      4     32      5    94%   70->72, 73, 102, 140, 161
nwkit/shift_joint_fit.py                   318     38    106     25    84%   58, 153, 233-235, 258-260, 282, 284-286, 300, 301->303, 303->309, 310-314, 333-341, 352, 365->290, 368, 389->405, 402-404, 427, 469, 482, 484-487, 501, 503, 508, 521->523, 562, 586-587, 589, 682, 693
nwkit/shift_joint_model.py                 130     16     34      9    84%   40, 44, 49, 53-63, 172, 206, 213, 232, 238, 241-242
nwkit/shift_joint_screen.py                115      5     34      5    93%   98, 113, 131, 197, 212
nwkit/shift_math.py                         32      1     12      1    95%   23
nwkit/shift_native_bootstrap.py            108      7     40      7    91%   47, 69, 76->108, 105->76, 125, 137, 199, 214-215
nwkit/shift_native_fit.py                  249     30     80     16    86%   33, 35, 37, 39, 46, 50, 66, 72-83, 123, 148-150, 156, 157->161, 163-164, 166, 217-219, 258-260, 264, 296, 457, 473
nwkit/shift_native_heuristic.py            151      5     72      6    95%   32, 48, 111, 152, 154->147, 209
nwkit/shift_native_ic.py                    55      4     24      2    90%   16, 116-125
nwkit/shift_native_identifiability.py       62      0     22      0   100%
nwkit/shift_native_input.py                 80     12     34     11    80%   20, 31-32, 38, 40, 60, 100, 125, 131, 137, 139, 143->153, 150
nwkit/shift_native_limits.py                19      2     12      2    87%   34, 40
nwkit/shift_native_model.py                214     20     82     20    86%   34, 36, 38, 46, 53, 55, 100, 105, 110, 115, 145, 190, 202, 205, 244, 247, 260, 264, 279, 315
nwkit/shift_native_output.py               118     11     48     10    86%   33, 35, 38-46, 237->239, 252->254, 255, 270, 271->273, 288, 324
nwkit/shift_native_path.py                  94     15     38      3    82%   34, 37-38, 44, 84-110, 140->168
nwkit/shift_native_provenance.py            33      3      8      2    88%   43, 110, 119
nwkit/shift_native_quick.py                 77      0     24      0   100%
nwkit/shift_native_screen.py               127      2     36      3    97%   176, 183->188, 195
nwkit/shift_native_search.py               131      5     54      6    94%   62, 66, 116->118, 145, 183, 194
nwkit/shift_native_selection.py             64      7     30      7    85%   20, 26, 48, 90, 93, 101, 117
nwkit/shift_reference.py                    57      7     28      7    84%   24, 30, 41, 46, 51, 88, 92
nwkit/shift_results.py                     122     11     60     11    88%   16, 23, 33, 39, 142, 216, 247, 257, 260, 269, 274
nwkit/shift_simulation.py                   77     12     22      9    79%   36, 45, 52, 54, 63, 66, 83-93, 122, 124
nwkit/shift_simulation_cli.py              186     39     86     32    72%   22, 27-28, 30, 41, 46, 48-52, 54-58, 62, 92, 101, 112, 117, 122, 132, 136, 139, 161, 166, 173, 177, 180, 185, 189, 212-223, 234, 240, 249, 250->252, 258, 274, 282, 338->340, 359
nwkit/shuffle.py                            62      2     22      1    96%   29-32
nwkit/signal.py                            131      6     50      4    94%   61, 77, 148-154, 168, 180
nwkit/signal_cli.py                         15      0      0      0   100%
nwkit/signal_stats.py                      136      5     36      5    94%   27, 42, 54, 59, 108
nwkit/skim.py                              140      5     78      6    95%   112, 141, 161, 167->169, 212, 214
nwkit/sparse_laplace.py                    277     35     74     26    81%   50-55, 67, 73, 194, 198, 201, 221, 238, 255, 269, 272, 274->276, 308, 315->325, 321, 338, 355-357, 369, 381-384, 400, 410, 430, 434, 440-443, 459, 478
nwkit/species_parser.py                    162     19     76     20    84%   57, 60-61, 68, 102->113, 107, 109->104, 111->113, 114, 116, 129, 131, 139, 143, 151, 170, 193, 200, 218, 249, 251, 260
nwkit/stochastic_history.py                106      5     36      5    93%   36, 82, 101, 123, 151
nwkit/stochastic_map_io.py                 132      8     60     10    91%   46, 59, 60->49, 76, 116, 120, 124, 130, 194->196, 237
nwkit/stochastic_map_tables.py             113      3     54      3    96%   195, 203, 233
nwkit/subtree.py                            45      3     20      3    91%   63->79, 67, 75-76
nwkit/table2nwk.py                         145     18     72     13    86%   37, 44-45, 55-56, 84, 93, 97, 101, 119, 121-125, 141, 145, 153, 156, 159, 188
nwkit/threshold_asr.py                     270     26     96     17    88%   66-67, 84-85, 87, 101, 105-106, 108, 114, 118-119, 121, 151-152, 177, 223->216, 230, 252-253, 257, 259, 283, 285, 303, 309, 320
nwkit/threshold_diagnostics.py              50      0     10      0   100%
nwkit/time_tree.py                         255     26    110     19    88%   68, 83, 228-229, 238, 245, 250, 255-256, 258, 273, 275, 284, 291, 296-297, 301, 303, 326->331, 329-330, 365, 375, 377, 379, 412, 457
nwkit/trait_input.py                        17      0      6      0   100%
nwkit/transfer.py                          499     60    264     39    86%   96, 121->119, 126, 137, 154, 164->166, 175, 189, 200, 208, 212, 216, 239, 251, 270, 273, 291, 306, 318, 355, 357, 360, 451, 492, 499-500, 506, 516, 539, 546-547, 553, 564, 604, 606, 674, 685, 706-730, 732-738, 740-746, 749-750, 752-763, 771, 827-828, 1069
nwkit/transformed_continuous_asr.py        134     24     34     11    77%   47, 55, 61, 70-85, 114, 124, 158, 166, 185, 194, 213, 218, 223
nwkit/tree_formats.py                      334     32    194     30    88%   74, 81, 84->79, 86, 110->112, 125, 134, 138, 152-153, 155, 159, 168, 183, 190-191, 203, 210, 226-227, 233, 239, 246, 256, 289, 294, 302, 304, 325->331, 415, 462, 467, 471, 495, 506
nwkit/tree_outputs.py                       48      3     20      3    91%   16, 18, 30
nwkit/util.py                             1442    193    664    103    85%   143, 165, 171, 185-186, 188, 193, 211-212, 230, 232, 248, 253->255, 304, 325, 363, 369, 394-416, 423->425, 426->431, 427->431, 446, 456-457, 473-474, 478->487, 482-483, 522->530, 525-526, 536, 548, 555, 572->577, 583, 589, 605, 620-621, 672->674, 692-693, 698-699, 701, 712-717, 729-762, 767, 771-772, 778, 785-786, 792, 795-796, 809-810, 818-823, 837, 839, 843->849, 845, 857->863, 868->875, 876, 888, 894, 900-902, 916, 924, 926, 928, 933->946, 943, 970, 992, 1000-1001, 1028-1030, 1035, 1037, 1039, 1047-1048, 1052, 1059, 1106-1107, 1110, 1113, 1114->1122, 1121, 1138->1149, 1141-1142, 1146, 1152, 1155, 1165, 1167, 1171, 1200-1201, 1205, 1216-1217, 1219, 1225, 1268-1269, 1289, 1342-1343, 1349-1350, 1397->1395, 1432, 1475->1477, 1484, 1521->1523, 1525, 1531, 1541-1543, 1546->1548, 1586, 1607, 1618, 1633, 1685-1686, 1688, 1719-1720, 1735, 1739->1741, 1751->1753, 1754, 1758-1759, 1770-1771, 1775, 1787, 1796, 1920, 1966, 2002, 2032, 2090, 2093, 2096, 2103-2112, 2225
nwkit/validate.py                          158     12     72     10    90%   86, 95-96, 139, 142-143, 203, 263, 276, 277->279, 334, 374, 378
nwkit/vector_fit.py                         80      3     24      6    91%   29, 48->50, 50->52, 52->54, 145, 147
nwkit/vector_gaussian.py                   199     13     56     15    89%   51, 61, 87, 106, 111, 113, 118, 121, 130, 209, 252, 255->264, 271, 278->311, 289
nwkit/vector_mean.py                        24      1      6      1    93%   26
nwkit/vector_ou_fit.py                     103     16     40     11    77%   42, 63, 67, 69->73, 71, 74, 118, 120-123, 176-178, 194, 209-211
nwkit/vector_processes.py                   51      4     16      4    88%   14, 22, 36, 57
nwkit/vector_simulation.py                  37      2     18      2    93%   15, 37
nwkit/vector_whitening.py                  152     12     52     12    88%   21, 56, 76, 101, 105, 117, 129, 133, 182, 189, 195, 232
------------------------------------------------------------------------------------
TOTAL                                    49717   5562  19666   3589    86%
Warning: nwkit/asr.py:_write_stochastic_map: complexity increased from 2 to 3; review the added branching.
Warning: nwkit/asr.py:asr_main: complexity increased from 4 to 7; review the added branching.
Warning: nwkit/cli.py:command_draw: complexity increased from 1 to 4; review the added branching.
Warning: nwkit/conventions.py:get_stdin_input_options: complexity increased from 6 to 8; review the added branching.
Warning: nwkit/convert.py:convert_tree_text: complexity increased from 10 to 12; review the added branching.
Warning: nwkit/draw.py:_draw_tree: complexity increased from 8 to 9; review the added branching.
Warning: nwkit/gaussian.py:effective_likelihood_settings: complexity increased from 9 to 10; review the added branching.
Warning: nwkit/ordinary_regression.py:_categorical_coefficient_rows: complexity increased from 17 to 19; review the added branching.
Warning: nwkit/ordinary_regression.py:fit_ordinary_regression: complexity increased from 29 to 34; review the added branching.
Warning: nwkit/phylogenetic_glmm.py:_fit_scalar_phylogenetic_glmm: complexity increased from 23 to 24; review the added branching.
Warning: nwkit/phylogenetic_glmm.py:_fixed_parameter_covariances: complexity increased from 8 to 9; review the added branching.
Warning: nwkit/phylogenetic_glmm.py:_scalar_random_mode: complexity increased from 17 to 18; review the added branching.
Warning: nwkit/phylogenetic_glmm.py:_validate_glmm_call_options: complexity increased from 22 to 40; review the added branching.
Warning: nwkit/phylogenetic_glmm.py:_wald_coefficient_summary: complexity increased from 6 to 9; review the added branching.
Warning: nwkit/phylogenetic_glmm.py:fit_phylogenetic_glmm: complexity increased from 21 to 25; review the added branching.
Warning: nwkit/phylogenetic_glmm.py:summarize_glmm_coefficient: complexity increased from 7 to 13; review the added branching.
Warning: nwkit/phylogenetic_glmm.py:summarize_glmm_omnibus: complexity increased from 2 to 4; review the added branching.
Warning: nwkit/phylogenetic_glmm.py:summarize_glmm_threshold: complexity increased from 3 to 5; review the added branching.
Warning: nwkit/provenance.py:_input_path_candidates: complexity increased from 23 to 28; review the added branching.
Warning: nwkit/provenance.py:_output_file_records: complexity increased from 18 to 19; review the added branching.
Warning: nwkit/provenance.py:_planned_output_records: complexity increased from 9 to 10; review the added branching.
Warning: nwkit/reconcile.py:build_reconciliation_table: complexity increased from 4 to 9; review the added branching.
Warning: nwkit/reconcile.py:reconcile_main: complexity increased from 2 to 8; review the added branching.
Warning: nwkit/regress.py:_append_lineage_inference_rows: complexity increased from 9 to 14; review the added branching.
Warning: nwkit/regress.py:_fit_covariance_model: complexity increased from 32 to 39; review the added branching.
Warning: nwkit/regress.py:_parametric_bootstrap_coefficients: complexity increased from 7 to 8; review the added branching.
Warning: nwkit/regress.py:_parametric_bootstrap_eiv_coefficients: complexity increased from 7 to 8; review the added branching.
Warning: nwkit/regression_pipeline.py:_fit_reconciled_gaussian_responses: complexity increased from 6 to 7; review the added branching.
Warning: nwkit/regression_pipeline.py:_reconciled_pglmm_rows: complexity increased from 18 to 20; review the added branching.
Warning: nwkit/regression_pipeline.py:build_regression_pipeline: complexity increased from 35 to 36; review the added branching.
Warning: nwkit/root.py:root_main: complexity increased from 18 to 23; review the added branching.
Warning: nwkit/tree_formats.py:_node_suffix: complexity increased from 17 to 23; review the added branching.
Warning: nwkit/tree_formats.py:transform_annotations: complexity increased from 4 to 5; review the added branching.
Radon: 3361 functions, 6.82 average (informational), 50 maximum; all hard limits respected.
+ /tmp/nwkit-qa/bin/python -m build --wheel --outdir direct-dist
* Creating isolated environment: venv+pip...
* Installing packages in isolated environment:
  - setuptools>=77.0.3
* Getting build dependencies for wheel...
running egg_info
creating nwkit.egg-info
writing nwkit.egg-info/PKG-INFO
writing dependency_links to nwkit.egg-info/dependency_links.txt
writing entry points to nwkit.egg-info/entry_points.txt
writing requirements to nwkit.egg-info/requires.txt
writing top-level names to nwkit.egg-info/top_level.txt
writing manifest file 'nwkit.egg-info/SOURCES.txt'
reading manifest file 'nwkit.egg-info/SOURCES.txt'
reading manifest template 'MANIFEST.in'
warning: no previously-included files matching '__pycache__' found anywhere in distribution
warning: no previously-included files matching '*.py[cod]' found anywhere in distribution
adding license file 'LICENSE'
writing manifest file 'nwkit.egg-info/SOURCES.txt'
* Installed build dependency versions:
  - setuptools==84.0.0
* Building wheel...
running bdist_wheel
running build
running build_py
creating build/lib/nwkit
copying nwkit/transformed_continuous_asr.py -> build/lib/nwkit
copying nwkit/clade_index.py -> build/lib/nwkit
copying nwkit/mark.py -> build/lib/nwkit
copying nwkit/draw_types.py -> build/lib/nwkit
copying nwkit/shift_native_path.py -> build/lib/nwkit
copying nwkit/radte.py -> build/lib/nwkit
copying nwkit/species_parser.py -> build/lib/nwkit
copying nwkit/full_ou_fit.py -> build/lib/nwkit
copying nwkit/drop.py -> build/lib/nwkit
copying nwkit/shift_simulation.py -> build/lib/nwkit
copying nwkit/signal.py -> build/lib/nwkit
copying nwkit/provenance.py -> build/lib/nwkit
copying nwkit/image_metadata.py -> build/lib/nwkit
copying nwkit/regime_gaussian_asr.py -> build/lib/nwkit
copying nwkit/nwk2table.py -> build/lib/nwkit
copying nwkit/branch_gaussian_fit_spec.py -> build/lib/nwkit
copying nwkit/asr_paths.py -> build/lib/nwkit
copying nwkit/draw_setup.py -> build/lib/nwkit
copying nwkit/regression_pipeline.py -> build/lib/nwkit
copying nwkit/dtt.py -> build/lib/nwkit
copying nwkit/radte_marginal.py -> build/lib/nwkit
copying nwkit/shift_calibrated_output.py -> build/lib/nwkit
copying nwkit/shift_native_search.py -> build/lib/nwkit
copying nwkit/image.py -> build/lib/nwkit
copying nwkit/shift_native_identifiability.py -> build/lib/nwkit
copying nwkit/evolution.py -> build/lib/nwkit
copying nwkit/vector_whitening.py -> build/lib/nwkit
copying nwkit/radte_exact_interval.py -> build/lib/nwkit
copying nwkit/shift_native_selection.py -> build/lib/nwkit
copying nwkit/stochastic_history.py -> build/lib/nwkit
copying nwkit/discrete_observation.py -> build/lib/nwkit
copying nwkit/asr_input.py -> build/lib/nwkit
copying nwkit/continuous_asr_optimize.py -> build/lib/nwkit
copying nwkit/intersection.py -> build/lib/nwkit
copying nwkit/root_compare.py -> build/lib/nwkit
copying nwkit/regress.py -> build/lib/nwkit
copying nwkit/shift_native_provenance.py -> build/lib/nwkit
copying nwkit/shift_native_input.py -> build/lib/nwkit
copying nwkit/shift_native_screen.py -> build/lib/nwkit
copying nwkit/sparse_laplace.py -> build/lib/nwkit
copying nwkit/radte_cli.py -> build/lib/nwkit
copying nwkit/regression_selection.py -> build/lib/nwkit
copying nwkit/gaussian_tree.py -> build/lib/nwkit
copying nwkit/regression_inference.py -> build/lib/nwkit
copying nwkit/sample.py -> build/lib/nwkit
copying nwkit/mcmc_diagnostics.py -> build/lib/nwkit
copying nwkit/shift_results.py -> build/lib/nwkit
copying nwkit/tree_formats.py -> build/lib/nwkit
copying nwkit/markov_gaussian_asr.py -> build/lib/nwkit
copying nwkit/asr_tip_labels.py -> build/lib/nwkit
copying nwkit/shift_simulation_cli.py -> build/lib/nwkit
copying nwkit/reconciliation_properties.py -> build/lib/nwkit
copying nwkit/regime_continuous_asr.py -> build/lib/nwkit
copying nwkit/validate.py -> build/lib/nwkit
copying nwkit/branch_gaussian_paths.py -> build/lib/nwkit
copying nwkit/branch_gaussian_input.py -> build/lib/nwkit
copying nwkit/shift_native_output.py -> build/lib/nwkit
copying nwkit/gaussian.py -> build/lib/nwkit
copying nwkit/draw_quality.py -> build/lib/nwkit
copying nwkit/vector_mean.py -> build/lib/nwkit
copying nwkit/pca.py -> build/lib/nwkit
copying nwkit/shift_backend.py -> build/lib/nwkit
copying nwkit/asr_regimes.py -> build/lib/nwkit
copying nwkit/ou_asr.py -> build/lib/nwkit
copying nwkit/root.py -> build/lib/nwkit
copying nwkit/vector_simulation.py -> build/lib/nwkit
copying nwkit/full_ou.py -> build/lib/nwkit
copying nwkit/shift_cli.py -> build/lib/nwkit
copying nwkit/iqtree_worker.py -> build/lib/nwkit
copying nwkit/rescale.py -> build/lib/nwkit
copying nwkit/util.py -> build/lib/nwkit
copying nwkit/rooting_state.py -> build/lib/nwkit
copying nwkit/gaussian_inference.py -> build/lib/nwkit
copying nwkit/shift_joint_dense.py -> build/lib/nwkit
copying nwkit/table2nwk.py -> build/lib/nwkit
copying nwkit/sanitize.py -> build/lib/nwkit
copying nwkit/branch_gaussian_estimation.py -> build/lib/nwkit
copying nwkit/tree_outputs.py -> build/lib/nwkit
copying nwkit/continuous_asr_io.py -> build/lib/nwkit
copying nwkit/mcmctree.py -> build/lib/nwkit
copying nwkit/radte_sequence_fit.py -> build/lib/nwkit
copying nwkit/stochastic_map_io.py -> build/lib/nwkit
copying nwkit/draw_render.py -> build/lib/nwkit
copying nwkit/jump_asr.py -> build/lib/nwkit
copying nwkit/radte_species.py -> build/lib/nwkit
copying nwkit/shift_native_ic.py -> build/lib/nwkit
copying nwkit/compose.py -> build/lib/nwkit
copying nwkit/vector_fit.py -> build/lib/nwkit
copying nwkit/cli.py -> build/lib/nwkit
copying nwkit/output_transaction.py -> build/lib/nwkit
copying nwkit/shift_native_limits.py -> build/lib/nwkit
copying nwkit/draw_prep.py -> build/lib/nwkit
copying nwkit/branch_gaussian_asr.py -> build/lib/nwkit
copying nwkit/clade_mapping.py -> build/lib/nwkit
copying nwkit/rf_distance.py -> build/lib/nwkit
copying nwkit/shift_joint_screen.py -> build/lib/nwkit
copying nwkit/radte_simulation.py -> build/lib/nwkit
copying nwkit/trait_input.py -> build/lib/nwkit
copying nwkit/pca_figure.py -> build/lib/nwkit
copying nwkit/shift_candidates.py -> build/lib/nwkit
copying nwkit/fasta.py -> build/lib/nwkit
copying nwkit/asr_comparison.py -> build/lib/nwkit
copying nwkit/label.py -> build/lib/nwkit
copying nwkit/cladefreq.py -> build/lib/nwkit
copying nwkit/phylogenetic_pca.py -> build/lib/nwkit
copying nwkit/model_specs.py -> build/lib/nwkit
copying nwkit/asr_compare_panels.py -> build/lib/nwkit
copying nwkit/individual_covariance.py -> build/lib/nwkit
copying nwkit/draw.py -> build/lib/nwkit
copying nwkit/constrain.py -> build/lib/nwkit
copying nwkit/continuous_asr.py -> build/lib/nwkit
copying nwkit/pca_cli.py -> build/lib/nwkit
copying nwkit/transfer.py -> build/lib/nwkit
copying nwkit/branch_gaussian_options.py -> build/lib/nwkit
copying nwkit/stochastic_map_tables.py -> build/lib/nwkit
copying nwkit/shift_bootstrap.py -> build/lib/nwkit
copying nwkit/nhx2nwk.py -> build/lib/nwkit
copying nwkit/result_plot.py -> build/lib/nwkit
copying nwkit/latent_gaussian.py -> build/lib/nwkit
copying nwkit/shift_joint_model.py -> build/lib/nwkit
copying nwkit/shift_native_model.py -> build/lib/nwkit
copying nwkit/asr_models.py -> build/lib/nwkit
copying nwkit/radte_iqtree.py -> build/lib/nwkit
copying nwkit/regression_observation.py -> build/lib/nwkit
copying nwkit/shift.py -> build/lib/nwkit
copying nwkit/dtt_figure.py -> build/lib/nwkit
copying nwkit/rename.py -> build/lib/nwkit
copying nwkit/radte_compare_plot.py -> build/lib/nwkit
copying nwkit/gaussian_whitening.py -> build/lib/nwkit
copying nwkit/event_regression.py -> build/lib/nwkit
copying nwkit/subtree.py -> build/lib/nwkit
copying nwkit/threshold_asr.py -> build/lib/nwkit
copying nwkit/shift_native_quick.py -> build/lib/nwkit
copying nwkit/__init__.py -> build/lib/nwkit
copying nwkit/vector_gaussian.py -> build/lib/nwkit
copying nwkit/asr_tree_ensemble.py -> build/lib/nwkit
copying nwkit/radte_compare.py -> build/lib/nwkit
copying nwkit/asr.py -> build/lib/nwkit
copying nwkit/prune.py -> build/lib/nwkit
copying nwkit/dist.py -> build/lib/nwkit
copying nwkit/printlabel.py -> build/lib/nwkit
copying nwkit/branch_gaussian_output.py -> build/lib/nwkit
copying nwkit/shift_calibration.py -> build/lib/nwkit
copying nwkit/result_plot_data.py -> build/lib/nwkit
copying nwkit/ordinary_regression.py -> build/lib/nwkit
copying nwkit/branch_gaussian.py -> build/lib/nwkit
copying nwkit/shift_convergence.py -> build/lib/nwkit
copying nwkit/regime_drift_asr.py -> build/lib/nwkit
copying nwkit/signal_cli.py -> build/lib/nwkit
copying nwkit/multivariate_gaussian_asr.py -> build/lib/nwkit
copying nwkit/collapse.py -> build/lib/nwkit
copying nwkit/__main__.py -> build/lib/nwkit
copying nwkit/annotate.py -> build/lib/nwkit
copying nwkit/continuous_observation.py -> build/lib/nwkit
copying nwkit/conventions.py -> build/lib/nwkit
copying nwkit/radte_paml.py -> build/lib/nwkit
copying nwkit/root_evaluation.py -> build/lib/nwkit
copying nwkit/compiled_tree.py -> build/lib/nwkit
copying nwkit/nonstationary_continuous_asr.py -> build/lib/nwkit
copying nwkit/dtt_cli.py -> build/lib/nwkit
copying nwkit/draw_helpers.py -> build/lib/nwkit
copying nwkit/vector_ou_fit.py -> build/lib/nwkit
copying nwkit/model_matrix.py -> build/lib/nwkit
copying nwkit/hidden_rate_asr.py -> build/lib/nwkit
copying nwkit/diff.py -> build/lib/nwkit
copying nwkit/rsc_diagnostics.py -> build/lib/nwkit
copying nwkit/radte_sequence.py -> build/lib/nwkit
copying nwkit/radte_calibrated.py -> build/lib/nwkit
copying nwkit/regression_selection_cli.py -> build/lib/nwkit
copying nwkit/asr_multivariate_diagnostics.py -> build/lib/nwkit
copying nwkit/asr_latent.py -> build/lib/nwkit
copying nwkit/asr_discrete_cross_validation.py -> build/lib/nwkit
copying nwkit/shift_native_fit.py -> build/lib/nwkit
copying nwkit/shift_reference.py -> build/lib/nwkit
copying nwkit/asr_output.py -> build/lib/nwkit
copying nwkit/measurement_error.py -> build/lib/nwkit
copying nwkit/asr_averaging.py -> build/lib/nwkit
copying nwkit/radte_model.py -> build/lib/nwkit
copying nwkit/shift_joint_fit.py -> build/lib/nwkit
copying nwkit/multivariate_asr.py -> build/lib/nwkit
copying nwkit/consensus.py -> build/lib/nwkit
copying nwkit/shift_native_bootstrap.py -> build/lib/nwkit
copying nwkit/time_tree.py -> build/lib/nwkit
copying nwkit/asr_cross_validation.py -> build/lib/nwkit
copying nwkit/skim.py -> build/lib/nwkit
copying nwkit/radte_ensemble.py -> build/lib/nwkit
copying nwkit/radte_components.py -> build/lib/nwkit
copying nwkit/radte_studentized.py -> build/lib/nwkit
copying nwkit/pagel_asr.py -> build/lib/nwkit
copying nwkit/continuous_asr_process.py -> build/lib/nwkit
copying nwkit/asr_diagnostics.py -> build/lib/nwkit
copying nwkit/phylogenetic_predictive.py -> build/lib/nwkit
copying nwkit/individual_asr.py -> build/lib/nwkit
copying nwkit/optimization.py -> build/lib/nwkit
copying nwkit/radte_uncertainty.py -> build/lib/nwkit
copying nwkit/shuffle.py -> build/lib/nwkit
copying nwkit/asr_continuous_diagnostics.py -> build/lib/nwkit
copying nwkit/signal_stats.py -> build/lib/nwkit
copying nwkit/replicates.py -> build/lib/nwkit
copying nwkit/draw_layouts.py -> build/lib/nwkit
copying nwkit/threshold_diagnostics.py -> build/lib/nwkit
copying nwkit/convert.py -> build/lib/nwkit
copying nwkit/asr_compare_figure.py -> build/lib/nwkit
copying nwkit/radte_inputs.py -> build/lib/nwkit
copying nwkit/draw_output.py -> build/lib/nwkit
copying nwkit/asr_figure.py -> build/lib/nwkit
copying nwkit/shift_backend_probe.py -> build/lib/nwkit
copying nwkit/result_plot_cli.py -> build/lib/nwkit
copying nwkit/disparity.py -> build/lib/nwkit
copying nwkit/phylogenetic_glmm.py -> build/lib/nwkit
copying nwkit/radte_codon.py -> build/lib/nwkit
copying nwkit/shift_math.py -> build/lib/nwkit
copying nwkit/general_ou_asr.py -> build/lib/nwkit
copying nwkit/contrast.py -> build/lib/nwkit
copying nwkit/info.py -> build/lib/nwkit
copying nwkit/monophyly.py -> build/lib/nwkit
copying nwkit/discrete_asr_models.py -> build/lib/nwkit
copying nwkit/shift_native_heuristic.py -> build/lib/nwkit
copying nwkit/asr_heatmap.py -> build/lib/nwkit
copying nwkit/vector_processes.py -> build/lib/nwkit
copying nwkit/penalized_phylogenetic.py -> build/lib/nwkit
copying nwkit/asr_compare.py -> build/lib/nwkit
copying nwkit/iqtree_library.py -> build/lib/nwkit
copying nwkit/asr_bootstrap_intervals.py -> build/lib/nwkit
copying nwkit/multivariate_pgls.py -> build/lib/nwkit
copying nwkit/file_paths.py -> build/lib/nwkit
copying nwkit/reconcile.py -> build/lib/nwkit
creating build/lib/nwkit/data_tree
copying nwkit/data_tree/apgiv.nwk -> build/lib/nwkit/data_tree
creating build/lib/nwkit/data_model
copying nwkit/data_model/ECMrest.txt -> build/lib/nwkit/data_model
copying nwkit/data_model/lg.txt -> build/lib/nwkit/data_model
copying nwkit/data_model/ECMunrest.txt -> build/lib/nwkit/data_model
creating build/lib/nwkit/data_iqtree
copying nwkit/data_iqtree/worker.cpp -> build/lib/nwkit/data_iqtree
installing to build/bdist.linux-aarch64/wheel
running install
running install_lib
creating build/bdist.linux-aarch64/wheel
creating build/bdist.linux-aarch64/wheel/nwkit
copying build/lib/nwkit/transformed_continuous_asr.py -> build/bdist.linux-aarch64/wheel/./nwkit
copying build/lib/nwkit/clade_index.py -> build/bdist.linux-aarch64/wheel/./nwkit
copying build/lib/nwkit/mark.py -> build/bdist.linux-aarch64/wheel/./nwkit
copying build/lib/nwkit/draw_types.py -> build/bdist.linux-aarch64/wheel/./nwkit
copying build/lib/nwkit/shift_native_path.py -> build/bdist.linux-aarch64/wheel/./nwkit
copying build/lib/nwkit/radte.py -> build/bdist.linux-aarch64/wheel/./nwkit
copying build/lib/nwkit/species_parser.py -> build/bdist.linux-aarch64/wheel/./nwkit
copying build/lib/nwkit/full_ou_fit.py -> build/bdist.linux-aarch64/wheel/./nwkit
copying build/lib/nwkit/drop.py -> build/bdist.linux-aarch64/wheel/./nwkit
copying build/lib/nwkit/shift_simulation.py -> build/bdist.linux-aarch64/wheel/./nwkit
copying build/lib/nwkit/signal.py -> build/bdist.linux-aarch64/wheel/./nwkit
copying build/lib/nwkit/provenance.py -> build/bdist.linux-aarch64/wheel/./nwkit
copying build/lib/nwkit/image_metadata.py -> build/bdist.linux-aarch64/wheel/./nwkit
copying build/lib/nwkit/regime_gaussian_asr.py -> build/bdist.linux-aarch64/wheel/./nwkit
copying build/lib/nwkit/nwk2table.py -> build/bdist.linux-aarch64/wheel/./nwkit
copying build/lib/nwkit/branch_gaussian_fit_spec.py -> build/bdist.linux-aarch64/wheel/./nwkit
copying build/lib/nwkit/asr_paths.py -> build/bdist.linux-aarch64/wheel/./nwkit
copying build/lib/nwkit/draw_setup.py -> build/bdist.linux-aarch64/wheel/./nwkit
copying build/lib/nwkit/regression_pipeline.py -> build/bdist.linux-aarch64/wheel/./nwkit
copying build/lib/nwkit/dtt.py -> build/bdist.linux-aarch64/wheel/./nwkit
copying build/lib/nwkit/radte_marginal.py -> build/bdist.linux-aarch64/wheel/./nwkit
copying build/lib/nwkit/shift_calibrated_output.py -> build/bdist.linux-aarch64/wheel/./nwkit
copying build/lib/nwkit/shift_native_search.py -> build/bdist.linux-aarch64/wheel/./nwkit
copying build/lib/nwkit/image.py -> build/bdist.linux-aarch64/wheel/./nwkit
copying build/lib/nwkit/shift_native_identifiability.py -> build/bdist.linux-aarch64/wheel/./nwkit
copying build/lib/nwkit/evolution.py -> build/bdist.linux-aarch64/wheel/./nwkit
copying build/lib/nwkit/vector_whitening.py -> build/bdist.linux-aarch64/wheel/./nwkit
copying build/lib/nwkit/radte_exact_interval.py -> build/bdist.linux-aarch64/wheel/./nwkit
copying build/lib/nwkit/shift_native_selection.py -> build/bdist.linux-aarch64/wheel/./nwkit
copying build/lib/nwkit/stochastic_history.py -> build/bdist.linux-aarch64/wheel/./nwkit
copying build/lib/nwkit/discrete_observation.py -> build/bdist.linux-aarch64/wheel/./nwkit
copying build/lib/nwkit/asr_input.py -> build/bdist.linux-aarch64/wheel/./nwkit
copying build/lib/nwkit/continuous_asr_optimize.py -> build/bdist.linux-aarch64/wheel/./nwkit
copying build/lib/nwkit/intersection.py -> build/bdist.linux-aarch64/wheel/./nwkit
copying build/lib/nwkit/root_compare.py -> build/bdist.linux-aarch64/wheel/./nwkit
copying build/lib/nwkit/regress.py -> build/bdist.linux-aarch64/wheel/./nwkit
copying build/lib/nwkit/shift_native_provenance.py -> build/bdist.linux-aarch64/wheel/./nwkit
copying build/lib/nwkit/shift_native_input.py -> build/bdist.linux-aarch64/wheel/./nwkit
copying build/lib/nwkit/shift_native_screen.py -> build/bdist.linux-aarch64/wheel/./nwkit
copying build/lib/nwkit/sparse_laplace.py -> build/bdist.linux-aarch64/wheel/./nwkit
copying build/lib/nwkit/radte_cli.py -> build/bdist.linux-aarch64/wheel/./nwkit
copying build/lib/nwkit/regression_selection.py -> build/bdist.linux-aarch64/wheel/./nwkit
copying build/lib/nwkit/gaussian_tree.py -> build/bdist.linux-aarch64/wheel/./nwkit
copying build/lib/nwkit/regression_inference.py -> build/bdist.linux-aarch64/wheel/./nwkit
copying build/lib/nwkit/sample.py -> build/bdist.linux-aarch64/wheel/./nwkit
copying build/lib/nwkit/mcmc_diagnostics.py -> build/bdist.linux-aarch64/wheel/./nwkit
copying build/lib/nwkit/shift_results.py -> build/bdist.linux-aarch64/wheel/./nwkit
copying build/lib/nwkit/tree_formats.py -> build/bdist.linux-aarch64/wheel/./nwkit
copying build/lib/nwkit/markov_gaussian_asr.py -> build/bdist.linux-aarch64/wheel/./nwkit
copying build/lib/nwkit/asr_tip_labels.py -> build/bdist.linux-aarch64/wheel/./nwkit
copying build/lib/nwkit/shift_simulation_cli.py -> build/bdist.linux-aarch64/wheel/./nwkit
copying build/lib/nwkit/reconciliation_properties.py -> build/bdist.linux-aarch64/wheel/./nwkit
copying build/lib/nwkit/regime_continuous_asr.py -> build/bdist.linux-aarch64/wheel/./nwkit
copying build/lib/nwkit/validate.py -> build/bdist.linux-aarch64/wheel/./nwkit
copying build/lib/nwkit/branch_gaussian_paths.py -> build/bdist.linux-aarch64/wheel/./nwkit
copying build/lib/nwkit/branch_gaussian_input.py -> build/bdist.linux-aarch64/wheel/./nwkit
copying build/lib/nwkit/shift_native_output.py -> build/bdist.linux-aarch64/wheel/./nwkit
copying build/lib/nwkit/gaussian.py -> build/bdist.linux-aarch64/wheel/./nwkit
copying build/lib/nwkit/draw_quality.py -> build/bdist.linux-aarch64/wheel/./nwkit
copying build/lib/nwkit/vector_mean.py -> build/bdist.linux-aarch64/wheel/./nwkit
copying build/lib/nwkit/pca.py -> build/bdist.linux-aarch64/wheel/./nwkit
copying build/lib/nwkit/shift_backend.py -> build/bdist.linux-aarch64/wheel/./nwkit
copying build/lib/nwkit/asr_regimes.py -> build/bdist.linux-aarch64/wheel/./nwkit
copying build/lib/nwkit/ou_asr.py -> build/bdist.linux-aarch64/wheel/./nwkit
copying build/lib/nwkit/root.py -> build/bdist.linux-aarch64/wheel/./nwkit
copying build/lib/nwkit/vector_simulation.py -> build/bdist.linux-aarch64/wheel/./nwkit
copying build/lib/nwkit/full_ou.py -> build/bdist.linux-aarch64/wheel/./nwkit
copying build/lib/nwkit/shift_cli.py -> build/bdist.linux-aarch64/wheel/./nwkit
copying build/lib/nwkit/iqtree_worker.py -> build/bdist.linux-aarch64/wheel/./nwkit
copying build/lib/nwkit/rescale.py -> build/bdist.linux-aarch64/wheel/./nwkit
copying build/lib/nwkit/util.py -> build/bdist.linux-aarch64/wheel/./nwkit
copying build/lib/nwkit/rooting_state.py -> build/bdist.linux-aarch64/wheel/./nwkit
copying build/lib/nwkit/gaussian_inference.py -> build/bdist.linux-aarch64/wheel/./nwkit
copying build/lib/nwkit/shift_joint_dense.py -> build/bdist.linux-aarch64/wheel/./nwkit
copying build/lib/nwkit/table2nwk.py -> build/bdist.linux-aarch64/wheel/./nwkit
copying build/lib/nwkit/sanitize.py -> build/bdist.linux-aarch64/wheel/./nwkit
copying build/lib/nwkit/branch_gaussian_estimation.py -> build/bdist.linux-aarch64/wheel/./nwkit
copying build/lib/nwkit/tree_outputs.py -> build/bdist.linux-aarch64/wheel/./nwkit
copying build/lib/nwkit/continuous_asr_io.py -> build/bdist.linux-aarch64/wheel/./nwkit
creating build/bdist.linux-aarch64/wheel/nwkit/data_model
copying build/lib/nwkit/data_model/ECMrest.txt -> build/bdist.linux-aarch64/wheel/./nwkit/data_model
copying build/lib/nwkit/data_model/lg.txt -> build/bdist.linux-aarch64/wheel/./nwkit/data_model
copying build/lib/nwkit/data_model/ECMunrest.txt -> build/bdist.linux-aarch64/wheel/./nwkit/data_model
copying build/lib/nwkit/mcmctree.py -> build/bdist.linux-aarch64/wheel/./nwkit
copying build/lib/nwkit/radte_sequence_fit.py -> build/bdist.linux-aarch64/wheel/./nwkit
copying build/lib/nwkit/stochastic_map_io.py -> build/bdist.linux-aarch64/wheel/./nwkit
copying build/lib/nwkit/draw_render.py -> build/bdist.linux-aarch64/wheel/./nwkit
copying build/lib/nwkit/jump_asr.py -> build/bdist.linux-aarch64/wheel/./nwkit
copying build/lib/nwkit/radte_species.py -> build/bdist.linux-aarch64/wheel/./nwkit
copying build/lib/nwkit/shift_native_ic.py -> build/bdist.linux-aarch64/wheel/./nwkit
copying build/lib/nwkit/compose.py -> build/bdist.linux-aarch64/wheel/./nwkit
copying build/lib/nwkit/vector_fit.py -> build/bdist.linux-aarch64/wheel/./nwkit
copying build/lib/nwkit/cli.py -> build/bdist.linux-aarch64/wheel/./nwkit
copying build/lib/nwkit/output_transaction.py -> build/bdist.linux-aarch64/wheel/./nwkit
copying build/lib/nwkit/shift_native_limits.py -> build/bdist.linux-aarch64/wheel/./nwkit
copying build/lib/nwkit/draw_prep.py -> build/bdist.linux-aarch64/wheel/./nwkit
copying build/lib/nwkit/branch_gaussian_asr.py -> build/bdist.linux-aarch64/wheel/./nwkit
copying build/lib/nwkit/clade_mapping.py -> build/bdist.linux-aarch64/wheel/./nwkit
copying build/lib/nwkit/rf_distance.py -> build/bdist.linux-aarch64/wheel/./nwkit
copying build/lib/nwkit/shift_joint_screen.py -> build/bdist.linux-aarch64/wheel/./nwkit
copying build/lib/nwkit/radte_simulation.py -> build/bdist.linux-aarch64/wheel/./nwkit
copying build/lib/nwkit/trait_input.py -> build/bdist.linux-aarch64/wheel/./nwkit
copying build/lib/nwkit/pca_figure.py -> build/bdist.linux-aarch64/wheel/./nwkit
copying build/lib/nwkit/shift_candidates.py -> build/bdist.linux-aarch64/wheel/./nwkit
copying build/lib/nwkit/fasta.py -> build/bdist.linux-aarch64/wheel/./nwkit
copying build/lib/nwkit/asr_comparison.py -> build/bdist.linux-aarch64/wheel/./nwkit
copying build/lib/nwkit/label.py -> build/bdist.linux-aarch64/wheel/./nwkit
copying build/lib/nwkit/cladefreq.py -> build/bdist.linux-aarch64/wheel/./nwkit
copying build/lib/nwkit/phylogenetic_pca.py -> build/bdist.linux-aarch64/wheel/./nwkit
copying build/lib/nwkit/model_specs.py -> build/bdist.linux-aarch64/wheel/./nwkit
copying build/lib/nwkit/asr_compare_panels.py -> build/bdist.linux-aarch64/wheel/./nwkit
copying build/lib/nwkit/individual_covariance.py -> build/bdist.linux-aarch64/wheel/./nwkit
copying build/lib/nwkit/draw.py -> build/bdist.linux-aarch64/wheel/./nwkit
copying build/lib/nwkit/constrain.py -> build/bdist.linux-aarch64/wheel/./nwkit
copying build/lib/nwkit/continuous_asr.py -> build/bdist.linux-aarch64/wheel/./nwkit
copying build/lib/nwkit/pca_cli.py -> build/bdist.linux-aarch64/wheel/./nwkit
copying build/lib/nwkit/transfer.py -> build/bdist.linux-aarch64/wheel/./nwkit
copying build/lib/nwkit/branch_gaussian_options.py -> build/bdist.linux-aarch64/wheel/./nwkit
copying build/lib/nwkit/stochastic_map_tables.py -> build/bdist.linux-aarch64/wheel/./nwkit
copying build/lib/nwkit/shift_bootstrap.py -> build/bdist.linux-aarch64/wheel/./nwkit
copying build/lib/nwkit/nhx2nwk.py -> build/bdist.linux-aarch64/wheel/./nwkit
copying build/lib/nwkit/result_plot.py -> build/bdist.linux-aarch64/wheel/./nwkit
copying build/lib/nwkit/latent_gaussian.py -> build/bdist.linux-aarch64/wheel/./nwkit
copying build/lib/nwkit/shift_joint_model.py -> build/bdist.linux-aarch64/wheel/./nwkit
copying build/lib/nwkit/shift_native_model.py -> build/bdist.linux-aarch64/wheel/./nwkit
copying build/lib/nwkit/asr_models.py -> build/bdist.linux-aarch64/wheel/./nwkit
copying build/lib/nwkit/radte_iqtree.py -> build/bdist.linux-aarch64/wheel/./nwkit
copying build/lib/nwkit/regression_observation.py -> build/bdist.linux-aarch64/wheel/./nwkit
copying build/lib/nwkit/shift.py -> build/bdist.linux-aarch64/wheel/./nwkit
copying build/lib/nwkit/dtt_figure.py -> build/bdist.linux-aarch64/wheel/./nwkit
copying build/lib/nwkit/rename.py -> build/bdist.linux-aarch64/wheel/./nwkit
copying build/lib/nwkit/radte_compare_plot.py -> build/bdist.linux-aarch64/wheel/./nwkit
copying build/lib/nwkit/gaussian_whitening.py -> build/bdist.linux-aarch64/wheel/./nwkit
copying build/lib/nwkit/event_regression.py -> build/bdist.linux-aarch64/wheel/./nwkit
copying build/lib/nwkit/subtree.py -> build/bdist.linux-aarch64/wheel/./nwkit
copying build/lib/nwkit/threshold_asr.py -> build/bdist.linux-aarch64/wheel/./nwkit
copying build/lib/nwkit/shift_native_quick.py -> build/bdist.linux-aarch64/wheel/./nwkit
copying build/lib/nwkit/__init__.py -> build/bdist.linux-aarch64/wheel/./nwkit
copying build/lib/nwkit/vector_gaussian.py -> build/bdist.linux-aarch64/wheel/./nwkit
copying build/lib/nwkit/asr_tree_ensemble.py -> build/bdist.linux-aarch64/wheel/./nwkit
copying build/lib/nwkit/radte_compare.py -> build/bdist.linux-aarch64/wheel/./nwkit
copying build/lib/nwkit/asr.py -> build/bdist.linux-aarch64/wheel/./nwkit
copying build/lib/nwkit/prune.py -> build/bdist.linux-aarch64/wheel/./nwkit
copying build/lib/nwkit/dist.py -> build/bdist.linux-aarch64/wheel/./nwkit
copying build/lib/nwkit/printlabel.py -> build/bdist.linux-aarch64/wheel/./nwkit
copying build/lib/nwkit/branch_gaussian_output.py -> build/bdist.linux-aarch64/wheel/./nwkit
copying build/lib/nwkit/shift_calibration.py -> build/bdist.linux-aarch64/wheel/./nwkit
copying build/lib/nwkit/result_plot_data.py -> build/bdist.linux-aarch64/wheel/./nwkit
copying build/lib/nwkit/ordinary_regression.py -> build/bdist.linux-aarch64/wheel/./nwkit
copying build/lib/nwkit/branch_gaussian.py -> build/bdist.linux-aarch64/wheel/./nwkit
copying build/lib/nwkit/shift_convergence.py -> build/bdist.linux-aarch64/wheel/./nwkit
copying build/lib/nwkit/regime_drift_asr.py -> build/bdist.linux-aarch64/wheel/./nwkit
copying build/lib/nwkit/signal_cli.py -> build/bdist.linux-aarch64/wheel/./nwkit
copying build/lib/nwkit/multivariate_gaussian_asr.py -> build/bdist.linux-aarch64/wheel/./nwkit
copying build/lib/nwkit/collapse.py -> build/bdist.linux-aarch64/wheel/./nwkit
copying build/lib/nwkit/__main__.py -> build/bdist.linux-aarch64/wheel/./nwkit
copying build/lib/nwkit/annotate.py -> build/bdist.linux-aarch64/wheel/./nwkit
copying build/lib/nwkit/continuous_observation.py -> build/bdist.linux-aarch64/wheel/./nwkit
copying build/lib/nwkit/conventions.py -> build/bdist.linux-aarch64/wheel/./nwkit
copying build/lib/nwkit/radte_paml.py -> build/bdist.linux-aarch64/wheel/./nwkit
copying build/lib/nwkit/root_evaluation.py -> build/bdist.linux-aarch64/wheel/./nwkit
copying build/lib/nwkit/compiled_tree.py -> build/bdist.linux-aarch64/wheel/./nwkit
creating build/bdist.linux-aarch64/wheel/nwkit/data_iqtree
copying build/lib/nwkit/data_iqtree/worker.cpp -> build/bdist.linux-aarch64/wheel/./nwkit/data_iqtree
copying build/lib/nwkit/nonstationary_continuous_asr.py -> build/bdist.linux-aarch64/wheel/./nwkit
copying build/lib/nwkit/dtt_cli.py -> build/bdist.linux-aarch64/wheel/./nwkit
copying build/lib/nwkit/draw_helpers.py -> build/bdist.linux-aarch64/wheel/./nwkit
copying build/lib/nwkit/vector_ou_fit.py -> build/bdist.linux-aarch64/wheel/./nwkit
copying build/lib/nwkit/model_matrix.py -> build/bdist.linux-aarch64/wheel/./nwkit
copying build/lib/nwkit/hidden_rate_asr.py -> build/bdist.linux-aarch64/wheel/./nwkit
copying build/lib/nwkit/diff.py -> build/bdist.linux-aarch64/wheel/./nwkit
copying build/lib/nwkit/rsc_diagnostics.py -> build/bdist.linux-aarch64/wheel/./nwkit
copying build/lib/nwkit/radte_sequence.py -> build/bdist.linux-aarch64/wheel/./nwkit
copying build/lib/nwkit/radte_calibrated.py -> build/bdist.linux-aarch64/wheel/./nwkit
copying build/lib/nwkit/regression_selection_cli.py -> build/bdist.linux-aarch64/wheel/./nwkit
copying build/lib/nwkit/asr_multivariate_diagnostics.py -> build/bdist.linux-aarch64/wheel/./nwkit
copying build/lib/nwkit/asr_latent.py -> build/bdist.linux-aarch64/wheel/./nwkit
copying build/lib/nwkit/asr_discrete_cross_validation.py -> build/bdist.linux-aarch64/wheel/./nwkit
copying build/lib/nwkit/shift_native_fit.py -> build/bdist.linux-aarch64/wheel/./nwkit
copying build/lib/nwkit/shift_reference.py -> build/bdist.linux-aarch64/wheel/./nwkit
copying build/lib/nwkit/asr_output.py -> build/bdist.linux-aarch64/wheel/./nwkit
copying build/lib/nwkit/measurement_error.py -> build/bdist.linux-aarch64/wheel/./nwkit
copying build/lib/nwkit/asr_averaging.py -> build/bdist.linux-aarch64/wheel/./nwkit
copying build/lib/nwkit/radte_model.py -> build/bdist.linux-aarch64/wheel/./nwkit
copying build/lib/nwkit/shift_joint_fit.py -> build/bdist.linux-aarch64/wheel/./nwkit
copying build/lib/nwkit/multivariate_asr.py -> build/bdist.linux-aarch64/wheel/./nwkit
copying build/lib/nwkit/consensus.py -> build/bdist.linux-aarch64/wheel/./nwkit
copying build/lib/nwkit/shift_native_bootstrap.py -> build/bdist.linux-aarch64/wheel/./nwkit
copying build/lib/nwkit/time_tree.py -> build/bdist.linux-aarch64/wheel/./nwkit
copying build/lib/nwkit/asr_cross_validation.py -> build/bdist.linux-aarch64/wheel/./nwkit
copying build/lib/nwkit/skim.py -> build/bdist.linux-aarch64/wheel/./nwkit
copying build/lib/nwkit/radte_ensemble.py -> build/bdist.linux-aarch64/wheel/./nwkit
copying build/lib/nwkit/radte_components.py -> build/bdist.linux-aarch64/wheel/./nwkit
copying build/lib/nwkit/radte_studentized.py -> build/bdist.linux-aarch64/wheel/./nwkit
copying build/lib/nwkit/pagel_asr.py -> build/bdist.linux-aarch64/wheel/./nwkit
copying build/lib/nwkit/continuous_asr_process.py -> build/bdist.linux-aarch64/wheel/./nwkit
copying build/lib/nwkit/asr_diagnostics.py -> build/bdist.linux-aarch64/wheel/./nwkit
copying build/lib/nwkit/phylogenetic_predictive.py -> build/bdist.linux-aarch64/wheel/./nwkit
copying build/lib/nwkit/individual_asr.py -> build/bdist.linux-aarch64/wheel/./nwkit
copying build/lib/nwkit/optimization.py -> build/bdist.linux-aarch64/wheel/./nwkit
copying build/lib/nwkit/radte_uncertainty.py -> build/bdist.linux-aarch64/wheel/./nwkit
copying build/lib/nwkit/shuffle.py -> build/bdist.linux-aarch64/wheel/./nwkit
copying build/lib/nwkit/asr_continuous_diagnostics.py -> build/bdist.linux-aarch64/wheel/./nwkit
copying build/lib/nwkit/signal_stats.py -> build/bdist.linux-aarch64/wheel/./nwkit
copying build/lib/nwkit/replicates.py -> build/bdist.linux-aarch64/wheel/./nwkit
copying build/lib/nwkit/draw_layouts.py -> build/bdist.linux-aarch64/wheel/./nwkit
creating build/bdist.linux-aarch64/wheel/nwkit/data_tree
copying build/lib/nwkit/data_tree/apgiv.nwk -> build/bdist.linux-aarch64/wheel/./nwkit/data_tree
copying build/lib/nwkit/threshold_diagnostics.py -> build/bdist.linux-aarch64/wheel/./nwkit
copying build/lib/nwkit/convert.py -> build/bdist.linux-aarch64/wheel/./nwkit
copying build/lib/nwkit/asr_compare_figure.py -> build/bdist.linux-aarch64/wheel/./nwkit
copying build/lib/nwkit/radte_inputs.py -> build/bdist.linux-aarch64/wheel/./nwkit
copying build/lib/nwkit/draw_output.py -> build/bdist.linux-aarch64/wheel/./nwkit
copying build/lib/nwkit/asr_figure.py -> build/bdist.linux-aarch64/wheel/./nwkit
copying build/lib/nwkit/shift_backend_probe.py -> build/bdist.linux-aarch64/wheel/./nwkit
copying build/lib/nwkit/result_plot_cli.py -> build/bdist.linux-aarch64/wheel/./nwkit
copying build/lib/nwkit/disparity.py -> build/bdist.linux-aarch64/wheel/./nwkit
copying build/lib/nwkit/phylogenetic_glmm.py -> build/bdist.linux-aarch64/wheel/./nwkit
copying build/lib/nwkit/radte_codon.py -> build/bdist.linux-aarch64/wheel/./nwkit
copying build/lib/nwkit/shift_math.py -> build/bdist.linux-aarch64/wheel/./nwkit
copying build/lib/nwkit/general_ou_asr.py -> build/bdist.linux-aarch64/wheel/./nwkit
copying build/lib/nwkit/contrast.py -> build/bdist.linux-aarch64/wheel/./nwkit
copying build/lib/nwkit/info.py -> build/bdist.linux-aarch64/wheel/./nwkit
copying build/lib/nwkit/monophyly.py -> build/bdist.linux-aarch64/wheel/./nwkit
copying build/lib/nwkit/discrete_asr_models.py -> build/bdist.linux-aarch64/wheel/./nwkit
copying build/lib/nwkit/shift_native_heuristic.py -> build/bdist.linux-aarch64/wheel/./nwkit
copying build/lib/nwkit/asr_heatmap.py -> build/bdist.linux-aarch64/wheel/./nwkit
copying build/lib/nwkit/vector_processes.py -> build/bdist.linux-aarch64/wheel/./nwkit
copying build/lib/nwkit/penalized_phylogenetic.py -> build/bdist.linux-aarch64/wheel/./nwkit
copying build/lib/nwkit/asr_compare.py -> build/bdist.linux-aarch64/wheel/./nwkit
copying build/lib/nwkit/iqtree_library.py -> build/bdist.linux-aarch64/wheel/./nwkit
copying build/lib/nwkit/asr_bootstrap_intervals.py -> build/bdist.linux-aarch64/wheel/./nwkit
copying build/lib/nwkit/multivariate_pgls.py -> build/bdist.linux-aarch64/wheel/./nwkit
copying build/lib/nwkit/file_paths.py -> build/bdist.linux-aarch64/wheel/./nwkit
copying build/lib/nwkit/reconcile.py -> build/bdist.linux-aarch64/wheel/./nwkit
running install_egg_info
running egg_info
writing nwkit.egg-info/PKG-INFO
writing dependency_links to nwkit.egg-info/dependency_links.txt
writing entry points to nwkit.egg-info/entry_points.txt
writing requirements to nwkit.egg-info/requires.txt
writing top-level names to nwkit.egg-info/top_level.txt
reading manifest file 'nwkit.egg-info/SOURCES.txt'
reading manifest template 'MANIFEST.in'
warning: no previously-included files matching '__pycache__' found anywhere in distribution
warning: no previously-included files matching '*.py[cod]' found anywhere in distribution
adding license file 'LICENSE'
writing manifest file 'nwkit.egg-info/SOURCES.txt'
Copying nwkit.egg-info to build/bdist.linux-aarch64/wheel/./nwkit-0.43.15-py3.12.egg-info
running install_scripts
creating build/bdist.linux-aarch64/wheel/nwkit-0.43.15.dist-info/WHEEL
creating '/tmp/nwkit-package-check/direct-dist/.tmp-objm5a1q/nwkit-0.43.15-py3-none-any.whl' and adding 'build/bdist.linux-aarch64/wheel' to it
adding 'nwkit/__init__.py'
adding 'nwkit/__main__.py'
adding 'nwkit/annotate.py'
adding 'nwkit/asr.py'
adding 'nwkit/asr_averaging.py'
adding 'nwkit/asr_bootstrap_intervals.py'
adding 'nwkit/asr_compare.py'
adding 'nwkit/asr_compare_figure.py'
adding 'nwkit/asr_compare_panels.py'
adding 'nwkit/asr_comparison.py'
adding 'nwkit/asr_continuous_diagnostics.py'
adding 'nwkit/asr_cross_validation.py'
adding 'nwkit/asr_diagnostics.py'
adding 'nwkit/asr_discrete_cross_validation.py'
adding 'nwkit/asr_figure.py'
adding 'nwkit/asr_heatmap.py'
adding 'nwkit/asr_input.py'
adding 'nwkit/asr_latent.py'
adding 'nwkit/asr_models.py'
adding 'nwkit/asr_multivariate_diagnostics.py'
adding 'nwkit/asr_output.py'
adding 'nwkit/asr_paths.py'
adding 'nwkit/asr_regimes.py'
adding 'nwkit/asr_tip_labels.py'
adding 'nwkit/asr_tree_ensemble.py'
adding 'nwkit/branch_gaussian.py'
adding 'nwkit/branch_gaussian_asr.py'
adding 'nwkit/branch_gaussian_estimation.py'
adding 'nwkit/branch_gaussian_fit_spec.py'
adding 'nwkit/branch_gaussian_input.py'
adding 'nwkit/branch_gaussian_options.py'
adding 'nwkit/branch_gaussian_output.py'
adding 'nwkit/branch_gaussian_paths.py'
adding 'nwkit/clade_index.py'
adding 'nwkit/clade_mapping.py'
adding 'nwkit/cladefreq.py'
adding 'nwkit/cli.py'
adding 'nwkit/collapse.py'
adding 'nwkit/compiled_tree.py'
adding 'nwkit/compose.py'
adding 'nwkit/consensus.py'
adding 'nwkit/constrain.py'
adding 'nwkit/continuous_asr.py'
adding 'nwkit/continuous_asr_io.py'
adding 'nwkit/continuous_asr_optimize.py'
adding 'nwkit/continuous_asr_process.py'
adding 'nwkit/continuous_observation.py'
adding 'nwkit/contrast.py'
adding 'nwkit/conventions.py'
adding 'nwkit/convert.py'
adding 'nwkit/diff.py'
adding 'nwkit/discrete_asr_models.py'
adding 'nwkit/discrete_observation.py'
adding 'nwkit/disparity.py'
adding 'nwkit/dist.py'
adding 'nwkit/draw.py'
adding 'nwkit/draw_helpers.py'
adding 'nwkit/draw_layouts.py'
adding 'nwkit/draw_output.py'
adding 'nwkit/draw_prep.py'
adding 'nwkit/draw_quality.py'
adding 'nwkit/draw_render.py'
adding 'nwkit/draw_setup.py'
adding 'nwkit/draw_types.py'
adding 'nwkit/drop.py'
adding 'nwkit/dtt.py'
adding 'nwkit/dtt_cli.py'
adding 'nwkit/dtt_figure.py'
adding 'nwkit/event_regression.py'
adding 'nwkit/evolution.py'
adding 'nwkit/fasta.py'
adding 'nwkit/file_paths.py'
adding 'nwkit/full_ou.py'
adding 'nwkit/full_ou_fit.py'
adding 'nwkit/gaussian.py'
adding 'nwkit/gaussian_inference.py'
adding 'nwkit/gaussian_tree.py'
adding 'nwkit/gaussian_whitening.py'
adding 'nwkit/general_ou_asr.py'
adding 'nwkit/hidden_rate_asr.py'
adding 'nwkit/image.py'
adding 'nwkit/image_metadata.py'
adding 'nwkit/individual_asr.py'
adding 'nwkit/individual_covariance.py'
adding 'nwkit/info.py'
adding 'nwkit/intersection.py'
adding 'nwkit/iqtree_library.py'
adding 'nwkit/iqtree_worker.py'
adding 'nwkit/jump_asr.py'
adding 'nwkit/label.py'
adding 'nwkit/latent_gaussian.py'
adding 'nwkit/mark.py'
adding 'nwkit/markov_gaussian_asr.py'
adding 'nwkit/mcmc_diagnostics.py'
adding 'nwkit/mcmctree.py'
adding 'nwkit/measurement_error.py'
adding 'nwkit/model_matrix.py'
adding 'nwkit/model_specs.py'
adding 'nwkit/monophyly.py'
adding 'nwkit/multivariate_asr.py'
adding 'nwkit/multivariate_gaussian_asr.py'
adding 'nwkit/multivariate_pgls.py'
adding 'nwkit/nhx2nwk.py'
adding 'nwkit/nonstationary_continuous_asr.py'
adding 'nwkit/nwk2table.py'
adding 'nwkit/optimization.py'
adding 'nwkit/ordinary_regression.py'
adding 'nwkit/ou_asr.py'
adding 'nwkit/output_transaction.py'
adding 'nwkit/pagel_asr.py'
adding 'nwkit/pca.py'
adding 'nwkit/pca_cli.py'
adding 'nwkit/pca_figure.py'
adding 'nwkit/penalized_phylogenetic.py'
adding 'nwkit/phylogenetic_glmm.py'
adding 'nwkit/phylogenetic_pca.py'
adding 'nwkit/phylogenetic_predictive.py'
adding 'nwkit/printlabel.py'
adding 'nwkit/provenance.py'
adding 'nwkit/prune.py'
adding 'nwkit/radte.py'
adding 'nwkit/radte_calibrated.py'
adding 'nwkit/radte_cli.py'
adding 'nwkit/radte_codon.py'
adding 'nwkit/radte_compare.py'
adding 'nwkit/radte_compare_plot.py'
adding 'nwkit/radte_components.py'
adding 'nwkit/radte_ensemble.py'
adding 'nwkit/radte_exact_interval.py'
adding 'nwkit/radte_inputs.py'
adding 'nwkit/radte_iqtree.py'
adding 'nwkit/radte_marginal.py'
adding 'nwkit/radte_model.py'
adding 'nwkit/radte_paml.py'
adding 'nwkit/radte_sequence.py'
adding 'nwkit/radte_sequence_fit.py'
adding 'nwkit/radte_simulation.py'
adding 'nwkit/radte_species.py'
adding 'nwkit/radte_studentized.py'
adding 'nwkit/radte_uncertainty.py'
adding 'nwkit/reconcile.py'
adding 'nwkit/reconciliation_properties.py'
adding 'nwkit/regime_continuous_asr.py'
adding 'nwkit/regime_drift_asr.py'
adding 'nwkit/regime_gaussian_asr.py'
adding 'nwkit/regress.py'
adding 'nwkit/regression_inference.py'
adding 'nwkit/regression_observation.py'
adding 'nwkit/regression_pipeline.py'
adding 'nwkit/regression_selection.py'
adding 'nwkit/regression_selection_cli.py'
adding 'nwkit/rename.py'
adding 'nwkit/replicates.py'
adding 'nwkit/rescale.py'
adding 'nwkit/result_plot.py'
adding 'nwkit/result_plot_cli.py'
adding 'nwkit/result_plot_data.py'
adding 'nwkit/rf_distance.py'
adding 'nwkit/root.py'
adding 'nwkit/root_compare.py'
adding 'nwkit/root_evaluation.py'
adding 'nwkit/rooting_state.py'
adding 'nwkit/rsc_diagnostics.py'
adding 'nwkit/sample.py'
adding 'nwkit/sanitize.py'
adding 'nwkit/shift.py'
adding 'nwkit/shift_backend.py'
adding 'nwkit/shift_backend_probe.py'
adding 'nwkit/shift_bootstrap.py'
adding 'nwkit/shift_calibrated_output.py'
adding 'nwkit/shift_calibration.py'
adding 'nwkit/shift_candidates.py'
adding 'nwkit/shift_cli.py'
adding 'nwkit/shift_convergence.py'
adding 'nwkit/shift_joint_dense.py'
adding 'nwkit/shift_joint_fit.py'
adding 'nwkit/shift_joint_model.py'
adding 'nwkit/shift_joint_screen.py'
adding 'nwkit/shift_math.py'
adding 'nwkit/shift_native_bootstrap.py'
adding 'nwkit/shift_native_fit.py'
adding 'nwkit/shift_native_heuristic.py'
adding 'nwkit/shift_native_ic.py'
adding 'nwkit/shift_native_identifiability.py'
adding 'nwkit/shift_native_input.py'
adding 'nwkit/shift_native_limits.py'
adding 'nwkit/shift_native_model.py'
adding 'nwkit/shift_native_output.py'
adding 'nwkit/shift_native_path.py'
adding 'nwkit/shift_native_provenance.py'
adding 'nwkit/shift_native_quick.py'
adding 'nwkit/shift_native_screen.py'
adding 'nwkit/shift_native_search.py'
adding 'nwkit/shift_native_selection.py'
adding 'nwkit/shift_reference.py'
adding 'nwkit/shift_results.py'
adding 'nwkit/shift_simulation.py'
adding 'nwkit/shift_simulation_cli.py'
adding 'nwkit/shuffle.py'
adding 'nwkit/signal.py'
adding 'nwkit/signal_cli.py'
adding 'nwkit/signal_stats.py'
adding 'nwkit/skim.py'
adding 'nwkit/sparse_laplace.py'
adding 'nwkit/species_parser.py'
adding 'nwkit/stochastic_history.py'
adding 'nwkit/stochastic_map_io.py'
adding 'nwkit/stochastic_map_tables.py'
adding 'nwkit/subtree.py'
adding 'nwkit/table2nwk.py'
adding 'nwkit/threshold_asr.py'
adding 'nwkit/threshold_diagnostics.py'
adding 'nwkit/time_tree.py'
adding 'nwkit/trait_input.py'
adding 'nwkit/transfer.py'
adding 'nwkit/transformed_continuous_asr.py'
adding 'nwkit/tree_formats.py'
adding 'nwkit/tree_outputs.py'
adding 'nwkit/util.py'
adding 'nwkit/validate.py'
adding 'nwkit/vector_fit.py'
adding 'nwkit/vector_gaussian.py'
adding 'nwkit/vector_mean.py'
adding 'nwkit/vector_ou_fit.py'
adding 'nwkit/vector_processes.py'
adding 'nwkit/vector_simulation.py'
adding 'nwkit/vector_whitening.py'
adding 'nwkit/data_iqtree/worker.cpp'
adding 'nwkit/data_model/ECMrest.txt'
adding 'nwkit/data_model/ECMunrest.txt'
adding 'nwkit/data_model/lg.txt'
adding 'nwkit/data_tree/apgiv.nwk'
adding 'nwkit-0.43.15.dist-info/licenses/LICENSE'
adding 'nwkit-0.43.15.dist-info/METADATA'
adding 'nwkit-0.43.15.dist-info/WHEEL'
adding 'nwkit-0.43.15.dist-info/entry_points.txt'
adding 'nwkit-0.43.15.dist-info/top_level.txt'
adding 'nwkit-0.43.15.dist-info/RECORD'
removing build/bdist.linux-aarch64/wheel
Successfully built nwkit-0.43.15-py3-none-any.whl
+ /tmp/nwkit-qa/bin/python -m build --sdist --outdir direct-dist
* Creating isolated environment: venv+pip...
* Installing packages in isolated environment:
  - setuptools>=77.0.3
* Getting build dependencies for sdist...
running egg_info
writing nwkit.egg-info/PKG-INFO
writing dependency_links to nwkit.egg-info/dependency_links.txt
writing entry points to nwkit.egg-info/entry_points.txt
writing requirements to nwkit.egg-info/requires.txt
writing top-level names to nwkit.egg-info/top_level.txt
reading manifest file 'nwkit.egg-info/SOURCES.txt'
reading manifest template 'MANIFEST.in'
warning: no previously-included files matching '__pycache__' found anywhere in distribution
warning: no previously-included files matching '*.py[cod]' found anywhere in distribution
adding license file 'LICENSE'
writing manifest file 'nwkit.egg-info/SOURCES.txt'
* Installed build dependency versions:
  - setuptools==84.0.0
* Building sdist...
running sdist
running egg_info
writing nwkit.egg-info/PKG-INFO
writing dependency_links to nwkit.egg-info/dependency_links.txt
writing entry points to nwkit.egg-info/entry_points.txt
writing requirements to nwkit.egg-info/requires.txt
writing top-level names to nwkit.egg-info/top_level.txt
reading manifest file 'nwkit.egg-info/SOURCES.txt'
reading manifest template 'MANIFEST.in'
warning: no previously-included files matching '__pycache__' found anywhere in distribution
warning: no previously-included files matching '*.py[cod]' found anywhere in distribution
adding license file 'LICENSE'
writing manifest file 'nwkit.egg-info/SOURCES.txt'
running check
creating nwkit-0.43.15
creating nwkit-0.43.15/examples/asr_figure
creating nwkit-0.43.15/examples/branch_gaussian
creating nwkit-0.43.15/examples/branch_gaussian/fit
creating nwkit-0.43.15/examples/branch_gaussian/fit/output
creating nwkit-0.43.15/examples/branch_gaussian/output
creating nwkit-0.43.15/examples/branch_gaussian/plot
creating nwkit-0.43.15/examples/branch_gaussian/plot/output
creating nwkit-0.43.15/examples/dtt
creating nwkit-0.43.15/examples/individual_asr
creating nwkit-0.43.15/examples/pca
creating nwkit-0.43.15/examples/radte
creating nwkit-0.43.15/examples/radte/default-profile-validation
creating nwkit-0.43.15/examples/radte/default-profile-validation/initialization-repair
creating nwkit-0.43.15/examples/radte/default-profile-validation/oracle
creating nwkit-0.43.15/examples/radte/default-profile-validation/postfix
creating nwkit-0.43.15/examples/radte/default-profile-validation/primary
creating nwkit-0.43.15/examples/radte/default-profile-validation/provenance
creating nwkit-0.43.15/examples/radte/default-profile-validation/results
creating nwkit-0.43.15/examples/radte/default-profile-validation/stress
creating nwkit-0.43.15/examples/radte/interval-boundary-validation
creating nwkit-0.43.15/examples/radte/interval-boundary-validation/exact-reference
creating nwkit-0.43.15/examples/radte/interval-boundary-validation/low-sd-marginal-pilot
creating nwkit-0.43.15/examples/radte/interval-boundary-validation/pectinate-smoke
creating nwkit-0.43.15/examples/radte/species-uncertainty
creating nwkit-0.43.15/examples/radte/visualization
creating nwkit-0.43.15/examples/regression_calibration
creating nwkit-0.43.15/examples/regression_calibration/bootstrap-pilot-20260910
creating nwkit-0.43.15/examples/regression_calibration/glmm-fixed-pilot-20260910
creating nwkit-0.43.15/examples/regression_calibration/repeated-bootstrap-pilot-20260910
creating nwkit-0.43.15/examples/regression_calibration/rsc-confirm-20260910
creating nwkit-0.43.15/examples/regression_calibration/smoke-20260910
creating nwkit-0.43.15/examples/regression_calibration/tip-pilot-20260910
creating nwkit-0.43.15/examples/regression_calibration/wald-pilot-20260910
creating nwkit-0.43.15/examples/regression_selection
creating nwkit-0.43.15/examples/shift
creating nwkit-0.43.15/examples/shift/alpha-validation
creating nwkit-0.43.15/examples/shift/alpha-validation/analysis-source
creating nwkit-0.43.15/examples/shift/alpha-validation/source
creating nwkit-0.43.15/examples/shift/calibrated
creating nwkit-0.43.15/examples/shift/calibration-envelope
creating nwkit-0.43.15/examples/shift/calibration-envelope-stress
creating nwkit-0.43.15/examples/shift/calibration-envelope-stress/source-snapshot
creating nwkit-0.43.15/examples/shift/calibration-envelope/source-snapshot
creating nwkit-0.43.15/examples/shift/calibration-paired
creating nwkit-0.43.15/examples/shift/calibration-paired/source-snapshot
creating nwkit-0.43.15/examples/shift/calibration-review
creating nwkit-0.43.15/examples/shift/calibration-review/source-snapshot
creating nwkit-0.43.15/examples/shift/calibration-stress
creating nwkit-0.43.15/examples/shift/calibration-stress/source-snapshot
creating nwkit-0.43.15/examples/shift/calibration-validation
creating nwkit-0.43.15/examples/shift/calibration-validation/source-snapshot
creating nwkit-0.43.15/examples/shift/calibration-weak-null
creating nwkit-0.43.15/examples/shift/calibration-weak-null/source-snapshot
creating nwkit-0.43.15/examples/shift/confidence-development
creating nwkit-0.43.15/examples/shift/confidence-development/source-snapshot
creating nwkit-0.43.15/examples/shift/confidence-pilot
creating nwkit-0.43.15/examples/shift/confidence-pilot/source-snapshot
creating nwkit-0.43.15/examples/shift/integration-audits
creating nwkit-0.43.15/examples/shift/joint-validation
creating nwkit-0.43.15/examples/shift/joint-validation-pbic-fixed
creating nwkit-0.43.15/examples/shift/known-error-diagnostic
creating nwkit-0.43.15/examples/shift/known-error-diagnostic/research-source
creating nwkit-0.43.15/examples/shift/known-error-diagnostic/source-snapshot
creating nwkit-0.43.15/examples/shift/known-error-timing-pilot
creating nwkit-0.43.15/examples/shift/known-error-timing-pilot/source-snapshot
creating nwkit-0.43.15/examples/shift/null-contract-b999
creating nwkit-0.43.15/examples/shift/null-contract-b999/source-snapshot
creating nwkit-0.43.15/examples/shift/null-contract-timing-pilot
creating nwkit-0.43.15/examples/shift/null-contract-timing-pilot/source-snapshot
creating nwkit-0.43.15/examples/shift/null-contract-validation
creating nwkit-0.43.15/examples/shift/null-contract-validation/source-snapshot
creating nwkit-0.43.15/examples/shift/pbic-correction
creating nwkit-0.43.15/examples/shift/response-audits
creating nwkit-0.43.15/examples/shift/response-calibrated
creating nwkit-0.43.15/examples/shift/response-ic
creating nwkit-0.43.15/examples/shift/validation
creating nwkit-0.43.15/examples/shift/validation-16tip
creating nwkit-0.43.15/examples/signal
creating nwkit-0.43.15/examples/stochastic_maps
creating nwkit-0.43.15/examples/threshold
creating nwkit-0.43.15/nwkit
creating nwkit-0.43.15/nwkit.egg-info
creating nwkit-0.43.15/nwkit/data_iqtree
creating nwkit-0.43.15/nwkit/data_model
creating nwkit-0.43.15/nwkit/data_tree
creating nwkit-0.43.15/reviews
creating nwkit-0.43.15/reviews/native-optimization-2026-09-11
creating nwkit-0.43.15/reviews/native-optimization-2026-09-11/final-measurements
creating nwkit-0.43.15/reviews/native-optimization-2026-09-11/measured-source
creating nwkit-0.43.15/reviews/native-optimization-2026-09-11/measurements
creating nwkit-0.43.15/reviews/native-scale-2026-09-10
creating nwkit-0.43.15/reviews/native-scale-pilot-2026-09-11
creating nwkit-0.43.15/reviews/native-scale-pilot-2026-09-11/candidate-comparisons
creating nwkit-0.43.15/reviews/native-scale-pilot-2026-09-11/comparisons
creating nwkit-0.43.15/reviews/native-scale-pilot-2026-09-11/final-comparisons
creating nwkit-0.43.15/reviews/native-scale-pilot-2026-09-11/final-followups
creating nwkit-0.43.15/reviews/native-scale-pilot-2026-09-11/measured-source
creating nwkit-0.43.15/reviews/native-scale-pilot-2026-09-11/results
creating nwkit-0.43.15/reviews/native-scale-pilot-2026-09-11/rounded-comparisons
creating nwkit-0.43.15/scripts
creating nwkit-0.43.15/tests
creating nwkit-0.43.15/tests/data
creating nwkit-0.43.15/tests/data/radte-initial-boundary
creating nwkit-0.43.15/tools
copying files to nwkit-0.43.15...
copying ASR.md -> nwkit-0.43.15
copying ASR_INDIVIDUALS.md -> nwkit-0.43.15
copying ASR_PERFORMANCE.md -> nwkit-0.43.15
copying BRANCH_GAUSSIAN.md -> nwkit-0.43.15
copying CHANGELOG.md -> nwkit-0.43.15
copying CLI_TSV_CONVENTIONS.md -> nwkit-0.43.15
copying CONVERT.md -> nwkit-0.43.15
copying DEVELOPMENT.md -> nwkit-0.43.15
copying DTT.md -> nwkit-0.43.15
copying IQTREE_LIBRARY.md -> nwkit-0.43.15
copying LICENSE -> nwkit-0.43.15
copying MANIFEST.in -> nwkit-0.43.15
copying NATIVE_SHIFT.md -> nwkit-0.43.15
copying NATIVE_SHIFT_SCALING.md -> nwkit-0.43.15
copying NATIVE_SHIFT_VALIDATION.md -> nwkit-0.43.15
copying PCA.md -> nwkit-0.43.15
copying PHYLOGENETIC_REGRESSION.md -> nwkit-0.43.15
copying RADTE.md -> nwkit-0.43.15
copying RADTE_MATH.md -> nwkit-0.43.15
copying RADTE_SPECIES_UNCERTAINTY.md -> nwkit-0.43.15
copying RADTE_VALIDATION.md -> nwkit-0.43.15
copying README.md -> nwkit-0.43.15
copying RECONCILED_SPECIATION_CONTRAST_MATH.md -> nwkit-0.43.15
copying RECONCILIATION_EXPORTS.md -> nwkit-0.43.15
copying RECONCILIATION_PLOTS.md -> nwkit-0.43.15
copying REGRESSION_CALIBRATION.md -> nwkit-0.43.15
copying REGRESSION_SELECTION.md -> nwkit-0.43.15
copying RELEASING.md -> nwkit-0.43.15
copying SHIFT.md -> nwkit-0.43.15
copying SHIFT_ALPHA.md -> nwkit-0.43.15
copying SHIFT_CALIBRATION.md -> nwkit-0.43.15
copying SHIFT_CALIBRATION_DECISION.md -> nwkit-0.43.15
copying SHIFT_COVARIANCE.md -> nwkit-0.43.15
copying SHIFT_JOINT.md -> nwkit-0.43.15
copying SHIFT_PBIC.md -> nwkit-0.43.15
copying SHIFT_RESPONSE_VALIDATION.md -> nwkit-0.43.15
copying SHIFT_VALIDATION.md -> nwkit-0.43.15
copying SIGNAL.md -> nwkit-0.43.15
copying STOCHASTIC_MAPS.md -> nwkit-0.43.15
copying THRESHOLD_DIAGNOSTICS.md -> nwkit-0.43.15
copying constraints-dev.txt -> nwkit-0.43.15
copying pyproject.toml -> nwkit-0.43.15
copying setup.py -> nwkit-0.43.15
copying examples/asr_figure/README.md -> nwkit-0.43.15/examples/asr_figure
copying examples/asr_figure/comparison.png -> nwkit-0.43.15/examples/asr_figure
copying examples/asr_figure/parameters.tsv -> nwkit-0.43.15/examples/asr_figure
copying examples/asr_figure/preview.png -> nwkit-0.43.15/examples/asr_figure
copying examples/asr_figure/regimes.tsv -> nwkit-0.43.15/examples/asr_figure
copying examples/asr_figure/simulation-labelled.png -> nwkit-0.43.15/examples/asr_figure
copying examples/asr_figure/simulation.png -> nwkit-0.43.15/examples/asr_figure
copying examples/asr_figure/traits.tsv -> nwkit-0.43.15/examples/asr_figure
copying examples/asr_figure/tree.nwk -> nwkit-0.43.15/examples/asr_figure
copying examples/branch_gaussian/README.md -> nwkit-0.43.15/examples/branch_gaussian
copying examples/branch_gaussian/branch_models.tsv -> nwkit-0.43.15/examples/branch_gaussian
copying examples/branch_gaussian/branch_regimes.tsv -> nwkit-0.43.15/examples/branch_gaussian
copying examples/branch_gaussian/mixed_process.py -> nwkit-0.43.15/examples/branch_gaussian
copying examples/branch_gaussian/regime_models.tsv -> nwkit-0.43.15/examples/branch_gaussian
copying examples/branch_gaussian/traits.tsv -> nwkit-0.43.15/examples/branch_gaussian
copying examples/branch_gaussian/tree.nwk -> nwkit-0.43.15/examples/branch_gaussian
copying examples/branch_gaussian/fit/README.md -> nwkit-0.43.15/examples/branch_gaussian/fit
copying examples/branch_gaussian/fit/branch_regimes.tsv -> nwkit-0.43.15/examples/branch_gaussian/fit
copying examples/branch_gaussian/fit/fit.tsv -> nwkit-0.43.15/examples/branch_gaussian/fit
copying examples/branch_gaussian/fit/regime_models.tsv -> nwkit-0.43.15/examples/branch_gaussian/fit
copying examples/branch_gaussian/fit/render.py -> nwkit-0.43.15/examples/branch_gaussian/fit
copying examples/branch_gaussian/fit/traits.tsv -> nwkit-0.43.15/examples/branch_gaussian/fit
copying examples/branch_gaussian/fit/tree.nwk -> nwkit-0.43.15/examples/branch_gaussian/fit
copying examples/branch_gaussian/fit/output/asr.tsv -> nwkit-0.43.15/examples/branch_gaussian/fit/output
copying examples/branch_gaussian/fit/output/branch-models.tsv -> nwkit-0.43.15/examples/branch_gaussian/fit/output
copying examples/branch_gaussian/fit/output/fitted.pdf -> nwkit-0.43.15/examples/branch_gaussian/fit/output
copying examples/branch_gaussian/fit/output/fitted.png -> nwkit-0.43.15/examples/branch_gaussian/fit/output
copying examples/branch_gaussian/fit/output/fitted.svg -> nwkit-0.43.15/examples/branch_gaussian/fit/output
copying examples/branch_gaussian/fit/output/model.tsv -> nwkit-0.43.15/examples/branch_gaussian/fit/output
copying examples/branch_gaussian/fit/output/process.json -> nwkit-0.43.15/examples/branch_gaussian/fit/output
copying examples/branch_gaussian/output/branch-asr.tsv -> nwkit-0.43.15/examples/branch_gaussian/output
copying examples/branch_gaussian/output/branch-likelihood.tsv -> nwkit-0.43.15/examples/branch_gaussian/output
copying examples/branch_gaussian/output/branch-model.json -> nwkit-0.43.15/examples/branch_gaussian/output
copying examples/branch_gaussian/output/branch-normalized.tsv -> nwkit-0.43.15/examples/branch_gaussian/output
copying examples/branch_gaussian/output/branch-simulation-model.json -> nwkit-0.43.15/examples/branch_gaussian/output
copying examples/branch_gaussian/output/branch-simulations.tsv -> nwkit-0.43.15/examples/branch_gaussian/output
copying examples/branch_gaussian/plot/README.md -> nwkit-0.43.15/examples/branch_gaussian/plot
copying examples/branch_gaussian/plot/branch_regimes.tsv -> nwkit-0.43.15/examples/branch_gaussian/plot
copying examples/branch_gaussian/plot/regime_models.tsv -> nwkit-0.43.15/examples/branch_gaussian/plot
copying examples/branch_gaussian/plot/render.py -> nwkit-0.43.15/examples/branch_gaussian/plot
copying examples/branch_gaussian/plot/traits.tsv -> nwkit-0.43.15/examples/branch_gaussian/plot
copying examples/branch_gaussian/plot/tree.nwk -> nwkit-0.43.15/examples/branch_gaussian/plot
copying examples/branch_gaussian/plot/output/branch-models.tsv -> nwkit-0.43.15/examples/branch_gaussian/plot/output
copying examples/branch_gaussian/plot/output/posterior-model.tsv -> nwkit-0.43.15/examples/branch_gaussian/plot/output
copying examples/branch_gaussian/plot/output/posterior-process.json -> nwkit-0.43.15/examples/branch_gaussian/plot/output
copying examples/branch_gaussian/plot/output/posterior.pdf -> nwkit-0.43.15/examples/branch_gaussian/plot/output
copying examples/branch_gaussian/plot/output/posterior.png -> nwkit-0.43.15/examples/branch_gaussian/plot/output
copying examples/branch_gaussian/plot/output/posterior.svg -> nwkit-0.43.15/examples/branch_gaussian/plot/output
copying examples/branch_gaussian/plot/output/posterior.tsv -> nwkit-0.43.15/examples/branch_gaussian/plot/output
copying examples/branch_gaussian/plot/output/prior-model.tsv -> nwkit-0.43.15/examples/branch_gaussian/plot/output
copying examples/branch_gaussian/plot/output/prior-process.json -> nwkit-0.43.15/examples/branch_gaussian/plot/output
copying examples/branch_gaussian/plot/output/prior.pdf -> nwkit-0.43.15/examples/branch_gaussian/plot/output
copying examples/branch_gaussian/plot/output/prior.png -> nwkit-0.43.15/examples/branch_gaussian/plot/output
copying examples/branch_gaussian/plot/output/prior.svg -> nwkit-0.43.15/examples/branch_gaussian/plot/output
copying examples/branch_gaussian/plot/output/prior.tsv -> nwkit-0.43.15/examples/branch_gaussian/plot/output
copying examples/dtt/README.md -> nwkit-0.43.15/examples/dtt
copying examples/dtt/dtt.png -> nwkit-0.43.15/examples/dtt
copying examples/dtt/heatmap.png -> nwkit-0.43.15/examples/dtt
copying examples/dtt/reference.R -> nwkit-0.43.15/examples/dtt
copying examples/dtt/traits.tsv -> nwkit-0.43.15/examples/dtt
copying examples/dtt/tree.nwk -> nwkit-0.43.15/examples/dtt
copying examples/individual_asr/README.md -> nwkit-0.43.15/examples/individual_asr
copying examples/individual_asr/individuals.tsv -> nwkit-0.43.15/examples/individual_asr
copying examples/individual_asr/reference.R -> nwkit-0.43.15/examples/individual_asr
copying examples/individual_asr/tree.nwk -> nwkit-0.43.15/examples/individual_asr
copying examples/pca/README.md -> nwkit-0.43.15/examples/pca
copying examples/pca/morphospace.png -> nwkit-0.43.15/examples/pca
copying examples/pca/traits.tsv -> nwkit-0.43.15/examples/pca
copying examples/pca/tree.nwk -> nwkit-0.43.15/examples/pca
copying examples/radte/README.md -> nwkit-0.43.15/examples/radte
copying examples/radte/gene.nwk -> nwkit-0.43.15/examples/radte
copying examples/radte/interval-coverage-summary.json -> nwkit-0.43.15/examples/radte
copying examples/radte/interval-coverage.csv -> nwkit-0.43.15/examples/radte
copying examples/radte/interval-coverage.png -> nwkit-0.43.15/examples/radte
copying examples/radte/species-map.tsv -> nwkit-0.43.15/examples/radte
copying examples/radte/species.nwk -> nwkit-0.43.15/examples/radte
copying examples/radte/validation-results.json -> nwkit-0.43.15/examples/radte
copying examples/radte/default-profile-validation/README.md -> nwkit-0.43.15/examples/radte/default-profile-validation
copying examples/radte/default-profile-validation/pilot-protocol.json -> nwkit-0.43.15/examples/radte/default-profile-validation
copying examples/radte/default-profile-validation/protocol.json -> nwkit-0.43.15/examples/radte/default-profile-validation
copying examples/radte/default-profile-validation/raw-archive.json -> nwkit-0.43.15/examples/radte/default-profile-validation
copying examples/radte/default-profile-validation/stress-protocol.json -> nwkit-0.43.15/examples/radte/default-profile-validation
copying examples/radte/default-profile-validation/initialization-repair/fit.age-samples.tsv -> nwkit-0.43.15/examples/radte/default-profile-validation/initialization-repair
copying examples/radte/default-profile-validation/initialization-repair/fit.conditional-intervals.tsv -> nwkit-0.43.15/examples/radte/default-profile-validation/initialization-repair
copying examples/radte/default-profile-validation/initialization-repair/fit.dated.nwk -> nwkit-0.43.15/examples/radte/default-profile-validation/initialization-repair
copying examples/radte/default-profile-validation/initialization-repair/fit.events.tsv -> nwkit-0.43.15/examples/radte/default-profile-validation/initialization-repair
copying examples/radte/default-profile-validation/initialization-repair/fit.likelihood.json -> nwkit-0.43.15/examples/radte/default-profile-validation/initialization-repair
copying examples/radte/default-profile-validation/initialization-repair/fit.manifest.json -> nwkit-0.43.15/examples/radte/default-profile-validation/initialization-repair
copying examples/radte/default-profile-validation/initialization-repair/fit.mcmctree-trace.tsv -> nwkit-0.43.15/examples/radte/default-profile-validation/initialization-repair
copying examples/radte/default-profile-validation/initialization-repair/fit.nodes.tsv -> nwkit-0.43.15/examples/radte/default-profile-validation/initialization-repair
copying examples/radte/default-profile-validation/initialization-repair/fit.png -> nwkit-0.43.15/examples/radte/default-profile-validation/initialization-repair
copying examples/radte/default-profile-validation/initialization-repair/fit.shared-ages.tsv -> nwkit-0.43.15/examples/radte/default-profile-validation/initialization-repair
copying examples/radte/default-profile-validation/initialization-repair/fit.species.tsv -> nwkit-0.43.15/examples/radte/default-profile-validation/initialization-repair
copying examples/radte/default-profile-validation/initialization-repair/fit.uncertainty-components.tsv -> nwkit-0.43.15/examples/radte/default-profile-validation/initialization-repair
copying examples/radte/default-profile-validation/initialization-repair/radte_model.patch -> nwkit-0.43.15/examples/radte/default-profile-validation/initialization-repair
copying examples/radte/default-profile-validation/initialization-repair/source.json -> nwkit-0.43.15/examples/radte/default-profile-validation/initialization-repair
copying examples/radte/default-profile-validation/oracle/cases.json -> nwkit-0.43.15/examples/radte/default-profile-validation/oracle
copying examples/radte/default-profile-validation/oracle/protocol.json -> nwkit-0.43.15/examples/radte/default-profile-validation/oracle
copying examples/radte/default-profile-validation/oracle/source-metadata.json -> nwkit-0.43.15/examples/radte/default-profile-validation/oracle
copying examples/radte/default-profile-validation/oracle/summary.json -> nwkit-0.43.15/examples/radte/default-profile-validation/oracle
copying examples/radte/default-profile-validation/postfix/cases.jsonl -> nwkit-0.43.15/examples/radte/default-profile-validation/postfix
copying examples/radte/default-profile-validation/postfix/metadata.json -> nwkit-0.43.15/examples/radte/default-profile-validation/postfix
copying examples/radte/default-profile-validation/postfix/protocol.json -> nwkit-0.43.15/examples/radte/default-profile-validation/postfix
copying examples/radte/default-profile-validation/postfix/summary.json -> nwkit-0.43.15/examples/radte/default-profile-validation/postfix
copying examples/radte/default-profile-validation/primary/cases.jsonl -> nwkit-0.43.15/examples/radte/default-profile-validation/primary
copying examples/radte/default-profile-validation/primary/metadata.json -> nwkit-0.43.15/examples/radte/default-profile-validation/primary
copying examples/radte/default-profile-validation/primary/protocol.json -> nwkit-0.43.15/examples/radte/default-profile-validation/primary
copying examples/radte/default-profile-validation/primary/summary.json -> nwkit-0.43.15/examples/radte/default-profile-validation/primary
copying examples/radte/default-profile-validation/provenance/README.md -> nwkit-0.43.15/examples/radte/default-profile-validation/provenance
copying examples/radte/default-profile-validation/provenance/validate_radte_default_profile.py -> nwkit-0.43.15/examples/radte/default-profile-validation/provenance
copying examples/radte/default-profile-validation/results/coverage.png -> nwkit-0.43.15/examples/radte/default-profile-validation/results
copying examples/radte/default-profile-validation/results/coverage.svg -> nwkit-0.43.15/examples/radte/default-profile-validation/results
copying examples/radte/default-profile-validation/results/summary.json -> nwkit-0.43.15/examples/radte/default-profile-validation/results
copying examples/radte/default-profile-validation/results/summary.tsv -> nwkit-0.43.15/examples/radte/default-profile-validation/results
copying examples/radte/default-profile-validation/stress/cases.jsonl -> nwkit-0.43.15/examples/radte/default-profile-validation/stress
copying examples/radte/default-profile-validation/stress/metadata.json -> nwkit-0.43.15/examples/radte/default-profile-validation/stress
copying examples/radte/default-profile-validation/stress/protocol.json -> nwkit-0.43.15/examples/radte/default-profile-validation/stress
copying examples/radte/default-profile-validation/stress/summary.json -> nwkit-0.43.15/examples/radte/default-profile-validation/stress
copying examples/radte/interval-boundary-validation/README.md -> nwkit-0.43.15/examples/radte/interval-boundary-validation
copying examples/radte/interval-boundary-validation/environment.json -> nwkit-0.43.15/examples/radte/interval-boundary-validation
copying examples/radte/interval-boundary-validation/protocol.json -> nwkit-0.43.15/examples/radte/interval-boundary-validation
copying examples/radte/interval-boundary-validation/exact-reference/cases.csv -> nwkit-0.43.15/examples/radte/interval-boundary-validation/exact-reference
copying examples/radte/interval-boundary-validation/exact-reference/metadata.json -> nwkit-0.43.15/examples/radte/interval-boundary-validation/exact-reference
copying examples/radte/interval-boundary-validation/exact-reference/summary.json -> nwkit-0.43.15/examples/radte/interval-boundary-validation/exact-reference
copying examples/radte/interval-boundary-validation/low-sd-marginal-pilot/cases.csv -> nwkit-0.43.15/examples/radte/interval-boundary-validation/low-sd-marginal-pilot
copying examples/radte/interval-boundary-validation/low-sd-marginal-pilot/cases.jsonl -> nwkit-0.43.15/examples/radte/interval-boundary-validation/low-sd-marginal-pilot
copying examples/radte/interval-boundary-validation/low-sd-marginal-pilot/metadata.json -> nwkit-0.43.15/examples/radte/interval-boundary-validation/low-sd-marginal-pilot
copying examples/radte/interval-boundary-validation/low-sd-marginal-pilot/sequence-null-probe.json -> nwkit-0.43.15/examples/radte/interval-boundary-validation/low-sd-marginal-pilot
copying examples/radte/interval-boundary-validation/low-sd-marginal-pilot/summary.json -> nwkit-0.43.15/examples/radte/interval-boundary-validation/low-sd-marginal-pilot
copying examples/radte/interval-boundary-validation/pectinate-smoke/cases.csv -> nwkit-0.43.15/examples/radte/interval-boundary-validation/pectinate-smoke
copying examples/radte/interval-boundary-validation/pectinate-smoke/cases.jsonl -> nwkit-0.43.15/examples/radte/interval-boundary-validation/pectinate-smoke
copying examples/radte/interval-boundary-validation/pectinate-smoke/metadata.json -> nwkit-0.43.15/examples/radte/interval-boundary-validation/pectinate-smoke
copying examples/radte/interval-boundary-validation/pectinate-smoke/summary.json -> nwkit-0.43.15/examples/radte/interval-boundary-validation/pectinate-smoke
copying examples/radte/species-uncertainty/README.md -> nwkit-0.43.15/examples/radte/species-uncertainty
copying examples/radte/species-uncertainty/gene.nwk -> nwkit-0.43.15/examples/radte/species-uncertainty
copying examples/radte/species-uncertainty/run.sh -> nwkit-0.43.15/examples/radte/species-uncertainty
copying examples/radte/species-uncertainty/species-bounds.tsv -> nwkit-0.43.15/examples/radte/species-uncertainty
copying examples/radte/species-uncertainty/species-intervals.tsv -> nwkit-0.43.15/examples/radte/species-uncertainty
copying examples/radte/species-uncertainty/species-map.tsv -> nwkit-0.43.15/examples/radte/species-uncertainty
copying examples/radte/species-uncertainty/species-samples.nwk -> nwkit-0.43.15/examples/radte/species-uncertainty
copying examples/radte/species-uncertainty/species.nwk -> nwkit-0.43.15/examples/radte/species-uncertainty
copying examples/radte/visualization/README.md -> nwkit-0.43.15/examples/radte/visualization
copying examples/radte/visualization/generax-gene.nhx -> nwkit-0.43.15/examples/radte/visualization
copying examples/radte/visualization/generax-species.nwk -> nwkit-0.43.15/examples/radte/visualization
copying examples/regression_calibration/README.md -> nwkit-0.43.15/examples/regression_calibration
copying examples/regression_calibration/audit-20260910.json -> nwkit-0.43.15/examples/regression_calibration
copying examples/regression_calibration/laplace-reference-20260910.json -> nwkit-0.43.15/examples/regression_calibration
copying examples/regression_calibration/laplace-reference-fixed-20260910.json -> nwkit-0.43.15/examples/regression_calibration
copying examples/regression_calibration/paired-glmm-20260910.json -> nwkit-0.43.15/examples/regression_calibration
copying examples/regression_calibration/bootstrap-pilot-20260910/protocol.json -> nwkit-0.43.15/examples/regression_calibration/bootstrap-pilot-20260910
copying examples/regression_calibration/bootstrap-pilot-20260910/records.jsonl.gz -> nwkit-0.43.15/examples/regression_calibration/bootstrap-pilot-20260910
copying examples/regression_calibration/bootstrap-pilot-20260910/source.tar.gz -> nwkit-0.43.15/examples/regression_calibration/bootstrap-pilot-20260910
copying examples/regression_calibration/bootstrap-pilot-20260910/summary.json -> nwkit-0.43.15/examples/regression_calibration/bootstrap-pilot-20260910
copying examples/regression_calibration/bootstrap-pilot-20260910/summary.tsv -> nwkit-0.43.15/examples/regression_calibration/bootstrap-pilot-20260910
copying examples/regression_calibration/glmm-fixed-pilot-20260910/protocol.json -> nwkit-0.43.15/examples/regression_calibration/glmm-fixed-pilot-20260910
copying examples/regression_calibration/glmm-fixed-pilot-20260910/records.jsonl.gz -> nwkit-0.43.15/examples/regression_calibration/glmm-fixed-pilot-20260910
copying examples/regression_calibration/glmm-fixed-pilot-20260910/source.tar.gz -> nwkit-0.43.15/examples/regression_calibration/glmm-fixed-pilot-20260910
copying examples/regression_calibration/glmm-fixed-pilot-20260910/summary.json -> nwkit-0.43.15/examples/regression_calibration/glmm-fixed-pilot-20260910
copying examples/regression_calibration/glmm-fixed-pilot-20260910/summary.tsv -> nwkit-0.43.15/examples/regression_calibration/glmm-fixed-pilot-20260910
copying examples/regression_calibration/repeated-bootstrap-pilot-20260910/protocol.json -> nwkit-0.43.15/examples/regression_calibration/repeated-bootstrap-pilot-20260910
copying examples/regression_calibration/repeated-bootstrap-pilot-20260910/records.jsonl.gz -> nwkit-0.43.15/examples/regression_calibration/repeated-bootstrap-pilot-20260910
copying examples/regression_calibration/repeated-bootstrap-pilot-20260910/source.tar.gz -> nwkit-0.43.15/examples/regression_calibration/repeated-bootstrap-pilot-20260910
copying examples/regression_calibration/repeated-bootstrap-pilot-20260910/summary.json -> nwkit-0.43.15/examples/regression_calibration/repeated-bootstrap-pilot-20260910
copying examples/regression_calibration/repeated-bootstrap-pilot-20260910/summary.tsv -> nwkit-0.43.15/examples/regression_calibration/repeated-bootstrap-pilot-20260910
copying examples/regression_calibration/rsc-confirm-20260910/protocol.json -> nwkit-0.43.15/examples/regression_calibration/rsc-confirm-20260910
copying examples/regression_calibration/rsc-confirm-20260910/records.jsonl.gz -> nwkit-0.43.15/examples/regression_calibration/rsc-confirm-20260910
copying examples/regression_calibration/rsc-confirm-20260910/source.tar.gz -> nwkit-0.43.15/examples/regression_calibration/rsc-confirm-20260910
copying examples/regression_calibration/rsc-confirm-20260910/summary.json -> nwkit-0.43.15/examples/regression_calibration/rsc-confirm-20260910
copying examples/regression_calibration/rsc-confirm-20260910/summary.tsv -> nwkit-0.43.15/examples/regression_calibration/rsc-confirm-20260910
copying examples/regression_calibration/smoke-20260910/protocol.json -> nwkit-0.43.15/examples/regression_calibration/smoke-20260910
copying examples/regression_calibration/smoke-20260910/records.jsonl.gz -> nwkit-0.43.15/examples/regression_calibration/smoke-20260910
copying examples/regression_calibration/smoke-20260910/source.tar.gz -> nwkit-0.43.15/examples/regression_calibration/smoke-20260910
copying examples/regression_calibration/smoke-20260910/summary.json -> nwkit-0.43.15/examples/regression_calibration/smoke-20260910
copying examples/regression_calibration/smoke-20260910/summary.tsv -> nwkit-0.43.15/examples/regression_calibration/smoke-20260910
copying examples/regression_calibration/tip-pilot-20260910/protocol.json -> nwkit-0.43.15/examples/regression_calibration/tip-pilot-20260910
copying examples/regression_calibration/tip-pilot-20260910/records.jsonl.gz -> nwkit-0.43.15/examples/regression_calibration/tip-pilot-20260910
copying examples/regression_calibration/tip-pilot-20260910/source.tar.gz -> nwkit-0.43.15/examples/regression_calibration/tip-pilot-20260910
copying examples/regression_calibration/tip-pilot-20260910/summary.json -> nwkit-0.43.15/examples/regression_calibration/tip-pilot-20260910
copying examples/regression_calibration/tip-pilot-20260910/summary.tsv -> nwkit-0.43.15/examples/regression_calibration/tip-pilot-20260910
copying examples/regression_calibration/wald-pilot-20260910/protocol.json -> nwkit-0.43.15/examples/regression_calibration/wald-pilot-20260910
copying examples/regression_calibration/wald-pilot-20260910/records.jsonl.gz -> nwkit-0.43.15/examples/regression_calibration/wald-pilot-20260910
copying examples/regression_calibration/wald-pilot-20260910/source.tar.gz -> nwkit-0.43.15/examples/regression_calibration/wald-pilot-20260910
copying examples/regression_calibration/wald-pilot-20260910/summary.json -> nwkit-0.43.15/examples/regression_calibration/wald-pilot-20260910
copying examples/regression_calibration/wald-pilot-20260910/summary.tsv -> nwkit-0.43.15/examples/regression_calibration/wald-pilot-20260910
copying examples/regression_selection/data.tsv -> nwkit-0.43.15/examples/regression_selection
copying examples/regression_selection/folds.tsv -> nwkit-0.43.15/examples/regression_selection
copying examples/regression_selection/predictors.txt -> nwkit-0.43.15/examples/regression_selection
copying examples/regression_selection/tree.nwk -> nwkit-0.43.15/examples/regression_selection
copying examples/shift/README.md -> nwkit-0.43.15/examples/shift
copying examples/shift/traits-with-se.tsv -> nwkit-0.43.15/examples/shift
copying examples/shift/traits.tsv -> nwkit-0.43.15/examples/shift
copying examples/shift/tree.nwk -> nwkit-0.43.15/examples/shift
copying examples/shift/alpha-validation/README.md -> nwkit-0.43.15/examples/shift/alpha-validation
copying examples/shift/alpha-validation/SHA256SUMS.json -> nwkit-0.43.15/examples/shift/alpha-validation
copying examples/shift/alpha-validation/artifact.json -> nwkit-0.43.15/examples/shift/alpha-validation
copying examples/shift/alpha-validation/audit.json -> nwkit-0.43.15/examples/shift/alpha-validation
copying examples/shift/alpha-validation/backend-correction-provenance.json -> nwkit-0.43.15/examples/shift/alpha-validation
copying examples/shift/alpha-validation/backend-probe.tsv -> nwkit-0.43.15/examples/shift/alpha-validation
copying examples/shift/alpha-validation/candidate-ledger.jsonl.gz -> nwkit-0.43.15/examples/shift/alpha-validation
copying examples/shift/alpha-validation/environment.json -> nwkit-0.43.15/examples/shift/alpha-validation
copying examples/shift/alpha-validation/inputs.jsonl.gz -> nwkit-0.43.15/examples/shift/alpha-validation
copying examples/shift/alpha-validation/installed-backend-sha256.json -> nwkit-0.43.15/examples/shift/alpha-validation
copying examples/shift/alpha-validation/jobs.jsonl -> nwkit-0.43.15/examples/shift/alpha-validation
copying examples/shift/alpha-validation/null-profile-diagnostic.json -> nwkit-0.43.15/examples/shift/alpha-validation
copying examples/shift/alpha-validation/paired.json -> nwkit-0.43.15/examples/shift/alpha-validation
copying examples/shift/alpha-validation/protocol.json -> nwkit-0.43.15/examples/shift/alpha-validation
copying examples/shift/alpha-validation/records.jsonl.gz -> nwkit-0.43.15/examples/shift/alpha-validation
copying examples/shift/alpha-validation/report-data.json -> nwkit-0.43.15/examples/shift/alpha-validation
copying examples/shift/alpha-validation/report-delivery.json -> nwkit-0.43.15/examples/shift/alpha-validation
copying examples/shift/alpha-validation/report.html -> nwkit-0.43.15/examples/shift/alpha-validation
copying examples/shift/alpha-validation/summary.json -> nwkit-0.43.15/examples/shift/alpha-validation
copying examples/shift/alpha-validation/validation.json -> nwkit-0.43.15/examples/shift/alpha-validation
copying examples/shift/alpha-validation/analysis-source/check-bic-routes.R -> nwkit-0.43.15/examples/shift/alpha-validation/analysis-source
copying examples/shift/alpha-validation/analysis-source/report_shift_alpha.py -> nwkit-0.43.15/examples/shift/alpha-validation/analysis-source
copying examples/shift/alpha-validation/analysis-source/shift_alpha_audit.py -> nwkit-0.43.15/examples/shift/alpha-validation/analysis-source
copying examples/shift/alpha-validation/analysis-source/shift_alpha_null_diagnostic.py -> nwkit-0.43.15/examples/shift/alpha-validation/analysis-source
copying examples/shift/alpha-validation/analysis-source/summarize_shift_alpha.py -> nwkit-0.43.15/examples/shift/alpha-validation/analysis-source
copying examples/shift/alpha-validation/analysis-source/verify_shift_alpha_evidence.py -> nwkit-0.43.15/examples/shift/alpha-validation/analysis-source
copying examples/shift/alpha-validation/source/shift_alpha_backend.R -> nwkit-0.43.15/examples/shift/alpha-validation/source
copying examples/shift/alpha-validation/source/shift_alpha_design.py -> nwkit-0.43.15/examples/shift/alpha-validation/source
copying examples/shift/alpha-validation/source/shift_joint_candidates.py -> nwkit-0.43.15/examples/shift/alpha-validation/source
copying examples/shift/alpha-validation/source/shift_simulation_cases.py -> nwkit-0.43.15/examples/shift/alpha-validation/source
copying examples/shift/alpha-validation/source/validate_shift_alpha.py -> nwkit-0.43.15/examples/shift/alpha-validation/source
copying examples/shift/calibrated/effects.tsv -> nwkit-0.43.15/examples/shift/calibrated
copying examples/shift/calibrated/model.json -> nwkit-0.43.15/examples/shift/calibrated
copying examples/shift/calibrated/optima.tsv -> nwkit-0.43.15/examples/shift/calibrated
copying examples/shift/calibrated/predictions.tsv -> nwkit-0.43.15/examples/shift/calibrated
copying examples/shift/calibrated/regimes.tsv -> nwkit-0.43.15/examples/shift/calibrated
copying examples/shift/calibration-envelope/README.md -> nwkit-0.43.15/examples/shift/calibration-envelope
copying examples/shift/calibration-envelope/audit.json -> nwkit-0.43.15/examples/shift/calibration-envelope
copying examples/shift/calibration-envelope/default-null-records.jsonl.gz -> nwkit-0.43.15/examples/shift/calibration-envelope
copying examples/shift/calibration-envelope/protocol.json -> nwkit-0.43.15/examples/shift/calibration-envelope
copying examples/shift/calibration-envelope/records.jsonl.gz -> nwkit-0.43.15/examples/shift/calibration-envelope
copying examples/shift/calibration-envelope/summary.json -> nwkit-0.43.15/examples/shift/calibration-envelope
copying examples/shift/calibration-envelope-stress/audit.json -> nwkit-0.43.15/examples/shift/calibration-envelope-stress
copying examples/shift/calibration-envelope-stress/protocol.json -> nwkit-0.43.15/examples/shift/calibration-envelope-stress
copying examples/shift/calibration-envelope-stress/records.jsonl.gz -> nwkit-0.43.15/examples/shift/calibration-envelope-stress
copying examples/shift/calibration-envelope-stress/summary.json -> nwkit-0.43.15/examples/shift/calibration-envelope-stress
copying examples/shift/calibration-envelope-stress/source-snapshot/shift_calibration.py -> nwkit-0.43.15/examples/shift/calibration-envelope-stress/source-snapshot
copying examples/shift/calibration-envelope-stress/source-snapshot/shift_candidates.py -> nwkit-0.43.15/examples/shift/calibration-envelope-stress/source-snapshot
copying examples/shift/calibration-envelope-stress/source-snapshot/stress_shift_calibration.py -> nwkit-0.43.15/examples/shift/calibration-envelope-stress/source-snapshot
copying examples/shift/calibration-envelope/source-snapshot/shift_alpha_design.py -> nwkit-0.43.15/examples/shift/calibration-envelope/source-snapshot
copying examples/shift/calibration-envelope/source-snapshot/shift_calibration.py -> nwkit-0.43.15/examples/shift/calibration-envelope/source-snapshot
copying examples/shift/calibration-envelope/source-snapshot/shift_calibration_audit.py -> nwkit-0.43.15/examples/shift/calibration-envelope/source-snapshot
copying examples/shift/calibration-envelope/source-snapshot/shift_candidates.py -> nwkit-0.43.15/examples/shift/calibration-envelope/source-snapshot
copying examples/shift/calibration-envelope/source-snapshot/shift_simulation_cases.py -> nwkit-0.43.15/examples/shift/calibration-envelope/source-snapshot
copying examples/shift/calibration-envelope/source-snapshot/validate_shift_calibration.py -> nwkit-0.43.15/examples/shift/calibration-envelope/source-snapshot
copying examples/shift/calibration-envelope/source-snapshot/verify_shift_calibration.py -> nwkit-0.43.15/examples/shift/calibration-envelope/source-snapshot
copying examples/shift/calibration-paired/protocol.json -> nwkit-0.43.15/examples/shift/calibration-paired
copying examples/shift/calibration-paired/records.jsonl.gz -> nwkit-0.43.15/examples/shift/calibration-paired
copying examples/shift/calibration-paired/summary.json -> nwkit-0.43.15/examples/shift/calibration-paired
copying examples/shift/calibration-paired/source-snapshot/compare_shift_null_calibration.py -> nwkit-0.43.15/examples/shift/calibration-paired/source-snapshot
copying examples/shift/calibration-paired/source-snapshot/shift_calibration.py -> nwkit-0.43.15/examples/shift/calibration-paired/source-snapshot
copying examples/shift/calibration-paired/source-snapshot/shift_candidates.py -> nwkit-0.43.15/examples/shift/calibration-paired/source-snapshot
copying examples/shift/calibration-review/README.md -> nwkit-0.43.15/examples/shift/calibration-review
copying examples/shift/calibration-review/protocol.json -> nwkit-0.43.15/examples/shift/calibration-review
copying examples/shift/calibration-review/records.jsonl.gz -> nwkit-0.43.15/examples/shift/calibration-review
copying examples/shift/calibration-review/summary.json -> nwkit-0.43.15/examples/shift/calibration-review
copying examples/shift/calibration-review/source-snapshot/shift_alpha_design.py -> nwkit-0.43.15/examples/shift/calibration-review/source-snapshot
copying examples/shift/calibration-review/source-snapshot/shift_calibration.py -> nwkit-0.43.15/examples/shift/calibration-review/source-snapshot
copying examples/shift/calibration-review/source-snapshot/shift_calibration_audit.py -> nwkit-0.43.15/examples/shift/calibration-review/source-snapshot
copying examples/shift/calibration-review/source-snapshot/shift_candidates.py -> nwkit-0.43.15/examples/shift/calibration-review/source-snapshot
copying examples/shift/calibration-review/source-snapshot/shift_simulation_cases.py -> nwkit-0.43.15/examples/shift/calibration-review/source-snapshot
copying examples/shift/calibration-review/source-snapshot/validate_shift_calibration.py -> nwkit-0.43.15/examples/shift/calibration-review/source-snapshot
copying examples/shift/calibration-review/source-snapshot/verify_shift_calibration.py -> nwkit-0.43.15/examples/shift/calibration-review/source-snapshot
copying examples/shift/calibration-stress/protocol.json -> nwkit-0.43.15/examples/shift/calibration-stress
copying examples/shift/calibration-stress/records.jsonl.gz -> nwkit-0.43.15/examples/shift/calibration-stress
copying examples/shift/calibration-stress/summary.json -> nwkit-0.43.15/examples/shift/calibration-stress
copying examples/shift/calibration-stress/source-snapshot/shift_calibration.py -> nwkit-0.43.15/examples/shift/calibration-stress/source-snapshot
copying examples/shift/calibration-stress/source-snapshot/shift_candidates.py -> nwkit-0.43.15/examples/shift/calibration-stress/source-snapshot
copying examples/shift/calibration-stress/source-snapshot/stress_shift_calibration.py -> nwkit-0.43.15/examples/shift/calibration-stress/source-snapshot
copying examples/shift/calibration-validation/README.md -> nwkit-0.43.15/examples/shift/calibration-validation
copying examples/shift/calibration-validation/audit.json -> nwkit-0.43.15/examples/shift/calibration-validation
copying examples/shift/calibration-validation/default-null-records.jsonl.gz -> nwkit-0.43.15/examples/shift/calibration-validation
copying examples/shift/calibration-validation/protocol.json -> nwkit-0.43.15/examples/shift/calibration-validation
copying examples/shift/calibration-validation/records.jsonl.gz -> nwkit-0.43.15/examples/shift/calibration-validation
copying examples/shift/calibration-validation/summary.json -> nwkit-0.43.15/examples/shift/calibration-validation
copying examples/shift/calibration-validation/source-snapshot/shift_alpha_design.py -> nwkit-0.43.15/examples/shift/calibration-validation/source-snapshot
copying examples/shift/calibration-validation/source-snapshot/shift_calibration.py -> nwkit-0.43.15/examples/shift/calibration-validation/source-snapshot
copying examples/shift/calibration-validation/source-snapshot/shift_candidates.py -> nwkit-0.43.15/examples/shift/calibration-validation/source-snapshot
copying examples/shift/calibration-validation/source-snapshot/shift_simulation_cases.py -> nwkit-0.43.15/examples/shift/calibration-validation/source-snapshot
copying examples/shift/calibration-validation/source-snapshot/validate_shift_calibration.py -> nwkit-0.43.15/examples/shift/calibration-validation/source-snapshot
copying examples/shift/calibration-weak-null/README.md -> nwkit-0.43.15/examples/shift/calibration-weak-null
copying examples/shift/calibration-weak-null/audit.json -> nwkit-0.43.15/examples/shift/calibration-weak-null
copying examples/shift/calibration-weak-null/default-null-records.jsonl.gz -> nwkit-0.43.15/examples/shift/calibration-weak-null
copying examples/shift/calibration-weak-null/protocol.json -> nwkit-0.43.15/examples/shift/calibration-weak-null
copying examples/shift/calibration-weak-null/records.jsonl.gz -> nwkit-0.43.15/examples/shift/calibration-weak-null
copying examples/shift/calibration-weak-null/summary.json -> nwkit-0.43.15/examples/shift/calibration-weak-null
copying examples/shift/calibration-weak-null/source-snapshot/shift_alpha_design.py -> nwkit-0.43.15/examples/shift/calibration-weak-null/source-snapshot
copying examples/shift/calibration-weak-null/source-snapshot/shift_calibration.py -> nwkit-0.43.15/examples/shift/calibration-weak-null/source-snapshot
copying examples/shift/calibration-weak-null/source-snapshot/shift_calibration_audit.py -> nwkit-0.43.15/examples/shift/calibration-weak-null/source-snapshot
copying examples/shift/calibration-weak-null/source-snapshot/shift_candidates.py -> nwkit-0.43.15/examples/shift/calibration-weak-null/source-snapshot
copying examples/shift/calibration-weak-null/source-snapshot/shift_simulation_cases.py -> nwkit-0.43.15/examples/shift/calibration-weak-null/source-snapshot
copying examples/shift/calibration-weak-null/source-snapshot/validate_shift_calibration.py -> nwkit-0.43.15/examples/shift/calibration-weak-null/source-snapshot
copying examples/shift/calibration-weak-null/source-snapshot/verify_shift_calibration.py -> nwkit-0.43.15/examples/shift/calibration-weak-null/source-snapshot
copying examples/shift/confidence-development/audit.json -> nwkit-0.43.15/examples/shift/confidence-development
copying examples/shift/confidence-development/protocol.json -> nwkit-0.43.15/examples/shift/confidence-development
copying examples/shift/confidence-development/records.jsonl.gz -> nwkit-0.43.15/examples/shift/confidence-development
copying examples/shift/confidence-development/summary.json -> nwkit-0.43.15/examples/shift/confidence-development
copying examples/shift/confidence-development/source-snapshot/shift-calibration-final-protocol.md -> nwkit-0.43.15/examples/shift/confidence-development/source-snapshot
copying examples/shift/confidence-development/source-snapshot/shift_alpha_design.py -> nwkit-0.43.15/examples/shift/confidence-development/source-snapshot
copying examples/shift/confidence-development/source-snapshot/shift_calibration.py -> nwkit-0.43.15/examples/shift/confidence-development/source-snapshot
copying examples/shift/confidence-development/source-snapshot/shift_candidates.py -> nwkit-0.43.15/examples/shift/confidence-development/source-snapshot
copying examples/shift/confidence-development/source-snapshot/shift_confidence_calibration.py -> nwkit-0.43.15/examples/shift/confidence-development/source-snapshot
copying examples/shift/confidence-development/source-snapshot/shift_simulation_cases.py -> nwkit-0.43.15/examples/shift/confidence-development/source-snapshot
copying examples/shift/confidence-development/source-snapshot/try_shift_confidence_calibration.py -> nwkit-0.43.15/examples/shift/confidence-development/source-snapshot
copying examples/shift/confidence-pilot/protocol.json -> nwkit-0.43.15/examples/shift/confidence-pilot
copying examples/shift/confidence-pilot/records.jsonl.gz -> nwkit-0.43.15/examples/shift/confidence-pilot
copying examples/shift/confidence-pilot/summary.json -> nwkit-0.43.15/examples/shift/confidence-pilot
copying examples/shift/confidence-pilot/source-snapshot/shift-calibration-final-protocol.md -> nwkit-0.43.15/examples/shift/confidence-pilot/source-snapshot
copying examples/shift/confidence-pilot/source-snapshot/shift_alpha_design.py -> nwkit-0.43.15/examples/shift/confidence-pilot/source-snapshot
copying examples/shift/confidence-pilot/source-snapshot/shift_calibration.py -> nwkit-0.43.15/examples/shift/confidence-pilot/source-snapshot
copying examples/shift/confidence-pilot/source-snapshot/shift_candidates.py -> nwkit-0.43.15/examples/shift/confidence-pilot/source-snapshot
copying examples/shift/confidence-pilot/source-snapshot/shift_confidence_calibration.py -> nwkit-0.43.15/examples/shift/confidence-pilot/source-snapshot
copying examples/shift/confidence-pilot/source-snapshot/shift_simulation_cases.py -> nwkit-0.43.15/examples/shift/confidence-pilot/source-snapshot
copying examples/shift/confidence-pilot/source-snapshot/try_shift_confidence_calibration.py -> nwkit-0.43.15/examples/shift/confidence-pilot/source-snapshot
copying examples/shift/integration-audits/b999.json -> nwkit-0.43.15/examples/shift/integration-audits
copying examples/shift/integration-audits/focused-check.log -> nwkit-0.43.15/examples/shift/integration-audits
copying examples/shift/integration-audits/full-check.log -> nwkit-0.43.15/examples/shift/integration-audits
copying examples/shift/integration-audits/primary.json -> nwkit-0.43.15/examples/shift/integration-audits
copying examples/shift/integration-audits/software-checks.json -> nwkit-0.43.15/examples/shift/integration-audits
copying examples/shift/joint-validation/candidates.json -> nwkit-0.43.15/examples/shift/joint-validation
copying examples/shift/joint-validation/export.json -> nwkit-0.43.15/examples/shift/joint-validation
copying examples/shift/joint-validation/fit-manifests.json -> nwkit-0.43.15/examples/shift/joint-validation
copying examples/shift/joint-validation/inputs.json -> nwkit-0.43.15/examples/shift/joint-validation
copying examples/shift/joint-validation/manifest.json -> nwkit-0.43.15/examples/shift/joint-validation
copying examples/shift/joint-validation/models.json -> nwkit-0.43.15/examples/shift/joint-validation
copying examples/shift/joint-validation/records.json -> nwkit-0.43.15/examples/shift/joint-validation
copying examples/shift/joint-validation/source-snapshot.json -> nwkit-0.43.15/examples/shift/joint-validation
copying examples/shift/joint-validation-pbic-fixed/backend-provenance.json -> nwkit-0.43.15/examples/shift/joint-validation-pbic-fixed
copying examples/shift/joint-validation-pbic-fixed/candidates.json -> nwkit-0.43.15/examples/shift/joint-validation-pbic-fixed
copying examples/shift/joint-validation-pbic-fixed/export.json -> nwkit-0.43.15/examples/shift/joint-validation-pbic-fixed
copying examples/shift/joint-validation-pbic-fixed/fit-manifests.json -> nwkit-0.43.15/examples/shift/joint-validation-pbic-fixed
copying examples/shift/joint-validation-pbic-fixed/inputs.json -> nwkit-0.43.15/examples/shift/joint-validation-pbic-fixed
copying examples/shift/joint-validation-pbic-fixed/manifest.json -> nwkit-0.43.15/examples/shift/joint-validation-pbic-fixed
copying examples/shift/joint-validation-pbic-fixed/models.json -> nwkit-0.43.15/examples/shift/joint-validation-pbic-fixed
copying examples/shift/joint-validation-pbic-fixed/records.json -> nwkit-0.43.15/examples/shift/joint-validation-pbic-fixed
copying examples/shift/joint-validation-pbic-fixed/source-snapshot.json -> nwkit-0.43.15/examples/shift/joint-validation-pbic-fixed
copying examples/shift/known-error-diagnostic/README.md -> nwkit-0.43.15/examples/shift/known-error-diagnostic
copying examples/shift/known-error-diagnostic/audit.json -> nwkit-0.43.15/examples/shift/known-error-diagnostic
copying examples/shift/known-error-diagnostic/envelope-probe.json -> nwkit-0.43.15/examples/shift/known-error-diagnostic
copying examples/shift/known-error-diagnostic/envelope_probe.py -> nwkit-0.43.15/examples/shift/known-error-diagnostic
copying examples/shift/known-error-diagnostic/environment.json -> nwkit-0.43.15/examples/shift/known-error-diagnostic
copying examples/shift/known-error-diagnostic/protocol.json -> nwkit-0.43.15/examples/shift/known-error-diagnostic
copying examples/shift/known-error-diagnostic/records.jsonl.gz -> nwkit-0.43.15/examples/shift/known-error-diagnostic
copying examples/shift/known-error-diagnostic/summary.json -> nwkit-0.43.15/examples/shift/known-error-diagnostic
copying examples/shift/known-error-diagnostic/research-source/shift_known_error_envelope.py -> nwkit-0.43.15/examples/shift/known-error-diagnostic/research-source
copying examples/shift/known-error-diagnostic/source-snapshot/diagnose_shift_known_error.py -> nwkit-0.43.15/examples/shift/known-error-diagnostic/source-snapshot
copying examples/shift/known-error-diagnostic/source-snapshot/shift_calibration.py -> nwkit-0.43.15/examples/shift/known-error-diagnostic/source-snapshot
copying examples/shift/known-error-diagnostic/source-snapshot/shift_candidates.py -> nwkit-0.43.15/examples/shift/known-error-diagnostic/source-snapshot
copying examples/shift/known-error-diagnostic/source-snapshot/stress_shift_calibration.py -> nwkit-0.43.15/examples/shift/known-error-diagnostic/source-snapshot
copying examples/shift/known-error-timing-pilot/protocol.json -> nwkit-0.43.15/examples/shift/known-error-timing-pilot
copying examples/shift/known-error-timing-pilot/records.jsonl.gz -> nwkit-0.43.15/examples/shift/known-error-timing-pilot
copying examples/shift/known-error-timing-pilot/summary.json -> nwkit-0.43.15/examples/shift/known-error-timing-pilot
copying examples/shift/known-error-timing-pilot/source-snapshot/shift_calibration.py -> nwkit-0.43.15/examples/shift/known-error-timing-pilot/source-snapshot
copying examples/shift/known-error-timing-pilot/source-snapshot/shift_candidates.py -> nwkit-0.43.15/examples/shift/known-error-timing-pilot/source-snapshot
copying examples/shift/known-error-timing-pilot/source-snapshot/shift_continuous_reference.py -> nwkit-0.43.15/examples/shift/known-error-timing-pilot/source-snapshot
copying examples/shift/known-error-timing-pilot/source-snapshot/validate_shift_null_contract.py -> nwkit-0.43.15/examples/shift/known-error-timing-pilot/source-snapshot
copying examples/shift/null-contract-b999/protocol.json -> nwkit-0.43.15/examples/shift/null-contract-b999
copying examples/shift/null-contract-b999/records.jsonl.gz -> nwkit-0.43.15/examples/shift/null-contract-b999
copying examples/shift/null-contract-b999/summary.json -> nwkit-0.43.15/examples/shift/null-contract-b999
copying examples/shift/null-contract-b999/source-snapshot/shift_calibration.py -> nwkit-0.43.15/examples/shift/null-contract-b999/source-snapshot
copying examples/shift/null-contract-b999/source-snapshot/shift_candidates.py -> nwkit-0.43.15/examples/shift/null-contract-b999/source-snapshot
copying examples/shift/null-contract-b999/source-snapshot/shift_continuous_reference.py -> nwkit-0.43.15/examples/shift/null-contract-b999/source-snapshot
copying examples/shift/null-contract-b999/source-snapshot/validate_shift_null_contract.py -> nwkit-0.43.15/examples/shift/null-contract-b999/source-snapshot
copying examples/shift/null-contract-timing-pilot/protocol.json -> nwkit-0.43.15/examples/shift/null-contract-timing-pilot
copying examples/shift/null-contract-timing-pilot/records.jsonl.gz -> nwkit-0.43.15/examples/shift/null-contract-timing-pilot
copying examples/shift/null-contract-timing-pilot/summary.json -> nwkit-0.43.15/examples/shift/null-contract-timing-pilot
copying examples/shift/null-contract-timing-pilot/source-snapshot/shift_calibration.py -> nwkit-0.43.15/examples/shift/null-contract-timing-pilot/source-snapshot
copying examples/shift/null-contract-timing-pilot/source-snapshot/shift_candidates.py -> nwkit-0.43.15/examples/shift/null-contract-timing-pilot/source-snapshot
copying examples/shift/null-contract-timing-pilot/source-snapshot/shift_continuous_reference.py -> nwkit-0.43.15/examples/shift/null-contract-timing-pilot/source-snapshot
copying examples/shift/null-contract-timing-pilot/source-snapshot/validate_shift_null_contract.py -> nwkit-0.43.15/examples/shift/null-contract-timing-pilot/source-snapshot
copying examples/shift/null-contract-validation/protocol.json -> nwkit-0.43.15/examples/shift/null-contract-validation
copying examples/shift/null-contract-validation/records.jsonl.gz -> nwkit-0.43.15/examples/shift/null-contract-validation
copying examples/shift/null-contract-validation/summary.json -> nwkit-0.43.15/examples/shift/null-contract-validation
copying examples/shift/null-contract-validation/source-snapshot/shift_calibration.py -> nwkit-0.43.15/examples/shift/null-contract-validation/source-snapshot
copying examples/shift/null-contract-validation/source-snapshot/shift_candidates.py -> nwkit-0.43.15/examples/shift/null-contract-validation/source-snapshot
copying examples/shift/null-contract-validation/source-snapshot/shift_continuous_reference.py -> nwkit-0.43.15/examples/shift/null-contract-validation/source-snapshot
copying examples/shift/null-contract-validation/source-snapshot/validate_shift_null_contract.py -> nwkit-0.43.15/examples/shift/null-contract-validation/source-snapshot
copying examples/shift/pbic-correction/after.csv -> nwkit-0.43.15/examples/shift/pbic-correction
copying examples/shift/pbic-correction/backend-provenance.json -> nwkit-0.43.15/examples/shift/pbic-correction
copying examples/shift/pbic-correction/before.csv -> nwkit-0.43.15/examples/shift/pbic-correction
copying examples/shift/response-audits/SHA256SUMS.json -> nwkit-0.43.15/examples/shift/response-audits
copying examples/shift/response-audits/b999.json -> nwkit-0.43.15/examples/shift/response-audits
copying examples/shift/response-audits/continuous-fixture.json -> nwkit-0.43.15/examples/shift/response-audits
copying examples/shift/response-audits/environment.json -> nwkit-0.43.15/examples/shift/response-audits
copying examples/shift/response-audits/final-complexity.log -> nwkit-0.43.15/examples/shift/response-audits
copying examples/shift/response-audits/full-check.log -> nwkit-0.43.15/examples/shift/response-audits
copying examples/shift/response-audits/inherited-envelope.json -> nwkit-0.43.15/examples/shift/response-audits
copying examples/shift/response-audits/null-pilot.json -> nwkit-0.43.15/examples/shift/response-audits
copying examples/shift/response-audits/paired.json -> nwkit-0.43.15/examples/shift/response-audits
copying examples/shift/response-audits/primary.json -> nwkit-0.43.15/examples/shift/response-audits
copying examples/shift/response-audits/software-checks.json -> nwkit-0.43.15/examples/shift/response-audits
copying examples/shift/response-calibrated/effects.tsv -> nwkit-0.43.15/examples/shift/response-calibrated
copying examples/shift/response-calibrated/model.json -> nwkit-0.43.15/examples/shift/response-calibrated
copying examples/shift/response-calibrated/optima.tsv -> nwkit-0.43.15/examples/shift/response-calibrated
copying examples/shift/response-calibrated/predictions.tsv -> nwkit-0.43.15/examples/shift/response-calibrated
copying examples/shift/response-calibrated/regimes.tsv -> nwkit-0.43.15/examples/shift/response-calibrated
copying examples/shift/response-ic/effects.tsv -> nwkit-0.43.15/examples/shift/response-ic
copying examples/shift/response-ic/model.json -> nwkit-0.43.15/examples/shift/response-ic
copying examples/shift/response-ic/optima.tsv -> nwkit-0.43.15/examples/shift/response-ic
copying examples/shift/response-ic/predictions.tsv -> nwkit-0.43.15/examples/shift/response-ic
copying examples/shift/response-ic/regimes.tsv -> nwkit-0.43.15/examples/shift/response-ic
copying examples/shift/validation/cell-summary.json -> nwkit-0.43.15/examples/shift/validation
copying examples/shift/validation/export.json -> nwkit-0.43.15/examples/shift/validation
copying examples/shift/validation/inputs.json -> nwkit-0.43.15/examples/shift/validation
copying examples/shift/validation/manifests.json -> nwkit-0.43.15/examples/shift/validation
copying examples/shift/validation/records.csv -> nwkit-0.43.15/examples/shift/validation
copying examples/shift/validation/records.json -> nwkit-0.43.15/examples/shift/validation
copying examples/shift/validation/scenario-summary.json -> nwkit-0.43.15/examples/shift/validation
copying examples/shift/validation/source-snapshot.json -> nwkit-0.43.15/examples/shift/validation
copying examples/shift/validation/table.md -> nwkit-0.43.15/examples/shift/validation
copying examples/shift/validation-16tip/cell-summary.json -> nwkit-0.43.15/examples/shift/validation-16tip
copying examples/shift/validation-16tip/export.json -> nwkit-0.43.15/examples/shift/validation-16tip
copying examples/shift/validation-16tip/inputs.json -> nwkit-0.43.15/examples/shift/validation-16tip
copying examples/shift/validation-16tip/manifests.json -> nwkit-0.43.15/examples/shift/validation-16tip
copying examples/shift/validation-16tip/records.csv -> nwkit-0.43.15/examples/shift/validation-16tip
copying examples/shift/validation-16tip/records.json -> nwkit-0.43.15/examples/shift/validation-16tip
copying examples/shift/validation-16tip/scenario-summary.json -> nwkit-0.43.15/examples/shift/validation-16tip
copying examples/shift/validation-16tip/source-snapshot.json -> nwkit-0.43.15/examples/shift/validation-16tip
copying examples/shift/validation-16tip/table.md -> nwkit-0.43.15/examples/shift/validation-16tip
copying examples/signal/README.md -> nwkit-0.43.15/examples/signal
copying examples/signal/traits.tsv -> nwkit-0.43.15/examples/signal
copying examples/signal/tree.nwk -> nwkit-0.43.15/examples/signal
copying examples/stochastic_maps/README.md -> nwkit-0.43.15/examples/stochastic_maps
copying examples/stochastic_maps/probabilities.png -> nwkit-0.43.15/examples/stochastic_maps
copying examples/stochastic_maps/traits.tsv -> nwkit-0.43.15/examples/stochastic_maps
copying examples/stochastic_maps/tree.nwk -> nwkit-0.43.15/examples/stochastic_maps
copying examples/threshold/README.md -> nwkit-0.43.15/examples/threshold
copying examples/threshold/diagnostic-pilot-longer.json -> nwkit-0.43.15/examples/threshold
copying examples/threshold/diagnostic-pilot.json -> nwkit-0.43.15/examples/threshold
copying nwkit/__init__.py -> nwkit-0.43.15/nwkit
copying nwkit/__main__.py -> nwkit-0.43.15/nwkit
copying nwkit/annotate.py -> nwkit-0.43.15/nwkit
copying nwkit/asr.py -> nwkit-0.43.15/nwkit
copying nwkit/asr_averaging.py -> nwkit-0.43.15/nwkit
copying nwkit/asr_bootstrap_intervals.py -> nwkit-0.43.15/nwkit
copying nwkit/asr_compare.py -> nwkit-0.43.15/nwkit
copying nwkit/asr_compare_figure.py -> nwkit-0.43.15/nwkit
copying nwkit/asr_compare_panels.py -> nwkit-0.43.15/nwkit
copying nwkit/asr_comparison.py -> nwkit-0.43.15/nwkit
copying nwkit/asr_continuous_diagnostics.py -> nwkit-0.43.15/nwkit
copying nwkit/asr_cross_validation.py -> nwkit-0.43.15/nwkit
copying nwkit/asr_diagnostics.py -> nwkit-0.43.15/nwkit
copying nwkit/asr_discrete_cross_validation.py -> nwkit-0.43.15/nwkit
copying nwkit/asr_figure.py -> nwkit-0.43.15/nwkit
copying nwkit/asr_heatmap.py -> nwkit-0.43.15/nwkit
copying nwkit/asr_input.py -> nwkit-0.43.15/nwkit
copying nwkit/asr_latent.py -> nwkit-0.43.15/nwkit
copying nwkit/asr_models.py -> nwkit-0.43.15/nwkit
copying nwkit/asr_multivariate_diagnostics.py -> nwkit-0.43.15/nwkit
copying nwkit/asr_output.py -> nwkit-0.43.15/nwkit
copying nwkit/asr_paths.py -> nwkit-0.43.15/nwkit
copying nwkit/asr_regimes.py -> nwkit-0.43.15/nwkit
copying nwkit/asr_tip_labels.py -> nwkit-0.43.15/nwkit
copying nwkit/asr_tree_ensemble.py -> nwkit-0.43.15/nwkit
copying nwkit/branch_gaussian.py -> nwkit-0.43.15/nwkit
copying nwkit/branch_gaussian_asr.py -> nwkit-0.43.15/nwkit
copying nwkit/branch_gaussian_estimation.py -> nwkit-0.43.15/nwkit
copying nwkit/branch_gaussian_fit_spec.py -> nwkit-0.43.15/nwkit
copying nwkit/branch_gaussian_input.py -> nwkit-0.43.15/nwkit
copying nwkit/branch_gaussian_options.py -> nwkit-0.43.15/nwkit
copying nwkit/branch_gaussian_output.py -> nwkit-0.43.15/nwkit
copying nwkit/branch_gaussian_paths.py -> nwkit-0.43.15/nwkit
copying nwkit/clade_index.py -> nwkit-0.43.15/nwkit
copying nwkit/clade_mapping.py -> nwkit-0.43.15/nwkit
copying nwkit/cladefreq.py -> nwkit-0.43.15/nwkit
copying nwkit/cli.py -> nwkit-0.43.15/nwkit
copying nwkit/collapse.py -> nwkit-0.43.15/nwkit
copying nwkit/compiled_tree.py -> nwkit-0.43.15/nwkit
copying nwkit/compose.py -> nwkit-0.43.15/nwkit
copying nwkit/consensus.py -> nwkit-0.43.15/nwkit
copying nwkit/constrain.py -> nwkit-0.43.15/nwkit
copying nwkit/continuous_asr.py -> nwkit-0.43.15/nwkit
copying nwkit/continuous_asr_io.py -> nwkit-0.43.15/nwkit
copying nwkit/continuous_asr_optimize.py -> nwkit-0.43.15/nwkit
copying nwkit/continuous_asr_process.py -> nwkit-0.43.15/nwkit
copying nwkit/continuous_observation.py -> nwkit-0.43.15/nwkit
copying nwkit/contrast.py -> nwkit-0.43.15/nwkit
copying nwkit/conventions.py -> nwkit-0.43.15/nwkit
copying nwkit/convert.py -> nwkit-0.43.15/nwkit
copying nwkit/diff.py -> nwkit-0.43.15/nwkit
copying nwkit/discrete_asr_models.py -> nwkit-0.43.15/nwkit
copying nwkit/discrete_observation.py -> nwkit-0.43.15/nwkit
copying nwkit/disparity.py -> nwkit-0.43.15/nwkit
copying nwkit/dist.py -> nwkit-0.43.15/nwkit
copying nwkit/draw.py -> nwkit-0.43.15/nwkit
copying nwkit/draw_helpers.py -> nwkit-0.43.15/nwkit
copying nwkit/draw_layouts.py -> nwkit-0.43.15/nwkit
copying nwkit/draw_output.py -> nwkit-0.43.15/nwkit
copying nwkit/draw_prep.py -> nwkit-0.43.15/nwkit
copying nwkit/draw_quality.py -> nwkit-0.43.15/nwkit
copying nwkit/draw_render.py -> nwkit-0.43.15/nwkit
copying nwkit/draw_setup.py -> nwkit-0.43.15/nwkit
copying nwkit/draw_types.py -> nwkit-0.43.15/nwkit
copying nwkit/drop.py -> nwkit-0.43.15/nwkit
copying nwkit/dtt.py -> nwkit-0.43.15/nwkit
copying nwkit/dtt_cli.py -> nwkit-0.43.15/nwkit
copying nwkit/dtt_figure.py -> nwkit-0.43.15/nwkit
copying nwkit/event_regression.py -> nwkit-0.43.15/nwkit
copying nwkit/evolution.py -> nwkit-0.43.15/nwkit
copying nwkit/fasta.py -> nwkit-0.43.15/nwkit
copying nwkit/file_paths.py -> nwkit-0.43.15/nwkit
copying nwkit/full_ou.py -> nwkit-0.43.15/nwkit
copying nwkit/full_ou_fit.py -> nwkit-0.43.15/nwkit
copying nwkit/gaussian.py -> nwkit-0.43.15/nwkit
copying nwkit/gaussian_inference.py -> nwkit-0.43.15/nwkit
copying nwkit/gaussian_tree.py -> nwkit-0.43.15/nwkit
copying nwkit/gaussian_whitening.py -> nwkit-0.43.15/nwkit
copying nwkit/general_ou_asr.py -> nwkit-0.43.15/nwkit
copying nwkit/hidden_rate_asr.py -> nwkit-0.43.15/nwkit
copying nwkit/image.py -> nwkit-0.43.15/nwkit
copying nwkit/image_metadata.py -> nwkit-0.43.15/nwkit
copying nwkit/individual_asr.py -> nwkit-0.43.15/nwkit
copying nwkit/individual_covariance.py -> nwkit-0.43.15/nwkit
copying nwkit/info.py -> nwkit-0.43.15/nwkit
copying nwkit/intersection.py -> nwkit-0.43.15/nwkit
copying nwkit/iqtree_library.py -> nwkit-0.43.15/nwkit
copying nwkit/iqtree_worker.py -> nwkit-0.43.15/nwkit
copying nwkit/jump_asr.py -> nwkit-0.43.15/nwkit
copying nwkit/label.py -> nwkit-0.43.15/nwkit
copying nwkit/latent_gaussian.py -> nwkit-0.43.15/nwkit
copying nwkit/mark.py -> nwkit-0.43.15/nwkit
copying nwkit/markov_gaussian_asr.py -> nwkit-0.43.15/nwkit
copying nwkit/mcmc_diagnostics.py -> nwkit-0.43.15/nwkit
copying nwkit/mcmctree.py -> nwkit-0.43.15/nwkit
copying nwkit/measurement_error.py -> nwkit-0.43.15/nwkit
copying nwkit/model_matrix.py -> nwkit-0.43.15/nwkit
copying nwkit/model_specs.py -> nwkit-0.43.15/nwkit
copying nwkit/monophyly.py -> nwkit-0.43.15/nwkit
copying nwkit/multivariate_asr.py -> nwkit-0.43.15/nwkit
copying nwkit/multivariate_gaussian_asr.py -> nwkit-0.43.15/nwkit
copying nwkit/multivariate_pgls.py -> nwkit-0.43.15/nwkit
copying nwkit/nhx2nwk.py -> nwkit-0.43.15/nwkit
copying nwkit/nonstationary_continuous_asr.py -> nwkit-0.43.15/nwkit
copying nwkit/nwk2table.py -> nwkit-0.43.15/nwkit
copying nwkit/optimization.py -> nwkit-0.43.15/nwkit
copying nwkit/ordinary_regression.py -> nwkit-0.43.15/nwkit
copying nwkit/ou_asr.py -> nwkit-0.43.15/nwkit
copying nwkit/output_transaction.py -> nwkit-0.43.15/nwkit
copying nwkit/pagel_asr.py -> nwkit-0.43.15/nwkit
copying nwkit/pca.py -> nwkit-0.43.15/nwkit
copying nwkit/pca_cli.py -> nwkit-0.43.15/nwkit
copying nwkit/pca_figure.py -> nwkit-0.43.15/nwkit
copying nwkit/penalized_phylogenetic.py -> nwkit-0.43.15/nwkit
copying nwkit/phylogenetic_glmm.py -> nwkit-0.43.15/nwkit
copying nwkit/phylogenetic_pca.py -> nwkit-0.43.15/nwkit
copying nwkit/phylogenetic_predictive.py -> nwkit-0.43.15/nwkit
copying nwkit/printlabel.py -> nwkit-0.43.15/nwkit
copying nwkit/provenance.py -> nwkit-0.43.15/nwkit
copying nwkit/prune.py -> nwkit-0.43.15/nwkit
copying nwkit/radte.py -> nwkit-0.43.15/nwkit
copying nwkit/radte_calibrated.py -> nwkit-0.43.15/nwkit
copying nwkit/radte_cli.py -> nwkit-0.43.15/nwkit
copying nwkit/radte_codon.py -> nwkit-0.43.15/nwkit
copying nwkit/radte_compare.py -> nwkit-0.43.15/nwkit
copying nwkit/radte_compare_plot.py -> nwkit-0.43.15/nwkit
copying nwkit/radte_components.py -> nwkit-0.43.15/nwkit
copying nwkit/radte_ensemble.py -> nwkit-0.43.15/nwkit
copying nwkit/radte_exact_interval.py -> nwkit-0.43.15/nwkit
copying nwkit/radte_inputs.py -> nwkit-0.43.15/nwkit
copying nwkit/radte_iqtree.py -> nwkit-0.43.15/nwkit
copying nwkit/radte_marginal.py -> nwkit-0.43.15/nwkit
copying nwkit/radte_model.py -> nwkit-0.43.15/nwkit
copying nwkit/radte_paml.py -> nwkit-0.43.15/nwkit
copying nwkit/radte_sequence.py -> nwkit-0.43.15/nwkit
copying nwkit/radte_sequence_fit.py -> nwkit-0.43.15/nwkit
copying nwkit/radte_simulation.py -> nwkit-0.43.15/nwkit
copying nwkit/radte_species.py -> nwkit-0.43.15/nwkit
copying nwkit/radte_studentized.py -> nwkit-0.43.15/nwkit
copying nwkit/radte_uncertainty.py -> nwkit-0.43.15/nwkit
copying nwkit/reconcile.py -> nwkit-0.43.15/nwkit
copying nwkit/reconciliation_properties.py -> nwkit-0.43.15/nwkit
copying nwkit/regime_continuous_asr.py -> nwkit-0.43.15/nwkit
copying nwkit/regime_drift_asr.py -> nwkit-0.43.15/nwkit
copying nwkit/regime_gaussian_asr.py -> nwkit-0.43.15/nwkit
copying nwkit/regress.py -> nwkit-0.43.15/nwkit
copying nwkit/regression_inference.py -> nwkit-0.43.15/nwkit
copying nwkit/regression_observation.py -> nwkit-0.43.15/nwkit
copying nwkit/regression_pipeline.py -> nwkit-0.43.15/nwkit
copying nwkit/regression_selection.py -> nwkit-0.43.15/nwkit
copying nwkit/regression_selection_cli.py -> nwkit-0.43.15/nwkit
copying nwkit/rename.py -> nwkit-0.43.15/nwkit
copying nwkit/replicates.py -> nwkit-0.43.15/nwkit
copying nwkit/rescale.py -> nwkit-0.43.15/nwkit
copying nwkit/result_plot.py -> nwkit-0.43.15/nwkit
copying nwkit/result_plot_cli.py -> nwkit-0.43.15/nwkit
copying nwkit/result_plot_data.py -> nwkit-0.43.15/nwkit
copying nwkit/rf_distance.py -> nwkit-0.43.15/nwkit
copying nwkit/root.py -> nwkit-0.43.15/nwkit
copying nwkit/root_compare.py -> nwkit-0.43.15/nwkit
copying nwkit/root_evaluation.py -> nwkit-0.43.15/nwkit
copying nwkit/rooting_state.py -> nwkit-0.43.15/nwkit
copying nwkit/rsc_diagnostics.py -> nwkit-0.43.15/nwkit
copying nwkit/sample.py -> nwkit-0.43.15/nwkit
copying nwkit/sanitize.py -> nwkit-0.43.15/nwkit
copying nwkit/shift.py -> nwkit-0.43.15/nwkit
copying nwkit/shift_backend.py -> nwkit-0.43.15/nwkit
copying nwkit/shift_backend_probe.py -> nwkit-0.43.15/nwkit
copying nwkit/shift_bootstrap.py -> nwkit-0.43.15/nwkit
copying nwkit/shift_calibrated_output.py -> nwkit-0.43.15/nwkit
copying nwkit/shift_calibration.py -> nwkit-0.43.15/nwkit
copying nwkit/shift_candidates.py -> nwkit-0.43.15/nwkit
copying nwkit/shift_cli.py -> nwkit-0.43.15/nwkit
copying nwkit/shift_convergence.py -> nwkit-0.43.15/nwkit
copying nwkit/shift_joint_dense.py -> nwkit-0.43.15/nwkit
copying nwkit/shift_joint_fit.py -> nwkit-0.43.15/nwkit
copying nwkit/shift_joint_model.py -> nwkit-0.43.15/nwkit
copying nwkit/shift_joint_screen.py -> nwkit-0.43.15/nwkit
copying nwkit/shift_math.py -> nwkit-0.43.15/nwkit
copying nwkit/shift_native_bootstrap.py -> nwkit-0.43.15/nwkit
copying nwkit/shift_native_fit.py -> nwkit-0.43.15/nwkit
copying nwkit/shift_native_heuristic.py -> nwkit-0.43.15/nwkit
copying nwkit/shift_native_ic.py -> nwkit-0.43.15/nwkit
copying nwkit/shift_native_identifiability.py -> nwkit-0.43.15/nwkit
copying nwkit/shift_native_input.py -> nwkit-0.43.15/nwkit
copying nwkit/shift_native_limits.py -> nwkit-0.43.15/nwkit
copying nwkit/shift_native_model.py -> nwkit-0.43.15/nwkit
copying nwkit/shift_native_output.py -> nwkit-0.43.15/nwkit
copying nwkit/shift_native_path.py -> nwkit-0.43.15/nwkit
copying nwkit/shift_native_provenance.py -> nwkit-0.43.15/nwkit
copying nwkit/shift_native_quick.py -> nwkit-0.43.15/nwkit
copying nwkit/shift_native_screen.py -> nwkit-0.43.15/nwkit
copying nwkit/shift_native_search.py -> nwkit-0.43.15/nwkit
copying nwkit/shift_native_selection.py -> nwkit-0.43.15/nwkit
copying nwkit/shift_reference.py -> nwkit-0.43.15/nwkit
copying nwkit/shift_results.py -> nwkit-0.43.15/nwkit
copying nwkit/shift_simulation.py -> nwkit-0.43.15/nwkit
copying nwkit/shift_simulation_cli.py -> nwkit-0.43.15/nwkit
copying nwkit/shuffle.py -> nwkit-0.43.15/nwkit
copying nwkit/signal.py -> nwkit-0.43.15/nwkit
copying nwkit/signal_cli.py -> nwkit-0.43.15/nwkit
copying nwkit/signal_stats.py -> nwkit-0.43.15/nwkit
copying nwkit/skim.py -> nwkit-0.43.15/nwkit
copying nwkit/sparse_laplace.py -> nwkit-0.43.15/nwkit
copying nwkit/species_parser.py -> nwkit-0.43.15/nwkit
copying nwkit/stochastic_history.py -> nwkit-0.43.15/nwkit
copying nwkit/stochastic_map_io.py -> nwkit-0.43.15/nwkit
copying nwkit/stochastic_map_tables.py -> nwkit-0.43.15/nwkit
copying nwkit/subtree.py -> nwkit-0.43.15/nwkit
copying nwkit/table2nwk.py -> nwkit-0.43.15/nwkit
copying nwkit/threshold_asr.py -> nwkit-0.43.15/nwkit
copying nwkit/threshold_diagnostics.py -> nwkit-0.43.15/nwkit
copying nwkit/time_tree.py -> nwkit-0.43.15/nwkit
copying nwkit/trait_input.py -> nwkit-0.43.15/nwkit
copying nwkit/transfer.py -> nwkit-0.43.15/nwkit
copying nwkit/transformed_continuous_asr.py -> nwkit-0.43.15/nwkit
copying nwkit/tree_formats.py -> nwkit-0.43.15/nwkit
copying nwkit/tree_outputs.py -> nwkit-0.43.15/nwkit
copying nwkit/util.py -> nwkit-0.43.15/nwkit
copying nwkit/validate.py -> nwkit-0.43.15/nwkit
copying nwkit/vector_fit.py -> nwkit-0.43.15/nwkit
copying nwkit/vector_gaussian.py -> nwkit-0.43.15/nwkit
copying nwkit/vector_mean.py -> nwkit-0.43.15/nwkit
copying nwkit/vector_ou_fit.py -> nwkit-0.43.15/nwkit
copying nwkit/vector_processes.py -> nwkit-0.43.15/nwkit
copying nwkit/vector_simulation.py -> nwkit-0.43.15/nwkit
copying nwkit/vector_whitening.py -> nwkit-0.43.15/nwkit
copying nwkit.egg-info/PKG-INFO -> nwkit-0.43.15/nwkit.egg-info
copying nwkit.egg-info/SOURCES.txt -> nwkit-0.43.15/nwkit.egg-info
copying nwkit.egg-info/dependency_links.txt -> nwkit-0.43.15/nwkit.egg-info
copying nwkit.egg-info/entry_points.txt -> nwkit-0.43.15/nwkit.egg-info
copying nwkit.egg-info/requires.txt -> nwkit-0.43.15/nwkit.egg-info
copying nwkit.egg-info/top_level.txt -> nwkit-0.43.15/nwkit.egg-info
copying nwkit/data_iqtree/worker.cpp -> nwkit-0.43.15/nwkit/data_iqtree
copying nwkit/data_model/ECMrest.txt -> nwkit-0.43.15/nwkit/data_model
copying nwkit/data_model/ECMunrest.txt -> nwkit-0.43.15/nwkit/data_model
copying nwkit/data_model/lg.txt -> nwkit-0.43.15/nwkit/data_model
copying nwkit/data_tree/apgiv.nwk -> nwkit-0.43.15/nwkit/data_tree
copying reviews/shift-calibration-final-protocol.md -> nwkit-0.43.15/reviews
copying reviews/shift-calibration-review.md -> nwkit-0.43.15/reviews
copying reviews/shift-implementation-base.json -> nwkit-0.43.15/reviews
copying reviews/native-optimization-2026-09-11/AUDIT.md -> nwkit-0.43.15/reviews/native-optimization-2026-09-11
copying reviews/native-optimization-2026-09-11/REPORT.md -> nwkit-0.43.15/reviews/native-optimization-2026-09-11
copying reviews/native-optimization-2026-09-11/VERIFICATION.md -> nwkit-0.43.15/reviews/native-optimization-2026-09-11
copying reviews/native-optimization-2026-09-11/audit-dist.log -> nwkit-0.43.15/reviews/native-optimization-2026-09-11
copying reviews/native-optimization-2026-09-11/audit-full.log -> nwkit-0.43.15/reviews/native-optimization-2026-09-11
copying reviews/native-optimization-2026-09-11/changes.patch -> nwkit-0.43.15/reviews/native-optimization-2026-09-11
copying reviews/native-optimization-2026-09-11/distribution-audit.json -> nwkit-0.43.15/reviews/native-optimization-2026-09-11
copying reviews/native-optimization-2026-09-11/maintainability.log -> nwkit-0.43.15/reviews/native-optimization-2026-09-11
copying reviews/native-optimization-2026-09-11/numpy-build.txt -> nwkit-0.43.15/reviews/native-optimization-2026-09-11
copying reviews/native-optimization-2026-09-11/profile-before.txt -> nwkit-0.43.15/reviews/native-optimization-2026-09-11
copying reviews/native-optimization-2026-09-11/run_benchmarks.py -> nwkit-0.43.15/reviews/native-optimization-2026-09-11
copying reviews/native-optimization-2026-09-11/source-integrity.json -> nwkit-0.43.15/reviews/native-optimization-2026-09-11
copying reviews/native-optimization-2026-09-11/tests.log -> nwkit-0.43.15/reviews/native-optimization-2026-09-11
copying reviews/native-optimization-2026-09-11/final-measurements/balanced1000-1-fixed-after-0.json -> nwkit-0.43.15/reviews/native-optimization-2026-09-11/final-measurements
copying reviews/native-optimization-2026-09-11/final-measurements/balanced1000-1-fixed-after-1.json -> nwkit-0.43.15/reviews/native-optimization-2026-09-11/final-measurements
copying reviews/native-optimization-2026-09-11/final-measurements/balanced1000-1-fixed-after-2.json -> nwkit-0.43.15/reviews/native-optimization-2026-09-11/final-measurements
copying reviews/native-optimization-2026-09-11/final-measurements/balanced1000-1-fixed-before-0.json -> nwkit-0.43.15/reviews/native-optimization-2026-09-11/final-measurements
copying reviews/native-optimization-2026-09-11/final-measurements/balanced1000-1-fixed-before-1.json -> nwkit-0.43.15/reviews/native-optimization-2026-09-11/final-measurements
copying reviews/native-optimization-2026-09-11/final-measurements/balanced1000-1-fixed-before-2.json -> nwkit-0.43.15/reviews/native-optimization-2026-09-11/final-measurements
copying reviews/native-optimization-2026-09-11/final-measurements/balanced128-2-est-after-0.json -> nwkit-0.43.15/reviews/native-optimization-2026-09-11/final-measurements
copying reviews/native-optimization-2026-09-11/final-measurements/balanced128-2-est-after-1.json -> nwkit-0.43.15/reviews/native-optimization-2026-09-11/final-measurements
copying reviews/native-optimization-2026-09-11/final-measurements/balanced128-2-est-after-2.json -> nwkit-0.43.15/reviews/native-optimization-2026-09-11/final-measurements
copying reviews/native-optimization-2026-09-11/final-measurements/balanced128-2-est-before-0.json -> nwkit-0.43.15/reviews/native-optimization-2026-09-11/final-measurements
copying reviews/native-optimization-2026-09-11/final-measurements/balanced128-2-est-before-1.json -> nwkit-0.43.15/reviews/native-optimization-2026-09-11/final-measurements
copying reviews/native-optimization-2026-09-11/final-measurements/balanced128-2-est-before-2.json -> nwkit-0.43.15/reviews/native-optimization-2026-09-11/final-measurements
copying reviews/native-optimization-2026-09-11/final-measurements/balanced512-4-est-after-0.json -> nwkit-0.43.15/reviews/native-optimization-2026-09-11/final-measurements
copying reviews/native-optimization-2026-09-11/final-measurements/balanced512-4-est-after-1.json -> nwkit-0.43.15/reviews/native-optimization-2026-09-11/final-measurements
copying reviews/native-optimization-2026-09-11/final-measurements/balanced512-4-est-after-2.json -> nwkit-0.43.15/reviews/native-optimization-2026-09-11/final-measurements
copying reviews/native-optimization-2026-09-11/final-measurements/balanced512-4-est-before-0.json -> nwkit-0.43.15/reviews/native-optimization-2026-09-11/final-measurements
copying reviews/native-optimization-2026-09-11/final-measurements/balanced512-4-est-before-1.json -> nwkit-0.43.15/reviews/native-optimization-2026-09-11/final-measurements
copying reviews/native-optimization-2026-09-11/final-measurements/balanced512-4-est-before-2.json -> nwkit-0.43.15/reviews/native-optimization-2026-09-11/final-measurements
copying reviews/native-optimization-2026-09-11/final-measurements/equivalence.json -> nwkit-0.43.15/reviews/native-optimization-2026-09-11/final-measurements
copying reviews/native-optimization-2026-09-11/final-measurements/manifest.json -> nwkit-0.43.15/reviews/native-optimization-2026-09-11/final-measurements
copying reviews/native-optimization-2026-09-11/final-measurements/pectinate128-2-est-after-0.json -> nwkit-0.43.15/reviews/native-optimization-2026-09-11/final-measurements
copying reviews/native-optimization-2026-09-11/final-measurements/pectinate128-2-est-after-1.json -> nwkit-0.43.15/reviews/native-optimization-2026-09-11/final-measurements
copying reviews/native-optimization-2026-09-11/final-measurements/pectinate128-2-est-after-2.json -> nwkit-0.43.15/reviews/native-optimization-2026-09-11/final-measurements
copying reviews/native-optimization-2026-09-11/final-measurements/pectinate128-2-est-before-0.json -> nwkit-0.43.15/reviews/native-optimization-2026-09-11/final-measurements
copying reviews/native-optimization-2026-09-11/final-measurements/pectinate128-2-est-before-1.json -> nwkit-0.43.15/reviews/native-optimization-2026-09-11/final-measurements
copying reviews/native-optimization-2026-09-11/final-measurements/pectinate128-2-est-before-2.json -> nwkit-0.43.15/reviews/native-optimization-2026-09-11/final-measurements
copying reviews/native-optimization-2026-09-11/final-measurements/screen-balanced-increments-after-0.json -> nwkit-0.43.15/reviews/native-optimization-2026-09-11/final-measurements
copying reviews/native-optimization-2026-09-11/final-measurements/screen-balanced-increments-after-1.json -> nwkit-0.43.15/reviews/native-optimization-2026-09-11/final-measurements
copying reviews/native-optimization-2026-09-11/final-measurements/screen-balanced-increments-after-2.json -> nwkit-0.43.15/reviews/native-optimization-2026-09-11/final-measurements
copying reviews/native-optimization-2026-09-11/final-measurements/screen-balanced-increments-before-0.json -> nwkit-0.43.15/reviews/native-optimization-2026-09-11/final-measurements
copying reviews/native-optimization-2026-09-11/final-measurements/screen-balanced-increments-before-1.json -> nwkit-0.43.15/reviews/native-optimization-2026-09-11/final-measurements
copying reviews/native-optimization-2026-09-11/final-measurements/screen-balanced-increments-before-2.json -> nwkit-0.43.15/reviews/native-optimization-2026-09-11/final-measurements
copying reviews/native-optimization-2026-09-11/final-measurements/screen-balanced-standardized-after-0.json -> nwkit-0.43.15/reviews/native-optimization-2026-09-11/final-measurements
copying reviews/native-optimization-2026-09-11/final-measurements/screen-balanced-standardized-after-1.json -> nwkit-0.43.15/reviews/native-optimization-2026-09-11/final-measurements
copying reviews/native-optimization-2026-09-11/final-measurements/screen-balanced-standardized-after-2.json -> nwkit-0.43.15/reviews/native-optimization-2026-09-11/final-measurements
copying reviews/native-optimization-2026-09-11/final-measurements/screen-balanced-standardized-before-0.json -> nwkit-0.43.15/reviews/native-optimization-2026-09-11/final-measurements
copying reviews/native-optimization-2026-09-11/final-measurements/screen-balanced-standardized-before-1.json -> nwkit-0.43.15/reviews/native-optimization-2026-09-11/final-measurements
copying reviews/native-optimization-2026-09-11/final-measurements/screen-balanced-standardized-before-2.json -> nwkit-0.43.15/reviews/native-optimization-2026-09-11/final-measurements
copying reviews/native-optimization-2026-09-11/final-measurements/screen-pectinate-increments-after-0.json -> nwkit-0.43.15/reviews/native-optimization-2026-09-11/final-measurements
copying reviews/native-optimization-2026-09-11/final-measurements/screen-pectinate-increments-after-1.json -> nwkit-0.43.15/reviews/native-optimization-2026-09-11/final-measurements
copying reviews/native-optimization-2026-09-11/final-measurements/screen-pectinate-increments-after-2.json -> nwkit-0.43.15/reviews/native-optimization-2026-09-11/final-measurements
copying reviews/native-optimization-2026-09-11/final-measurements/screen-pectinate-increments-before-0.json -> nwkit-0.43.15/reviews/native-optimization-2026-09-11/final-measurements
copying reviews/native-optimization-2026-09-11/final-measurements/screen-pectinate-increments-before-1.json -> nwkit-0.43.15/reviews/native-optimization-2026-09-11/final-measurements
copying reviews/native-optimization-2026-09-11/final-measurements/screen-pectinate-increments-before-2.json -> nwkit-0.43.15/reviews/native-optimization-2026-09-11/final-measurements
copying reviews/native-optimization-2026-09-11/final-measurements/screen-pectinate-standardized-after-0.json -> nwkit-0.43.15/reviews/native-optimization-2026-09-11/final-measurements
copying reviews/native-optimization-2026-09-11/final-measurements/screen-pectinate-standardized-after-1.json -> nwkit-0.43.15/reviews/native-optimization-2026-09-11/final-measurements
copying reviews/native-optimization-2026-09-11/final-measurements/screen-pectinate-standardized-after-2.json -> nwkit-0.43.15/reviews/native-optimization-2026-09-11/final-measurements
copying reviews/native-optimization-2026-09-11/final-measurements/screen-pectinate-standardized-before-0.json -> nwkit-0.43.15/reviews/native-optimization-2026-09-11/final-measurements
copying reviews/native-optimization-2026-09-11/final-measurements/screen-pectinate-standardized-before-1.json -> nwkit-0.43.15/reviews/native-optimization-2026-09-11/final-measurements
copying reviews/native-optimization-2026-09-11/final-measurements/screen-pectinate-standardized-before-2.json -> nwkit-0.43.15/reviews/native-optimization-2026-09-11/final-measurements
copying reviews/native-optimization-2026-09-11/measured-source/benchmark_native_screen.py -> nwkit-0.43.15/reviews/native-optimization-2026-09-11/measured-source
copying reviews/native-optimization-2026-09-11/measured-source/run_benchmarks.py -> nwkit-0.43.15/reviews/native-optimization-2026-09-11/measured-source
copying reviews/native-optimization-2026-09-11/measurements/balanced1000-1-fixed-after-0.json -> nwkit-0.43.15/reviews/native-optimization-2026-09-11/measurements
copying reviews/native-optimization-2026-09-11/measurements/balanced1000-1-fixed-after-1.json -> nwkit-0.43.15/reviews/native-optimization-2026-09-11/measurements
copying reviews/native-optimization-2026-09-11/measurements/balanced1000-1-fixed-after-2.json -> nwkit-0.43.15/reviews/native-optimization-2026-09-11/measurements
copying reviews/native-optimization-2026-09-11/measurements/balanced1000-1-fixed-before-0.json -> nwkit-0.43.15/reviews/native-optimization-2026-09-11/measurements
copying reviews/native-optimization-2026-09-11/measurements/balanced1000-1-fixed-before-1.json -> nwkit-0.43.15/reviews/native-optimization-2026-09-11/measurements
copying reviews/native-optimization-2026-09-11/measurements/balanced1000-1-fixed-before-2.json -> nwkit-0.43.15/reviews/native-optimization-2026-09-11/measurements
copying reviews/native-optimization-2026-09-11/measurements/balanced128-2-est-after-0.json -> nwkit-0.43.15/reviews/native-optimization-2026-09-11/measurements
copying reviews/native-optimization-2026-09-11/measurements/balanced128-2-est-after-1.json -> nwkit-0.43.15/reviews/native-optimization-2026-09-11/measurements
copying reviews/native-optimization-2026-09-11/measurements/balanced128-2-est-after-2.json -> nwkit-0.43.15/reviews/native-optimization-2026-09-11/measurements
copying reviews/native-optimization-2026-09-11/measurements/balanced128-2-est-before-0.json -> nwkit-0.43.15/reviews/native-optimization-2026-09-11/measurements
copying reviews/native-optimization-2026-09-11/measurements/balanced128-2-est-before-1.json -> nwkit-0.43.15/reviews/native-optimization-2026-09-11/measurements
copying reviews/native-optimization-2026-09-11/measurements/balanced128-2-est-before-2.json -> nwkit-0.43.15/reviews/native-optimization-2026-09-11/measurements
copying reviews/native-optimization-2026-09-11/measurements/balanced512-4-est-after-0.json -> nwkit-0.43.15/reviews/native-optimization-2026-09-11/measurements
copying reviews/native-optimization-2026-09-11/measurements/balanced512-4-est-after-1.json -> nwkit-0.43.15/reviews/native-optimization-2026-09-11/measurements
copying reviews/native-optimization-2026-09-11/measurements/balanced512-4-est-after-2.json -> nwkit-0.43.15/reviews/native-optimization-2026-09-11/measurements
copying reviews/native-optimization-2026-09-11/measurements/balanced512-4-est-before-0.json -> nwkit-0.43.15/reviews/native-optimization-2026-09-11/measurements
copying reviews/native-optimization-2026-09-11/measurements/balanced512-4-est-before-1.json -> nwkit-0.43.15/reviews/native-optimization-2026-09-11/measurements
copying reviews/native-optimization-2026-09-11/measurements/balanced512-4-est-before-2.json -> nwkit-0.43.15/reviews/native-optimization-2026-09-11/measurements
copying reviews/native-optimization-2026-09-11/measurements/equivalence.json -> nwkit-0.43.15/reviews/native-optimization-2026-09-11/measurements
copying reviews/native-optimization-2026-09-11/measurements/manifest.json -> nwkit-0.43.15/reviews/native-optimization-2026-09-11/measurements
copying reviews/native-optimization-2026-09-11/measurements/pectinate128-2-est-after-0.json -> nwkit-0.43.15/reviews/native-optimization-2026-09-11/measurements
copying reviews/native-optimization-2026-09-11/measurements/pectinate128-2-est-after-1.json -> nwkit-0.43.15/reviews/native-optimization-2026-09-11/measurements
copying reviews/native-optimization-2026-09-11/measurements/pectinate128-2-est-after-2.json -> nwkit-0.43.15/reviews/native-optimization-2026-09-11/measurements
copying reviews/native-optimization-2026-09-11/measurements/pectinate128-2-est-before-0.json -> nwkit-0.43.15/reviews/native-optimization-2026-09-11/measurements
copying reviews/native-optimization-2026-09-11/measurements/pectinate128-2-est-before-1.json -> nwkit-0.43.15/reviews/native-optimization-2026-09-11/measurements
copying reviews/native-optimization-2026-09-11/measurements/pectinate128-2-est-before-2.json -> nwkit-0.43.15/reviews/native-optimization-2026-09-11/measurements
copying reviews/native-optimization-2026-09-11/measurements/screen-balanced-increments-after.json -> nwkit-0.43.15/reviews/native-optimization-2026-09-11/measurements
copying reviews/native-optimization-2026-09-11/measurements/screen-balanced-increments-before.json -> nwkit-0.43.15/reviews/native-optimization-2026-09-11/measurements
copying reviews/native-optimization-2026-09-11/measurements/screen-balanced-standardized-after.json -> nwkit-0.43.15/reviews/native-optimization-2026-09-11/measurements
copying reviews/native-optimization-2026-09-11/measurements/screen-balanced-standardized-before.json -> nwkit-0.43.15/reviews/native-optimization-2026-09-11/measurements
copying reviews/native-optimization-2026-09-11/measurements/screen-pectinate-increments-after.json -> nwkit-0.43.15/reviews/native-optimization-2026-09-11/measurements
copying reviews/native-optimization-2026-09-11/measurements/screen-pectinate-increments-before.json -> nwkit-0.43.15/reviews/native-optimization-2026-09-11/measurements
copying reviews/native-optimization-2026-09-11/measurements/screen-pectinate-standardized-after.json -> nwkit-0.43.15/reviews/native-optimization-2026-09-11/measurements
copying reviews/native-optimization-2026-09-11/measurements/screen-pectinate-standardized-before.json -> nwkit-0.43.15/reviews/native-optimization-2026-09-11/measurements
copying reviews/native-scale-2026-09-10/REPORT.md -> nwkit-0.43.15/reviews/native-scale-2026-09-10
copying reviews/native-scale-2026-09-10/before_shift_native_quick.py -> nwkit-0.43.15/reviews/native-scale-2026-09-10
copying reviews/native-scale-2026-09-10/before_shift_native_search.py -> nwkit-0.43.15/reviews/native-scale-2026-09-10
copying reviews/native-scale-2026-09-10/changes.patch -> nwkit-0.43.15/reviews/native-scale-2026-09-10
copying reviews/native-scale-2026-09-10/dist.log -> nwkit-0.43.15/reviews/native-scale-2026-09-10
copying reviews/native-scale-2026-09-10/maintainability.log -> nwkit-0.43.15/reviews/native-scale-2026-09-10
copying reviews/native-scale-2026-09-10/metadata.json -> nwkit-0.43.15/reviews/native-scale-2026-09-10
copying reviews/native-scale-2026-09-10/multi-alpha-test.log -> nwkit-0.43.15/reviews/native-scale-2026-09-10
copying reviews/native-scale-2026-09-10/profile-equivalence.json -> nwkit-0.43.15/reviews/native-scale-2026-09-10
copying reviews/native-scale-2026-09-10/profiles-balanced-2-after.json -> nwkit-0.43.15/reviews/native-scale-2026-09-10
copying reviews/native-scale-2026-09-10/profiles-balanced-2-before.json -> nwkit-0.43.15/reviews/native-scale-2026-09-10
copying reviews/native-scale-2026-09-10/profiles-balanced-4-after.json -> nwkit-0.43.15/reviews/native-scale-2026-09-10
copying reviews/native-scale-2026-09-10/profiles-balanced-4-before.json -> nwkit-0.43.15/reviews/native-scale-2026-09-10
copying reviews/native-scale-2026-09-10/profiles-pectinate-2-after.json -> nwkit-0.43.15/reviews/native-scale-2026-09-10
copying reviews/native-scale-2026-09-10/profiles-pectinate-2-before.json -> nwkit-0.43.15/reviews/native-scale-2026-09-10
copying reviews/native-scale-2026-09-10/profiles-pectinate-4-after.json -> nwkit-0.43.15/reviews/native-scale-2026-09-10
copying reviews/native-scale-2026-09-10/profiles-pectinate-4-before.json -> nwkit-0.43.15/reviews/native-scale-2026-09-10
copying reviews/native-scale-2026-09-10/search-after.json -> nwkit-0.43.15/reviews/native-scale-2026-09-10
copying reviews/native-scale-2026-09-10/search-before.json -> nwkit-0.43.15/reviews/native-scale-2026-09-10
copying reviews/native-scale-2026-09-10/search-equivalence.json -> nwkit-0.43.15/reviews/native-scale-2026-09-10
copying reviews/native-scale-2026-09-10/tests.log -> nwkit-0.43.15/reviews/native-scale-2026-09-10
copying reviews/native-scale-2026-09-10/types.log -> nwkit-0.43.15/reviews/native-scale-2026-09-10
copying reviews/native-scale-pilot-2026-09-11/PROTOCOL.md -> nwkit-0.43.15/reviews/native-scale-pilot-2026-09-11
copying reviews/native-scale-pilot-2026-09-11/REPORT.md -> nwkit-0.43.15/reviews/native-scale-pilot-2026-09-11
copying reviews/native-scale-pilot-2026-09-11/benchmark.py -> nwkit-0.43.15/reviews/native-scale-pilot-2026-09-11
copying reviews/native-scale-pilot-2026-09-11/benchmark_factors.py -> nwkit-0.43.15/reviews/native-scale-pilot-2026-09-11
copying reviews/native-scale-pilot-2026-09-11/benchmark_groups.py -> nwkit-0.43.15/reviews/native-scale-pilot-2026-09-11
copying reviews/native-scale-pilot-2026-09-11/candidate-equivalence.json -> nwkit-0.43.15/reviews/native-scale-pilot-2026-09-11
copying reviews/native-scale-pilot-2026-09-11/candidate-variants.json -> nwkit-0.43.15/reviews/native-scale-pilot-2026-09-11
copying reviews/native-scale-pilot-2026-09-11/candidate.patch -> nwkit-0.43.15/reviews/native-scale-pilot-2026-09-11
copying reviews/native-scale-pilot-2026-09-11/check_equivalence.py -> nwkit-0.43.15/reviews/native-scale-pilot-2026-09-11
copying reviews/native-scale-pilot-2026-09-11/check_screen_budget.py -> nwkit-0.43.15/reviews/native-scale-pilot-2026-09-11
copying reviews/native-scale-pilot-2026-09-11/compare_final.py -> nwkit-0.43.15/reviews/native-scale-pilot-2026-09-11
copying reviews/native-scale-pilot-2026-09-11/compare_variants.py -> nwkit-0.43.15/reviews/native-scale-pilot-2026-09-11
copying reviews/native-scale-pilot-2026-09-11/distribution-verification.json -> nwkit-0.43.15/reviews/native-scale-pilot-2026-09-11
copying reviews/native-scale-pilot-2026-09-11/equivalence.json -> nwkit-0.43.15/reviews/native-scale-pilot-2026-09-11
copying reviews/native-scale-pilot-2026-09-11/factors-after.json -> nwkit-0.43.15/reviews/native-scale-pilot-2026-09-11
copying reviews/native-scale-pilot-2026-09-11/factors-before.json -> nwkit-0.43.15/reviews/native-scale-pilot-2026-09-11
copying reviews/native-scale-pilot-2026-09-11/factors-exact.json -> nwkit-0.43.15/reviews/native-scale-pilot-2026-09-11
copying reviews/native-scale-pilot-2026-09-11/factors-production.json -> nwkit-0.43.15/reviews/native-scale-pilot-2026-09-11
copying reviews/native-scale-pilot-2026-09-11/final-variants.json -> nwkit-0.43.15/reviews/native-scale-pilot-2026-09-11
copying reviews/native-scale-pilot-2026-09-11/final-verification.json -> nwkit-0.43.15/reviews/native-scale-pilot-2026-09-11
copying reviews/native-scale-pilot-2026-09-11/final.patch -> nwkit-0.43.15/reviews/native-scale-pilot-2026-09-11
copying reviews/native-scale-pilot-2026-09-11/groups-before.json -> nwkit-0.43.15/reviews/native-scale-pilot-2026-09-11
copying reviews/native-scale-pilot-2026-09-11/groups-production.json -> nwkit-0.43.15/reviews/native-scale-pilot-2026-09-11
copying reviews/native-scale-pilot-2026-09-11/hypot-verification.json -> nwkit-0.43.15/reviews/native-scale-pilot-2026-09-11
copying reviews/native-scale-pilot-2026-09-11/quality-dist.log -> nwkit-0.43.15/reviews/native-scale-pilot-2026-09-11
copying reviews/native-scale-pilot-2026-09-11/quality-maintainability.log -> nwkit-0.43.15/reviews/native-scale-pilot-2026-09-11
copying reviews/native-scale-pilot-2026-09-11/quality-quick.log -> nwkit-0.43.15/reviews/native-scale-pilot-2026-09-11
copying reviews/native-scale-pilot-2026-09-11/quality-results.json -> nwkit-0.43.15/reviews/native-scale-pilot-2026-09-11
copying reviews/native-scale-pilot-2026-09-11/quality-source.json -> nwkit-0.43.15/reviews/native-scale-pilot-2026-09-11
copying reviews/native-scale-pilot-2026-09-11/reproduction-verification.json -> nwkit-0.43.15/reviews/native-scale-pilot-2026-09-11
copying reviews/native-scale-pilot-2026-09-11/rounded-equivalence.json -> nwkit-0.43.15/reviews/native-scale-pilot-2026-09-11
copying reviews/native-scale-pilot-2026-09-11/rounded-source-integrity.json -> nwkit-0.43.15/reviews/native-scale-pilot-2026-09-11
copying reviews/native-scale-pilot-2026-09-11/rounded-variants.json -> nwkit-0.43.15/reviews/native-scale-pilot-2026-09-11
copying reviews/native-scale-pilot-2026-09-11/rounded.patch -> nwkit-0.43.15/reviews/native-scale-pilot-2026-09-11
copying reviews/native-scale-pilot-2026-09-11/run_final_after.py -> nwkit-0.43.15/reviews/native-scale-pilot-2026-09-11
copying reviews/native-scale-pilot-2026-09-11/run_final_followups.py -> nwkit-0.43.15/reviews/native-scale-pilot-2026-09-11
copying reviews/native-scale-pilot-2026-09-11/run_followups.py -> nwkit-0.43.15/reviews/native-scale-pilot-2026-09-11
copying reviews/native-scale-pilot-2026-09-11/run_pilot.py -> nwkit-0.43.15/reviews/native-scale-pilot-2026-09-11
copying reviews/native-scale-pilot-2026-09-11/screen-1000.json -> nwkit-0.43.15/reviews/native-scale-pilot-2026-09-11
copying reviews/native-scale-pilot-2026-09-11/screen-150.json -> nwkit-0.43.15/reviews/native-scale-pilot-2026-09-11
copying reviews/native-scale-pilot-2026-09-11/source-integrity.json -> nwkit-0.43.15/reviews/native-scale-pilot-2026-09-11
copying reviews/native-scale-pilot-2026-09-11/source.json -> nwkit-0.43.15/reviews/native-scale-pilot-2026-09-11
copying reviews/native-scale-pilot-2026-09-11/v1.patch -> nwkit-0.43.15/reviews/native-scale-pilot-2026-09-11
copying reviews/native-scale-pilot-2026-09-11/v2.patch -> nwkit-0.43.15/reviews/native-scale-pilot-2026-09-11
copying reviews/native-scale-pilot-2026-09-11/variants.json -> nwkit-0.43.15/reviews/native-scale-pilot-2026-09-11
copying reviews/native-scale-pilot-2026-09-11/verify_final.py -> nwkit-0.43.15/reviews/native-scale-pilot-2026-09-11
copying reviews/native-scale-pilot-2026-09-11/workflow-verification.json -> nwkit-0.43.15/reviews/native-scale-pilot-2026-09-11
copying reviews/native-scale-pilot-2026-09-11/candidate-comparisons/fit10-known-after-0.json -> nwkit-0.43.15/reviews/native-scale-pilot-2026-09-11/candidate-comparisons
copying reviews/native-scale-pilot-2026-09-11/candidate-comparisons/fit10-known-after-0.log -> nwkit-0.43.15/reviews/native-scale-pilot-2026-09-11/candidate-comparisons
copying reviews/native-scale-pilot-2026-09-11/candidate-comparisons/fit10-known-after-1.json -> nwkit-0.43.15/reviews/native-scale-pilot-2026-09-11/candidate-comparisons
copying reviews/native-scale-pilot-2026-09-11/candidate-comparisons/fit10-known-after-1.log -> nwkit-0.43.15/reviews/native-scale-pilot-2026-09-11/candidate-comparisons
copying reviews/native-scale-pilot-2026-09-11/candidate-comparisons/fit10-known-after-2.json -> nwkit-0.43.15/reviews/native-scale-pilot-2026-09-11/candidate-comparisons
copying reviews/native-scale-pilot-2026-09-11/candidate-comparisons/fit10-known-after-2.log -> nwkit-0.43.15/reviews/native-scale-pilot-2026-09-11/candidate-comparisons
copying reviews/native-scale-pilot-2026-09-11/candidate-comparisons/fit10-known-before-0.json -> nwkit-0.43.15/reviews/native-scale-pilot-2026-09-11/candidate-comparisons
copying reviews/native-scale-pilot-2026-09-11/candidate-comparisons/fit10-known-before-0.log -> nwkit-0.43.15/reviews/native-scale-pilot-2026-09-11/candidate-comparisons
copying reviews/native-scale-pilot-2026-09-11/candidate-comparisons/fit10-known-before-1.json -> nwkit-0.43.15/reviews/native-scale-pilot-2026-09-11/candidate-comparisons
copying reviews/native-scale-pilot-2026-09-11/candidate-comparisons/fit10-known-before-1.log -> nwkit-0.43.15/reviews/native-scale-pilot-2026-09-11/candidate-comparisons
copying reviews/native-scale-pilot-2026-09-11/candidate-comparisons/fit10-known-before-2.json -> nwkit-0.43.15/reviews/native-scale-pilot-2026-09-11/candidate-comparisons
copying reviews/native-scale-pilot-2026-09-11/candidate-comparisons/fit10-known-before-2.log -> nwkit-0.43.15/reviews/native-scale-pilot-2026-09-11/candidate-comparisons
copying reviews/native-scale-pilot-2026-09-11/candidate-comparisons/fit10-pectinate-after-0.json -> nwkit-0.43.15/reviews/native-scale-pilot-2026-09-11/candidate-comparisons
copying reviews/native-scale-pilot-2026-09-11/candidate-comparisons/fit10-pectinate-after-0.log -> nwkit-0.43.15/reviews/native-scale-pilot-2026-09-11/candidate-comparisons
copying reviews/native-scale-pilot-2026-09-11/candidate-comparisons/fit10-pectinate-after-1.json -> nwkit-0.43.15/reviews/native-scale-pilot-2026-09-11/candidate-comparisons
copying reviews/native-scale-pilot-2026-09-11/candidate-comparisons/fit10-pectinate-after-1.log -> nwkit-0.43.15/reviews/native-scale-pilot-2026-09-11/candidate-comparisons
copying reviews/native-scale-pilot-2026-09-11/candidate-comparisons/fit10-pectinate-after-2.json -> nwkit-0.43.15/reviews/native-scale-pilot-2026-09-11/candidate-comparisons
copying reviews/native-scale-pilot-2026-09-11/candidate-comparisons/fit10-pectinate-after-2.log -> nwkit-0.43.15/reviews/native-scale-pilot-2026-09-11/candidate-comparisons
copying reviews/native-scale-pilot-2026-09-11/candidate-comparisons/fit10-pectinate-before-0.json -> nwkit-0.43.15/reviews/native-scale-pilot-2026-09-11/candidate-comparisons
copying reviews/native-scale-pilot-2026-09-11/candidate-comparisons/fit10-pectinate-before-0.log -> nwkit-0.43.15/reviews/native-scale-pilot-2026-09-11/candidate-comparisons
copying reviews/native-scale-pilot-2026-09-11/candidate-comparisons/fit10-pectinate-before-1.json -> nwkit-0.43.15/reviews/native-scale-pilot-2026-09-11/candidate-comparisons
copying reviews/native-scale-pilot-2026-09-11/candidate-comparisons/fit10-pectinate-before-1.log -> nwkit-0.43.15/reviews/native-scale-pilot-2026-09-11/candidate-comparisons
copying reviews/native-scale-pilot-2026-09-11/candidate-comparisons/fit10-pectinate-before-2.json -> nwkit-0.43.15/reviews/native-scale-pilot-2026-09-11/candidate-comparisons
copying reviews/native-scale-pilot-2026-09-11/candidate-comparisons/fit10-pectinate-before-2.log -> nwkit-0.43.15/reviews/native-scale-pilot-2026-09-11/candidate-comparisons
copying reviews/native-scale-pilot-2026-09-11/candidate-comparisons/fit100-after-0.json -> nwkit-0.43.15/reviews/native-scale-pilot-2026-09-11/candidate-comparisons
copying reviews/native-scale-pilot-2026-09-11/candidate-comparisons/fit100-after-0.log -> nwkit-0.43.15/reviews/native-scale-pilot-2026-09-11/candidate-comparisons
copying reviews/native-scale-pilot-2026-09-11/candidate-comparisons/fit100-after-1.json -> nwkit-0.43.15/reviews/native-scale-pilot-2026-09-11/candidate-comparisons
copying reviews/native-scale-pilot-2026-09-11/candidate-comparisons/fit100-after-1.log -> nwkit-0.43.15/reviews/native-scale-pilot-2026-09-11/candidate-comparisons
copying reviews/native-scale-pilot-2026-09-11/candidate-comparisons/fit100-after-2.json -> nwkit-0.43.15/reviews/native-scale-pilot-2026-09-11/candidate-comparisons
copying reviews/native-scale-pilot-2026-09-11/candidate-comparisons/fit100-after-2.log -> nwkit-0.43.15/reviews/native-scale-pilot-2026-09-11/candidate-comparisons
copying reviews/native-scale-pilot-2026-09-11/candidate-comparisons/fit100-before-0.json -> nwkit-0.43.15/reviews/native-scale-pilot-2026-09-11/candidate-comparisons
copying reviews/native-scale-pilot-2026-09-11/candidate-comparisons/fit100-before-0.log -> nwkit-0.43.15/reviews/native-scale-pilot-2026-09-11/candidate-comparisons
copying reviews/native-scale-pilot-2026-09-11/candidate-comparisons/fit100-before-1.json -> nwkit-0.43.15/reviews/native-scale-pilot-2026-09-11/candidate-comparisons
copying reviews/native-scale-pilot-2026-09-11/candidate-comparisons/fit100-before-1.log -> nwkit-0.43.15/reviews/native-scale-pilot-2026-09-11/candidate-comparisons
copying reviews/native-scale-pilot-2026-09-11/candidate-comparisons/fit100-before-2.json -> nwkit-0.43.15/reviews/native-scale-pilot-2026-09-11/candidate-comparisons
copying reviews/native-scale-pilot-2026-09-11/candidate-comparisons/fit100-before-2.log -> nwkit-0.43.15/reviews/native-scale-pilot-2026-09-11/candidate-comparisons
copying reviews/native-scale-pilot-2026-09-11/candidate-comparisons/search10-after-0.json -> nwkit-0.43.15/reviews/native-scale-pilot-2026-09-11/candidate-comparisons
copying reviews/native-scale-pilot-2026-09-11/candidate-comparisons/search10-after-0.log -> nwkit-0.43.15/reviews/native-scale-pilot-2026-09-11/candidate-comparisons
copying reviews/native-scale-pilot-2026-09-11/candidate-comparisons/search10-after-1.json -> nwkit-0.43.15/reviews/native-scale-pilot-2026-09-11/candidate-comparisons
copying reviews/native-scale-pilot-2026-09-11/candidate-comparisons/search10-after-1.log -> nwkit-0.43.15/reviews/native-scale-pilot-2026-09-11/candidate-comparisons
copying reviews/native-scale-pilot-2026-09-11/candidate-comparisons/search10-after-2.json -> nwkit-0.43.15/reviews/native-scale-pilot-2026-09-11/candidate-comparisons
copying reviews/native-scale-pilot-2026-09-11/candidate-comparisons/search10-after-2.log -> nwkit-0.43.15/reviews/native-scale-pilot-2026-09-11/candidate-comparisons
copying reviews/native-scale-pilot-2026-09-11/candidate-comparisons/search10-before-0.json -> nwkit-0.43.15/reviews/native-scale-pilot-2026-09-11/candidate-comparisons
copying reviews/native-scale-pilot-2026-09-11/candidate-comparisons/search10-before-0.log -> nwkit-0.43.15/reviews/native-scale-pilot-2026-09-11/candidate-comparisons
copying reviews/native-scale-pilot-2026-09-11/candidate-comparisons/search10-before-1.json -> nwkit-0.43.15/reviews/native-scale-pilot-2026-09-11/candidate-comparisons
copying reviews/native-scale-pilot-2026-09-11/candidate-comparisons/search10-before-1.log -> nwkit-0.43.15/reviews/native-scale-pilot-2026-09-11/candidate-comparisons
copying reviews/native-scale-pilot-2026-09-11/candidate-comparisons/search10-before-2.json -> nwkit-0.43.15/reviews/native-scale-pilot-2026-09-11/candidate-comparisons
copying reviews/native-scale-pilot-2026-09-11/candidate-comparisons/search10-before-2.log -> nwkit-0.43.15/reviews/native-scale-pilot-2026-09-11/candidate-comparisons
copying reviews/native-scale-pilot-2026-09-11/comparisons/STOPPED.md -> nwkit-0.43.15/reviews/native-scale-pilot-2026-09-11/comparisons
copying reviews/native-scale-pilot-2026-09-11/comparisons/fit10-pectinate-v0-0.json -> nwkit-0.43.15/reviews/native-scale-pilot-2026-09-11/comparisons
copying reviews/native-scale-pilot-2026-09-11/comparisons/fit10-pectinate-v0-0.log -> nwkit-0.43.15/reviews/native-scale-pilot-2026-09-11/comparisons
copying reviews/native-scale-pilot-2026-09-11/comparisons/fit10-pectinate-v0-1.json -> nwkit-0.43.15/reviews/native-scale-pilot-2026-09-11/comparisons
copying reviews/native-scale-pilot-2026-09-11/comparisons/fit10-pectinate-v0-1.log -> nwkit-0.43.15/reviews/native-scale-pilot-2026-09-11/comparisons
copying reviews/native-scale-pilot-2026-09-11/comparisons/fit10-pectinate-v0-2.json -> nwkit-0.43.15/reviews/native-scale-pilot-2026-09-11/comparisons
copying reviews/native-scale-pilot-2026-09-11/comparisons/fit10-pectinate-v0-2.log -> nwkit-0.43.15/reviews/native-scale-pilot-2026-09-11/comparisons
copying reviews/native-scale-pilot-2026-09-11/comparisons/fit10-pectinate-v1-0.json -> nwkit-0.43.15/reviews/native-scale-pilot-2026-09-11/comparisons
copying reviews/native-scale-pilot-2026-09-11/comparisons/fit10-pectinate-v1-0.log -> nwkit-0.43.15/reviews/native-scale-pilot-2026-09-11/comparisons
copying reviews/native-scale-pilot-2026-09-11/comparisons/fit10-pectinate-v1-1.json -> nwkit-0.43.15/reviews/native-scale-pilot-2026-09-11/comparisons
copying reviews/native-scale-pilot-2026-09-11/comparisons/fit10-pectinate-v1-1.log -> nwkit-0.43.15/reviews/native-scale-pilot-2026-09-11/comparisons
copying reviews/native-scale-pilot-2026-09-11/comparisons/fit10-pectinate-v1-2.json -> nwkit-0.43.15/reviews/native-scale-pilot-2026-09-11/comparisons
copying reviews/native-scale-pilot-2026-09-11/comparisons/fit10-pectinate-v1-2.log -> nwkit-0.43.15/reviews/native-scale-pilot-2026-09-11/comparisons
copying reviews/native-scale-pilot-2026-09-11/comparisons/fit10-pectinate-v2-0.json -> nwkit-0.43.15/reviews/native-scale-pilot-2026-09-11/comparisons
copying reviews/native-scale-pilot-2026-09-11/comparisons/fit10-pectinate-v2-0.log -> nwkit-0.43.15/reviews/native-scale-pilot-2026-09-11/comparisons
copying reviews/native-scale-pilot-2026-09-11/comparisons/fit10-pectinate-v2-1.json -> nwkit-0.43.15/reviews/native-scale-pilot-2026-09-11/comparisons
copying reviews/native-scale-pilot-2026-09-11/comparisons/fit10-pectinate-v2-1.log -> nwkit-0.43.15/reviews/native-scale-pilot-2026-09-11/comparisons
copying reviews/native-scale-pilot-2026-09-11/comparisons/fit10-pectinate-v2-2.json -> nwkit-0.43.15/reviews/native-scale-pilot-2026-09-11/comparisons
copying reviews/native-scale-pilot-2026-09-11/comparisons/fit10-pectinate-v2-2.log -> nwkit-0.43.15/reviews/native-scale-pilot-2026-09-11/comparisons
copying reviews/native-scale-pilot-2026-09-11/comparisons/fit100-v0-0.json -> nwkit-0.43.15/reviews/native-scale-pilot-2026-09-11/comparisons
copying reviews/native-scale-pilot-2026-09-11/comparisons/fit100-v0-0.log -> nwkit-0.43.15/reviews/native-scale-pilot-2026-09-11/comparisons
copying reviews/native-scale-pilot-2026-09-11/comparisons/fit100-v0-1.json -> nwkit-0.43.15/reviews/native-scale-pilot-2026-09-11/comparisons
copying reviews/native-scale-pilot-2026-09-11/comparisons/fit100-v0-1.log -> nwkit-0.43.15/reviews/native-scale-pilot-2026-09-11/comparisons
copying reviews/native-scale-pilot-2026-09-11/comparisons/fit100-v0-2.json -> nwkit-0.43.15/reviews/native-scale-pilot-2026-09-11/comparisons
copying reviews/native-scale-pilot-2026-09-11/comparisons/fit100-v0-2.log -> nwkit-0.43.15/reviews/native-scale-pilot-2026-09-11/comparisons
copying reviews/native-scale-pilot-2026-09-11/comparisons/fit100-v1-0.json -> nwkit-0.43.15/reviews/native-scale-pilot-2026-09-11/comparisons
copying reviews/native-scale-pilot-2026-09-11/comparisons/fit100-v1-0.log -> nwkit-0.43.15/reviews/native-scale-pilot-2026-09-11/comparisons
copying reviews/native-scale-pilot-2026-09-11/comparisons/fit100-v1-1.json -> nwkit-0.43.15/reviews/native-scale-pilot-2026-09-11/comparisons
copying reviews/native-scale-pilot-2026-09-11/comparisons/fit100-v1-1.log -> nwkit-0.43.15/reviews/native-scale-pilot-2026-09-11/comparisons
copying reviews/native-scale-pilot-2026-09-11/comparisons/fit100-v1-2.json -> nwkit-0.43.15/reviews/native-scale-pilot-2026-09-11/comparisons
copying reviews/native-scale-pilot-2026-09-11/comparisons/fit100-v1-2.log -> nwkit-0.43.15/reviews/native-scale-pilot-2026-09-11/comparisons
copying reviews/native-scale-pilot-2026-09-11/comparisons/fit100-v2-0.json -> nwkit-0.43.15/reviews/native-scale-pilot-2026-09-11/comparisons
copying reviews/native-scale-pilot-2026-09-11/comparisons/fit100-v2-0.log -> nwkit-0.43.15/reviews/native-scale-pilot-2026-09-11/comparisons
copying reviews/native-scale-pilot-2026-09-11/comparisons/fit100-v2-1.json -> nwkit-0.43.15/reviews/native-scale-pilot-2026-09-11/comparisons
copying reviews/native-scale-pilot-2026-09-11/comparisons/fit100-v2-1.log -> nwkit-0.43.15/reviews/native-scale-pilot-2026-09-11/comparisons
copying reviews/native-scale-pilot-2026-09-11/comparisons/fit100-v2-2.json -> nwkit-0.43.15/reviews/native-scale-pilot-2026-09-11/comparisons
copying reviews/native-scale-pilot-2026-09-11/comparisons/fit100-v2-2.log -> nwkit-0.43.15/reviews/native-scale-pilot-2026-09-11/comparisons
copying reviews/native-scale-pilot-2026-09-11/comparisons/search10-v0-0.json -> nwkit-0.43.15/reviews/native-scale-pilot-2026-09-11/comparisons
copying reviews/native-scale-pilot-2026-09-11/comparisons/search10-v0-0.log -> nwkit-0.43.15/reviews/native-scale-pilot-2026-09-11/comparisons
copying reviews/native-scale-pilot-2026-09-11/comparisons/search10-v1-0.json -> nwkit-0.43.15/reviews/native-scale-pilot-2026-09-11/comparisons
copying reviews/native-scale-pilot-2026-09-11/comparisons/search10-v1-0.log -> nwkit-0.43.15/reviews/native-scale-pilot-2026-09-11/comparisons
copying reviews/native-scale-pilot-2026-09-11/comparisons/search10-v1-1.json -> nwkit-0.43.15/reviews/native-scale-pilot-2026-09-11/comparisons
copying reviews/native-scale-pilot-2026-09-11/comparisons/search10-v1-1.log -> nwkit-0.43.15/reviews/native-scale-pilot-2026-09-11/comparisons
copying reviews/native-scale-pilot-2026-09-11/comparisons/search10-v2-0.json -> nwkit-0.43.15/reviews/native-scale-pilot-2026-09-11/comparisons
copying reviews/native-scale-pilot-2026-09-11/comparisons/search10-v2-0.log -> nwkit-0.43.15/reviews/native-scale-pilot-2026-09-11/comparisons
copying reviews/native-scale-pilot-2026-09-11/comparisons/search10-v2-1.json -> nwkit-0.43.15/reviews/native-scale-pilot-2026-09-11/comparisons
copying reviews/native-scale-pilot-2026-09-11/comparisons/search10-v2-1.log -> nwkit-0.43.15/reviews/native-scale-pilot-2026-09-11/comparisons
copying reviews/native-scale-pilot-2026-09-11/final-comparisons/fit10-known-after-0.json -> nwkit-0.43.15/reviews/native-scale-pilot-2026-09-11/final-comparisons
copying reviews/native-scale-pilot-2026-09-11/final-comparisons/fit10-known-after-0.log -> nwkit-0.43.15/reviews/native-scale-pilot-2026-09-11/final-comparisons
copying reviews/native-scale-pilot-2026-09-11/final-comparisons/fit10-known-after-1.json -> nwkit-0.43.15/reviews/native-scale-pilot-2026-09-11/final-comparisons
copying reviews/native-scale-pilot-2026-09-11/final-comparisons/fit10-known-after-1.log -> nwkit-0.43.15/reviews/native-scale-pilot-2026-09-11/final-comparisons
copying reviews/native-scale-pilot-2026-09-11/final-comparisons/fit10-known-after-2.json -> nwkit-0.43.15/reviews/native-scale-pilot-2026-09-11/final-comparisons
copying reviews/native-scale-pilot-2026-09-11/final-comparisons/fit10-known-after-2.log -> nwkit-0.43.15/reviews/native-scale-pilot-2026-09-11/final-comparisons
copying reviews/native-scale-pilot-2026-09-11/final-comparisons/fit10-known-before-0.json -> nwkit-0.43.15/reviews/native-scale-pilot-2026-09-11/final-comparisons
copying reviews/native-scale-pilot-2026-09-11/final-comparisons/fit10-known-before-0.log -> nwkit-0.43.15/reviews/native-scale-pilot-2026-09-11/final-comparisons
copying reviews/native-scale-pilot-2026-09-11/final-comparisons/fit10-known-before-1.json -> nwkit-0.43.15/reviews/native-scale-pilot-2026-09-11/final-comparisons
copying reviews/native-scale-pilot-2026-09-11/final-comparisons/fit10-known-before-1.log -> nwkit-0.43.15/reviews/native-scale-pilot-2026-09-11/final-comparisons
copying reviews/native-scale-pilot-2026-09-11/final-comparisons/fit10-known-before-2.json -> nwkit-0.43.15/reviews/native-scale-pilot-2026-09-11/final-comparisons
copying reviews/native-scale-pilot-2026-09-11/final-comparisons/fit10-known-before-2.log -> nwkit-0.43.15/reviews/native-scale-pilot-2026-09-11/final-comparisons
copying reviews/native-scale-pilot-2026-09-11/final-comparisons/fit10-pectinate-after-0.json -> nwkit-0.43.15/reviews/native-scale-pilot-2026-09-11/final-comparisons
copying reviews/native-scale-pilot-2026-09-11/final-comparisons/fit10-pectinate-after-0.log -> nwkit-0.43.15/reviews/native-scale-pilot-2026-09-11/final-comparisons
copying reviews/native-scale-pilot-2026-09-11/final-comparisons/fit10-pectinate-after-1.json -> nwkit-0.43.15/reviews/native-scale-pilot-2026-09-11/final-comparisons
copying reviews/native-scale-pilot-2026-09-11/final-comparisons/fit10-pectinate-after-1.log -> nwkit-0.43.15/reviews/native-scale-pilot-2026-09-11/final-comparisons
copying reviews/native-scale-pilot-2026-09-11/final-comparisons/fit10-pectinate-after-2.json -> nwkit-0.43.15/reviews/native-scale-pilot-2026-09-11/final-comparisons
copying reviews/native-scale-pilot-2026-09-11/final-comparisons/fit10-pectinate-after-2.log -> nwkit-0.43.15/reviews/native-scale-pilot-2026-09-11/final-comparisons
copying reviews/native-scale-pilot-2026-09-11/final-comparisons/fit10-pectinate-before-0.json -> nwkit-0.43.15/reviews/native-scale-pilot-2026-09-11/final-comparisons
copying reviews/native-scale-pilot-2026-09-11/final-comparisons/fit10-pectinate-before-0.log -> nwkit-0.43.15/reviews/native-scale-pilot-2026-09-11/final-comparisons
copying reviews/native-scale-pilot-2026-09-11/final-comparisons/fit10-pectinate-before-1.json -> nwkit-0.43.15/reviews/native-scale-pilot-2026-09-11/final-comparisons
copying reviews/native-scale-pilot-2026-09-11/final-comparisons/fit10-pectinate-before-1.log -> nwkit-0.43.15/reviews/native-scale-pilot-2026-09-11/final-comparisons
copying reviews/native-scale-pilot-2026-09-11/final-comparisons/fit10-pectinate-before-2.json -> nwkit-0.43.15/reviews/native-scale-pilot-2026-09-11/final-comparisons
copying reviews/native-scale-pilot-2026-09-11/final-comparisons/fit10-pectinate-before-2.log -> nwkit-0.43.15/reviews/native-scale-pilot-2026-09-11/final-comparisons
copying reviews/native-scale-pilot-2026-09-11/final-comparisons/fit100-after-0.json -> nwkit-0.43.15/reviews/native-scale-pilot-2026-09-11/final-comparisons
copying reviews/native-scale-pilot-2026-09-11/final-comparisons/fit100-after-0.log -> nwkit-0.43.15/reviews/native-scale-pilot-2026-09-11/final-comparisons
copying reviews/native-scale-pilot-2026-09-11/final-comparisons/fit100-after-1.json -> nwkit-0.43.15/reviews/native-scale-pilot-2026-09-11/final-comparisons
copying reviews/native-scale-pilot-2026-09-11/final-comparisons/fit100-after-1.log -> nwkit-0.43.15/reviews/native-scale-pilot-2026-09-11/final-comparisons
copying reviews/native-scale-pilot-2026-09-11/final-comparisons/fit100-after-2.json -> nwkit-0.43.15/reviews/native-scale-pilot-2026-09-11/final-comparisons
copying reviews/native-scale-pilot-2026-09-11/final-comparisons/fit100-after-2.log -> nwkit-0.43.15/reviews/native-scale-pilot-2026-09-11/final-comparisons
copying reviews/native-scale-pilot-2026-09-11/final-comparisons/fit100-before-0.json -> nwkit-0.43.15/reviews/native-scale-pilot-2026-09-11/final-comparisons
copying reviews/native-scale-pilot-2026-09-11/final-comparisons/fit100-before-0.log -> nwkit-0.43.15/reviews/native-scale-pilot-2026-09-11/final-comparisons
copying reviews/native-scale-pilot-2026-09-11/final-comparisons/fit100-before-1.json -> nwkit-0.43.15/reviews/native-scale-pilot-2026-09-11/final-comparisons
copying reviews/native-scale-pilot-2026-09-11/final-comparisons/fit100-before-1.log -> nwkit-0.43.15/reviews/native-scale-pilot-2026-09-11/final-comparisons
copying reviews/native-scale-pilot-2026-09-11/final-comparisons/fit100-before-2.json -> nwkit-0.43.15/reviews/native-scale-pilot-2026-09-11/final-comparisons
copying reviews/native-scale-pilot-2026-09-11/final-comparisons/fit100-before-2.log -> nwkit-0.43.15/reviews/native-scale-pilot-2026-09-11/final-comparisons
copying reviews/native-scale-pilot-2026-09-11/final-comparisons/search10-after-0.json -> nwkit-0.43.15/reviews/native-scale-pilot-2026-09-11/final-comparisons
copying reviews/native-scale-pilot-2026-09-11/final-comparisons/search10-after-0.log -> nwkit-0.43.15/reviews/native-scale-pilot-2026-09-11/final-comparisons
copying reviews/native-scale-pilot-2026-09-11/final-comparisons/search10-after-1.json -> nwkit-0.43.15/reviews/native-scale-pilot-2026-09-11/final-comparisons
copying reviews/native-scale-pilot-2026-09-11/final-comparisons/search10-after-1.log -> nwkit-0.43.15/reviews/native-scale-pilot-2026-09-11/final-comparisons
copying reviews/native-scale-pilot-2026-09-11/final-comparisons/search10-after-2.json -> nwkit-0.43.15/reviews/native-scale-pilot-2026-09-11/final-comparisons
copying reviews/native-scale-pilot-2026-09-11/final-comparisons/search10-after-2.log -> nwkit-0.43.15/reviews/native-scale-pilot-2026-09-11/final-comparisons
copying reviews/native-scale-pilot-2026-09-11/final-comparisons/search10-before-0.json -> nwkit-0.43.15/reviews/native-scale-pilot-2026-09-11/final-comparisons
copying reviews/native-scale-pilot-2026-09-11/final-comparisons/search10-before-0.log -> nwkit-0.43.15/reviews/native-scale-pilot-2026-09-11/final-comparisons
copying reviews/native-scale-pilot-2026-09-11/final-comparisons/search10-before-1.json -> nwkit-0.43.15/reviews/native-scale-pilot-2026-09-11/final-comparisons
copying reviews/native-scale-pilot-2026-09-11/final-comparisons/search10-before-1.log -> nwkit-0.43.15/reviews/native-scale-pilot-2026-09-11/final-comparisons
copying reviews/native-scale-pilot-2026-09-11/final-comparisons/search10-before-2.json -> nwkit-0.43.15/reviews/native-scale-pilot-2026-09-11/final-comparisons
copying reviews/native-scale-pilot-2026-09-11/final-comparisons/search10-before-2.log -> nwkit-0.43.15/reviews/native-scale-pilot-2026-09-11/final-comparisons
copying reviews/native-scale-pilot-2026-09-11/final-followups/fit100-estimated-after.json -> nwkit-0.43.15/reviews/native-scale-pilot-2026-09-11/final-followups
copying reviews/native-scale-pilot-2026-09-11/final-followups/fit100-estimated-after.log -> nwkit-0.43.15/reviews/native-scale-pilot-2026-09-11/final-followups
copying reviews/native-scale-pilot-2026-09-11/final-followups/fit100-estimated-after.process.json -> nwkit-0.43.15/reviews/native-scale-pilot-2026-09-11/final-followups
copying reviews/native-scale-pilot-2026-09-11/final-followups/search10-known-after.log -> nwkit-0.43.15/reviews/native-scale-pilot-2026-09-11/final-followups
copying reviews/native-scale-pilot-2026-09-11/final-followups/search10-known-after.process.json -> nwkit-0.43.15/reviews/native-scale-pilot-2026-09-11/final-followups
copying reviews/native-scale-pilot-2026-09-11/final-followups/search100-after.json -> nwkit-0.43.15/reviews/native-scale-pilot-2026-09-11/final-followups
copying reviews/native-scale-pilot-2026-09-11/final-followups/search100-after.log -> nwkit-0.43.15/reviews/native-scale-pilot-2026-09-11/final-followups
copying reviews/native-scale-pilot-2026-09-11/final-followups/search100-after.process.json -> nwkit-0.43.15/reviews/native-scale-pilot-2026-09-11/final-followups
copying reviews/native-scale-pilot-2026-09-11/final-followups/workflow32-after.json -> nwkit-0.43.15/reviews/native-scale-pilot-2026-09-11/final-followups
copying reviews/native-scale-pilot-2026-09-11/final-followups/workflow32-after.log -> nwkit-0.43.15/reviews/native-scale-pilot-2026-09-11/final-followups
copying reviews/native-scale-pilot-2026-09-11/final-followups/workflow32-after.process.json -> nwkit-0.43.15/reviews/native-scale-pilot-2026-09-11/final-followups
copying reviews/native-scale-pilot-2026-09-11/final-followups/workflow512-after.json -> nwkit-0.43.15/reviews/native-scale-pilot-2026-09-11/final-followups
copying reviews/native-scale-pilot-2026-09-11/final-followups/workflow512-after.log -> nwkit-0.43.15/reviews/native-scale-pilot-2026-09-11/final-followups
copying reviews/native-scale-pilot-2026-09-11/final-followups/workflow512-after.process.json -> nwkit-0.43.15/reviews/native-scale-pilot-2026-09-11/final-followups
copying reviews/native-scale-pilot-2026-09-11/final-followups/workflow512-before.json -> nwkit-0.43.15/reviews/native-scale-pilot-2026-09-11/final-followups
copying reviews/native-scale-pilot-2026-09-11/final-followups/workflow512-before.log -> nwkit-0.43.15/reviews/native-scale-pilot-2026-09-11/final-followups
copying reviews/native-scale-pilot-2026-09-11/final-followups/workflow512-before.process.json -> nwkit-0.43.15/reviews/native-scale-pilot-2026-09-11/final-followups
copying reviews/native-scale-pilot-2026-09-11/measured-source/gaussian_whitening.py -> nwkit-0.43.15/reviews/native-scale-pilot-2026-09-11/measured-source
copying reviews/native-scale-pilot-2026-09-11/measured-source/shift_native_model.py -> nwkit-0.43.15/reviews/native-scale-pilot-2026-09-11/measured-source
copying reviews/native-scale-pilot-2026-09-11/results/fit10-none.json -> nwkit-0.43.15/reviews/native-scale-pilot-2026-09-11/results
copying reviews/native-scale-pilot-2026-09-11/results/fit10-none.log -> nwkit-0.43.15/reviews/native-scale-pilot-2026-09-11/results
copying reviews/native-scale-pilot-2026-09-11/results/fit10-none.process.json -> nwkit-0.43.15/reviews/native-scale-pilot-2026-09-11/results
copying reviews/native-scale-pilot-2026-09-11/results/fit10-pectinate.json -> nwkit-0.43.15/reviews/native-scale-pilot-2026-09-11/results
copying reviews/native-scale-pilot-2026-09-11/results/fit10-pectinate.log -> nwkit-0.43.15/reviews/native-scale-pilot-2026-09-11/results
copying reviews/native-scale-pilot-2026-09-11/results/fit10-pectinate.process.json -> nwkit-0.43.15/reviews/native-scale-pilot-2026-09-11/results
copying reviews/native-scale-pilot-2026-09-11/results/fit10-profile.json -> nwkit-0.43.15/reviews/native-scale-pilot-2026-09-11/results
copying reviews/native-scale-pilot-2026-09-11/results/fit10-profile.profile.txt -> nwkit-0.43.15/reviews/native-scale-pilot-2026-09-11/results
copying reviews/native-scale-pilot-2026-09-11/results/fit100-estimated-after.json -> nwkit-0.43.15/reviews/native-scale-pilot-2026-09-11/results
copying reviews/native-scale-pilot-2026-09-11/results/fit100-estimated-after.log -> nwkit-0.43.15/reviews/native-scale-pilot-2026-09-11/results
copying reviews/native-scale-pilot-2026-09-11/results/fit100-estimated-after.process.json -> nwkit-0.43.15/reviews/native-scale-pilot-2026-09-11/results
copying reviews/native-scale-pilot-2026-09-11/results/fit100-estimated-exact.json -> nwkit-0.43.15/reviews/native-scale-pilot-2026-09-11/results
copying reviews/native-scale-pilot-2026-09-11/results/fit100-estimated.json -> nwkit-0.43.15/reviews/native-scale-pilot-2026-09-11/results
copying reviews/native-scale-pilot-2026-09-11/results/fit100-estimated.log -> nwkit-0.43.15/reviews/native-scale-pilot-2026-09-11/results
copying reviews/native-scale-pilot-2026-09-11/results/fit100-estimated.process.json -> nwkit-0.43.15/reviews/native-scale-pilot-2026-09-11/results
copying reviews/native-scale-pilot-2026-09-11/results/fit100-four.json -> nwkit-0.43.15/reviews/native-scale-pilot-2026-09-11/results
copying reviews/native-scale-pilot-2026-09-11/results/fit100-four.log -> nwkit-0.43.15/reviews/native-scale-pilot-2026-09-11/results
copying reviews/native-scale-pilot-2026-09-11/results/fit100-four.process.json -> nwkit-0.43.15/reviews/native-scale-pilot-2026-09-11/results
copying reviews/native-scale-pilot-2026-09-11/results/fit100-known.json -> nwkit-0.43.15/reviews/native-scale-pilot-2026-09-11/results
copying reviews/native-scale-pilot-2026-09-11/results/fit100-known.log -> nwkit-0.43.15/reviews/native-scale-pilot-2026-09-11/results
copying reviews/native-scale-pilot-2026-09-11/results/fit100-known.process.json -> nwkit-0.43.15/reviews/native-scale-pilot-2026-09-11/results
copying reviews/native-scale-pilot-2026-09-11/results/fit100-none.json -> nwkit-0.43.15/reviews/native-scale-pilot-2026-09-11/results
copying reviews/native-scale-pilot-2026-09-11/results/fit100-none.log -> nwkit-0.43.15/reviews/native-scale-pilot-2026-09-11/results
copying reviews/native-scale-pilot-2026-09-11/results/fit100-none.process.json -> nwkit-0.43.15/reviews/native-scale-pilot-2026-09-11/results
copying reviews/native-scale-pilot-2026-09-11/results/fit100-profile.json -> nwkit-0.43.15/reviews/native-scale-pilot-2026-09-11/results
copying reviews/native-scale-pilot-2026-09-11/results/fit100-profile.profile.txt -> nwkit-0.43.15/reviews/native-scale-pilot-2026-09-11/results
copying reviews/native-scale-pilot-2026-09-11/results/search10-estimated.json -> nwkit-0.43.15/reviews/native-scale-pilot-2026-09-11/results
copying reviews/native-scale-pilot-2026-09-11/results/search10-estimated.log -> nwkit-0.43.15/reviews/native-scale-pilot-2026-09-11/results
copying reviews/native-scale-pilot-2026-09-11/results/search10-estimated.process.json -> nwkit-0.43.15/reviews/native-scale-pilot-2026-09-11/results
copying reviews/native-scale-pilot-2026-09-11/results/search10-known.log -> nwkit-0.43.15/reviews/native-scale-pilot-2026-09-11/results
copying reviews/native-scale-pilot-2026-09-11/results/search10-known.process.json -> nwkit-0.43.15/reviews/native-scale-pilot-2026-09-11/results
copying reviews/native-scale-pilot-2026-09-11/results/search10-profile.json -> nwkit-0.43.15/reviews/native-scale-pilot-2026-09-11/results
copying reviews/native-scale-pilot-2026-09-11/results/search10-profile.profile.txt -> nwkit-0.43.15/reviews/native-scale-pilot-2026-09-11/results
copying reviews/native-scale-pilot-2026-09-11/results/search10-shared.json -> nwkit-0.43.15/reviews/native-scale-pilot-2026-09-11/results
copying reviews/native-scale-pilot-2026-09-11/results/search10-shared.log -> nwkit-0.43.15/reviews/native-scale-pilot-2026-09-11/results
copying reviews/native-scale-pilot-2026-09-11/results/search10-shared.process.json -> nwkit-0.43.15/reviews/native-scale-pilot-2026-09-11/results
copying reviews/native-scale-pilot-2026-09-11/results/search10.json -> nwkit-0.43.15/reviews/native-scale-pilot-2026-09-11/results
copying reviews/native-scale-pilot-2026-09-11/results/search10.log -> nwkit-0.43.15/reviews/native-scale-pilot-2026-09-11/results
copying reviews/native-scale-pilot-2026-09-11/results/search10.process.json -> nwkit-0.43.15/reviews/native-scale-pilot-2026-09-11/results
copying reviews/native-scale-pilot-2026-09-11/results/search100-after.log -> nwkit-0.43.15/reviews/native-scale-pilot-2026-09-11/results
copying reviews/native-scale-pilot-2026-09-11/results/search100-after.process.json -> nwkit-0.43.15/reviews/native-scale-pilot-2026-09-11/results
copying reviews/native-scale-pilot-2026-09-11/results/search100-shared.json -> nwkit-0.43.15/reviews/native-scale-pilot-2026-09-11/results
copying reviews/native-scale-pilot-2026-09-11/results/search100-shared.log -> nwkit-0.43.15/reviews/native-scale-pilot-2026-09-11/results
copying reviews/native-scale-pilot-2026-09-11/results/search100-shared.process.json -> nwkit-0.43.15/reviews/native-scale-pilot-2026-09-11/results
copying reviews/native-scale-pilot-2026-09-11/results/search100.json -> nwkit-0.43.15/reviews/native-scale-pilot-2026-09-11/results
copying reviews/native-scale-pilot-2026-09-11/results/search100.log -> nwkit-0.43.15/reviews/native-scale-pilot-2026-09-11/results
copying reviews/native-scale-pilot-2026-09-11/results/search100.process.json -> nwkit-0.43.15/reviews/native-scale-pilot-2026-09-11/results
copying reviews/native-scale-pilot-2026-09-11/results/workflow.json -> nwkit-0.43.15/reviews/native-scale-pilot-2026-09-11/results
copying reviews/native-scale-pilot-2026-09-11/results/workflow.log -> nwkit-0.43.15/reviews/native-scale-pilot-2026-09-11/results
copying reviews/native-scale-pilot-2026-09-11/results/workflow.process.json -> nwkit-0.43.15/reviews/native-scale-pilot-2026-09-11/results
copying reviews/native-scale-pilot-2026-09-11/results/workflow128-after.json -> nwkit-0.43.15/reviews/native-scale-pilot-2026-09-11/results
copying reviews/native-scale-pilot-2026-09-11/results/workflow128-after.log -> nwkit-0.43.15/reviews/native-scale-pilot-2026-09-11/results
copying reviews/native-scale-pilot-2026-09-11/results/workflow128-after.process.json -> nwkit-0.43.15/reviews/native-scale-pilot-2026-09-11/results
copying reviews/native-scale-pilot-2026-09-11/results/workflow128-before.json -> nwkit-0.43.15/reviews/native-scale-pilot-2026-09-11/results
copying reviews/native-scale-pilot-2026-09-11/results/workflow128-before.log -> nwkit-0.43.15/reviews/native-scale-pilot-2026-09-11/results
copying reviews/native-scale-pilot-2026-09-11/results/workflow128-before.process.json -> nwkit-0.43.15/reviews/native-scale-pilot-2026-09-11/results
copying reviews/native-scale-pilot-2026-09-11/results/workflow32-after.json -> nwkit-0.43.15/reviews/native-scale-pilot-2026-09-11/results
copying reviews/native-scale-pilot-2026-09-11/results/workflow32-after.log -> nwkit-0.43.15/reviews/native-scale-pilot-2026-09-11/results
copying reviews/native-scale-pilot-2026-09-11/results/workflow32-after.process.json -> nwkit-0.43.15/reviews/native-scale-pilot-2026-09-11/results
copying reviews/native-scale-pilot-2026-09-11/rounded-comparisons/fit10-known-after-0.json -> nwkit-0.43.15/reviews/native-scale-pilot-2026-09-11/rounded-comparisons
copying reviews/native-scale-pilot-2026-09-11/rounded-comparisons/fit10-known-after-0.log -> nwkit-0.43.15/reviews/native-scale-pilot-2026-09-11/rounded-comparisons
copying reviews/native-scale-pilot-2026-09-11/rounded-comparisons/fit10-known-after-1.json -> nwkit-0.43.15/reviews/native-scale-pilot-2026-09-11/rounded-comparisons
copying reviews/native-scale-pilot-2026-09-11/rounded-comparisons/fit10-known-after-1.log -> nwkit-0.43.15/reviews/native-scale-pilot-2026-09-11/rounded-comparisons
copying reviews/native-scale-pilot-2026-09-11/rounded-comparisons/fit10-known-after-2.json -> nwkit-0.43.15/reviews/native-scale-pilot-2026-09-11/rounded-comparisons
copying reviews/native-scale-pilot-2026-09-11/rounded-comparisons/fit10-known-after-2.log -> nwkit-0.43.15/reviews/native-scale-pilot-2026-09-11/rounded-comparisons
copying reviews/native-scale-pilot-2026-09-11/rounded-comparisons/fit10-known-before-0.json -> nwkit-0.43.15/reviews/native-scale-pilot-2026-09-11/rounded-comparisons
copying reviews/native-scale-pilot-2026-09-11/rounded-comparisons/fit10-known-before-0.log -> nwkit-0.43.15/reviews/native-scale-pilot-2026-09-11/rounded-comparisons
copying reviews/native-scale-pilot-2026-09-11/rounded-comparisons/fit10-known-before-1.json -> nwkit-0.43.15/reviews/native-scale-pilot-2026-09-11/rounded-comparisons
copying reviews/native-scale-pilot-2026-09-11/rounded-comparisons/fit10-known-before-1.log -> nwkit-0.43.15/reviews/native-scale-pilot-2026-09-11/rounded-comparisons
copying reviews/native-scale-pilot-2026-09-11/rounded-comparisons/fit10-known-before-2.json -> nwkit-0.43.15/reviews/native-scale-pilot-2026-09-11/rounded-comparisons
copying reviews/native-scale-pilot-2026-09-11/rounded-comparisons/fit10-known-before-2.log -> nwkit-0.43.15/reviews/native-scale-pilot-2026-09-11/rounded-comparisons
copying reviews/native-scale-pilot-2026-09-11/rounded-comparisons/fit10-pectinate-after-0.json -> nwkit-0.43.15/reviews/native-scale-pilot-2026-09-11/rounded-comparisons
copying reviews/native-scale-pilot-2026-09-11/rounded-comparisons/fit10-pectinate-after-0.log -> nwkit-0.43.15/reviews/native-scale-pilot-2026-09-11/rounded-comparisons
copying reviews/native-scale-pilot-2026-09-11/rounded-comparisons/fit10-pectinate-after-1.json -> nwkit-0.43.15/reviews/native-scale-pilot-2026-09-11/rounded-comparisons
copying reviews/native-scale-pilot-2026-09-11/rounded-comparisons/fit10-pectinate-after-1.log -> nwkit-0.43.15/reviews/native-scale-pilot-2026-09-11/rounded-comparisons
copying reviews/native-scale-pilot-2026-09-11/rounded-comparisons/fit10-pectinate-after-2.json -> nwkit-0.43.15/reviews/native-scale-pilot-2026-09-11/rounded-comparisons
copying reviews/native-scale-pilot-2026-09-11/rounded-comparisons/fit10-pectinate-after-2.log -> nwkit-0.43.15/reviews/native-scale-pilot-2026-09-11/rounded-comparisons
copying reviews/native-scale-pilot-2026-09-11/rounded-comparisons/fit10-pectinate-before-0.json -> nwkit-0.43.15/reviews/native-scale-pilot-2026-09-11/rounded-comparisons
copying reviews/native-scale-pilot-2026-09-11/rounded-comparisons/fit10-pectinate-before-0.log -> nwkit-0.43.15/reviews/native-scale-pilot-2026-09-11/rounded-comparisons
copying reviews/native-scale-pilot-2026-09-11/rounded-comparisons/fit10-pectinate-before-1.json -> nwkit-0.43.15/reviews/native-scale-pilot-2026-09-11/rounded-comparisons
copying reviews/native-scale-pilot-2026-09-11/rounded-comparisons/fit10-pectinate-before-1.log -> nwkit-0.43.15/reviews/native-scale-pilot-2026-09-11/rounded-comparisons
copying reviews/native-scale-pilot-2026-09-11/rounded-comparisons/fit10-pectinate-before-2.json -> nwkit-0.43.15/reviews/native-scale-pilot-2026-09-11/rounded-comparisons
copying reviews/native-scale-pilot-2026-09-11/rounded-comparisons/fit10-pectinate-before-2.log -> nwkit-0.43.15/reviews/native-scale-pilot-2026-09-11/rounded-comparisons
copying reviews/native-scale-pilot-2026-09-11/rounded-comparisons/fit100-after-0.json -> nwkit-0.43.15/reviews/native-scale-pilot-2026-09-11/rounded-comparisons
copying reviews/native-scale-pilot-2026-09-11/rounded-comparisons/fit100-after-0.log -> nwkit-0.43.15/reviews/native-scale-pilot-2026-09-11/rounded-comparisons
copying reviews/native-scale-pilot-2026-09-11/rounded-comparisons/fit100-after-1.json -> nwkit-0.43.15/reviews/native-scale-pilot-2026-09-11/rounded-comparisons
copying reviews/native-scale-pilot-2026-09-11/rounded-comparisons/fit100-after-1.log -> nwkit-0.43.15/reviews/native-scale-pilot-2026-09-11/rounded-comparisons
copying reviews/native-scale-pilot-2026-09-11/rounded-comparisons/fit100-after-2.json -> nwkit-0.43.15/reviews/native-scale-pilot-2026-09-11/rounded-comparisons
copying reviews/native-scale-pilot-2026-09-11/rounded-comparisons/fit100-after-2.log -> nwkit-0.43.15/reviews/native-scale-pilot-2026-09-11/rounded-comparisons
copying reviews/native-scale-pilot-2026-09-11/rounded-comparisons/fit100-before-0.json -> nwkit-0.43.15/reviews/native-scale-pilot-2026-09-11/rounded-comparisons
copying reviews/native-scale-pilot-2026-09-11/rounded-comparisons/fit100-before-0.log -> nwkit-0.43.15/reviews/native-scale-pilot-2026-09-11/rounded-comparisons
copying reviews/native-scale-pilot-2026-09-11/rounded-comparisons/fit100-before-1.json -> nwkit-0.43.15/reviews/native-scale-pilot-2026-09-11/rounded-comparisons
copying reviews/native-scale-pilot-2026-09-11/rounded-comparisons/fit100-before-1.log -> nwkit-0.43.15/reviews/native-scale-pilot-2026-09-11/rounded-comparisons
copying reviews/native-scale-pilot-2026-09-11/rounded-comparisons/fit100-before-2.json -> nwkit-0.43.15/reviews/native-scale-pilot-2026-09-11/rounded-comparisons
copying reviews/native-scale-pilot-2026-09-11/rounded-comparisons/fit100-before-2.log -> nwkit-0.43.15/reviews/native-scale-pilot-2026-09-11/rounded-comparisons
copying reviews/native-scale-pilot-2026-09-11/rounded-comparisons/search10-after-0.json -> nwkit-0.43.15/reviews/native-scale-pilot-2026-09-11/rounded-comparisons
copying reviews/native-scale-pilot-2026-09-11/rounded-comparisons/search10-after-0.log -> nwkit-0.43.15/reviews/native-scale-pilot-2026-09-11/rounded-comparisons
copying reviews/native-scale-pilot-2026-09-11/rounded-comparisons/search10-after-1.json -> nwkit-0.43.15/reviews/native-scale-pilot-2026-09-11/rounded-comparisons
copying reviews/native-scale-pilot-2026-09-11/rounded-comparisons/search10-after-1.log -> nwkit-0.43.15/reviews/native-scale-pilot-2026-09-11/rounded-comparisons
copying reviews/native-scale-pilot-2026-09-11/rounded-comparisons/search10-after-2.json -> nwkit-0.43.15/reviews/native-scale-pilot-2026-09-11/rounded-comparisons
copying reviews/native-scale-pilot-2026-09-11/rounded-comparisons/search10-after-2.log -> nwkit-0.43.15/reviews/native-scale-pilot-2026-09-11/rounded-comparisons
copying reviews/native-scale-pilot-2026-09-11/rounded-comparisons/search10-before-0.json -> nwkit-0.43.15/reviews/native-scale-pilot-2026-09-11/rounded-comparisons
copying reviews/native-scale-pilot-2026-09-11/rounded-comparisons/search10-before-0.log -> nwkit-0.43.15/reviews/native-scale-pilot-2026-09-11/rounded-comparisons
copying reviews/native-scale-pilot-2026-09-11/rounded-comparisons/search10-before-1.json -> nwkit-0.43.15/reviews/native-scale-pilot-2026-09-11/rounded-comparisons
copying reviews/native-scale-pilot-2026-09-11/rounded-comparisons/search10-before-1.log -> nwkit-0.43.15/reviews/native-scale-pilot-2026-09-11/rounded-comparisons
copying reviews/native-scale-pilot-2026-09-11/rounded-comparisons/search10-before-2.json -> nwkit-0.43.15/reviews/native-scale-pilot-2026-09-11/rounded-comparisons
copying reviews/native-scale-pilot-2026-09-11/rounded-comparisons/search10-before-2.log -> nwkit-0.43.15/reviews/native-scale-pilot-2026-09-11/rounded-comparisons
copying scripts/make_draw_layout_gallery.py -> nwkit-0.43.15/scripts
copying tests/__init__.py -> nwkit-0.43.15/tests
copying tests/conftest.py -> nwkit-0.43.15/tests
copying tests/helpers.py -> nwkit-0.43.15/tests
copying tests/image_test_support.py -> nwkit-0.43.15/tests
copying tests/root_test_support.py -> nwkit-0.43.15/tests
copying tests/test_annotate.py -> nwkit-0.43.15/tests
copying tests/test_asr.py -> nwkit-0.43.15/tests
copying tests/test_asr_averaging.py -> nwkit-0.43.15/tests
copying tests/test_asr_bootstrap_intervals.py -> nwkit-0.43.15/tests
copying tests/test_asr_compare_panels.py -> nwkit-0.43.15/tests
copying tests/test_asr_comparison.py -> nwkit-0.43.15/tests
copying tests/test_asr_continuous_cli.py -> nwkit-0.43.15/tests
copying tests/test_asr_continuous_diagnostic_cli.py -> nwkit-0.43.15/tests
copying tests/test_asr_cross_validation.py -> nwkit-0.43.15/tests
copying tests/test_asr_diagnostics.py -> nwkit-0.43.15/tests
copying tests/test_asr_discrete_cross_validation.py -> nwkit-0.43.15/tests
copying tests/test_asr_figure.py -> nwkit-0.43.15/tests
copying tests/test_asr_heatmap.py -> nwkit-0.43.15/tests
copying tests/test_asr_multivariate_diagnostics.py -> nwkit-0.43.15/tests
copying tests/test_asr_output.py -> nwkit-0.43.15/tests
copying tests/test_asr_paths.py -> nwkit-0.43.15/tests
copying tests/test_asr_polytomy.py -> nwkit-0.43.15/tests
copying tests/test_asr_regimes.py -> nwkit-0.43.15/tests
copying tests/test_asr_review_regressions.py -> nwkit-0.43.15/tests
copying tests/test_branch_gaussian.py -> nwkit-0.43.15/tests
copying tests/test_branch_gaussian_asr.py -> nwkit-0.43.15/tests
copying tests/test_branch_gaussian_cli.py -> nwkit-0.43.15/tests
copying tests/test_branch_gaussian_estimation.py -> nwkit-0.43.15/tests
copying tests/test_check_tools.py -> nwkit-0.43.15/tests
copying tests/test_clade_index.py -> nwkit-0.43.15/tests
copying tests/test_clade_mapping.py -> nwkit-0.43.15/tests
copying tests/test_cladefreq.py -> nwkit-0.43.15/tests
copying tests/test_cli.py -> nwkit-0.43.15/tests
copying tests/test_cli_contracts.py -> nwkit-0.43.15/tests
copying tests/test_collapse.py -> nwkit-0.43.15/tests
copying tests/test_compose.py -> nwkit-0.43.15/tests
copying tests/test_consensus.py -> nwkit-0.43.15/tests
copying tests/test_constrain.py -> nwkit-0.43.15/tests
copying tests/test_continuous_asr.py -> nwkit-0.43.15/tests
copying tests/test_continuous_asr_optimization.py -> nwkit-0.43.15/tests
copying tests/test_continuous_observation.py -> nwkit-0.43.15/tests
copying tests/test_contrast.py -> nwkit-0.43.15/tests
copying tests/test_convert.py -> nwkit-0.43.15/tests
copying tests/test_covarion_asr.py -> nwkit-0.43.15/tests
copying tests/test_diff.py -> nwkit-0.43.15/tests
copying tests/test_discrete_asr_models.py -> nwkit-0.43.15/tests
copying tests/test_discrete_observation.py -> nwkit-0.43.15/tests
copying tests/test_dist.py -> nwkit-0.43.15/tests
copying tests/test_distribution_reproducibility.py -> nwkit-0.43.15/tests
copying tests/test_draw.py -> nwkit-0.43.15/tests
copying tests/test_draw_branch_ids.py -> nwkit-0.43.15/tests
copying tests/test_draw_robustness.py -> nwkit-0.43.15/tests
copying tests/test_drop.py -> nwkit-0.43.15/tests
copying tests/test_dtt.py -> nwkit-0.43.15/tests
copying tests/test_dtt_audit.py -> nwkit-0.43.15/tests
copying tests/test_evolution.py -> nwkit-0.43.15/tests
copying tests/test_fasta.py -> nwkit-0.43.15/tests
copying tests/test_full_ou.py -> nwkit-0.43.15/tests
copying tests/test_gaussian.py -> nwkit-0.43.15/tests
copying tests/test_gaussian_inference.py -> nwkit-0.43.15/tests
copying tests/test_gaussian_tree.py -> nwkit-0.43.15/tests
copying tests/test_gaussian_whitening.py -> nwkit-0.43.15/tests
copying tests/test_general_ou_asr.py -> nwkit-0.43.15/tests
copying tests/test_global_audit_regressions.py -> nwkit-0.43.15/tests
copying tests/test_image_cli.py -> nwkit-0.43.15/tests
copying tests/test_image_helpers.py -> nwkit-0.43.15/tests
copying tests/test_image_media.py -> nwkit-0.43.15/tests
copying tests/test_image_providers.py -> nwkit-0.43.15/tests
copying tests/test_individual_asr.py -> nwkit-0.43.15/tests
copying tests/test_individual_asr_audit.py -> nwkit-0.43.15/tests
copying tests/test_info.py -> nwkit-0.43.15/tests
copying tests/test_interface_conventions.py -> nwkit-0.43.15/tests
copying tests/test_intersection.py -> nwkit-0.43.15/tests
copying tests/test_iqtree_library.py -> nwkit-0.43.15/tests
copying tests/test_iqtree_worker.py -> nwkit-0.43.15/tests
copying tests/test_label.py -> nwkit-0.43.15/tests
copying tests/test_latent_gaussian.py -> nwkit-0.43.15/tests
copying tests/test_mark.py -> nwkit-0.43.15/tests
copying tests/test_mcmc_diagnostics.py -> nwkit-0.43.15/tests
copying tests/test_mcmctree.py -> nwkit-0.43.15/tests
copying tests/test_measurement_error.py -> nwkit-0.43.15/tests
copying tests/test_mk_mixture_asr.py -> nwkit-0.43.15/tests
copying tests/test_monophyly.py -> nwkit-0.43.15/tests
copying tests/test_multivariate_asr.py -> nwkit-0.43.15/tests
copying tests/test_multivariate_gaussian_asr.py -> nwkit-0.43.15/tests
copying tests/test_multivariate_numerics.py -> nwkit-0.43.15/tests
copying tests/test_native_optimization_audit.py -> nwkit-0.43.15/tests
copying tests/test_nhx2nwk.py -> nwkit-0.43.15/tests
copying tests/test_nonstationary_continuous_asr.py -> nwkit-0.43.15/tests
copying tests/test_numerical_invariance.py -> nwkit-0.43.15/tests
copying tests/test_nwk2table.py -> nwkit-0.43.15/tests
copying tests/test_ordinary_regression.py -> nwkit-0.43.15/tests
copying tests/test_ou_asr.py -> nwkit-0.43.15/tests
copying tests/test_output_transaction.py -> nwkit-0.43.15/tests
copying tests/test_pagel_asr.py -> nwkit-0.43.15/tests
copying tests/test_pca.py -> nwkit-0.43.15/tests
copying tests/test_printlabel.py -> nwkit-0.43.15/tests
copying tests/test_properties.py -> nwkit-0.43.15/tests
copying tests/test_provenance.py -> nwkit-0.43.15/tests
copying tests/test_prune.py -> nwkit-0.43.15/tests
copying tests/test_radte.py -> nwkit-0.43.15/tests
copying tests/test_radte_codon.py -> nwkit-0.43.15/tests
copying tests/test_radte_default_profile_validation.py -> nwkit-0.43.15/tests
copying tests/test_radte_ensemble.py -> nwkit-0.43.15/tests
copying tests/test_radte_initial_boundary.py -> nwkit-0.43.15/tests
copying tests/test_radte_interval_calibration.py -> nwkit-0.43.15/tests
copying tests/test_radte_interval_tools.py -> nwkit-0.43.15/tests
copying tests/test_radte_iqtree.py -> nwkit-0.43.15/tests
copying tests/test_radte_marginal.py -> nwkit-0.43.15/tests
copying tests/test_radte_paml.py -> nwkit-0.43.15/tests
copying tests/test_radte_profile.py -> nwkit-0.43.15/tests
copying tests/test_radte_sequence.py -> nwkit-0.43.15/tests
copying tests/test_radte_species.py -> nwkit-0.43.15/tests
copying tests/test_radte_studentized.py -> nwkit-0.43.15/tests
copying tests/test_rate_design_asr.py -> nwkit-0.43.15/tests
copying tests/test_reconcile.py -> nwkit-0.43.15/tests
copying tests/test_reconciliation_exports.py -> nwkit-0.43.15/tests
copying tests/test_refactor_validation.py -> nwkit-0.43.15/tests
copying tests/test_regime_continuous_asr.py -> nwkit-0.43.15/tests
copying tests/test_regime_drift_asr.py -> nwkit-0.43.15/tests
copying tests/test_regime_gaussian_asr.py -> nwkit-0.43.15/tests
copying tests/test_regress.py -> nwkit-0.43.15/tests
copying tests/test_regression_calibration.py -> nwkit-0.43.15/tests
copying tests/test_regression_inference_contract.py -> nwkit-0.43.15/tests
copying tests/test_regression_selection.py -> nwkit-0.43.15/tests
copying tests/test_rename.py -> nwkit-0.43.15/tests
copying tests/test_replicates.py -> nwkit-0.43.15/tests
copying tests/test_rescale.py -> nwkit-0.43.15/tests
copying tests/test_result_plot.py -> nwkit-0.43.15/tests
copying tests/test_rf_distance.py -> nwkit-0.43.15/tests
copying tests/test_root_algorithms.py -> nwkit-0.43.15/tests
copying tests/test_root_cli.py -> nwkit-0.43.15/tests
copying tests/test_root_compare.py -> nwkit-0.43.15/tests
copying tests/test_root_taxonomy.py -> nwkit-0.43.15/tests
copying tests/test_rooting_state.py -> nwkit-0.43.15/tests
copying tests/test_sample.py -> nwkit-0.43.15/tests
copying tests/test_sanitize.py -> nwkit-0.43.15/tests
copying tests/test_shift.py -> nwkit-0.43.15/tests
copying tests/test_shift_alpha.py -> nwkit-0.43.15/tests
copying tests/test_shift_audit.py -> nwkit-0.43.15/tests
copying tests/test_shift_backend_probe.py -> nwkit-0.43.15/tests
copying tests/test_shift_bootstrap.py -> nwkit-0.43.15/tests
copying tests/test_shift_calibration.py -> nwkit-0.43.15/tests
copying tests/test_shift_calibration_audit.py -> nwkit-0.43.15/tests
copying tests/test_shift_confidence_calibration.py -> nwkit-0.43.15/tests
copying tests/test_shift_continuous_reference.py -> nwkit-0.43.15/tests
copying tests/test_shift_convergence.py -> nwkit-0.43.15/tests
copying tests/test_shift_joint.py -> nwkit-0.43.15/tests
copying tests/test_shift_joint_covariance.py -> nwkit-0.43.15/tests
copying tests/test_shift_joint_dense.py -> nwkit-0.43.15/tests
copying tests/test_shift_joint_simulation.py -> nwkit-0.43.15/tests
copying tests/test_shift_known_error_diagnostic.py -> nwkit-0.43.15/tests
copying tests/test_shift_layout_intervals.py -> nwkit-0.43.15/tests
copying tests/test_shift_native_bootstrap.py -> nwkit-0.43.15/tests
copying tests/test_shift_native_cli.py -> nwkit-0.43.15/tests
copying tests/test_shift_native_fit.py -> nwkit-0.43.15/tests
copying tests/test_shift_native_heuristic.py -> nwkit-0.43.15/tests
copying tests/test_shift_native_ic.py -> nwkit-0.43.15/tests
copying tests/test_shift_native_identifiability.py -> nwkit-0.43.15/tests
copying tests/test_shift_native_limits.py -> nwkit-0.43.15/tests
copying tests/test_shift_native_model.py -> nwkit-0.43.15/tests
copying tests/test_shift_native_path.py -> nwkit-0.43.15/tests
copying tests/test_shift_native_quick.py -> nwkit-0.43.15/tests
copying tests/test_shift_native_rank.py -> nwkit-0.43.15/tests
copying tests/test_shift_native_search.py -> nwkit-0.43.15/tests
copying tests/test_shift_null_contract_audit.py -> nwkit-0.43.15/tests
copying tests/test_shift_numerics.py -> nwkit-0.43.15/tests
copying tests/test_shift_reference.py -> nwkit-0.43.15/tests
copying tests/test_shift_screen_blocks.py -> nwkit-0.43.15/tests
copying tests/test_shift_simulations.py -> nwkit-0.43.15/tests
copying tests/test_shuffle.py -> nwkit-0.43.15/tests
copying tests/test_signal.py -> nwkit-0.43.15/tests
copying tests/test_skim.py -> nwkit-0.43.15/tests
copying tests/test_stochastic_history.py -> nwkit-0.43.15/tests
copying tests/test_stochastic_history_audit.py -> nwkit-0.43.15/tests
copying tests/test_subtree.py -> nwkit-0.43.15/tests
copying tests/test_table2nwk.py -> nwkit-0.43.15/tests
copying tests/test_threshold_asr.py -> nwkit-0.43.15/tests
copying tests/test_threshold_reference.py -> nwkit-0.43.15/tests
copying tests/test_time_tree.py -> nwkit-0.43.15/tests
copying tests/test_transfer.py -> nwkit-0.43.15/tests
copying tests/test_transfer_extended.py -> nwkit-0.43.15/tests
copying tests/test_transformed_continuous_asr.py -> nwkit-0.43.15/tests
copying tests/test_tree_outputs.py -> nwkit-0.43.15/tests
copying tests/test_util_cache.py -> nwkit-0.43.15/tests
copying tests/test_util_tree_helpers.py -> nwkit-0.43.15/tests
copying tests/test_util_tree_io.py -> nwkit-0.43.15/tests
copying tests/test_validate.py -> nwkit-0.43.15/tests
copying tests/test_vector_fit.py -> nwkit-0.43.15/tests
copying tests/test_vector_gaussian.py -> nwkit-0.43.15/tests
copying tests/test_vector_simulation.py -> nwkit-0.43.15/tests
copying tests/test_vector_whitening.py -> nwkit-0.43.15/tests
copying tests/test_whitening_levels.py -> nwkit-0.43.15/tests
copying tests/test_wiki_examples.py -> nwkit-0.43.15/tests
copying tests/threshold_diagnostic_support.py -> nwkit-0.43.15/tests
copying tests/threshold_posterior_support.py -> nwkit-0.43.15/tests
copying tests/util_test_support.py -> nwkit-0.43.15/tests
copying tests/data/rootcompare_gene.nwk -> nwkit-0.43.15/tests/data
copying tests/data/rootcompare_reference.nwk -> nwkit-0.43.15/tests/data
copying tests/data/rootcompare_species.nwk -> nwkit-0.43.15/tests/data
copying tests/data/rootcompare_ties.nwk -> nwkit-0.43.15/tests/data
copying tests/data/threshold_diagnostic_draws.npz -> nwkit-0.43.15/tests/data
copying tests/data/threshold_diagnostics.json -> nwkit-0.43.15/tests/data
copying tests/data/radte-initial-boundary/README.md -> nwkit-0.43.15/tests/data/radte-initial-boundary
copying tests/data/radte-initial-boundary/alignment.fa -> nwkit-0.43.15/tests/data/radte-initial-boundary
copying tests/data/radte-initial-boundary/gene.nwk -> nwkit-0.43.15/tests/data/radte-initial-boundary
copying tests/data/radte-initial-boundary/mapping.tsv -> nwkit-0.43.15/tests/data/radte-initial-boundary
copying tests/data/radte-initial-boundary/species.nwk -> nwkit-0.43.15/tests/data/radte-initial-boundary
copying tests/data/radte-initial-boundary/truth.json -> nwkit-0.43.15/tests/data/radte-initial-boundary
copying tools/benchmark.py -> nwkit-0.43.15/tools
copying tools/benchmark_asr_models.py -> nwkit-0.43.15/tools
copying tools/benchmark_core.py -> nwkit-0.43.15/tools
copying tools/benchmark_joint_engines.py -> nwkit-0.43.15/tools
copying tools/benchmark_multivariate.py -> nwkit-0.43.15/tools
copying tools/benchmark_native_profiles.py -> nwkit-0.43.15/tools
copying tools/benchmark_native_screen.py -> nwkit-0.43.15/tools
copying tools/benchmark_native_search.py -> nwkit-0.43.15/tools
copying tools/benchmark_native_shift.py -> nwkit-0.43.15/tools
copying tools/benchmark_radte.py -> nwkit-0.43.15/tools
copying tools/benchmark_radte_iqtree.py -> nwkit-0.43.15/tools
copying tools/benchmark_radte_marginal.py -> nwkit-0.43.15/tools
copying tools/benchmark_radte_reference.py -> nwkit-0.43.15/tools
copying tools/benchmark_shift_alpha_errors.py -> nwkit-0.43.15/tools
copying tools/benchmark_shift_alpha_models.py -> nwkit-0.43.15/tools
copying tools/benchmark_shift_covariance.py -> nwkit-0.43.15/tools
copying tools/benchmark_ten_shift_kernel.py -> nwkit-0.43.15/tools
copying tools/benchmark_ten_shifts_missing.py -> nwkit-0.43.15/tools
copying tools/benchmark_vector_asr.py -> nwkit-0.43.15/tools
copying tools/build_ete_windows.py -> nwkit-0.43.15/tools
copying tools/check.py -> nwkit-0.43.15/tools
copying tools/check_dist.py -> nwkit-0.43.15/tools
copying tools/check_maintainability.py -> nwkit-0.43.15/tools
copying tools/ci_matrix.py -> nwkit-0.43.15/tools
copying tools/compare_regression_calibration.py -> nwkit-0.43.15/tools
copying tools/compare_shift_null_calibration.py -> nwkit-0.43.15/tools
copying tools/complexity_baseline.json -> nwkit-0.43.15/tools
copying tools/complexity_exceptions.json -> nwkit-0.43.15/tools
copying tools/diagnose_radte_default_profile.py -> nwkit-0.43.15/tools
copying tools/diagnose_shift_known_error.py -> nwkit-0.43.15/tools
copying tools/normalize_sdist.py -> nwkit-0.43.15/tools
copying tools/plot_regression_calibration.py -> nwkit-0.43.15/tools
copying tools/plot_ten_shift_benchmark.py -> nwkit-0.43.15/tools
copying tools/radte_benchmark_cases.py -> nwkit-0.43.15/tools
copying tools/radte_interval_reference.py -> nwkit-0.43.15/tools
copying tools/radte_interval_simulation.py -> nwkit-0.43.15/tools
copying tools/regression_calibration_design.py -> nwkit-0.43.15/tools
copying tools/regression_calibration_engine.py -> nwkit-0.43.15/tools
copying tools/regression_calibration_laplace.py -> nwkit-0.43.15/tools
copying tools/report_radte_default_profile.py -> nwkit-0.43.15/tools
copying tools/report_shift_alpha.py -> nwkit-0.43.15/tools
copying tools/run_ten_shift_benchmark.py -> nwkit-0.43.15/tools
copying tools/shift_alpha_audit.py -> nwkit-0.43.15/tools
copying tools/shift_alpha_backend.R -> nwkit-0.43.15/tools
copying tools/shift_alpha_design.py -> nwkit-0.43.15/tools
copying tools/shift_alpha_null_diagnostic.py -> nwkit-0.43.15/tools
copying tools/shift_calibration_audit.py -> nwkit-0.43.15/tools
copying tools/shift_confidence_calibration.py -> nwkit-0.43.15/tools
copying tools/shift_continuous_reference.py -> nwkit-0.43.15/tools
copying tools/shift_joint_backend.py -> nwkit-0.43.15/tools
copying tools/shift_joint_candidates.py -> nwkit-0.43.15/tools
copying tools/shift_known_error_envelope.py -> nwkit-0.43.15/tools
copying tools/shift_simulation_audit.py -> nwkit-0.43.15/tools
copying tools/shift_simulation_cases.py -> nwkit-0.43.15/tools
copying tools/shift_variance_tail.py -> nwkit-0.43.15/tools
copying tools/stress_shift_calibration.py -> nwkit-0.43.15/tools
copying tools/summarize_shift_alpha.py -> nwkit-0.43.15/tools
copying tools/summarize_shift_alpha_models.py -> nwkit-0.43.15/tools
copying tools/summarize_shift_joint.py -> nwkit-0.43.15/tools
copying tools/summarize_shift_validation.py -> nwkit-0.43.15/tools
copying tools/summarize_ten_shift_benchmark.py -> nwkit-0.43.15/tools
copying tools/try_shift_confidence_calibration.py -> nwkit-0.43.15/tools
copying tools/validate_joint_engine_benchmark.py -> nwkit-0.43.15/tools
copying tools/validate_native_shift_development.py -> nwkit-0.43.15/tools
copying tools/validate_radte_default_profile.py -> nwkit-0.43.15/tools
copying tools/validate_radte_exact_intervals.py -> nwkit-0.43.15/tools
copying tools/validate_radte_intervals.py -> nwkit-0.43.15/tools
copying tools/validate_regression_calibration.py -> nwkit-0.43.15/tools
copying tools/validate_shift_alpha.py -> nwkit-0.43.15/tools
copying tools/validate_shift_calibration.py -> nwkit-0.43.15/tools
copying tools/validate_shift_joint.py -> nwkit-0.43.15/tools
copying tools/validate_shift_joint_pilot.py -> nwkit-0.43.15/tools
copying tools/validate_shift_null_contract.py -> nwkit-0.43.15/tools
copying tools/validate_shift_simulations.py -> nwkit-0.43.15/tools
copying tools/validate_ten_shift_benchmark.py -> nwkit-0.43.15/tools
copying tools/validate_threshold_asr.py -> nwkit-0.43.15/tools
copying tools/validate_threshold_diagnostics.py -> nwkit-0.43.15/tools
copying tools/verify_regression_calibration.py -> nwkit-0.43.15/tools
copying tools/verify_shift_alpha_evidence.py -> nwkit-0.43.15/tools
copying tools/verify_shift_calibration.py -> nwkit-0.43.15/tools
copying tools/verify_shift_confidence_calibration.py -> nwkit-0.43.15/tools
copying tools/verify_shift_known_error.py -> nwkit-0.43.15/tools
copying tools/verify_shift_null_contract.py -> nwkit-0.43.15/tools
copying tools/verify_shift_paired.py -> nwkit-0.43.15/tools
copying tools/verify_shift_stress.py -> nwkit-0.43.15/tools
Writing nwkit-0.43.15/setup.cfg
Creating tar archive
removing 'nwkit-0.43.15' (and everything under it)
Successfully built nwkit-0.43.15.tar.gz
+ /tmp/nwkit-qa/bin/python tools/normalize_sdist.py direct-dist/nwkit-0.43.15.tar.gz
+ /tmp/nwkit-qa/bin/python -m build
* Creating isolated environment: venv+pip...
* Installing packages in isolated environment:
  - setuptools>=77.0.3
* Getting build dependencies for sdist...
running egg_info
writing nwkit.egg-info/PKG-INFO
writing dependency_links to nwkit.egg-info/dependency_links.txt
writing entry points to nwkit.egg-info/entry_points.txt
writing requirements to nwkit.egg-info/requires.txt
writing top-level names to nwkit.egg-info/top_level.txt
reading manifest file 'nwkit.egg-info/SOURCES.txt'
reading manifest template 'MANIFEST.in'
warning: no previously-included files matching '__pycache__' found anywhere in distribution
warning: no previously-included files matching '*.py[cod]' found anywhere in distribution
adding license file 'LICENSE'
writing manifest file 'nwkit.egg-info/SOURCES.txt'
* Installed build dependency versions:
  - setuptools==84.0.0
* Building sdist...
running sdist
running egg_info
writing nwkit.egg-info/PKG-INFO
writing dependency_links to nwkit.egg-info/dependency_links.txt
writing entry points to nwkit.egg-info/entry_points.txt
writing requirements to nwkit.egg-info/requires.txt
writing top-level names to nwkit.egg-info/top_level.txt
reading manifest file 'nwkit.egg-info/SOURCES.txt'
reading manifest template 'MANIFEST.in'
warning: no previously-included files matching '__pycache__' found anywhere in distribution
warning: no previously-included files matching '*.py[cod]' found anywhere in distribution
adding license file 'LICENSE'
writing manifest file 'nwkit.egg-info/SOURCES.txt'
running check
creating nwkit-0.43.15
creating nwkit-0.43.15/examples/asr_figure
creating nwkit-0.43.15/examples/branch_gaussian
creating nwkit-0.43.15/examples/branch_gaussian/fit
creating nwkit-0.43.15/examples/branch_gaussian/fit/output
creating nwkit-0.43.15/examples/branch_gaussian/output
creating nwkit-0.43.15/examples/branch_gaussian/plot
creating nwkit-0.43.15/examples/branch_gaussian/plot/output
creating nwkit-0.43.15/examples/dtt
creating nwkit-0.43.15/examples/individual_asr
creating nwkit-0.43.15/examples/pca
creating nwkit-0.43.15/examples/radte
creating nwkit-0.43.15/examples/radte/default-profile-validation
creating nwkit-0.43.15/examples/radte/default-profile-validation/initialization-repair
creating nwkit-0.43.15/examples/radte/default-profile-validation/oracle
creating nwkit-0.43.15/examples/radte/default-profile-validation/postfix
creating nwkit-0.43.15/examples/radte/default-profile-validation/primary
creating nwkit-0.43.15/examples/radte/default-profile-validation/provenance
creating nwkit-0.43.15/examples/radte/default-profile-validation/results
creating nwkit-0.43.15/examples/radte/default-profile-validation/stress
creating nwkit-0.43.15/examples/radte/interval-boundary-validation
creating nwkit-0.43.15/examples/radte/interval-boundary-validation/exact-reference
creating nwkit-0.43.15/examples/radte/interval-boundary-validation/low-sd-marginal-pilot
creating nwkit-0.43.15/examples/radte/interval-boundary-validation/pectinate-smoke
creating nwkit-0.43.15/examples/radte/species-uncertainty
creating nwkit-0.43.15/examples/radte/visualization
creating nwkit-0.43.15/examples/regression_calibration
creating nwkit-0.43.15/examples/regression_calibration/bootstrap-pilot-20260910
creating nwkit-0.43.15/examples/regression_calibration/glmm-fixed-pilot-20260910
creating nwkit-0.43.15/examples/regression_calibration/repeated-bootstrap-pilot-20260910
creating nwkit-0.43.15/examples/regression_calibration/rsc-confirm-20260910
creating nwkit-0.43.15/examples/regression_calibration/smoke-20260910
creating nwkit-0.43.15/examples/regression_calibration/tip-pilot-20260910
creating nwkit-0.43.15/examples/regression_calibration/wald-pilot-20260910
creating nwkit-0.43.15/examples/regression_selection
creating nwkit-0.43.15/examples/shift
creating nwkit-0.43.15/examples/shift/alpha-validation
creating nwkit-0.43.15/examples/shift/alpha-validation/analysis-source
creating nwkit-0.43.15/examples/shift/alpha-validation/source
creating nwkit-0.43.15/examples/shift/calibrated
creating nwkit-0.43.15/examples/shift/calibration-envelope
creating nwkit-0.43.15/examples/shift/calibration-envelope-stress
creating nwkit-0.43.15/examples/shift/calibration-envelope-stress/source-snapshot
creating nwkit-0.43.15/examples/shift/calibration-envelope/source-snapshot
creating nwkit-0.43.15/examples/shift/calibration-paired
creating nwkit-0.43.15/examples/shift/calibration-paired/source-snapshot
creating nwkit-0.43.15/examples/shift/calibration-review
creating nwkit-0.43.15/examples/shift/calibration-review/source-snapshot
creating nwkit-0.43.15/examples/shift/calibration-stress
creating nwkit-0.43.15/examples/shift/calibration-stress/source-snapshot
creating nwkit-0.43.15/examples/shift/calibration-validation
creating nwkit-0.43.15/examples/shift/calibration-validation/source-snapshot
creating nwkit-0.43.15/examples/shift/calibration-weak-null
creating nwkit-0.43.15/examples/shift/calibration-weak-null/source-snapshot
creating nwkit-0.43.15/examples/shift/confidence-development
creating nwkit-0.43.15/examples/shift/confidence-development/source-snapshot
creating nwkit-0.43.15/examples/shift/confidence-pilot
creating nwkit-0.43.15/examples/shift/confidence-pilot/source-snapshot
creating nwkit-0.43.15/examples/shift/integration-audits
creating nwkit-0.43.15/examples/shift/joint-validation
creating nwkit-0.43.15/examples/shift/joint-validation-pbic-fixed
creating nwkit-0.43.15/examples/shift/known-error-diagnostic
creating nwkit-0.43.15/examples/shift/known-error-diagnostic/research-source
creating nwkit-0.43.15/examples/shift/known-error-diagnostic/source-snapshot
creating nwkit-0.43.15/examples/shift/known-error-timing-pilot
creating nwkit-0.43.15/examples/shift/known-error-timing-pilot/source-snapshot
creating nwkit-0.43.15/examples/shift/null-contract-b999
creating nwkit-0.43.15/examples/shift/null-contract-b999/source-snapshot
creating nwkit-0.43.15/examples/shift/null-contract-timing-pilot
creating nwkit-0.43.15/examples/shift/null-contract-timing-pilot/source-snapshot
creating nwkit-0.43.15/examples/shift/null-contract-validation
creating nwkit-0.43.15/examples/shift/null-contract-validation/source-snapshot
creating nwkit-0.43.15/examples/shift/pbic-correction
creating nwkit-0.43.15/examples/shift/response-audits
creating nwkit-0.43.15/examples/shift/response-calibrated
creating nwkit-0.43.15/examples/shift/response-ic
creating nwkit-0.43.15/examples/shift/validation
creating nwkit-0.43.15/examples/shift/validation-16tip
creating nwkit-0.43.15/examples/signal
creating nwkit-0.43.15/examples/stochastic_maps
creating nwkit-0.43.15/examples/threshold
creating nwkit-0.43.15/nwkit
creating nwkit-0.43.15/nwkit.egg-info
creating nwkit-0.43.15/nwkit/data_iqtree
creating nwkit-0.43.15/nwkit/data_model
creating nwkit-0.43.15/nwkit/data_tree
creating nwkit-0.43.15/reviews
creating nwkit-0.43.15/reviews/native-optimization-2026-09-11
creating nwkit-0.43.15/reviews/native-optimization-2026-09-11/final-measurements
creating nwkit-0.43.15/reviews/native-optimization-2026-09-11/measured-source
creating nwkit-0.43.15/reviews/native-optimization-2026-09-11/measurements
creating nwkit-0.43.15/reviews/native-scale-2026-09-10
creating nwkit-0.43.15/reviews/native-scale-pilot-2026-09-11
creating nwkit-0.43.15/reviews/native-scale-pilot-2026-09-11/candidate-comparisons
creating nwkit-0.43.15/reviews/native-scale-pilot-2026-09-11/comparisons
creating nwkit-0.43.15/reviews/native-scale-pilot-2026-09-11/final-comparisons
creating nwkit-0.43.15/reviews/native-scale-pilot-2026-09-11/final-followups
creating nwkit-0.43.15/reviews/native-scale-pilot-2026-09-11/measured-source
creating nwkit-0.43.15/reviews/native-scale-pilot-2026-09-11/results
creating nwkit-0.43.15/reviews/native-scale-pilot-2026-09-11/rounded-comparisons
creating nwkit-0.43.15/scripts
creating nwkit-0.43.15/tests
creating nwkit-0.43.15/tests/data
creating nwkit-0.43.15/tests/data/radte-initial-boundary
creating nwkit-0.43.15/tools
copying files to nwkit-0.43.15...
copying ASR.md -> nwkit-0.43.15
copying ASR_INDIVIDUALS.md -> nwkit-0.43.15
copying ASR_PERFORMANCE.md -> nwkit-0.43.15
copying BRANCH_GAUSSIAN.md -> nwkit-0.43.15
copying CHANGELOG.md -> nwkit-0.43.15
copying CLI_TSV_CONVENTIONS.md -> nwkit-0.43.15
copying CONVERT.md -> nwkit-0.43.15
copying DEVELOPMENT.md -> nwkit-0.43.15
copying DTT.md -> nwkit-0.43.15
copying IQTREE_LIBRARY.md -> nwkit-0.43.15
copying LICENSE -> nwkit-0.43.15
copying MANIFEST.in -> nwkit-0.43.15
copying NATIVE_SHIFT.md -> nwkit-0.43.15
copying NATIVE_SHIFT_SCALING.md -> nwkit-0.43.15
copying NATIVE_SHIFT_VALIDATION.md -> nwkit-0.43.15
copying PCA.md -> nwkit-0.43.15
copying PHYLOGENETIC_REGRESSION.md -> nwkit-0.43.15
copying RADTE.md -> nwkit-0.43.15
copying RADTE_MATH.md -> nwkit-0.43.15
copying RADTE_SPECIES_UNCERTAINTY.md -> nwkit-0.43.15
copying RADTE_VALIDATION.md -> nwkit-0.43.15
copying README.md -> nwkit-0.43.15
copying RECONCILED_SPECIATION_CONTRAST_MATH.md -> nwkit-0.43.15
copying RECONCILIATION_EXPORTS.md -> nwkit-0.43.15
copying RECONCILIATION_PLOTS.md -> nwkit-0.43.15
copying REGRESSION_CALIBRATION.md -> nwkit-0.43.15
copying REGRESSION_SELECTION.md -> nwkit-0.43.15
copying RELEASING.md -> nwkit-0.43.15
copying SHIFT.md -> nwkit-0.43.15
copying SHIFT_ALPHA.md -> nwkit-0.43.15
copying SHIFT_CALIBRATION.md -> nwkit-0.43.15
copying SHIFT_CALIBRATION_DECISION.md -> nwkit-0.43.15
copying SHIFT_COVARIANCE.md -> nwkit-0.43.15
copying SHIFT_JOINT.md -> nwkit-0.43.15
copying SHIFT_PBIC.md -> nwkit-0.43.15
copying SHIFT_RESPONSE_VALIDATION.md -> nwkit-0.43.15
copying SHIFT_VALIDATION.md -> nwkit-0.43.15
copying SIGNAL.md -> nwkit-0.43.15
copying STOCHASTIC_MAPS.md -> nwkit-0.43.15
copying THRESHOLD_DIAGNOSTICS.md -> nwkit-0.43.15
copying constraints-dev.txt -> nwkit-0.43.15
copying pyproject.toml -> nwkit-0.43.15
copying setup.py -> nwkit-0.43.15
copying examples/asr_figure/README.md -> nwkit-0.43.15/examples/asr_figure
copying examples/asr_figure/comparison.png -> nwkit-0.43.15/examples/asr_figure
copying examples/asr_figure/parameters.tsv -> nwkit-0.43.15/examples/asr_figure
copying examples/asr_figure/preview.png -> nwkit-0.43.15/examples/asr_figure
copying examples/asr_figure/regimes.tsv -> nwkit-0.43.15/examples/asr_figure
copying examples/asr_figure/simulation-labelled.png -> nwkit-0.43.15/examples/asr_figure
copying examples/asr_figure/simulation.png -> nwkit-0.43.15/examples/asr_figure
copying examples/asr_figure/traits.tsv -> nwkit-0.43.15/examples/asr_figure
copying examples/asr_figure/tree.nwk -> nwkit-0.43.15/examples/asr_figure
copying examples/branch_gaussian/README.md -> nwkit-0.43.15/examples/branch_gaussian
copying examples/branch_gaussian/branch_models.tsv -> nwkit-0.43.15/examples/branch_gaussian
copying examples/branch_gaussian/branch_regimes.tsv -> nwkit-0.43.15/examples/branch_gaussian
copying examples/branch_gaussian/mixed_process.py -> nwkit-0.43.15/examples/branch_gaussian
copying examples/branch_gaussian/regime_models.tsv -> nwkit-0.43.15/examples/branch_gaussian
copying examples/branch_gaussian/traits.tsv -> nwkit-0.43.15/examples/branch_gaussian
copying examples/branch_gaussian/tree.nwk -> nwkit-0.43.15/examples/branch_gaussian
copying examples/branch_gaussian/fit/README.md -> nwkit-0.43.15/examples/branch_gaussian/fit
copying examples/branch_gaussian/fit/branch_regimes.tsv -> nwkit-0.43.15/examples/branch_gaussian/fit
copying examples/branch_gaussian/fit/fit.tsv -> nwkit-0.43.15/examples/branch_gaussian/fit
copying examples/branch_gaussian/fit/regime_models.tsv -> nwkit-0.43.15/examples/branch_gaussian/fit
copying examples/branch_gaussian/fit/render.py -> nwkit-0.43.15/examples/branch_gaussian/fit
copying examples/branch_gaussian/fit/traits.tsv -> nwkit-0.43.15/examples/branch_gaussian/fit
copying examples/branch_gaussian/fit/tree.nwk -> nwkit-0.43.15/examples/branch_gaussian/fit
copying examples/branch_gaussian/fit/output/asr.tsv -> nwkit-0.43.15/examples/branch_gaussian/fit/output
copying examples/branch_gaussian/fit/output/branch-models.tsv -> nwkit-0.43.15/examples/branch_gaussian/fit/output
copying examples/branch_gaussian/fit/output/fitted.pdf -> nwkit-0.43.15/examples/branch_gaussian/fit/output
copying examples/branch_gaussian/fit/output/fitted.png -> nwkit-0.43.15/examples/branch_gaussian/fit/output
copying examples/branch_gaussian/fit/output/fitted.svg -> nwkit-0.43.15/examples/branch_gaussian/fit/output
copying examples/branch_gaussian/fit/output/model.tsv -> nwkit-0.43.15/examples/branch_gaussian/fit/output
copying examples/branch_gaussian/fit/output/process.json -> nwkit-0.43.15/examples/branch_gaussian/fit/output
copying examples/branch_gaussian/output/branch-asr.tsv -> nwkit-0.43.15/examples/branch_gaussian/output
copying examples/branch_gaussian/output/branch-likelihood.tsv -> nwkit-0.43.15/examples/branch_gaussian/output
copying examples/branch_gaussian/output/branch-model.json -> nwkit-0.43.15/examples/branch_gaussian/output
copying examples/branch_gaussian/output/branch-normalized.tsv -> nwkit-0.43.15/examples/branch_gaussian/output
copying examples/branch_gaussian/output/branch-simulation-model.json -> nwkit-0.43.15/examples/branch_gaussian/output
copying examples/branch_gaussian/output/branch-simulations.tsv -> nwkit-0.43.15/examples/branch_gaussian/output
copying examples/branch_gaussian/plot/README.md -> nwkit-0.43.15/examples/branch_gaussian/plot
copying examples/branch_gaussian/plot/branch_regimes.tsv -> nwkit-0.43.15/examples/branch_gaussian/plot
copying examples/branch_gaussian/plot/regime_models.tsv -> nwkit-0.43.15/examples/branch_gaussian/plot
copying examples/branch_gaussian/plot/render.py -> nwkit-0.43.15/examples/branch_gaussian/plot
copying examples/branch_gaussian/plot/traits.tsv -> nwkit-0.43.15/examples/branch_gaussian/plot
copying examples/branch_gaussian/plot/tree.nwk -> nwkit-0.43.15/examples/branch_gaussian/plot
copying examples/branch_gaussian/plot/output/branch-models.tsv -> nwkit-0.43.15/examples/branch_gaussian/plot/output
copying examples/branch_gaussian/plot/output/posterior-model.tsv -> nwkit-0.43.15/examples/branch_gaussian/plot/output
copying examples/branch_gaussian/plot/output/posterior-process.json -> nwkit-0.43.15/examples/branch_gaussian/plot/output
copying examples/branch_gaussian/plot/output/posterior.pdf -> nwkit-0.43.15/examples/branch_gaussian/plot/output
copying examples/branch_gaussian/plot/output/posterior.png -> nwkit-0.43.15/examples/branch_gaussian/plot/output
copying examples/branch_gaussian/plot/output/posterior.svg -> nwkit-0.43.15/examples/branch_gaussian/plot/output
copying examples/branch_gaussian/plot/output/posterior.tsv -> nwkit-0.43.15/examples/branch_gaussian/plot/output
copying examples/branch_gaussian/plot/output/prior-model.tsv -> nwkit-0.43.15/examples/branch_gaussian/plot/output
copying examples/branch_gaussian/plot/output/prior-process.json -> nwkit-0.43.15/examples/branch_gaussian/plot/output
copying examples/branch_gaussian/plot/output/prior.pdf -> nwkit-0.43.15/examples/branch_gaussian/plot/output
copying examples/branch_gaussian/plot/output/prior.png -> nwkit-0.43.15/examples/branch_gaussian/plot/output
copying examples/branch_gaussian/plot/output/prior.svg -> nwkit-0.43.15/examples/branch_gaussian/plot/output
copying examples/branch_gaussian/plot/output/prior.tsv -> nwkit-0.43.15/examples/branch_gaussian/plot/output
copying examples/dtt/README.md -> nwkit-0.43.15/examples/dtt
copying examples/dtt/dtt.png -> nwkit-0.43.15/examples/dtt
copying examples/dtt/heatmap.png -> nwkit-0.43.15/examples/dtt
copying examples/dtt/reference.R -> nwkit-0.43.15/examples/dtt
copying examples/dtt/traits.tsv -> nwkit-0.43.15/examples/dtt
copying examples/dtt/tree.nwk -> nwkit-0.43.15/examples/dtt
copying examples/individual_asr/README.md -> nwkit-0.43.15/examples/individual_asr
copying examples/individual_asr/individuals.tsv -> nwkit-0.43.15/examples/individual_asr
copying examples/individual_asr/reference.R -> nwkit-0.43.15/examples/individual_asr
copying examples/individual_asr/tree.nwk -> nwkit-0.43.15/examples/individual_asr
copying examples/pca/README.md -> nwkit-0.43.15/examples/pca
copying examples/pca/morphospace.png -> nwkit-0.43.15/examples/pca
copying examples/pca/traits.tsv -> nwkit-0.43.15/examples/pca
copying examples/pca/tree.nwk -> nwkit-0.43.15/examples/pca
copying examples/radte/README.md -> nwkit-0.43.15/examples/radte
copying examples/radte/gene.nwk -> nwkit-0.43.15/examples/radte
copying examples/radte/interval-coverage-summary.json -> nwkit-0.43.15/examples/radte
copying examples/radte/interval-coverage.csv -> nwkit-0.43.15/examples/radte
copying examples/radte/interval-coverage.png -> nwkit-0.43.15/examples/radte
copying examples/radte/species-map.tsv -> nwkit-0.43.15/examples/radte
copying examples/radte/species.nwk -> nwkit-0.43.15/examples/radte
copying examples/radte/validation-results.json -> nwkit-0.43.15/examples/radte
copying examples/radte/default-profile-validation/README.md -> nwkit-0.43.15/examples/radte/default-profile-validation
copying examples/radte/default-profile-validation/pilot-protocol.json -> nwkit-0.43.15/examples/radte/default-profile-validation
copying examples/radte/default-profile-validation/protocol.json -> nwkit-0.43.15/examples/radte/default-profile-validation
copying examples/radte/default-profile-validation/raw-archive.json -> nwkit-0.43.15/examples/radte/default-profile-validation
copying examples/radte/default-profile-validation/stress-protocol.json -> nwkit-0.43.15/examples/radte/default-profile-validation
copying examples/radte/default-profile-validation/initialization-repair/fit.age-samples.tsv -> nwkit-0.43.15/examples/radte/default-profile-validation/initialization-repair
copying examples/radte/default-profile-validation/initialization-repair/fit.conditional-intervals.tsv -> nwkit-0.43.15/examples/radte/default-profile-validation/initialization-repair
copying examples/radte/default-profile-validation/initialization-repair/fit.dated.nwk -> nwkit-0.43.15/examples/radte/default-profile-validation/initialization-repair
copying examples/radte/default-profile-validation/initialization-repair/fit.events.tsv -> nwkit-0.43.15/examples/radte/default-profile-validation/initialization-repair
copying examples/radte/default-profile-validation/initialization-repair/fit.likelihood.json -> nwkit-0.43.15/examples/radte/default-profile-validation/initialization-repair
copying examples/radte/default-profile-validation/initialization-repair/fit.manifest.json -> nwkit-0.43.15/examples/radte/default-profile-validation/initialization-repair
copying examples/radte/default-profile-validation/initialization-repair/fit.mcmctree-trace.tsv -> nwkit-0.43.15/examples/radte/default-profile-validation/initialization-repair
copying examples/radte/default-profile-validation/initialization-repair/fit.nodes.tsv -> nwkit-0.43.15/examples/radte/default-profile-validation/initialization-repair
copying examples/radte/default-profile-validation/initialization-repair/fit.png -> nwkit-0.43.15/examples/radte/default-profile-validation/initialization-repair
copying examples/radte/default-profile-validation/initialization-repair/fit.shared-ages.tsv -> nwkit-0.43.15/examples/radte/default-profile-validation/initialization-repair
copying examples/radte/default-profile-validation/initialization-repair/fit.species.tsv -> nwkit-0.43.15/examples/radte/default-profile-validation/initialization-repair
copying examples/radte/default-profile-validation/initialization-repair/fit.uncertainty-components.tsv -> nwkit-0.43.15/examples/radte/default-profile-validation/initialization-repair
copying examples/radte/default-profile-validation/initialization-repair/radte_model.patch -> nwkit-0.43.15/examples/radte/default-profile-validation/initialization-repair
copying examples/radte/default-profile-validation/initialization-repair/source.json -> nwkit-0.43.15/examples/radte/default-profile-validation/initialization-repair
copying examples/radte/default-profile-validation/oracle/cases.json -> nwkit-0.43.15/examples/radte/default-profile-validation/oracle
copying examples/radte/default-profile-validation/oracle/protocol.json -> nwkit-0.43.15/examples/radte/default-profile-validation/oracle
copying examples/radte/default-profile-validation/oracle/source-metadata.json -> nwkit-0.43.15/examples/radte/default-profile-validation/oracle
copying examples/radte/default-profile-validation/oracle/summary.json -> nwkit-0.43.15/examples/radte/default-profile-validation/oracle
copying examples/radte/default-profile-validation/postfix/cases.jsonl -> nwkit-0.43.15/examples/radte/default-profile-validation/postfix
copying examples/radte/default-profile-validation/postfix/metadata.json -> nwkit-0.43.15/examples/radte/default-profile-validation/postfix
copying examples/radte/default-profile-validation/postfix/protocol.json -> nwkit-0.43.15/examples/radte/default-profile-validation/postfix
copying examples/radte/default-profile-validation/postfix/summary.json -> nwkit-0.43.15/examples/radte/default-profile-validation/postfix
copying examples/radte/default-profile-validation/primary/cases.jsonl -> nwkit-0.43.15/examples/radte/default-profile-validation/primary
copying examples/radte/default-profile-validation/primary/metadata.json -> nwkit-0.43.15/examples/radte/default-profile-validation/primary
copying examples/radte/default-profile-validation/primary/protocol.json -> nwkit-0.43.15/examples/radte/default-profile-validation/primary
copying examples/radte/default-profile-validation/primary/summary.json -> nwkit-0.43.15/examples/radte/default-profile-validation/primary
copying examples/radte/default-profile-validation/provenance/README.md -> nwkit-0.43.15/examples/radte/default-profile-validation/provenance
copying examples/radte/default-profile-validation/provenance/validate_radte_default_profile.py -> nwkit-0.43.15/examples/radte/default-profile-validation/provenance
copying examples/radte/default-profile-validation/results/coverage.png -> nwkit-0.43.15/examples/radte/default-profile-validation/results
copying examples/radte/default-profile-validation/results/coverage.svg -> nwkit-0.43.15/examples/radte/default-profile-validation/results
copying examples/radte/default-profile-validation/results/summary.json -> nwkit-0.43.15/examples/radte/default-profile-validation/results
copying examples/radte/default-profile-validation/results/summary.tsv -> nwkit-0.43.15/examples/radte/default-profile-validation/results
copying examples/radte/default-profile-validation/stress/cases.jsonl -> nwkit-0.43.15/examples/radte/default-profile-validation/stress
copying examples/radte/default-profile-validation/stress/metadata.json -> nwkit-0.43.15/examples/radte/default-profile-validation/stress
copying examples/radte/default-profile-validation/stress/protocol.json -> nwkit-0.43.15/examples/radte/default-profile-validation/stress
copying examples/radte/default-profile-validation/stress/summary.json -> nwkit-0.43.15/examples/radte/default-profile-validation/stress
copying examples/radte/interval-boundary-validation/README.md -> nwkit-0.43.15/examples/radte/interval-boundary-validation
copying examples/radte/interval-boundary-validation/environment.json -> nwkit-0.43.15/examples/radte/interval-boundary-validation
copying examples/radte/interval-boundary-validation/protocol.json -> nwkit-0.43.15/examples/radte/interval-boundary-validation
copying examples/radte/interval-boundary-validation/exact-reference/cases.csv -> nwkit-0.43.15/examples/radte/interval-boundary-validation/exact-reference
copying examples/radte/interval-boundary-validation/exact-reference/metadata.json -> nwkit-0.43.15/examples/radte/interval-boundary-validation/exact-reference
copying examples/radte/interval-boundary-validation/exact-reference/summary.json -> nwkit-0.43.15/examples/radte/interval-boundary-validation/exact-reference
copying examples/radte/interval-boundary-validation/low-sd-marginal-pilot/cases.csv -> nwkit-0.43.15/examples/radte/interval-boundary-validation/low-sd-marginal-pilot
copying examples/radte/interval-boundary-validation/low-sd-marginal-pilot/cases.jsonl -> nwkit-0.43.15/examples/radte/interval-boundary-validation/low-sd-marginal-pilot
copying examples/radte/interval-boundary-validation/low-sd-marginal-pilot/metadata.json -> nwkit-0.43.15/examples/radte/interval-boundary-validation/low-sd-marginal-pilot
copying examples/radte/interval-boundary-validation/low-sd-marginal-pilot/sequence-null-probe.json -> nwkit-0.43.15/examples/radte/interval-boundary-validation/low-sd-marginal-pilot
copying examples/radte/interval-boundary-validation/low-sd-marginal-pilot/summary.json -> nwkit-0.43.15/examples/radte/interval-boundary-validation/low-sd-marginal-pilot
copying examples/radte/interval-boundary-validation/pectinate-smoke/cases.csv -> nwkit-0.43.15/examples/radte/interval-boundary-validation/pectinate-smoke
copying examples/radte/interval-boundary-validation/pectinate-smoke/cases.jsonl -> nwkit-0.43.15/examples/radte/interval-boundary-validation/pectinate-smoke
copying examples/radte/interval-boundary-validation/pectinate-smoke/metadata.json -> nwkit-0.43.15/examples/radte/interval-boundary-validation/pectinate-smoke
copying examples/radte/interval-boundary-validation/pectinate-smoke/summary.json -> nwkit-0.43.15/examples/radte/interval-boundary-validation/pectinate-smoke
copying examples/radte/species-uncertainty/README.md -> nwkit-0.43.15/examples/radte/species-uncertainty
copying examples/radte/species-uncertainty/gene.nwk -> nwkit-0.43.15/examples/radte/species-uncertainty
copying examples/radte/species-uncertainty/run.sh -> nwkit-0.43.15/examples/radte/species-uncertainty
copying examples/radte/species-uncertainty/species-bounds.tsv -> nwkit-0.43.15/examples/radte/species-uncertainty
copying examples/radte/species-uncertainty/species-intervals.tsv -> nwkit-0.43.15/examples/radte/species-uncertainty
copying examples/radte/species-uncertainty/species-map.tsv -> nwkit-0.43.15/examples/radte/species-uncertainty
copying examples/radte/species-uncertainty/species-samples.nwk -> nwkit-0.43.15/examples/radte/species-uncertainty
copying examples/radte/species-uncertainty/species.nwk -> nwkit-0.43.15/examples/radte/species-uncertainty
copying examples/radte/visualization/README.md -> nwkit-0.43.15/examples/radte/visualization
copying examples/radte/visualization/generax-gene.nhx -> nwkit-0.43.15/examples/radte/visualization
copying examples/radte/visualization/generax-species.nwk -> nwkit-0.43.15/examples/radte/visualization
copying examples/regression_calibration/README.md -> nwkit-0.43.15/examples/regression_calibration
copying examples/regression_calibration/audit-20260910.json -> nwkit-0.43.15/examples/regression_calibration
copying examples/regression_calibration/laplace-reference-20260910.json -> nwkit-0.43.15/examples/regression_calibration
copying examples/regression_calibration/laplace-reference-fixed-20260910.json -> nwkit-0.43.15/examples/regression_calibration
copying examples/regression_calibration/paired-glmm-20260910.json -> nwkit-0.43.15/examples/regression_calibration
copying examples/regression_calibration/bootstrap-pilot-20260910/protocol.json -> nwkit-0.43.15/examples/regression_calibration/bootstrap-pilot-20260910
copying examples/regression_calibration/bootstrap-pilot-20260910/records.jsonl.gz -> nwkit-0.43.15/examples/regression_calibration/bootstrap-pilot-20260910
copying examples/regression_calibration/bootstrap-pilot-20260910/source.tar.gz -> nwkit-0.43.15/examples/regression_calibration/bootstrap-pilot-20260910
copying examples/regression_calibration/bootstrap-pilot-20260910/summary.json -> nwkit-0.43.15/examples/regression_calibration/bootstrap-pilot-20260910
copying examples/regression_calibration/bootstrap-pilot-20260910/summary.tsv -> nwkit-0.43.15/examples/regression_calibration/bootstrap-pilot-20260910
copying examples/regression_calibration/glmm-fixed-pilot-20260910/protocol.json -> nwkit-0.43.15/examples/regression_calibration/glmm-fixed-pilot-20260910
copying examples/regression_calibration/glmm-fixed-pilot-20260910/records.jsonl.gz -> nwkit-0.43.15/examples/regression_calibration/glmm-fixed-pilot-20260910
copying examples/regression_calibration/glmm-fixed-pilot-20260910/source.tar.gz -> nwkit-0.43.15/examples/regression_calibration/glmm-fixed-pilot-20260910
copying examples/regression_calibration/glmm-fixed-pilot-20260910/summary.json -> nwkit-0.43.15/examples/regression_calibration/glmm-fixed-pilot-20260910
copying examples/regression_calibration/glmm-fixed-pilot-20260910/summary.tsv -> nwkit-0.43.15/examples/regression_calibration/glmm-fixed-pilot-20260910
copying examples/regression_calibration/repeated-bootstrap-pilot-20260910/protocol.json -> nwkit-0.43.15/examples/regression_calibration/repeated-bootstrap-pilot-20260910
copying examples/regression_calibration/repeated-bootstrap-pilot-20260910/records.jsonl.gz -> nwkit-0.43.15/examples/regression_calibration/repeated-bootstrap-pilot-20260910
copying examples/regression_calibration/repeated-bootstrap-pilot-20260910/source.tar.gz -> nwkit-0.43.15/examples/regression_calibration/repeated-bootstrap-pilot-20260910
copying examples/regression_calibration/repeated-bootstrap-pilot-20260910/summary.json -> nwkit-0.43.15/examples/regression_calibration/repeated-bootstrap-pilot-20260910
copying examples/regression_calibration/repeated-bootstrap-pilot-20260910/summary.tsv -> nwkit-0.43.15/examples/regression_calibration/repeated-bootstrap-pilot-20260910
copying examples/regression_calibration/rsc-confirm-20260910/protocol.json -> nwkit-0.43.15/examples/regression_calibration/rsc-confirm-20260910
copying examples/regression_calibration/rsc-confirm-20260910/records.jsonl.gz -> nwkit-0.43.15/examples/regression_calibration/rsc-confirm-20260910
copying examples/regression_calibration/rsc-confirm-20260910/source.tar.gz -> nwkit-0.43.15/examples/regression_calibration/rsc-confirm-20260910
copying examples/regression_calibration/rsc-confirm-20260910/summary.json -> nwkit-0.43.15/examples/regression_calibration/rsc-confirm-20260910
copying examples/regression_calibration/rsc-confirm-20260910/summary.tsv -> nwkit-0.43.15/examples/regression_calibration/rsc-confirm-20260910
copying examples/regression_calibration/smoke-20260910/protocol.json -> nwkit-0.43.15/examples/regression_calibration/smoke-20260910
copying examples/regression_calibration/smoke-20260910/records.jsonl.gz -> nwkit-0.43.15/examples/regression_calibration/smoke-20260910
copying examples/regression_calibration/smoke-20260910/source.tar.gz -> nwkit-0.43.15/examples/regression_calibration/smoke-20260910
copying examples/regression_calibration/smoke-20260910/summary.json -> nwkit-0.43.15/examples/regression_calibration/smoke-20260910
copying examples/regression_calibration/smoke-20260910/summary.tsv -> nwkit-0.43.15/examples/regression_calibration/smoke-20260910
copying examples/regression_calibration/tip-pilot-20260910/protocol.json -> nwkit-0.43.15/examples/regression_calibration/tip-pilot-20260910
copying examples/regression_calibration/tip-pilot-20260910/records.jsonl.gz -> nwkit-0.43.15/examples/regression_calibration/tip-pilot-20260910
copying examples/regression_calibration/tip-pilot-20260910/source.tar.gz -> nwkit-0.43.15/examples/regression_calibration/tip-pilot-20260910
copying examples/regression_calibration/tip-pilot-20260910/summary.json -> nwkit-0.43.15/examples/regression_calibration/tip-pilot-20260910
copying examples/regression_calibration/tip-pilot-20260910/summary.tsv -> nwkit-0.43.15/examples/regression_calibration/tip-pilot-20260910
copying examples/regression_calibration/wald-pilot-20260910/protocol.json -> nwkit-0.43.15/examples/regression_calibration/wald-pilot-20260910
copying examples/regression_calibration/wald-pilot-20260910/records.jsonl.gz -> nwkit-0.43.15/examples/regression_calibration/wald-pilot-20260910
copying examples/regression_calibration/wald-pilot-20260910/source.tar.gz -> nwkit-0.43.15/examples/regression_calibration/wald-pilot-20260910
copying examples/regression_calibration/wald-pilot-20260910/summary.json -> nwkit-0.43.15/examples/regression_calibration/wald-pilot-20260910
copying examples/regression_calibration/wald-pilot-20260910/summary.tsv -> nwkit-0.43.15/examples/regression_calibration/wald-pilot-20260910
copying examples/regression_selection/data.tsv -> nwkit-0.43.15/examples/regression_selection
copying examples/regression_selection/folds.tsv -> nwkit-0.43.15/examples/regression_selection
copying examples/regression_selection/predictors.txt -> nwkit-0.43.15/examples/regression_selection
copying examples/regression_selection/tree.nwk -> nwkit-0.43.15/examples/regression_selection
copying examples/shift/README.md -> nwkit-0.43.15/examples/shift
copying examples/shift/traits-with-se.tsv -> nwkit-0.43.15/examples/shift
copying examples/shift/traits.tsv -> nwkit-0.43.15/examples/shift
copying examples/shift/tree.nwk -> nwkit-0.43.15/examples/shift
copying examples/shift/alpha-validation/README.md -> nwkit-0.43.15/examples/shift/alpha-validation
copying examples/shift/alpha-validation/SHA256SUMS.json -> nwkit-0.43.15/examples/shift/alpha-validation
copying examples/shift/alpha-validation/artifact.json -> nwkit-0.43.15/examples/shift/alpha-validation
copying examples/shift/alpha-validation/audit.json -> nwkit-0.43.15/examples/shift/alpha-validation
copying examples/shift/alpha-validation/backend-correction-provenance.json -> nwkit-0.43.15/examples/shift/alpha-validation
copying examples/shift/alpha-validation/backend-probe.tsv -> nwkit-0.43.15/examples/shift/alpha-validation
copying examples/shift/alpha-validation/candidate-ledger.jsonl.gz -> nwkit-0.43.15/examples/shift/alpha-validation
copying examples/shift/alpha-validation/environment.json -> nwkit-0.43.15/examples/shift/alpha-validation
copying examples/shift/alpha-validation/inputs.jsonl.gz -> nwkit-0.43.15/examples/shift/alpha-validation
copying examples/shift/alpha-validation/installed-backend-sha256.json -> nwkit-0.43.15/examples/shift/alpha-validation
copying examples/shift/alpha-validation/jobs.jsonl -> nwkit-0.43.15/examples/shift/alpha-validation
copying examples/shift/alpha-validation/null-profile-diagnostic.json -> nwkit-0.43.15/examples/shift/alpha-validation
copying examples/shift/alpha-validation/paired.json -> nwkit-0.43.15/examples/shift/alpha-validation
copying examples/shift/alpha-validation/protocol.json -> nwkit-0.43.15/examples/shift/alpha-validation
copying examples/shift/alpha-validation/records.jsonl.gz -> nwkit-0.43.15/examples/shift/alpha-validation
copying examples/shift/alpha-validation/report-data.json -> nwkit-0.43.15/examples/shift/alpha-validation
copying examples/shift/alpha-validation/report-delivery.json -> nwkit-0.43.15/examples/shift/alpha-validation
copying examples/shift/alpha-validation/report.html -> nwkit-0.43.15/examples/shift/alpha-validation
copying examples/shift/alpha-validation/summary.json -> nwkit-0.43.15/examples/shift/alpha-validation
copying examples/shift/alpha-validation/validation.json -> nwkit-0.43.15/examples/shift/alpha-validation
copying examples/shift/alpha-validation/analysis-source/check-bic-routes.R -> nwkit-0.43.15/examples/shift/alpha-validation/analysis-source
copying examples/shift/alpha-validation/analysis-source/report_shift_alpha.py -> nwkit-0.43.15/examples/shift/alpha-validation/analysis-source
copying examples/shift/alpha-validation/analysis-source/shift_alpha_audit.py -> nwkit-0.43.15/examples/shift/alpha-validation/analysis-source
copying examples/shift/alpha-validation/analysis-source/shift_alpha_null_diagnostic.py -> nwkit-0.43.15/examples/shift/alpha-validation/analysis-source
copying examples/shift/alpha-validation/analysis-source/summarize_shift_alpha.py -> nwkit-0.43.15/examples/shift/alpha-validation/analysis-source
copying examples/shift/alpha-validation/analysis-source/verify_shift_alpha_evidence.py -> nwkit-0.43.15/examples/shift/alpha-validation/analysis-source
copying examples/shift/alpha-validation/source/shift_alpha_backend.R -> nwkit-0.43.15/examples/shift/alpha-validation/source
copying examples/shift/alpha-validation/source/shift_alpha_design.py -> nwkit-0.43.15/examples/shift/alpha-validation/source
copying examples/shift/alpha-validation/source/shift_joint_candidates.py -> nwkit-0.43.15/examples/shift/alpha-validation/source
copying examples/shift/alpha-validation/source/shift_simulation_cases.py -> nwkit-0.43.15/examples/shift/alpha-validation/source
copying examples/shift/alpha-validation/source/validate_shift_alpha.py -> nwkit-0.43.15/examples/shift/alpha-validation/source
copying examples/shift/calibrated/effects.tsv -> nwkit-0.43.15/examples/shift/calibrated
copying examples/shift/calibrated/model.json -> nwkit-0.43.15/examples/shift/calibrated
copying examples/shift/calibrated/optima.tsv -> nwkit-0.43.15/examples/shift/calibrated
copying examples/shift/calibrated/predictions.tsv -> nwkit-0.43.15/examples/shift/calibrated
copying examples/shift/calibrated/regimes.tsv -> nwkit-0.43.15/examples/shift/calibrated
copying examples/shift/calibration-envelope/README.md -> nwkit-0.43.15/examples/shift/calibration-envelope
copying examples/shift/calibration-envelope/audit.json -> nwkit-0.43.15/examples/shift/calibration-envelope
copying examples/shift/calibration-envelope/default-null-records.jsonl.gz -> nwkit-0.43.15/examples/shift/calibration-envelope
copying examples/shift/calibration-envelope/protocol.json -> nwkit-0.43.15/examples/shift/calibration-envelope
copying examples/shift/calibration-envelope/records.jsonl.gz -> nwkit-0.43.15/examples/shift/calibration-envelope
copying examples/shift/calibration-envelope/summary.json -> nwkit-0.43.15/examples/shift/calibration-envelope
copying examples/shift/calibration-envelope-stress/audit.json -> nwkit-0.43.15/examples/shift/calibration-envelope-stress
copying examples/shift/calibration-envelope-stress/protocol.json -> nwkit-0.43.15/examples/shift/calibration-envelope-stress
copying examples/shift/calibration-envelope-stress/records.jsonl.gz -> nwkit-0.43.15/examples/shift/calibration-envelope-stress
copying examples/shift/calibration-envelope-stress/summary.json -> nwkit-0.43.15/examples/shift/calibration-envelope-stress
copying examples/shift/calibration-envelope-stress/source-snapshot/shift_calibration.py -> nwkit-0.43.15/examples/shift/calibration-envelope-stress/source-snapshot
copying examples/shift/calibration-envelope-stress/source-snapshot/shift_candidates.py -> nwkit-0.43.15/examples/shift/calibration-envelope-stress/source-snapshot
copying examples/shift/calibration-envelope-stress/source-snapshot/stress_shift_calibration.py -> nwkit-0.43.15/examples/shift/calibration-envelope-stress/source-snapshot
copying examples/shift/calibration-envelope/source-snapshot/shift_alpha_design.py -> nwkit-0.43.15/examples/shift/calibration-envelope/source-snapshot
copying examples/shift/calibration-envelope/source-snapshot/shift_calibration.py -> nwkit-0.43.15/examples/shift/calibration-envelope/source-snapshot
copying examples/shift/calibration-envelope/source-snapshot/shift_calibration_audit.py -> nwkit-0.43.15/examples/shift/calibration-envelope/source-snapshot
copying examples/shift/calibration-envelope/source-snapshot/shift_candidates.py -> nwkit-0.43.15/examples/shift/calibration-envelope/source-snapshot
copying examples/shift/calibration-envelope/source-snapshot/shift_simulation_cases.py -> nwkit-0.43.15/examples/shift/calibration-envelope/source-snapshot
copying examples/shift/calibration-envelope/source-snapshot/validate_shift_calibration.py -> nwkit-0.43.15/examples/shift/calibration-envelope/source-snapshot
copying examples/shift/calibration-envelope/source-snapshot/verify_shift_calibration.py -> nwkit-0.43.15/examples/shift/calibration-envelope/source-snapshot
copying examples/shift/calibration-paired/protocol.json -> nwkit-0.43.15/examples/shift/calibration-paired
copying examples/shift/calibration-paired/records.jsonl.gz -> nwkit-0.43.15/examples/shift/calibration-paired
copying examples/shift/calibration-paired/summary.json -> nwkit-0.43.15/examples/shift/calibration-paired
copying examples/shift/calibration-paired/source-snapshot/compare_shift_null_calibration.py -> nwkit-0.43.15/examples/shift/calibration-paired/source-snapshot
copying examples/shift/calibration-paired/source-snapshot/shift_calibration.py -> nwkit-0.43.15/examples/shift/calibration-paired/source-snapshot
copying examples/shift/calibration-paired/source-snapshot/shift_candidates.py -> nwkit-0.43.15/examples/shift/calibration-paired/source-snapshot
copying examples/shift/calibration-review/README.md -> nwkit-0.43.15/examples/shift/calibration-review
copying examples/shift/calibration-review/protocol.json -> nwkit-0.43.15/examples/shift/calibration-review
copying examples/shift/calibration-review/records.jsonl.gz -> nwkit-0.43.15/examples/shift/calibration-review
copying examples/shift/calibration-review/summary.json -> nwkit-0.43.15/examples/shift/calibration-review
copying examples/shift/calibration-review/source-snapshot/shift_alpha_design.py -> nwkit-0.43.15/examples/shift/calibration-review/source-snapshot
copying examples/shift/calibration-review/source-snapshot/shift_calibration.py -> nwkit-0.43.15/examples/shift/calibration-review/source-snapshot
copying examples/shift/calibration-review/source-snapshot/shift_calibration_audit.py -> nwkit-0.43.15/examples/shift/calibration-review/source-snapshot
copying examples/shift/calibration-review/source-snapshot/shift_candidates.py -> nwkit-0.43.15/examples/shift/calibration-review/source-snapshot
copying examples/shift/calibration-review/source-snapshot/shift_simulation_cases.py -> nwkit-0.43.15/examples/shift/calibration-review/source-snapshot
copying examples/shift/calibration-review/source-snapshot/validate_shift_calibration.py -> nwkit-0.43.15/examples/shift/calibration-review/source-snapshot
copying examples/shift/calibration-review/source-snapshot/verify_shift_calibration.py -> nwkit-0.43.15/examples/shift/calibration-review/source-snapshot
copying examples/shift/calibration-stress/protocol.json -> nwkit-0.43.15/examples/shift/calibration-stress
copying examples/shift/calibration-stress/records.jsonl.gz -> nwkit-0.43.15/examples/shift/calibration-stress
copying examples/shift/calibration-stress/summary.json -> nwkit-0.43.15/examples/shift/calibration-stress
copying examples/shift/calibration-stress/source-snapshot/shift_calibration.py -> nwkit-0.43.15/examples/shift/calibration-stress/source-snapshot
copying examples/shift/calibration-stress/source-snapshot/shift_candidates.py -> nwkit-0.43.15/examples/shift/calibration-stress/source-snapshot
copying examples/shift/calibration-stress/source-snapshot/stress_shift_calibration.py -> nwkit-0.43.15/examples/shift/calibration-stress/source-snapshot
copying examples/shift/calibration-validation/README.md -> nwkit-0.43.15/examples/shift/calibration-validation
copying examples/shift/calibration-validation/audit.json -> nwkit-0.43.15/examples/shift/calibration-validation
copying examples/shift/calibration-validation/default-null-records.jsonl.gz -> nwkit-0.43.15/examples/shift/calibration-validation
copying examples/shift/calibration-validation/protocol.json -> nwkit-0.43.15/examples/shift/calibration-validation
copying examples/shift/calibration-validation/records.jsonl.gz -> nwkit-0.43.15/examples/shift/calibration-validation
copying examples/shift/calibration-validation/summary.json -> nwkit-0.43.15/examples/shift/calibration-validation
copying examples/shift/calibration-validation/source-snapshot/shift_alpha_design.py -> nwkit-0.43.15/examples/shift/calibration-validation/source-snapshot
copying examples/shift/calibration-validation/source-snapshot/shift_calibration.py -> nwkit-0.43.15/examples/shift/calibration-validation/source-snapshot
copying examples/shift/calibration-validation/source-snapshot/shift_candidates.py -> nwkit-0.43.15/examples/shift/calibration-validation/source-snapshot
copying examples/shift/calibration-validation/source-snapshot/shift_simulation_cases.py -> nwkit-0.43.15/examples/shift/calibration-validation/source-snapshot
copying examples/shift/calibration-validation/source-snapshot/validate_shift_calibration.py -> nwkit-0.43.15/examples/shift/calibration-validation/source-snapshot
copying examples/shift/calibration-weak-null/README.md -> nwkit-0.43.15/examples/shift/calibration-weak-null
copying examples/shift/calibration-weak-null/audit.json -> nwkit-0.43.15/examples/shift/calibration-weak-null
copying examples/shift/calibration-weak-null/default-null-records.jsonl.gz -> nwkit-0.43.15/examples/shift/calibration-weak-null
copying examples/shift/calibration-weak-null/protocol.json -> nwkit-0.43.15/examples/shift/calibration-weak-null
copying examples/shift/calibration-weak-null/records.jsonl.gz -> nwkit-0.43.15/examples/shift/calibration-weak-null
copying examples/shift/calibration-weak-null/summary.json -> nwkit-0.43.15/examples/shift/calibration-weak-null
copying examples/shift/calibration-weak-null/source-snapshot/shift_alpha_design.py -> nwkit-0.43.15/examples/shift/calibration-weak-null/source-snapshot
copying examples/shift/calibration-weak-null/source-snapshot/shift_calibration.py -> nwkit-0.43.15/examples/shift/calibration-weak-null/source-snapshot
copying examples/shift/calibration-weak-null/source-snapshot/shift_calibration_audit.py -> nwkit-0.43.15/examples/shift/calibration-weak-null/source-snapshot
copying examples/shift/calibration-weak-null/source-snapshot/shift_candidates.py -> nwkit-0.43.15/examples/shift/calibration-weak-null/source-snapshot
copying examples/shift/calibration-weak-null/source-snapshot/shift_simulation_cases.py -> nwkit-0.43.15/examples/shift/calibration-weak-null/source-snapshot
copying examples/shift/calibration-weak-null/source-snapshot/validate_shift_calibration.py -> nwkit-0.43.15/examples/shift/calibration-weak-null/source-snapshot
copying examples/shift/calibration-weak-null/source-snapshot/verify_shift_calibration.py -> nwkit-0.43.15/examples/shift/calibration-weak-null/source-snapshot
copying examples/shift/confidence-development/audit.json -> nwkit-0.43.15/examples/shift/confidence-development
copying examples/shift/confidence-development/protocol.json -> nwkit-0.43.15/examples/shift/confidence-development
copying examples/shift/confidence-development/records.jsonl.gz -> nwkit-0.43.15/examples/shift/confidence-development
copying examples/shift/confidence-development/summary.json -> nwkit-0.43.15/examples/shift/confidence-development
copying examples/shift/confidence-development/source-snapshot/shift-calibration-final-protocol.md -> nwkit-0.43.15/examples/shift/confidence-development/source-snapshot
copying examples/shift/confidence-development/source-snapshot/shift_alpha_design.py -> nwkit-0.43.15/examples/shift/confidence-development/source-snapshot
copying examples/shift/confidence-development/source-snapshot/shift_calibration.py -> nwkit-0.43.15/examples/shift/confidence-development/source-snapshot
copying examples/shift/confidence-development/source-snapshot/shift_candidates.py -> nwkit-0.43.15/examples/shift/confidence-development/source-snapshot
copying examples/shift/confidence-development/source-snapshot/shift_confidence_calibration.py -> nwkit-0.43.15/examples/shift/confidence-development/source-snapshot
copying examples/shift/confidence-development/source-snapshot/shift_simulation_cases.py -> nwkit-0.43.15/examples/shift/confidence-development/source-snapshot
copying examples/shift/confidence-development/source-snapshot/try_shift_confidence_calibration.py -> nwkit-0.43.15/examples/shift/confidence-development/source-snapshot
copying examples/shift/confidence-pilot/protocol.json -> nwkit-0.43.15/examples/shift/confidence-pilot
copying examples/shift/confidence-pilot/records.jsonl.gz -> nwkit-0.43.15/examples/shift/confidence-pilot
copying examples/shift/confidence-pilot/summary.json -> nwkit-0.43.15/examples/shift/confidence-pilot
copying examples/shift/confidence-pilot/source-snapshot/shift-calibration-final-protocol.md -> nwkit-0.43.15/examples/shift/confidence-pilot/source-snapshot
copying examples/shift/confidence-pilot/source-snapshot/shift_alpha_design.py -> nwkit-0.43.15/examples/shift/confidence-pilot/source-snapshot
copying examples/shift/confidence-pilot/source-snapshot/shift_calibration.py -> nwkit-0.43.15/examples/shift/confidence-pilot/source-snapshot
copying examples/shift/confidence-pilot/source-snapshot/shift_candidates.py -> nwkit-0.43.15/examples/shift/confidence-pilot/source-snapshot
copying examples/shift/confidence-pilot/source-snapshot/shift_confidence_calibration.py -> nwkit-0.43.15/examples/shift/confidence-pilot/source-snapshot
copying examples/shift/confidence-pilot/source-snapshot/shift_simulation_cases.py -> nwkit-0.43.15/examples/shift/confidence-pilot/source-snapshot
copying examples/shift/confidence-pilot/source-snapshot/try_shift_confidence_calibration.py -> nwkit-0.43.15/examples/shift/confidence-pilot/source-snapshot
copying examples/shift/integration-audits/b999.json -> nwkit-0.43.15/examples/shift/integration-audits
copying examples/shift/integration-audits/focused-check.log -> nwkit-0.43.15/examples/shift/integration-audits
copying examples/shift/integration-audits/full-check.log -> nwkit-0.43.15/examples/shift/integration-audits
copying examples/shift/integration-audits/primary.json -> nwkit-0.43.15/examples/shift/integration-audits
copying examples/shift/integration-audits/software-checks.json -> nwkit-0.43.15/examples/shift/integration-audits
copying examples/shift/joint-validation/candidates.json -> nwkit-0.43.15/examples/shift/joint-validation
copying examples/shift/joint-validation/export.json -> nwkit-0.43.15/examples/shift/joint-validation
copying examples/shift/joint-validation/fit-manifests.json -> nwkit-0.43.15/examples/shift/joint-validation
copying examples/shift/joint-validation/inputs.json -> nwkit-0.43.15/examples/shift/joint-validation
copying examples/shift/joint-validation/manifest.json -> nwkit-0.43.15/examples/shift/joint-validation
copying examples/shift/joint-validation/models.json -> nwkit-0.43.15/examples/shift/joint-validation
copying examples/shift/joint-validation/records.json -> nwkit-0.43.15/examples/shift/joint-validation
copying examples/shift/joint-validation/source-snapshot.json -> nwkit-0.43.15/examples/shift/joint-validation
copying examples/shift/joint-validation-pbic-fixed/backend-provenance.json -> nwkit-0.43.15/examples/shift/joint-validation-pbic-fixed
copying examples/shift/joint-validation-pbic-fixed/candidates.json -> nwkit-0.43.15/examples/shift/joint-validation-pbic-fixed
copying examples/shift/joint-validation-pbic-fixed/export.json -> nwkit-0.43.15/examples/shift/joint-validation-pbic-fixed
copying examples/shift/joint-validation-pbic-fixed/fit-manifests.json -> nwkit-0.43.15/examples/shift/joint-validation-pbic-fixed
copying examples/shift/joint-validation-pbic-fixed/inputs.json -> nwkit-0.43.15/examples/shift/joint-validation-pbic-fixed
copying examples/shift/joint-validation-pbic-fixed/manifest.json -> nwkit-0.43.15/examples/shift/joint-validation-pbic-fixed
copying examples/shift/joint-validation-pbic-fixed/models.json -> nwkit-0.43.15/examples/shift/joint-validation-pbic-fixed
copying examples/shift/joint-validation-pbic-fixed/records.json -> nwkit-0.43.15/examples/shift/joint-validation-pbic-fixed
copying examples/shift/joint-validation-pbic-fixed/source-snapshot.json -> nwkit-0.43.15/examples/shift/joint-validation-pbic-fixed
copying examples/shift/known-error-diagnostic/README.md -> nwkit-0.43.15/examples/shift/known-error-diagnostic
copying examples/shift/known-error-diagnostic/audit.json -> nwkit-0.43.15/examples/shift/known-error-diagnostic
copying examples/shift/known-error-diagnostic/envelope-probe.json -> nwkit-0.43.15/examples/shift/known-error-diagnostic
copying examples/shift/known-error-diagnostic/envelope_probe.py -> nwkit-0.43.15/examples/shift/known-error-diagnostic
copying examples/shift/known-error-diagnostic/environment.json -> nwkit-0.43.15/examples/shift/known-error-diagnostic
copying examples/shift/known-error-diagnostic/protocol.json -> nwkit-0.43.15/examples/shift/known-error-diagnostic
copying examples/shift/known-error-diagnostic/records.jsonl.gz -> nwkit-0.43.15/examples/shift/known-error-diagnostic
copying examples/shift/known-error-diagnostic/summary.json -> nwkit-0.43.15/examples/shift/known-error-diagnostic
copying examples/shift/known-error-diagnostic/research-source/shift_known_error_envelope.py -> nwkit-0.43.15/examples/shift/known-error-diagnostic/research-source
copying examples/shift/known-error-diagnostic/source-snapshot/diagnose_shift_known_error.py -> nwkit-0.43.15/examples/shift/known-error-diagnostic/source-snapshot
copying examples/shift/known-error-diagnostic/source-snapshot/shift_calibration.py -> nwkit-0.43.15/examples/shift/known-error-diagnostic/source-snapshot
copying examples/shift/known-error-diagnostic/source-snapshot/shift_candidates.py -> nwkit-0.43.15/examples/shift/known-error-diagnostic/source-snapshot
copying examples/shift/known-error-diagnostic/source-snapshot/stress_shift_calibration.py -> nwkit-0.43.15/examples/shift/known-error-diagnostic/source-snapshot
copying examples/shift/known-error-timing-pilot/protocol.json -> nwkit-0.43.15/examples/shift/known-error-timing-pilot
copying examples/shift/known-error-timing-pilot/records.jsonl.gz -> nwkit-0.43.15/examples/shift/known-error-timing-pilot
copying examples/shift/known-error-timing-pilot/summary.json -> nwkit-0.43.15/examples/shift/known-error-timing-pilot
copying examples/shift/known-error-timing-pilot/source-snapshot/shift_calibration.py -> nwkit-0.43.15/examples/shift/known-error-timing-pilot/source-snapshot
copying examples/shift/known-error-timing-pilot/source-snapshot/shift_candidates.py -> nwkit-0.43.15/examples/shift/known-error-timing-pilot/source-snapshot
copying examples/shift/known-error-timing-pilot/source-snapshot/shift_continuous_reference.py -> nwkit-0.43.15/examples/shift/known-error-timing-pilot/source-snapshot
copying examples/shift/known-error-timing-pilot/source-snapshot/validate_shift_null_contract.py -> nwkit-0.43.15/examples/shift/known-error-timing-pilot/source-snapshot
copying examples/shift/null-contract-b999/protocol.json -> nwkit-0.43.15/examples/shift/null-contract-b999
copying examples/shift/null-contract-b999/records.jsonl.gz -> nwkit-0.43.15/examples/shift/null-contract-b999
copying examples/shift/null-contract-b999/summary.json -> nwkit-0.43.15/examples/shift/null-contract-b999
copying examples/shift/null-contract-b999/source-snapshot/shift_calibration.py -> nwkit-0.43.15/examples/shift/null-contract-b999/source-snapshot
copying examples/shift/null-contract-b999/source-snapshot/shift_candidates.py -> nwkit-0.43.15/examples/shift/null-contract-b999/source-snapshot
copying examples/shift/null-contract-b999/source-snapshot/shift_continuous_reference.py -> nwkit-0.43.15/examples/shift/null-contract-b999/source-snapshot
copying examples/shift/null-contract-b999/source-snapshot/validate_shift_null_contract.py -> nwkit-0.43.15/examples/shift/null-contract-b999/source-snapshot
copying examples/shift/null-contract-timing-pilot/protocol.json -> nwkit-0.43.15/examples/shift/null-contract-timing-pilot
copying examples/shift/null-contract-timing-pilot/records.jsonl.gz -> nwkit-0.43.15/examples/shift/null-contract-timing-pilot
copying examples/shift/null-contract-timing-pilot/summary.json -> nwkit-0.43.15/examples/shift/null-contract-timing-pilot
copying examples/shift/null-contract-timing-pilot/source-snapshot/shift_calibration.py -> nwkit-0.43.15/examples/shift/null-contract-timing-pilot/source-snapshot
copying examples/shift/null-contract-timing-pilot/source-snapshot/shift_candidates.py -> nwkit-0.43.15/examples/shift/null-contract-timing-pilot/source-snapshot
copying examples/shift/null-contract-timing-pilot/source-snapshot/shift_continuous_reference.py -> nwkit-0.43.15/examples/shift/null-contract-timing-pilot/source-snapshot
copying examples/shift/null-contract-timing-pilot/source-snapshot/validate_shift_null_contract.py -> nwkit-0.43.15/examples/shift/null-contract-timing-pilot/source-snapshot
copying examples/shift/null-contract-validation/protocol.json -> nwkit-0.43.15/examples/shift/null-contract-validation
copying examples/shift/null-contract-validation/records.jsonl.gz -> nwkit-0.43.15/examples/shift/null-contract-validation
copying examples/shift/null-contract-validation/summary.json -> nwkit-0.43.15/examples/shift/null-contract-validation
copying examples/shift/null-contract-validation/source-snapshot/shift_calibration.py -> nwkit-0.43.15/examples/shift/null-contract-validation/source-snapshot
copying examples/shift/null-contract-validation/source-snapshot/shift_candidates.py -> nwkit-0.43.15/examples/shift/null-contract-validation/source-snapshot
copying examples/shift/null-contract-validation/source-snapshot/shift_continuous_reference.py -> nwkit-0.43.15/examples/shift/null-contract-validation/source-snapshot
copying examples/shift/null-contract-validation/source-snapshot/validate_shift_null_contract.py -> nwkit-0.43.15/examples/shift/null-contract-validation/source-snapshot
copying examples/shift/pbic-correction/after.csv -> nwkit-0.43.15/examples/shift/pbic-correction
copying examples/shift/pbic-correction/backend-provenance.json -> nwkit-0.43.15/examples/shift/pbic-correction
copying examples/shift/pbic-correction/before.csv -> nwkit-0.43.15/examples/shift/pbic-correction
copying examples/shift/response-audits/SHA256SUMS.json -> nwkit-0.43.15/examples/shift/response-audits
copying examples/shift/response-audits/b999.json -> nwkit-0.43.15/examples/shift/response-audits
copying examples/shift/response-audits/continuous-fixture.json -> nwkit-0.43.15/examples/shift/response-audits
copying examples/shift/response-audits/environment.json -> nwkit-0.43.15/examples/shift/response-audits
copying examples/shift/response-audits/final-complexity.log -> nwkit-0.43.15/examples/shift/response-audits
copying examples/shift/response-audits/full-check.log -> nwkit-0.43.15/examples/shift/response-audits
copying examples/shift/response-audits/inherited-envelope.json -> nwkit-0.43.15/examples/shift/response-audits
copying examples/shift/response-audits/null-pilot.json -> nwkit-0.43.15/examples/shift/response-audits
copying examples/shift/response-audits/paired.json -> nwkit-0.43.15/examples/shift/response-audits
copying examples/shift/response-audits/primary.json -> nwkit-0.43.15/examples/shift/response-audits
copying examples/shift/response-audits/software-checks.json -> nwkit-0.43.15/examples/shift/response-audits
copying examples/shift/response-calibrated/effects.tsv -> nwkit-0.43.15/examples/shift/response-calibrated
copying examples/shift/response-calibrated/model.json -> nwkit-0.43.15/examples/shift/response-calibrated
copying examples/shift/response-calibrated/optima.tsv -> nwkit-0.43.15/examples/shift/response-calibrated
copying examples/shift/response-calibrated/predictions.tsv -> nwkit-0.43.15/examples/shift/response-calibrated
copying examples/shift/response-calibrated/regimes.tsv -> nwkit-0.43.15/examples/shift/response-calibrated
copying examples/shift/response-ic/effects.tsv -> nwkit-0.43.15/examples/shift/response-ic
copying examples/shift/response-ic/model.json -> nwkit-0.43.15/examples/shift/response-ic
copying examples/shift/response-ic/optima.tsv -> nwkit-0.43.15/examples/shift/response-ic
copying examples/shift/response-ic/predictions.tsv -> nwkit-0.43.15/examples/shift/response-ic
copying examples/shift/response-ic/regimes.tsv -> nwkit-0.43.15/examples/shift/response-ic
copying examples/shift/validation/cell-summary.json -> nwkit-0.43.15/examples/shift/validation
copying examples/shift/validation/export.json -> nwkit-0.43.15/examples/shift/validation
copying examples/shift/validation/inputs.json -> nwkit-0.43.15/examples/shift/validation
copying examples/shift/validation/manifests.json -> nwkit-0.43.15/examples/shift/validation
copying examples/shift/validation/records.csv -> nwkit-0.43.15/examples/shift/validation
copying examples/shift/validation/records.json -> nwkit-0.43.15/examples/shift/validation
copying examples/shift/validation/scenario-summary.json -> nwkit-0.43.15/examples/shift/validation
copying examples/shift/validation/source-snapshot.json -> nwkit-0.43.15/examples/shift/validation
copying examples/shift/validation/table.md -> nwkit-0.43.15/examples/shift/validation
copying examples/shift/validation-16tip/cell-summary.json -> nwkit-0.43.15/examples/shift/validation-16tip
copying examples/shift/validation-16tip/export.json -> nwkit-0.43.15/examples/shift/validation-16tip
copying examples/shift/validation-16tip/inputs.json -> nwkit-0.43.15/examples/shift/validation-16tip
copying examples/shift/validation-16tip/manifests.json -> nwkit-0.43.15/examples/shift/validation-16tip
copying examples/shift/validation-16tip/records.csv -> nwkit-0.43.15/examples/shift/validation-16tip
copying examples/shift/validation-16tip/records.json -> nwkit-0.43.15/examples/shift/validation-16tip
copying examples/shift/validation-16tip/scenario-summary.json -> nwkit-0.43.15/examples/shift/validation-16tip
copying examples/shift/validation-16tip/source-snapshot.json -> nwkit-0.43.15/examples/shift/validation-16tip
copying examples/shift/validation-16tip/table.md -> nwkit-0.43.15/examples/shift/validation-16tip
copying examples/signal/README.md -> nwkit-0.43.15/examples/signal
copying examples/signal/traits.tsv -> nwkit-0.43.15/examples/signal
copying examples/signal/tree.nwk -> nwkit-0.43.15/examples/signal
copying examples/stochastic_maps/README.md -> nwkit-0.43.15/examples/stochastic_maps
copying examples/stochastic_maps/probabilities.png -> nwkit-0.43.15/examples/stochastic_maps
copying examples/stochastic_maps/traits.tsv -> nwkit-0.43.15/examples/stochastic_maps
copying examples/stochastic_maps/tree.nwk -> nwkit-0.43.15/examples/stochastic_maps
copying examples/threshold/README.md -> nwkit-0.43.15/examples/threshold
copying examples/threshold/diagnostic-pilot-longer.json -> nwkit-0.43.15/examples/threshold
copying examples/threshold/diagnostic-pilot.json -> nwkit-0.43.15/examples/threshold
copying nwkit/__init__.py -> nwkit-0.43.15/nwkit
copying nwkit/__main__.py -> nwkit-0.43.15/nwkit
copying nwkit/annotate.py -> nwkit-0.43.15/nwkit
copying nwkit/asr.py -> nwkit-0.43.15/nwkit
copying nwkit/asr_averaging.py -> nwkit-0.43.15/nwkit
copying nwkit/asr_bootstrap_intervals.py -> nwkit-0.43.15/nwkit
copying nwkit/asr_compare.py -> nwkit-0.43.15/nwkit
copying nwkit/asr_compare_figure.py -> nwkit-0.43.15/nwkit
copying nwkit/asr_compare_panels.py -> nwkit-0.43.15/nwkit
copying nwkit/asr_comparison.py -> nwkit-0.43.15/nwkit
copying nwkit/asr_continuous_diagnostics.py -> nwkit-0.43.15/nwkit
copying nwkit/asr_cross_validation.py -> nwkit-0.43.15/nwkit
copying nwkit/asr_diagnostics.py -> nwkit-0.43.15/nwkit
copying nwkit/asr_discrete_cross_validation.py -> nwkit-0.43.15/nwkit
copying nwkit/asr_figure.py -> nwkit-0.43.15/nwkit
copying nwkit/asr_heatmap.py -> nwkit-0.43.15/nwkit
copying nwkit/asr_input.py -> nwkit-0.43.15/nwkit
copying nwkit/asr_latent.py -> nwkit-0.43.15/nwkit
copying nwkit/asr_models.py -> nwkit-0.43.15/nwkit
copying nwkit/asr_multivariate_diagnostics.py -> nwkit-0.43.15/nwkit
copying nwkit/asr_output.py -> nwkit-0.43.15/nwkit
copying nwkit/asr_paths.py -> nwkit-0.43.15/nwkit
copying nwkit/asr_regimes.py -> nwkit-0.43.15/nwkit
copying nwkit/asr_tip_labels.py -> nwkit-0.43.15/nwkit
copying nwkit/asr_tree_ensemble.py -> nwkit-0.43.15/nwkit
copying nwkit/branch_gaussian.py -> nwkit-0.43.15/nwkit
copying nwkit/branch_gaussian_asr.py -> nwkit-0.43.15/nwkit
copying nwkit/branch_gaussian_estimation.py -> nwkit-0.43.15/nwkit
copying nwkit/branch_gaussian_fit_spec.py -> nwkit-0.43.15/nwkit
copying nwkit/branch_gaussian_input.py -> nwkit-0.43.15/nwkit
copying nwkit/branch_gaussian_options.py -> nwkit-0.43.15/nwkit
copying nwkit/branch_gaussian_output.py -> nwkit-0.43.15/nwkit
copying nwkit/branch_gaussian_paths.py -> nwkit-0.43.15/nwkit
copying nwkit/clade_index.py -> nwkit-0.43.15/nwkit
copying nwkit/clade_mapping.py -> nwkit-0.43.15/nwkit
copying nwkit/cladefreq.py -> nwkit-0.43.15/nwkit
copying nwkit/cli.py -> nwkit-0.43.15/nwkit
copying nwkit/collapse.py -> nwkit-0.43.15/nwkit
copying nwkit/compiled_tree.py -> nwkit-0.43.15/nwkit
copying nwkit/compose.py -> nwkit-0.43.15/nwkit
copying nwkit/consensus.py -> nwkit-0.43.15/nwkit
copying nwkit/constrain.py -> nwkit-0.43.15/nwkit
copying nwkit/continuous_asr.py -> nwkit-0.43.15/nwkit
copying nwkit/continuous_asr_io.py -> nwkit-0.43.15/nwkit
copying nwkit/continuous_asr_optimize.py -> nwkit-0.43.15/nwkit
copying nwkit/continuous_asr_process.py -> nwkit-0.43.15/nwkit
copying nwkit/continuous_observation.py -> nwkit-0.43.15/nwkit
copying nwkit/contrast.py -> nwkit-0.43.15/nwkit
copying nwkit/conventions.py -> nwkit-0.43.15/nwkit
copying nwkit/convert.py -> nwkit-0.43.15/nwkit
copying nwkit/diff.py -> nwkit-0.43.15/nwkit
copying nwkit/discrete_asr_models.py -> nwkit-0.43.15/nwkit
copying nwkit/discrete_observation.py -> nwkit-0.43.15/nwkit
copying nwkit/disparity.py -> nwkit-0.43.15/nwkit
copying nwkit/dist.py -> nwkit-0.43.15/nwkit
copying nwkit/draw.py -> nwkit-0.43.15/nwkit
copying nwkit/draw_helpers.py -> nwkit-0.43.15/nwkit
copying nwkit/draw_layouts.py -> nwkit-0.43.15/nwkit
copying nwkit/draw_output.py -> nwkit-0.43.15/nwkit
copying nwkit/draw_prep.py -> nwkit-0.43.15/nwkit
copying nwkit/draw_quality.py -> nwkit-0.43.15/nwkit
copying nwkit/draw_render.py -> nwkit-0.43.15/nwkit
copying nwkit/draw_setup.py -> nwkit-0.43.15/nwkit
copying nwkit/draw_types.py -> nwkit-0.43.15/nwkit
copying nwkit/drop.py -> nwkit-0.43.15/nwkit
copying nwkit/dtt.py -> nwkit-0.43.15/nwkit
copying nwkit/dtt_cli.py -> nwkit-0.43.15/nwkit
copying nwkit/dtt_figure.py -> nwkit-0.43.15/nwkit
copying nwkit/event_regression.py -> nwkit-0.43.15/nwkit
copying nwkit/evolution.py -> nwkit-0.43.15/nwkit
copying nwkit/fasta.py -> nwkit-0.43.15/nwkit
copying nwkit/file_paths.py -> nwkit-0.43.15/nwkit
copying nwkit/full_ou.py -> nwkit-0.43.15/nwkit
copying nwkit/full_ou_fit.py -> nwkit-0.43.15/nwkit
copying nwkit/gaussian.py -> nwkit-0.43.15/nwkit
copying nwkit/gaussian_inference.py -> nwkit-0.43.15/nwkit
copying nwkit/gaussian_tree.py -> nwkit-0.43.15/nwkit
copying nwkit/gaussian_whitening.py -> nwkit-0.43.15/nwkit
copying nwkit/general_ou_asr.py -> nwkit-0.43.15/nwkit
copying nwkit/hidden_rate_asr.py -> nwkit-0.43.15/nwkit
copying nwkit/image.py -> nwkit-0.43.15/nwkit
copying nwkit/image_metadata.py -> nwkit-0.43.15/nwkit
copying nwkit/individual_asr.py -> nwkit-0.43.15/nwkit
copying nwkit/individual_covariance.py -> nwkit-0.43.15/nwkit
copying nwkit/info.py -> nwkit-0.43.15/nwkit
copying nwkit/intersection.py -> nwkit-0.43.15/nwkit
copying nwkit/iqtree_library.py -> nwkit-0.43.15/nwkit
copying nwkit/iqtree_worker.py -> nwkit-0.43.15/nwkit
copying nwkit/jump_asr.py -> nwkit-0.43.15/nwkit
copying nwkit/label.py -> nwkit-0.43.15/nwkit
copying nwkit/latent_gaussian.py -> nwkit-0.43.15/nwkit
copying nwkit/mark.py -> nwkit-0.43.15/nwkit
copying nwkit/markov_gaussian_asr.py -> nwkit-0.43.15/nwkit
copying nwkit/mcmc_diagnostics.py -> nwkit-0.43.15/nwkit
copying nwkit/mcmctree.py -> nwkit-0.43.15/nwkit
copying nwkit/measurement_error.py -> nwkit-0.43.15/nwkit
copying nwkit/model_matrix.py -> nwkit-0.43.15/nwkit
copying nwkit/model_specs.py -> nwkit-0.43.15/nwkit
copying nwkit/monophyly.py -> nwkit-0.43.15/nwkit
copying nwkit/multivariate_asr.py -> nwkit-0.43.15/nwkit
copying nwkit/multivariate_gaussian_asr.py -> nwkit-0.43.15/nwkit
copying nwkit/multivariate_pgls.py -> nwkit-0.43.15/nwkit
copying nwkit/nhx2nwk.py -> nwkit-0.43.15/nwkit
copying nwkit/nonstationary_continuous_asr.py -> nwkit-0.43.15/nwkit
copying nwkit/nwk2table.py -> nwkit-0.43.15/nwkit
copying nwkit/optimization.py -> nwkit-0.43.15/nwkit
copying nwkit/ordinary_regression.py -> nwkit-0.43.15/nwkit
copying nwkit/ou_asr.py -> nwkit-0.43.15/nwkit
copying nwkit/output_transaction.py -> nwkit-0.43.15/nwkit
copying nwkit/pagel_asr.py -> nwkit-0.43.15/nwkit
copying nwkit/pca.py -> nwkit-0.43.15/nwkit
copying nwkit/pca_cli.py -> nwkit-0.43.15/nwkit
copying nwkit/pca_figure.py -> nwkit-0.43.15/nwkit
copying nwkit/penalized_phylogenetic.py -> nwkit-0.43.15/nwkit
copying nwkit/phylogenetic_glmm.py -> nwkit-0.43.15/nwkit
copying nwkit/phylogenetic_pca.py -> nwkit-0.43.15/nwkit
copying nwkit/phylogenetic_predictive.py -> nwkit-0.43.15/nwkit
copying nwkit/printlabel.py -> nwkit-0.43.15/nwkit
copying nwkit/provenance.py -> nwkit-0.43.15/nwkit
copying nwkit/prune.py -> nwkit-0.43.15/nwkit
copying nwkit/radte.py -> nwkit-0.43.15/nwkit
copying nwkit/radte_calibrated.py -> nwkit-0.43.15/nwkit
copying nwkit/radte_cli.py -> nwkit-0.43.15/nwkit
copying nwkit/radte_codon.py -> nwkit-0.43.15/nwkit
copying nwkit/radte_compare.py -> nwkit-0.43.15/nwkit
copying nwkit/radte_compare_plot.py -> nwkit-0.43.15/nwkit
copying nwkit/radte_components.py -> nwkit-0.43.15/nwkit
copying nwkit/radte_ensemble.py -> nwkit-0.43.15/nwkit
copying nwkit/radte_exact_interval.py -> nwkit-0.43.15/nwkit
copying nwkit/radte_inputs.py -> nwkit-0.43.15/nwkit
copying nwkit/radte_iqtree.py -> nwkit-0.43.15/nwkit
copying nwkit/radte_marginal.py -> nwkit-0.43.15/nwkit
copying nwkit/radte_model.py -> nwkit-0.43.15/nwkit
copying nwkit/radte_paml.py -> nwkit-0.43.15/nwkit
copying nwkit/radte_sequence.py -> nwkit-0.43.15/nwkit
copying nwkit/radte_sequence_fit.py -> nwkit-0.43.15/nwkit
copying nwkit/radte_simulation.py -> nwkit-0.43.15/nwkit
copying nwkit/radte_species.py -> nwkit-0.43.15/nwkit
copying nwkit/radte_studentized.py -> nwkit-0.43.15/nwkit
copying nwkit/radte_uncertainty.py -> nwkit-0.43.15/nwkit
copying nwkit/reconcile.py -> nwkit-0.43.15/nwkit
copying nwkit/reconciliation_properties.py -> nwkit-0.43.15/nwkit
copying nwkit/regime_continuous_asr.py -> nwkit-0.43.15/nwkit
copying nwkit/regime_drift_asr.py -> nwkit-0.43.15/nwkit
copying nwkit/regime_gaussian_asr.py -> nwkit-0.43.15/nwkit
copying nwkit/regress.py -> nwkit-0.43.15/nwkit
copying nwkit/regression_inference.py -> nwkit-0.43.15/nwkit
copying nwkit/regression_observation.py -> nwkit-0.43.15/nwkit
copying nwkit/regression_pipeline.py -> nwkit-0.43.15/nwkit
copying nwkit/regression_selection.py -> nwkit-0.43.15/nwkit
copying nwkit/regression_selection_cli.py -> nwkit-0.43.15/nwkit
copying nwkit/rename.py -> nwkit-0.43.15/nwkit
copying nwkit/replicates.py -> nwkit-0.43.15/nwkit
copying nwkit/rescale.py -> nwkit-0.43.15/nwkit
copying nwkit/result_plot.py -> nwkit-0.43.15/nwkit
copying nwkit/result_plot_cli.py -> nwkit-0.43.15/nwkit
copying nwkit/result_plot_data.py -> nwkit-0.43.15/nwkit
copying nwkit/rf_distance.py -> nwkit-0.43.15/nwkit
copying nwkit/root.py -> nwkit-0.43.15/nwkit
copying nwkit/root_compare.py -> nwkit-0.43.15/nwkit
copying nwkit/root_evaluation.py -> nwkit-0.43.15/nwkit
copying nwkit/rooting_state.py -> nwkit-0.43.15/nwkit
copying nwkit/rsc_diagnostics.py -> nwkit-0.43.15/nwkit
copying nwkit/sample.py -> nwkit-0.43.15/nwkit
copying nwkit/sanitize.py -> nwkit-0.43.15/nwkit
copying nwkit/shift.py -> nwkit-0.43.15/nwkit
copying nwkit/shift_backend.py -> nwkit-0.43.15/nwkit
copying nwkit/shift_backend_probe.py -> nwkit-0.43.15/nwkit
copying nwkit/shift_bootstrap.py -> nwkit-0.43.15/nwkit
copying nwkit/shift_calibrated_output.py -> nwkit-0.43.15/nwkit
copying nwkit/shift_calibration.py -> nwkit-0.43.15/nwkit
copying nwkit/shift_candidates.py -> nwkit-0.43.15/nwkit
copying nwkit/shift_cli.py -> nwkit-0.43.15/nwkit
copying nwkit/shift_convergence.py -> nwkit-0.43.15/nwkit
copying nwkit/shift_joint_dense.py -> nwkit-0.43.15/nwkit
copying nwkit/shift_joint_fit.py -> nwkit-0.43.15/nwkit
copying nwkit/shift_joint_model.py -> nwkit-0.43.15/nwkit
copying nwkit/shift_joint_screen.py -> nwkit-0.43.15/nwkit
copying nwkit/shift_math.py -> nwkit-0.43.15/nwkit
copying nwkit/shift_native_bootstrap.py -> nwkit-0.43.15/nwkit
copying nwkit/shift_native_fit.py -> nwkit-0.43.15/nwkit
copying nwkit/shift_native_heuristic.py -> nwkit-0.43.15/nwkit
copying nwkit/shift_native_ic.py -> nwkit-0.43.15/nwkit
copying nwkit/shift_native_identifiability.py -> nwkit-0.43.15/nwkit
copying nwkit/shift_native_input.py -> nwkit-0.43.15/nwkit
copying nwkit/shift_native_limits.py -> nwkit-0.43.15/nwkit
copying nwkit/shift_native_model.py -> nwkit-0.43.15/nwkit
copying nwkit/shift_native_output.py -> nwkit-0.43.15/nwkit
copying nwkit/shift_native_path.py -> nwkit-0.43.15/nwkit
copying nwkit/shift_native_provenance.py -> nwkit-0.43.15/nwkit
copying nwkit/shift_native_quick.py -> nwkit-0.43.15/nwkit
copying nwkit/shift_native_screen.py -> nwkit-0.43.15/nwkit
copying nwkit/shift_native_search.py -> nwkit-0.43.15/nwkit
copying nwkit/shift_native_selection.py -> nwkit-0.43.15/nwkit
copying nwkit/shift_reference.py -> nwkit-0.43.15/nwkit
copying nwkit/shift_results.py -> nwkit-0.43.15/nwkit
copying nwkit/shift_simulation.py -> nwkit-0.43.15/nwkit
copying nwkit/shift_simulation_cli.py -> nwkit-0.43.15/nwkit
copying nwkit/shuffle.py -> nwkit-0.43.15/nwkit
copying nwkit/signal.py -> nwkit-0.43.15/nwkit
copying nwkit/signal_cli.py -> nwkit-0.43.15/nwkit
copying nwkit/signal_stats.py -> nwkit-0.43.15/nwkit
copying nwkit/skim.py -> nwkit-0.43.15/nwkit
copying nwkit/sparse_laplace.py -> nwkit-0.43.15/nwkit
copying nwkit/species_parser.py -> nwkit-0.43.15/nwkit
copying nwkit/stochastic_history.py -> nwkit-0.43.15/nwkit
copying nwkit/stochastic_map_io.py -> nwkit-0.43.15/nwkit
copying nwkit/stochastic_map_tables.py -> nwkit-0.43.15/nwkit
copying nwkit/subtree.py -> nwkit-0.43.15/nwkit
copying nwkit/table2nwk.py -> nwkit-0.43.15/nwkit
copying nwkit/threshold_asr.py -> nwkit-0.43.15/nwkit
copying nwkit/threshold_diagnostics.py -> nwkit-0.43.15/nwkit
copying nwkit/time_tree.py -> nwkit-0.43.15/nwkit
copying nwkit/trait_input.py -> nwkit-0.43.15/nwkit
copying nwkit/transfer.py -> nwkit-0.43.15/nwkit
copying nwkit/transformed_continuous_asr.py -> nwkit-0.43.15/nwkit
copying nwkit/tree_formats.py -> nwkit-0.43.15/nwkit
copying nwkit/tree_outputs.py -> nwkit-0.43.15/nwkit
copying nwkit/util.py -> nwkit-0.43.15/nwkit
copying nwkit/validate.py -> nwkit-0.43.15/nwkit
copying nwkit/vector_fit.py -> nwkit-0.43.15/nwkit
copying nwkit/vector_gaussian.py -> nwkit-0.43.15/nwkit
copying nwkit/vector_mean.py -> nwkit-0.43.15/nwkit
copying nwkit/vector_ou_fit.py -> nwkit-0.43.15/nwkit
copying nwkit/vector_processes.py -> nwkit-0.43.15/nwkit
copying nwkit/vector_simulation.py -> nwkit-0.43.15/nwkit
copying nwkit/vector_whitening.py -> nwkit-0.43.15/nwkit
copying nwkit.egg-info/PKG-INFO -> nwkit-0.43.15/nwkit.egg-info
copying nwkit.egg-info/SOURCES.txt -> nwkit-0.43.15/nwkit.egg-info
copying nwkit.egg-info/dependency_links.txt -> nwkit-0.43.15/nwkit.egg-info
copying nwkit.egg-info/entry_points.txt -> nwkit-0.43.15/nwkit.egg-info
copying nwkit.egg-info/requires.txt -> nwkit-0.43.15/nwkit.egg-info
copying nwkit.egg-info/top_level.txt -> nwkit-0.43.15/nwkit.egg-info
copying nwkit/data_iqtree/worker.cpp -> nwkit-0.43.15/nwkit/data_iqtree
copying nwkit/data_model/ECMrest.txt -> nwkit-0.43.15/nwkit/data_model
copying nwkit/data_model/ECMunrest.txt -> nwkit-0.43.15/nwkit/data_model
copying nwkit/data_model/lg.txt -> nwkit-0.43.15/nwkit/data_model
copying nwkit/data_tree/apgiv.nwk -> nwkit-0.43.15/nwkit/data_tree
copying reviews/shift-calibration-final-protocol.md -> nwkit-0.43.15/reviews
copying reviews/shift-calibration-review.md -> nwkit-0.43.15/reviews
copying reviews/shift-implementation-base.json -> nwkit-0.43.15/reviews
copying reviews/native-optimization-2026-09-11/AUDIT.md -> nwkit-0.43.15/reviews/native-optimization-2026-09-11
copying reviews/native-optimization-2026-09-11/REPORT.md -> nwkit-0.43.15/reviews/native-optimization-2026-09-11
copying reviews/native-optimization-2026-09-11/VERIFICATION.md -> nwkit-0.43.15/reviews/native-optimization-2026-09-11
copying reviews/native-optimization-2026-09-11/audit-dist.log -> nwkit-0.43.15/reviews/native-optimization-2026-09-11
copying reviews/native-optimization-2026-09-11/audit-full.log -> nwkit-0.43.15/reviews/native-optimization-2026-09-11
copying reviews/native-optimization-2026-09-11/changes.patch -> nwkit-0.43.15/reviews/native-optimization-2026-09-11
copying reviews/native-optimization-2026-09-11/distribution-audit.json -> nwkit-0.43.15/reviews/native-optimization-2026-09-11
copying reviews/native-optimization-2026-09-11/maintainability.log -> nwkit-0.43.15/reviews/native-optimization-2026-09-11
copying reviews/native-optimization-2026-09-11/numpy-build.txt -> nwkit-0.43.15/reviews/native-optimization-2026-09-11
copying reviews/native-optimization-2026-09-11/profile-before.txt -> nwkit-0.43.15/reviews/native-optimization-2026-09-11
copying reviews/native-optimization-2026-09-11/run_benchmarks.py -> nwkit-0.43.15/reviews/native-optimization-2026-09-11
copying reviews/native-optimization-2026-09-11/source-integrity.json -> nwkit-0.43.15/reviews/native-optimization-2026-09-11
copying reviews/native-optimization-2026-09-11/tests.log -> nwkit-0.43.15/reviews/native-optimization-2026-09-11
copying reviews/native-optimization-2026-09-11/final-measurements/balanced1000-1-fixed-after-0.json -> nwkit-0.43.15/reviews/native-optimization-2026-09-11/final-measurements
copying reviews/native-optimization-2026-09-11/final-measurements/balanced1000-1-fixed-after-1.json -> nwkit-0.43.15/reviews/native-optimization-2026-09-11/final-measurements
copying reviews/native-optimization-2026-09-11/final-measurements/balanced1000-1-fixed-after-2.json -> nwkit-0.43.15/reviews/native-optimization-2026-09-11/final-measurements
copying reviews/native-optimization-2026-09-11/final-measurements/balanced1000-1-fixed-before-0.json -> nwkit-0.43.15/reviews/native-optimization-2026-09-11/final-measurements
copying reviews/native-optimization-2026-09-11/final-measurements/balanced1000-1-fixed-before-1.json -> nwkit-0.43.15/reviews/native-optimization-2026-09-11/final-measurements
copying reviews/native-optimization-2026-09-11/final-measurements/balanced1000-1-fixed-before-2.json -> nwkit-0.43.15/reviews/native-optimization-2026-09-11/final-measurements
copying reviews/native-optimization-2026-09-11/final-measurements/balanced128-2-est-after-0.json -> nwkit-0.43.15/reviews/native-optimization-2026-09-11/final-measurements
copying reviews/native-optimization-2026-09-11/final-measurements/balanced128-2-est-after-1.json -> nwkit-0.43.15/reviews/native-optimization-2026-09-11/final-measurements
copying reviews/native-optimization-2026-09-11/final-measurements/balanced128-2-est-after-2.json -> nwkit-0.43.15/reviews/native-optimization-2026-09-11/final-measurements
copying reviews/native-optimization-2026-09-11/final-measurements/balanced128-2-est-before-0.json -> nwkit-0.43.15/reviews/native-optimization-2026-09-11/final-measurements
copying reviews/native-optimization-2026-09-11/final-measurements/balanced128-2-est-before-1.json -> nwkit-0.43.15/reviews/native-optimization-2026-09-11/final-measurements
copying reviews/native-optimization-2026-09-11/final-measurements/balanced128-2-est-before-2.json -> nwkit-0.43.15/reviews/native-optimization-2026-09-11/final-measurements
copying reviews/native-optimization-2026-09-11/final-measurements/balanced512-4-est-after-0.json -> nwkit-0.43.15/reviews/native-optimization-2026-09-11/final-measurements
copying reviews/native-optimization-2026-09-11/final-measurements/balanced512-4-est-after-1.json -> nwkit-0.43.15/reviews/native-optimization-2026-09-11/final-measurements
copying reviews/native-optimization-2026-09-11/final-measurements/balanced512-4-est-after-2.json -> nwkit-0.43.15/reviews/native-optimization-2026-09-11/final-measurements
copying reviews/native-optimization-2026-09-11/final-measurements/balanced512-4-est-before-0.json -> nwkit-0.43.15/reviews/native-optimization-2026-09-11/final-measurements
copying reviews/native-optimization-2026-09-11/final-measurements/balanced512-4-est-before-1.json -> nwkit-0.43.15/reviews/native-optimization-2026-09-11/final-measurements
copying reviews/native-optimization-2026-09-11/final-measurements/balanced512-4-est-before-2.json -> nwkit-0.43.15/reviews/native-optimization-2026-09-11/final-measurements
copying reviews/native-optimization-2026-09-11/final-measurements/equivalence.json -> nwkit-0.43.15/reviews/native-optimization-2026-09-11/final-measurements
copying reviews/native-optimization-2026-09-11/final-measurements/manifest.json -> nwkit-0.43.15/reviews/native-optimization-2026-09-11/final-measurements
copying reviews/native-optimization-2026-09-11/final-measurements/pectinate128-2-est-after-0.json -> nwkit-0.43.15/reviews/native-optimization-2026-09-11/final-measurements
copying reviews/native-optimization-2026-09-11/final-measurements/pectinate128-2-est-after-1.json -> nwkit-0.43.15/reviews/native-optimization-2026-09-11/final-measurements
copying reviews/native-optimization-2026-09-11/final-measurements/pectinate128-2-est-after-2.json -> nwkit-0.43.15/reviews/native-optimization-2026-09-11/final-measurements
copying reviews/native-optimization-2026-09-11/final-measurements/pectinate128-2-est-before-0.json -> nwkit-0.43.15/reviews/native-optimization-2026-09-11/final-measurements
copying reviews/native-optimization-2026-09-11/final-measurements/pectinate128-2-est-before-1.json -> nwkit-0.43.15/reviews/native-optimization-2026-09-11/final-measurements
copying reviews/native-optimization-2026-09-11/final-measurements/pectinate128-2-est-before-2.json -> nwkit-0.43.15/reviews/native-optimization-2026-09-11/final-measurements
copying reviews/native-optimization-2026-09-11/final-measurements/screen-balanced-increments-after-0.json -> nwkit-0.43.15/reviews/native-optimization-2026-09-11/final-measurements
copying reviews/native-optimization-2026-09-11/final-measurements/screen-balanced-increments-after-1.json -> nwkit-0.43.15/reviews/native-optimization-2026-09-11/final-measurements
copying reviews/native-optimization-2026-09-11/final-measurements/screen-balanced-increments-after-2.json -> nwkit-0.43.15/reviews/native-optimization-2026-09-11/final-measurements
copying reviews/native-optimization-2026-09-11/final-measurements/screen-balanced-increments-before-0.json -> nwkit-0.43.15/reviews/native-optimization-2026-09-11/final-measurements
copying reviews/native-optimization-2026-09-11/final-measurements/screen-balanced-increments-before-1.json -> nwkit-0.43.15/reviews/native-optimization-2026-09-11/final-measurements
copying reviews/native-optimization-2026-09-11/final-measurements/screen-balanced-increments-before-2.json -> nwkit-0.43.15/reviews/native-optimization-2026-09-11/final-measurements
copying reviews/native-optimization-2026-09-11/final-measurements/screen-balanced-standardized-after-0.json -> nwkit-0.43.15/reviews/native-optimization-2026-09-11/final-measurements
copying reviews/native-optimization-2026-09-11/final-measurements/screen-balanced-standardized-after-1.json -> nwkit-0.43.15/reviews/native-optimization-2026-09-11/final-measurements
copying reviews/native-optimization-2026-09-11/final-measurements/screen-balanced-standardized-after-2.json -> nwkit-0.43.15/reviews/native-optimization-2026-09-11/final-measurements
copying reviews/native-optimization-2026-09-11/final-measurements/screen-balanced-standardized-before-0.json -> nwkit-0.43.15/reviews/native-optimization-2026-09-11/final-measurements
copying reviews/native-optimization-2026-09-11/final-measurements/screen-balanced-standardized-before-1.json -> nwkit-0.43.15/reviews/native-optimization-2026-09-11/final-measurements
copying reviews/native-optimization-2026-09-11/final-measurements/screen-balanced-standardized-before-2.json -> nwkit-0.43.15/reviews/native-optimization-2026-09-11/final-measurements
copying reviews/native-optimization-2026-09-11/final-measurements/screen-pectinate-increments-after-0.json -> nwkit-0.43.15/reviews/native-optimization-2026-09-11/final-measurements
copying reviews/native-optimization-2026-09-11/final-measurements/screen-pectinate-increments-after-1.json -> nwkit-0.43.15/reviews/native-optimization-2026-09-11/final-measurements
copying reviews/native-optimization-2026-09-11/final-measurements/screen-pectinate-increments-after-2.json -> nwkit-0.43.15/reviews/native-optimization-2026-09-11/final-measurements
copying reviews/native-optimization-2026-09-11/final-measurements/screen-pectinate-increments-before-0.json -> nwkit-0.43.15/reviews/native-optimization-2026-09-11/final-measurements
copying reviews/native-optimization-2026-09-11/final-measurements/screen-pectinate-increments-before-1.json -> nwkit-0.43.15/reviews/native-optimization-2026-09-11/final-measurements
copying reviews/native-optimization-2026-09-11/final-measurements/screen-pectinate-increments-before-2.json -> nwkit-0.43.15/reviews/native-optimization-2026-09-11/final-measurements
copying reviews/native-optimization-2026-09-11/final-measurements/screen-pectinate-standardized-after-0.json -> nwkit-0.43.15/reviews/native-optimization-2026-09-11/final-measurements
copying reviews/native-optimization-2026-09-11/final-measurements/screen-pectinate-standardized-after-1.json -> nwkit-0.43.15/reviews/native-optimization-2026-09-11/final-measurements
copying reviews/native-optimization-2026-09-11/final-measurements/screen-pectinate-standardized-after-2.json -> nwkit-0.43.15/reviews/native-optimization-2026-09-11/final-measurements
copying reviews/native-optimization-2026-09-11/final-measurements/screen-pectinate-standardized-before-0.json -> nwkit-0.43.15/reviews/native-optimization-2026-09-11/final-measurements
copying reviews/native-optimization-2026-09-11/final-measurements/screen-pectinate-standardized-before-1.json -> nwkit-0.43.15/reviews/native-optimization-2026-09-11/final-measurements
copying reviews/native-optimization-2026-09-11/final-measurements/screen-pectinate-standardized-before-2.json -> nwkit-0.43.15/reviews/native-optimization-2026-09-11/final-measurements
copying reviews/native-optimization-2026-09-11/measured-source/benchmark_native_screen.py -> nwkit-0.43.15/reviews/native-optimization-2026-09-11/measured-source
copying reviews/native-optimization-2026-09-11/measured-source/run_benchmarks.py -> nwkit-0.43.15/reviews/native-optimization-2026-09-11/measured-source
copying reviews/native-optimization-2026-09-11/measurements/balanced1000-1-fixed-after-0.json -> nwkit-0.43.15/reviews/native-optimization-2026-09-11/measurements
copying reviews/native-optimization-2026-09-11/measurements/balanced1000-1-fixed-after-1.json -> nwkit-0.43.15/reviews/native-optimization-2026-09-11/measurements
copying reviews/native-optimization-2026-09-11/measurements/balanced1000-1-fixed-after-2.json -> nwkit-0.43.15/reviews/native-optimization-2026-09-11/measurements
copying reviews/native-optimization-2026-09-11/measurements/balanced1000-1-fixed-before-0.json -> nwkit-0.43.15/reviews/native-optimization-2026-09-11/measurements
copying reviews/native-optimization-2026-09-11/measurements/balanced1000-1-fixed-before-1.json -> nwkit-0.43.15/reviews/native-optimization-2026-09-11/measurements
copying reviews/native-optimization-2026-09-11/measurements/balanced1000-1-fixed-before-2.json -> nwkit-0.43.15/reviews/native-optimization-2026-09-11/measurements
copying reviews/native-optimization-2026-09-11/measurements/balanced128-2-est-after-0.json -> nwkit-0.43.15/reviews/native-optimization-2026-09-11/measurements
copying reviews/native-optimization-2026-09-11/measurements/balanced128-2-est-after-1.json -> nwkit-0.43.15/reviews/native-optimization-2026-09-11/measurements
copying reviews/native-optimization-2026-09-11/measurements/balanced128-2-est-after-2.json -> nwkit-0.43.15/reviews/native-optimization-2026-09-11/measurements
copying reviews/native-optimization-2026-09-11/measurements/balanced128-2-est-before-0.json -> nwkit-0.43.15/reviews/native-optimization-2026-09-11/measurements
copying reviews/native-optimization-2026-09-11/measurements/balanced128-2-est-before-1.json -> nwkit-0.43.15/reviews/native-optimization-2026-09-11/measurements
copying reviews/native-optimization-2026-09-11/measurements/balanced128-2-est-before-2.json -> nwkit-0.43.15/reviews/native-optimization-2026-09-11/measurements
copying reviews/native-optimization-2026-09-11/measurements/balanced512-4-est-after-0.json -> nwkit-0.43.15/reviews/native-optimization-2026-09-11/measurements
copying reviews/native-optimization-2026-09-11/measurements/balanced512-4-est-after-1.json -> nwkit-0.43.15/reviews/native-optimization-2026-09-11/measurements
copying reviews/native-optimization-2026-09-11/measurements/balanced512-4-est-after-2.json -> nwkit-0.43.15/reviews/native-optimization-2026-09-11/measurements
copying reviews/native-optimization-2026-09-11/measurements/balanced512-4-est-before-0.json -> nwkit-0.43.15/reviews/native-optimization-2026-09-11/measurements
copying reviews/native-optimization-2026-09-11/measurements/balanced512-4-est-before-1.json -> nwkit-0.43.15/reviews/native-optimization-2026-09-11/measurements
copying reviews/native-optimization-2026-09-11/measurements/balanced512-4-est-before-2.json -> nwkit-0.43.15/reviews/native-optimization-2026-09-11/measurements
copying reviews/native-optimization-2026-09-11/measurements/equivalence.json -> nwkit-0.43.15/reviews/native-optimization-2026-09-11/measurements
copying reviews/native-optimization-2026-09-11/measurements/manifest.json -> nwkit-0.43.15/reviews/native-optimization-2026-09-11/measurements
copying reviews/native-optimization-2026-09-11/measurements/pectinate128-2-est-after-0.json -> nwkit-0.43.15/reviews/native-optimization-2026-09-11/measurements
copying reviews/native-optimization-2026-09-11/measurements/pectinate128-2-est-after-1.json -> nwkit-0.43.15/reviews/native-optimization-2026-09-11/measurements
copying reviews/native-optimization-2026-09-11/measurements/pectinate128-2-est-after-2.json -> nwkit-0.43.15/reviews/native-optimization-2026-09-11/measurements
copying reviews/native-optimization-2026-09-11/measurements/pectinate128-2-est-before-0.json -> nwkit-0.43.15/reviews/native-optimization-2026-09-11/measurements
copying reviews/native-optimization-2026-09-11/measurements/pectinate128-2-est-before-1.json -> nwkit-0.43.15/reviews/native-optimization-2026-09-11/measurements
copying reviews/native-optimization-2026-09-11/measurements/pectinate128-2-est-before-2.json -> nwkit-0.43.15/reviews/native-optimization-2026-09-11/measurements
copying reviews/native-optimization-2026-09-11/measurements/screen-balanced-increments-after.json -> nwkit-0.43.15/reviews/native-optimization-2026-09-11/measurements
copying reviews/native-optimization-2026-09-11/measurements/screen-balanced-increments-before.json -> nwkit-0.43.15/reviews/native-optimization-2026-09-11/measurements
copying reviews/native-optimization-2026-09-11/measurements/screen-balanced-standardized-after.json -> nwkit-0.43.15/reviews/native-optimization-2026-09-11/measurements
copying reviews/native-optimization-2026-09-11/measurements/screen-balanced-standardized-before.json -> nwkit-0.43.15/reviews/native-optimization-2026-09-11/measurements
copying reviews/native-optimization-2026-09-11/measurements/screen-pectinate-increments-after.json -> nwkit-0.43.15/reviews/native-optimization-2026-09-11/measurements
copying reviews/native-optimization-2026-09-11/measurements/screen-pectinate-increments-before.json -> nwkit-0.43.15/reviews/native-optimization-2026-09-11/measurements
copying reviews/native-optimization-2026-09-11/measurements/screen-pectinate-standardized-after.json -> nwkit-0.43.15/reviews/native-optimization-2026-09-11/measurements
copying reviews/native-optimization-2026-09-11/measurements/screen-pectinate-standardized-before.json -> nwkit-0.43.15/reviews/native-optimization-2026-09-11/measurements
copying reviews/native-scale-2026-09-10/REPORT.md -> nwkit-0.43.15/reviews/native-scale-2026-09-10
copying reviews/native-scale-2026-09-10/before_shift_native_quick.py -> nwkit-0.43.15/reviews/native-scale-2026-09-10
copying reviews/native-scale-2026-09-10/before_shift_native_search.py -> nwkit-0.43.15/reviews/native-scale-2026-09-10
copying reviews/native-scale-2026-09-10/changes.patch -> nwkit-0.43.15/reviews/native-scale-2026-09-10
copying reviews/native-scale-2026-09-10/dist.log -> nwkit-0.43.15/reviews/native-scale-2026-09-10
copying reviews/native-scale-2026-09-10/maintainability.log -> nwkit-0.43.15/reviews/native-scale-2026-09-10
copying reviews/native-scale-2026-09-10/metadata.json -> nwkit-0.43.15/reviews/native-scale-2026-09-10
copying reviews/native-scale-2026-09-10/multi-alpha-test.log -> nwkit-0.43.15/reviews/native-scale-2026-09-10
copying reviews/native-scale-2026-09-10/profile-equivalence.json -> nwkit-0.43.15/reviews/native-scale-2026-09-10
copying reviews/native-scale-2026-09-10/profiles-balanced-2-after.json -> nwkit-0.43.15/reviews/native-scale-2026-09-10
copying reviews/native-scale-2026-09-10/profiles-balanced-2-before.json -> nwkit-0.43.15/reviews/native-scale-2026-09-10
copying reviews/native-scale-2026-09-10/profiles-balanced-4-after.json -> nwkit-0.43.15/reviews/native-scale-2026-09-10
copying reviews/native-scale-2026-09-10/profiles-balanced-4-before.json -> nwkit-0.43.15/reviews/native-scale-2026-09-10
copying reviews/native-scale-2026-09-10/profiles-pectinate-2-after.json -> nwkit-0.43.15/reviews/native-scale-2026-09-10
copying reviews/native-scale-2026-09-10/profiles-pectinate-2-before.json -> nwkit-0.43.15/reviews/native-scale-2026-09-10
copying reviews/native-scale-2026-09-10/profiles-pectinate-4-after.json -> nwkit-0.43.15/reviews/native-scale-2026-09-10
copying reviews/native-scale-2026-09-10/profiles-pectinate-4-before.json -> nwkit-0.43.15/reviews/native-scale-2026-09-10
copying reviews/native-scale-2026-09-10/search-after.json -> nwkit-0.43.15/reviews/native-scale-2026-09-10
copying reviews/native-scale-2026-09-10/search-before.json -> nwkit-0.43.15/reviews/native-scale-2026-09-10
copying reviews/native-scale-2026-09-10/search-equivalence.json -> nwkit-0.43.15/reviews/native-scale-2026-09-10
copying reviews/native-scale-2026-09-10/tests.log -> nwkit-0.43.15/reviews/native-scale-2026-09-10
copying reviews/native-scale-2026-09-10/types.log -> nwkit-0.43.15/reviews/native-scale-2026-09-10
copying reviews/native-scale-pilot-2026-09-11/PROTOCOL.md -> nwkit-0.43.15/reviews/native-scale-pilot-2026-09-11
copying reviews/native-scale-pilot-2026-09-11/REPORT.md -> nwkit-0.43.15/reviews/native-scale-pilot-2026-09-11
copying reviews/native-scale-pilot-2026-09-11/benchmark.py -> nwkit-0.43.15/reviews/native-scale-pilot-2026-09-11
copying reviews/native-scale-pilot-2026-09-11/benchmark_factors.py -> nwkit-0.43.15/reviews/native-scale-pilot-2026-09-11
copying reviews/native-scale-pilot-2026-09-11/benchmark_groups.py -> nwkit-0.43.15/reviews/native-scale-pilot-2026-09-11
copying reviews/native-scale-pilot-2026-09-11/candidate-equivalence.json -> nwkit-0.43.15/reviews/native-scale-pilot-2026-09-11
copying reviews/native-scale-pilot-2026-09-11/candidate-variants.json -> nwkit-0.43.15/reviews/native-scale-pilot-2026-09-11
copying reviews/native-scale-pilot-2026-09-11/candidate.patch -> nwkit-0.43.15/reviews/native-scale-pilot-2026-09-11
copying reviews/native-scale-pilot-2026-09-11/check_equivalence.py -> nwkit-0.43.15/reviews/native-scale-pilot-2026-09-11
copying reviews/native-scale-pilot-2026-09-11/check_screen_budget.py -> nwkit-0.43.15/reviews/native-scale-pilot-2026-09-11
copying reviews/native-scale-pilot-2026-09-11/compare_final.py -> nwkit-0.43.15/reviews/native-scale-pilot-2026-09-11
copying reviews/native-scale-pilot-2026-09-11/compare_variants.py -> nwkit-0.43.15/reviews/native-scale-pilot-2026-09-11
copying reviews/native-scale-pilot-2026-09-11/distribution-verification.json -> nwkit-0.43.15/reviews/native-scale-pilot-2026-09-11
copying reviews/native-scale-pilot-2026-09-11/equivalence.json -> nwkit-0.43.15/reviews/native-scale-pilot-2026-09-11
copying reviews/native-scale-pilot-2026-09-11/factors-after.json -> nwkit-0.43.15/reviews/native-scale-pilot-2026-09-11
copying reviews/native-scale-pilot-2026-09-11/factors-before.json -> nwkit-0.43.15/reviews/native-scale-pilot-2026-09-11
copying reviews/native-scale-pilot-2026-09-11/factors-exact.json -> nwkit-0.43.15/reviews/native-scale-pilot-2026-09-11
copying reviews/native-scale-pilot-2026-09-11/factors-production.json -> nwkit-0.43.15/reviews/native-scale-pilot-2026-09-11
copying reviews/native-scale-pilot-2026-09-11/final-variants.json -> nwkit-0.43.15/reviews/native-scale-pilot-2026-09-11
copying reviews/native-scale-pilot-2026-09-11/final-verification.json -> nwkit-0.43.15/reviews/native-scale-pilot-2026-09-11
copying reviews/native-scale-pilot-2026-09-11/final.patch -> nwkit-0.43.15/reviews/native-scale-pilot-2026-09-11
copying reviews/native-scale-pilot-2026-09-11/groups-before.json -> nwkit-0.43.15/reviews/native-scale-pilot-2026-09-11
copying reviews/native-scale-pilot-2026-09-11/groups-production.json -> nwkit-0.43.15/reviews/native-scale-pilot-2026-09-11
copying reviews/native-scale-pilot-2026-09-11/hypot-verification.json -> nwkit-0.43.15/reviews/native-scale-pilot-2026-09-11
copying reviews/native-scale-pilot-2026-09-11/quality-dist.log -> nwkit-0.43.15/reviews/native-scale-pilot-2026-09-11
copying reviews/native-scale-pilot-2026-09-11/quality-maintainability.log -> nwkit-0.43.15/reviews/native-scale-pilot-2026-09-11
copying reviews/native-scale-pilot-2026-09-11/quality-quick.log -> nwkit-0.43.15/reviews/native-scale-pilot-2026-09-11
copying reviews/native-scale-pilot-2026-09-11/quality-results.json -> nwkit-0.43.15/reviews/native-scale-pilot-2026-09-11
copying reviews/native-scale-pilot-2026-09-11/quality-source.json -> nwkit-0.43.15/reviews/native-scale-pilot-2026-09-11
copying reviews/native-scale-pilot-2026-09-11/reproduction-verification.json -> nwkit-0.43.15/reviews/native-scale-pilot-2026-09-11
copying reviews/native-scale-pilot-2026-09-11/rounded-equivalence.json -> nwkit-0.43.15/reviews/native-scale-pilot-2026-09-11
copying reviews/native-scale-pilot-2026-09-11/rounded-source-integrity.json -> nwkit-0.43.15/reviews/native-scale-pilot-2026-09-11
copying reviews/native-scale-pilot-2026-09-11/rounded-variants.json -> nwkit-0.43.15/reviews/native-scale-pilot-2026-09-11
copying reviews/native-scale-pilot-2026-09-11/rounded.patch -> nwkit-0.43.15/reviews/native-scale-pilot-2026-09-11
copying reviews/native-scale-pilot-2026-09-11/run_final_after.py -> nwkit-0.43.15/reviews/native-scale-pilot-2026-09-11
copying reviews/native-scale-pilot-2026-09-11/run_final_followups.py -> nwkit-0.43.15/reviews/native-scale-pilot-2026-09-11
copying reviews/native-scale-pilot-2026-09-11/run_followups.py -> nwkit-0.43.15/reviews/native-scale-pilot-2026-09-11
copying reviews/native-scale-pilot-2026-09-11/run_pilot.py -> nwkit-0.43.15/reviews/native-scale-pilot-2026-09-11
copying reviews/native-scale-pilot-2026-09-11/screen-1000.json -> nwkit-0.43.15/reviews/native-scale-pilot-2026-09-11
copying reviews/native-scale-pilot-2026-09-11/screen-150.json -> nwkit-0.43.15/reviews/native-scale-pilot-2026-09-11
copying reviews/native-scale-pilot-2026-09-11/source-integrity.json -> nwkit-0.43.15/reviews/native-scale-pilot-2026-09-11
copying reviews/native-scale-pilot-2026-09-11/source.json -> nwkit-0.43.15/reviews/native-scale-pilot-2026-09-11
copying reviews/native-scale-pilot-2026-09-11/v1.patch -> nwkit-0.43.15/reviews/native-scale-pilot-2026-09-11
copying reviews/native-scale-pilot-2026-09-11/v2.patch -> nwkit-0.43.15/reviews/native-scale-pilot-2026-09-11
copying reviews/native-scale-pilot-2026-09-11/variants.json -> nwkit-0.43.15/reviews/native-scale-pilot-2026-09-11
copying reviews/native-scale-pilot-2026-09-11/verify_final.py -> nwkit-0.43.15/reviews/native-scale-pilot-2026-09-11
copying reviews/native-scale-pilot-2026-09-11/workflow-verification.json -> nwkit-0.43.15/reviews/native-scale-pilot-2026-09-11
copying reviews/native-scale-pilot-2026-09-11/candidate-comparisons/fit10-known-after-0.json -> nwkit-0.43.15/reviews/native-scale-pilot-2026-09-11/candidate-comparisons
copying reviews/native-scale-pilot-2026-09-11/candidate-comparisons/fit10-known-after-0.log -> nwkit-0.43.15/reviews/native-scale-pilot-2026-09-11/candidate-comparisons
copying reviews/native-scale-pilot-2026-09-11/candidate-comparisons/fit10-known-after-1.json -> nwkit-0.43.15/reviews/native-scale-pilot-2026-09-11/candidate-comparisons
copying reviews/native-scale-pilot-2026-09-11/candidate-comparisons/fit10-known-after-1.log -> nwkit-0.43.15/reviews/native-scale-pilot-2026-09-11/candidate-comparisons
copying reviews/native-scale-pilot-2026-09-11/candidate-comparisons/fit10-known-after-2.json -> nwkit-0.43.15/reviews/native-scale-pilot-2026-09-11/candidate-comparisons
copying reviews/native-scale-pilot-2026-09-11/candidate-comparisons/fit10-known-after-2.log -> nwkit-0.43.15/reviews/native-scale-pilot-2026-09-11/candidate-comparisons
copying reviews/native-scale-pilot-2026-09-11/candidate-comparisons/fit10-known-before-0.json -> nwkit-0.43.15/reviews/native-scale-pilot-2026-09-11/candidate-comparisons
copying reviews/native-scale-pilot-2026-09-11/candidate-comparisons/fit10-known-before-0.log -> nwkit-0.43.15/reviews/native-scale-pilot-2026-09-11/candidate-comparisons
copying reviews/native-scale-pilot-2026-09-11/candidate-comparisons/fit10-known-before-1.json -> nwkit-0.43.15/reviews/native-scale-pilot-2026-09-11/candidate-comparisons
copying reviews/native-scale-pilot-2026-09-11/candidate-comparisons/fit10-known-before-1.log -> nwkit-0.43.15/reviews/native-scale-pilot-2026-09-11/candidate-comparisons
copying reviews/native-scale-pilot-2026-09-11/candidate-comparisons/fit10-known-before-2.json -> nwkit-0.43.15/reviews/native-scale-pilot-2026-09-11/candidate-comparisons
copying reviews/native-scale-pilot-2026-09-11/candidate-comparisons/fit10-known-before-2.log -> nwkit-0.43.15/reviews/native-scale-pilot-2026-09-11/candidate-comparisons
copying reviews/native-scale-pilot-2026-09-11/candidate-comparisons/fit10-pectinate-after-0.json -> nwkit-0.43.15/reviews/native-scale-pilot-2026-09-11/candidate-comparisons
copying reviews/native-scale-pilot-2026-09-11/candidate-comparisons/fit10-pectinate-after-0.log -> nwkit-0.43.15/reviews/native-scale-pilot-2026-09-11/candidate-comparisons
copying reviews/native-scale-pilot-2026-09-11/candidate-comparisons/fit10-pectinate-after-1.json -> nwkit-0.43.15/reviews/native-scale-pilot-2026-09-11/candidate-comparisons
copying reviews/native-scale-pilot-2026-09-11/candidate-comparisons/fit10-pectinate-after-1.log -> nwkit-0.43.15/reviews/native-scale-pilot-2026-09-11/candidate-comparisons
copying reviews/native-scale-pilot-2026-09-11/candidate-comparisons/fit10-pectinate-after-2.json -> nwkit-0.43.15/reviews/native-scale-pilot-2026-09-11/candidate-comparisons
copying reviews/native-scale-pilot-2026-09-11/candidate-comparisons/fit10-pectinate-after-2.log -> nwkit-0.43.15/reviews/native-scale-pilot-2026-09-11/candidate-comparisons
copying reviews/native-scale-pilot-2026-09-11/candidate-comparisons/fit10-pectinate-before-0.json -> nwkit-0.43.15/reviews/native-scale-pilot-2026-09-11/candidate-comparisons
copying reviews/native-scale-pilot-2026-09-11/candidate-comparisons/fit10-pectinate-before-0.log -> nwkit-0.43.15/reviews/native-scale-pilot-2026-09-11/candidate-comparisons
copying reviews/native-scale-pilot-2026-09-11/candidate-comparisons/fit10-pectinate-before-1.json -> nwkit-0.43.15/reviews/native-scale-pilot-2026-09-11/candidate-comparisons
copying reviews/native-scale-pilot-2026-09-11/candidate-comparisons/fit10-pectinate-before-1.log -> nwkit-0.43.15/reviews/native-scale-pilot-2026-09-11/candidate-comparisons
copying reviews/native-scale-pilot-2026-09-11/candidate-comparisons/fit10-pectinate-before-2.json -> nwkit-0.43.15/reviews/native-scale-pilot-2026-09-11/candidate-comparisons
copying reviews/native-scale-pilot-2026-09-11/candidate-comparisons/fit10-pectinate-before-2.log -> nwkit-0.43.15/reviews/native-scale-pilot-2026-09-11/candidate-comparisons
copying reviews/native-scale-pilot-2026-09-11/candidate-comparisons/fit100-after-0.json -> nwkit-0.43.15/reviews/native-scale-pilot-2026-09-11/candidate-comparisons
copying reviews/native-scale-pilot-2026-09-11/candidate-comparisons/fit100-after-0.log -> nwkit-0.43.15/reviews/native-scale-pilot-2026-09-11/candidate-comparisons
copying reviews/native-scale-pilot-2026-09-11/candidate-comparisons/fit100-after-1.json -> nwkit-0.43.15/reviews/native-scale-pilot-2026-09-11/candidate-comparisons
copying reviews/native-scale-pilot-2026-09-11/candidate-comparisons/fit100-after-1.log -> nwkit-0.43.15/reviews/native-scale-pilot-2026-09-11/candidate-comparisons
copying reviews/native-scale-pilot-2026-09-11/candidate-comparisons/fit100-after-2.json -> nwkit-0.43.15/reviews/native-scale-pilot-2026-09-11/candidate-comparisons
copying reviews/native-scale-pilot-2026-09-11/candidate-comparisons/fit100-after-2.log -> nwkit-0.43.15/reviews/native-scale-pilot-2026-09-11/candidate-comparisons
copying reviews/native-scale-pilot-2026-09-11/candidate-comparisons/fit100-before-0.json -> nwkit-0.43.15/reviews/native-scale-pilot-2026-09-11/candidate-comparisons
copying reviews/native-scale-pilot-2026-09-11/candidate-comparisons/fit100-before-0.log -> nwkit-0.43.15/reviews/native-scale-pilot-2026-09-11/candidate-comparisons
copying reviews/native-scale-pilot-2026-09-11/candidate-comparisons/fit100-before-1.json -> nwkit-0.43.15/reviews/native-scale-pilot-2026-09-11/candidate-comparisons
copying reviews/native-scale-pilot-2026-09-11/candidate-comparisons/fit100-before-1.log -> nwkit-0.43.15/reviews/native-scale-pilot-2026-09-11/candidate-comparisons
copying reviews/native-scale-pilot-2026-09-11/candidate-comparisons/fit100-before-2.json -> nwkit-0.43.15/reviews/native-scale-pilot-2026-09-11/candidate-comparisons
copying reviews/native-scale-pilot-2026-09-11/candidate-comparisons/fit100-before-2.log -> nwkit-0.43.15/reviews/native-scale-pilot-2026-09-11/candidate-comparisons
copying reviews/native-scale-pilot-2026-09-11/candidate-comparisons/search10-after-0.json -> nwkit-0.43.15/reviews/native-scale-pilot-2026-09-11/candidate-comparisons
copying reviews/native-scale-pilot-2026-09-11/candidate-comparisons/search10-after-0.log -> nwkit-0.43.15/reviews/native-scale-pilot-2026-09-11/candidate-comparisons
copying reviews/native-scale-pilot-2026-09-11/candidate-comparisons/search10-after-1.json -> nwkit-0.43.15/reviews/native-scale-pilot-2026-09-11/candidate-comparisons
copying reviews/native-scale-pilot-2026-09-11/candidate-comparisons/search10-after-1.log -> nwkit-0.43.15/reviews/native-scale-pilot-2026-09-11/candidate-comparisons
copying reviews/native-scale-pilot-2026-09-11/candidate-comparisons/search10-after-2.json -> nwkit-0.43.15/reviews/native-scale-pilot-2026-09-11/candidate-comparisons
copying reviews/native-scale-pilot-2026-09-11/candidate-comparisons/search10-after-2.log -> nwkit-0.43.15/reviews/native-scale-pilot-2026-09-11/candidate-comparisons
copying reviews/native-scale-pilot-2026-09-11/candidate-comparisons/search10-before-0.json -> nwkit-0.43.15/reviews/native-scale-pilot-2026-09-11/candidate-comparisons
copying reviews/native-scale-pilot-2026-09-11/candidate-comparisons/search10-before-0.log -> nwkit-0.43.15/reviews/native-scale-pilot-2026-09-11/candidate-comparisons
copying reviews/native-scale-pilot-2026-09-11/candidate-comparisons/search10-before-1.json -> nwkit-0.43.15/reviews/native-scale-pilot-2026-09-11/candidate-comparisons
copying reviews/native-scale-pilot-2026-09-11/candidate-comparisons/search10-before-1.log -> nwkit-0.43.15/reviews/native-scale-pilot-2026-09-11/candidate-comparisons
copying reviews/native-scale-pilot-2026-09-11/candidate-comparisons/search10-before-2.json -> nwkit-0.43.15/reviews/native-scale-pilot-2026-09-11/candidate-comparisons
copying reviews/native-scale-pilot-2026-09-11/candidate-comparisons/search10-before-2.log -> nwkit-0.43.15/reviews/native-scale-pilot-2026-09-11/candidate-comparisons
copying reviews/native-scale-pilot-2026-09-11/comparisons/STOPPED.md -> nwkit-0.43.15/reviews/native-scale-pilot-2026-09-11/comparisons
copying reviews/native-scale-pilot-2026-09-11/comparisons/fit10-pectinate-v0-0.json -> nwkit-0.43.15/reviews/native-scale-pilot-2026-09-11/comparisons
copying reviews/native-scale-pilot-2026-09-11/comparisons/fit10-pectinate-v0-0.log -> nwkit-0.43.15/reviews/native-scale-pilot-2026-09-11/comparisons
copying reviews/native-scale-pilot-2026-09-11/comparisons/fit10-pectinate-v0-1.json -> nwkit-0.43.15/reviews/native-scale-pilot-2026-09-11/comparisons
copying reviews/native-scale-pilot-2026-09-11/comparisons/fit10-pectinate-v0-1.log -> nwkit-0.43.15/reviews/native-scale-pilot-2026-09-11/comparisons
copying reviews/native-scale-pilot-2026-09-11/comparisons/fit10-pectinate-v0-2.json -> nwkit-0.43.15/reviews/native-scale-pilot-2026-09-11/comparisons
copying reviews/native-scale-pilot-2026-09-11/comparisons/fit10-pectinate-v0-2.log -> nwkit-0.43.15/reviews/native-scale-pilot-2026-09-11/comparisons
copying reviews/native-scale-pilot-2026-09-11/comparisons/fit10-pectinate-v1-0.json -> nwkit-0.43.15/reviews/native-scale-pilot-2026-09-11/comparisons
copying reviews/native-scale-pilot-2026-09-11/comparisons/fit10-pectinate-v1-0.log -> nwkit-0.43.15/reviews/native-scale-pilot-2026-09-11/comparisons
copying reviews/native-scale-pilot-2026-09-11/comparisons/fit10-pectinate-v1-1.json -> nwkit-0.43.15/reviews/native-scale-pilot-2026-09-11/comparisons
copying reviews/native-scale-pilot-2026-09-11/comparisons/fit10-pectinate-v1-1.log -> nwkit-0.43.15/reviews/native-scale-pilot-2026-09-11/comparisons
copying reviews/native-scale-pilot-2026-09-11/comparisons/fit10-pectinate-v1-2.json -> nwkit-0.43.15/reviews/native-scale-pilot-2026-09-11/comparisons
copying reviews/native-scale-pilot-2026-09-11/comparisons/fit10-pectinate-v1-2.log -> nwkit-0.43.15/reviews/native-scale-pilot-2026-09-11/comparisons
copying reviews/native-scale-pilot-2026-09-11/comparisons/fit10-pectinate-v2-0.json -> nwkit-0.43.15/reviews/native-scale-pilot-2026-09-11/comparisons
copying reviews/native-scale-pilot-2026-09-11/comparisons/fit10-pectinate-v2-0.log -> nwkit-0.43.15/reviews/native-scale-pilot-2026-09-11/comparisons
copying reviews/native-scale-pilot-2026-09-11/comparisons/fit10-pectinate-v2-1.json -> nwkit-0.43.15/reviews/native-scale-pilot-2026-09-11/comparisons
copying reviews/native-scale-pilot-2026-09-11/comparisons/fit10-pectinate-v2-1.log -> nwkit-0.43.15/reviews/native-scale-pilot-2026-09-11/comparisons
copying reviews/native-scale-pilot-2026-09-11/comparisons/fit10-pectinate-v2-2.json -> nwkit-0.43.15/reviews/native-scale-pilot-2026-09-11/comparisons
copying reviews/native-scale-pilot-2026-09-11/comparisons/fit10-pectinate-v2-2.log -> nwkit-0.43.15/reviews/native-scale-pilot-2026-09-11/comparisons
copying reviews/native-scale-pilot-2026-09-11/comparisons/fit100-v0-0.json -> nwkit-0.43.15/reviews/native-scale-pilot-2026-09-11/comparisons
copying reviews/native-scale-pilot-2026-09-11/comparisons/fit100-v0-0.log -> nwkit-0.43.15/reviews/native-scale-pilot-2026-09-11/comparisons
copying reviews/native-scale-pilot-2026-09-11/comparisons/fit100-v0-1.json -> nwkit-0.43.15/reviews/native-scale-pilot-2026-09-11/comparisons
copying reviews/native-scale-pilot-2026-09-11/comparisons/fit100-v0-1.log -> nwkit-0.43.15/reviews/native-scale-pilot-2026-09-11/comparisons
copying reviews/native-scale-pilot-2026-09-11/comparisons/fit100-v0-2.json -> nwkit-0.43.15/reviews/native-scale-pilot-2026-09-11/comparisons
copying reviews/native-scale-pilot-2026-09-11/comparisons/fit100-v0-2.log -> nwkit-0.43.15/reviews/native-scale-pilot-2026-09-11/comparisons
copying reviews/native-scale-pilot-2026-09-11/comparisons/fit100-v1-0.json -> nwkit-0.43.15/reviews/native-scale-pilot-2026-09-11/comparisons
copying reviews/native-scale-pilot-2026-09-11/comparisons/fit100-v1-0.log -> nwkit-0.43.15/reviews/native-scale-pilot-2026-09-11/comparisons
copying reviews/native-scale-pilot-2026-09-11/comparisons/fit100-v1-1.json -> nwkit-0.43.15/reviews/native-scale-pilot-2026-09-11/comparisons
copying reviews/native-scale-pilot-2026-09-11/comparisons/fit100-v1-1.log -> nwkit-0.43.15/reviews/native-scale-pilot-2026-09-11/comparisons
copying reviews/native-scale-pilot-2026-09-11/comparisons/fit100-v1-2.json -> nwkit-0.43.15/reviews/native-scale-pilot-2026-09-11/comparisons
copying reviews/native-scale-pilot-2026-09-11/comparisons/fit100-v1-2.log -> nwkit-0.43.15/reviews/native-scale-pilot-2026-09-11/comparisons
copying reviews/native-scale-pilot-2026-09-11/comparisons/fit100-v2-0.json -> nwkit-0.43.15/reviews/native-scale-pilot-2026-09-11/comparisons
copying reviews/native-scale-pilot-2026-09-11/comparisons/fit100-v2-0.log -> nwkit-0.43.15/reviews/native-scale-pilot-2026-09-11/comparisons
copying reviews/native-scale-pilot-2026-09-11/comparisons/fit100-v2-1.json -> nwkit-0.43.15/reviews/native-scale-pilot-2026-09-11/comparisons
copying reviews/native-scale-pilot-2026-09-11/comparisons/fit100-v2-1.log -> nwkit-0.43.15/reviews/native-scale-pilot-2026-09-11/comparisons
copying reviews/native-scale-pilot-2026-09-11/comparisons/fit100-v2-2.json -> nwkit-0.43.15/reviews/native-scale-pilot-2026-09-11/comparisons
copying reviews/native-scale-pilot-2026-09-11/comparisons/fit100-v2-2.log -> nwkit-0.43.15/reviews/native-scale-pilot-2026-09-11/comparisons
copying reviews/native-scale-pilot-2026-09-11/comparisons/search10-v0-0.json -> nwkit-0.43.15/reviews/native-scale-pilot-2026-09-11/comparisons
copying reviews/native-scale-pilot-2026-09-11/comparisons/search10-v0-0.log -> nwkit-0.43.15/reviews/native-scale-pilot-2026-09-11/comparisons
copying reviews/native-scale-pilot-2026-09-11/comparisons/search10-v1-0.json -> nwkit-0.43.15/reviews/native-scale-pilot-2026-09-11/comparisons
copying reviews/native-scale-pilot-2026-09-11/comparisons/search10-v1-0.log -> nwkit-0.43.15/reviews/native-scale-pilot-2026-09-11/comparisons
copying reviews/native-scale-pilot-2026-09-11/comparisons/search10-v1-1.json -> nwkit-0.43.15/reviews/native-scale-pilot-2026-09-11/comparisons
copying reviews/native-scale-pilot-2026-09-11/comparisons/search10-v1-1.log -> nwkit-0.43.15/reviews/native-scale-pilot-2026-09-11/comparisons
copying reviews/native-scale-pilot-2026-09-11/comparisons/search10-v2-0.json -> nwkit-0.43.15/reviews/native-scale-pilot-2026-09-11/comparisons
copying reviews/native-scale-pilot-2026-09-11/comparisons/search10-v2-0.log -> nwkit-0.43.15/reviews/native-scale-pilot-2026-09-11/comparisons
copying reviews/native-scale-pilot-2026-09-11/comparisons/search10-v2-1.json -> nwkit-0.43.15/reviews/native-scale-pilot-2026-09-11/comparisons
copying reviews/native-scale-pilot-2026-09-11/comparisons/search10-v2-1.log -> nwkit-0.43.15/reviews/native-scale-pilot-2026-09-11/comparisons
copying reviews/native-scale-pilot-2026-09-11/final-comparisons/fit10-known-after-0.json -> nwkit-0.43.15/reviews/native-scale-pilot-2026-09-11/final-comparisons
copying reviews/native-scale-pilot-2026-09-11/final-comparisons/fit10-known-after-0.log -> nwkit-0.43.15/reviews/native-scale-pilot-2026-09-11/final-comparisons
copying reviews/native-scale-pilot-2026-09-11/final-comparisons/fit10-known-after-1.json -> nwkit-0.43.15/reviews/native-scale-pilot-2026-09-11/final-comparisons
copying reviews/native-scale-pilot-2026-09-11/final-comparisons/fit10-known-after-1.log -> nwkit-0.43.15/reviews/native-scale-pilot-2026-09-11/final-comparisons
copying reviews/native-scale-pilot-2026-09-11/final-comparisons/fit10-known-after-2.json -> nwkit-0.43.15/reviews/native-scale-pilot-2026-09-11/final-comparisons
copying reviews/native-scale-pilot-2026-09-11/final-comparisons/fit10-known-after-2.log -> nwkit-0.43.15/reviews/native-scale-pilot-2026-09-11/final-comparisons
copying reviews/native-scale-pilot-2026-09-11/final-comparisons/fit10-known-before-0.json -> nwkit-0.43.15/reviews/native-scale-pilot-2026-09-11/final-comparisons
copying reviews/native-scale-pilot-2026-09-11/final-comparisons/fit10-known-before-0.log -> nwkit-0.43.15/reviews/native-scale-pilot-2026-09-11/final-comparisons
copying reviews/native-scale-pilot-2026-09-11/final-comparisons/fit10-known-before-1.json -> nwkit-0.43.15/reviews/native-scale-pilot-2026-09-11/final-comparisons
copying reviews/native-scale-pilot-2026-09-11/final-comparisons/fit10-known-before-1.log -> nwkit-0.43.15/reviews/native-scale-pilot-2026-09-11/final-comparisons
copying reviews/native-scale-pilot-2026-09-11/final-comparisons/fit10-known-before-2.json -> nwkit-0.43.15/reviews/native-scale-pilot-2026-09-11/final-comparisons
copying reviews/native-scale-pilot-2026-09-11/final-comparisons/fit10-known-before-2.log -> nwkit-0.43.15/reviews/native-scale-pilot-2026-09-11/final-comparisons
copying reviews/native-scale-pilot-2026-09-11/final-comparisons/fit10-pectinate-after-0.json -> nwkit-0.43.15/reviews/native-scale-pilot-2026-09-11/final-comparisons
copying reviews/native-scale-pilot-2026-09-11/final-comparisons/fit10-pectinate-after-0.log -> nwkit-0.43.15/reviews/native-scale-pilot-2026-09-11/final-comparisons
copying reviews/native-scale-pilot-2026-09-11/final-comparisons/fit10-pectinate-after-1.json -> nwkit-0.43.15/reviews/native-scale-pilot-2026-09-11/final-comparisons
copying reviews/native-scale-pilot-2026-09-11/final-comparisons/fit10-pectinate-after-1.log -> nwkit-0.43.15/reviews/native-scale-pilot-2026-09-11/final-comparisons
copying reviews/native-scale-pilot-2026-09-11/final-comparisons/fit10-pectinate-after-2.json -> nwkit-0.43.15/reviews/native-scale-pilot-2026-09-11/final-comparisons
copying reviews/native-scale-pilot-2026-09-11/final-comparisons/fit10-pectinate-after-2.log -> nwkit-0.43.15/reviews/native-scale-pilot-2026-09-11/final-comparisons
copying reviews/native-scale-pilot-2026-09-11/final-comparisons/fit10-pectinate-before-0.json -> nwkit-0.43.15/reviews/native-scale-pilot-2026-09-11/final-comparisons
copying reviews/native-scale-pilot-2026-09-11/final-comparisons/fit10-pectinate-before-0.log -> nwkit-0.43.15/reviews/native-scale-pilot-2026-09-11/final-comparisons
copying reviews/native-scale-pilot-2026-09-11/final-comparisons/fit10-pectinate-before-1.json -> nwkit-0.43.15/reviews/native-scale-pilot-2026-09-11/final-comparisons
copying reviews/native-scale-pilot-2026-09-11/final-comparisons/fit10-pectinate-before-1.log -> nwkit-0.43.15/reviews/native-scale-pilot-2026-09-11/final-comparisons
copying reviews/native-scale-pilot-2026-09-11/final-comparisons/fit10-pectinate-before-2.json -> nwkit-0.43.15/reviews/native-scale-pilot-2026-09-11/final-comparisons
copying reviews/native-scale-pilot-2026-09-11/final-comparisons/fit10-pectinate-before-2.log -> nwkit-0.43.15/reviews/native-scale-pilot-2026-09-11/final-comparisons
copying reviews/native-scale-pilot-2026-09-11/final-comparisons/fit100-after-0.json -> nwkit-0.43.15/reviews/native-scale-pilot-2026-09-11/final-comparisons
copying reviews/native-scale-pilot-2026-09-11/final-comparisons/fit100-after-0.log -> nwkit-0.43.15/reviews/native-scale-pilot-2026-09-11/final-comparisons
copying reviews/native-scale-pilot-2026-09-11/final-comparisons/fit100-after-1.json -> nwkit-0.43.15/reviews/native-scale-pilot-2026-09-11/final-comparisons
copying reviews/native-scale-pilot-2026-09-11/final-comparisons/fit100-after-1.log -> nwkit-0.43.15/reviews/native-scale-pilot-2026-09-11/final-comparisons
copying reviews/native-scale-pilot-2026-09-11/final-comparisons/fit100-after-2.json -> nwkit-0.43.15/reviews/native-scale-pilot-2026-09-11/final-comparisons
copying reviews/native-scale-pilot-2026-09-11/final-comparisons/fit100-after-2.log -> nwkit-0.43.15/reviews/native-scale-pilot-2026-09-11/final-comparisons
copying reviews/native-scale-pilot-2026-09-11/final-comparisons/fit100-before-0.json -> nwkit-0.43.15/reviews/native-scale-pilot-2026-09-11/final-comparisons
copying reviews/native-scale-pilot-2026-09-11/final-comparisons/fit100-before-0.log -> nwkit-0.43.15/reviews/native-scale-pilot-2026-09-11/final-comparisons
copying reviews/native-scale-pilot-2026-09-11/final-comparisons/fit100-before-1.json -> nwkit-0.43.15/reviews/native-scale-pilot-2026-09-11/final-comparisons
copying reviews/native-scale-pilot-2026-09-11/final-comparisons/fit100-before-1.log -> nwkit-0.43.15/reviews/native-scale-pilot-2026-09-11/final-comparisons
copying reviews/native-scale-pilot-2026-09-11/final-comparisons/fit100-before-2.json -> nwkit-0.43.15/reviews/native-scale-pilot-2026-09-11/final-comparisons
copying reviews/native-scale-pilot-2026-09-11/final-comparisons/fit100-before-2.log -> nwkit-0.43.15/reviews/native-scale-pilot-2026-09-11/final-comparisons
copying reviews/native-scale-pilot-2026-09-11/final-comparisons/search10-after-0.json -> nwkit-0.43.15/reviews/native-scale-pilot-2026-09-11/final-comparisons
copying reviews/native-scale-pilot-2026-09-11/final-comparisons/search10-after-0.log -> nwkit-0.43.15/reviews/native-scale-pilot-2026-09-11/final-comparisons
copying reviews/native-scale-pilot-2026-09-11/final-comparisons/search10-after-1.json -> nwkit-0.43.15/reviews/native-scale-pilot-2026-09-11/final-comparisons
copying reviews/native-scale-pilot-2026-09-11/final-comparisons/search10-after-1.log -> nwkit-0.43.15/reviews/native-scale-pilot-2026-09-11/final-comparisons
copying reviews/native-scale-pilot-2026-09-11/final-comparisons/search10-after-2.json -> nwkit-0.43.15/reviews/native-scale-pilot-2026-09-11/final-comparisons
copying reviews/native-scale-pilot-2026-09-11/final-comparisons/search10-after-2.log -> nwkit-0.43.15/reviews/native-scale-pilot-2026-09-11/final-comparisons
copying reviews/native-scale-pilot-2026-09-11/final-comparisons/search10-before-0.json -> nwkit-0.43.15/reviews/native-scale-pilot-2026-09-11/final-comparisons
copying reviews/native-scale-pilot-2026-09-11/final-comparisons/search10-before-0.log -> nwkit-0.43.15/reviews/native-scale-pilot-2026-09-11/final-comparisons
copying reviews/native-scale-pilot-2026-09-11/final-comparisons/search10-before-1.json -> nwkit-0.43.15/reviews/native-scale-pilot-2026-09-11/final-comparisons
copying reviews/native-scale-pilot-2026-09-11/final-comparisons/search10-before-1.log -> nwkit-0.43.15/reviews/native-scale-pilot-2026-09-11/final-comparisons
copying reviews/native-scale-pilot-2026-09-11/final-comparisons/search10-before-2.json -> nwkit-0.43.15/reviews/native-scale-pilot-2026-09-11/final-comparisons
copying reviews/native-scale-pilot-2026-09-11/final-comparisons/search10-before-2.log -> nwkit-0.43.15/reviews/native-scale-pilot-2026-09-11/final-comparisons
copying reviews/native-scale-pilot-2026-09-11/final-followups/fit100-estimated-after.json -> nwkit-0.43.15/reviews/native-scale-pilot-2026-09-11/final-followups
copying reviews/native-scale-pilot-2026-09-11/final-followups/fit100-estimated-after.log -> nwkit-0.43.15/reviews/native-scale-pilot-2026-09-11/final-followups
copying reviews/native-scale-pilot-2026-09-11/final-followups/fit100-estimated-after.process.json -> nwkit-0.43.15/reviews/native-scale-pilot-2026-09-11/final-followups
copying reviews/native-scale-pilot-2026-09-11/final-followups/search10-known-after.log -> nwkit-0.43.15/reviews/native-scale-pilot-2026-09-11/final-followups
copying reviews/native-scale-pilot-2026-09-11/final-followups/search10-known-after.process.json -> nwkit-0.43.15/reviews/native-scale-pilot-2026-09-11/final-followups
copying reviews/native-scale-pilot-2026-09-11/final-followups/search100-after.json -> nwkit-0.43.15/reviews/native-scale-pilot-2026-09-11/final-followups
copying reviews/native-scale-pilot-2026-09-11/final-followups/search100-after.log -> nwkit-0.43.15/reviews/native-scale-pilot-2026-09-11/final-followups
copying reviews/native-scale-pilot-2026-09-11/final-followups/search100-after.process.json -> nwkit-0.43.15/reviews/native-scale-pilot-2026-09-11/final-followups
copying reviews/native-scale-pilot-2026-09-11/final-followups/workflow32-after.json -> nwkit-0.43.15/reviews/native-scale-pilot-2026-09-11/final-followups
copying reviews/native-scale-pilot-2026-09-11/final-followups/workflow32-after.log -> nwkit-0.43.15/reviews/native-scale-pilot-2026-09-11/final-followups
copying reviews/native-scale-pilot-2026-09-11/final-followups/workflow32-after.process.json -> nwkit-0.43.15/reviews/native-scale-pilot-2026-09-11/final-followups
copying reviews/native-scale-pilot-2026-09-11/final-followups/workflow512-after.json -> nwkit-0.43.15/reviews/native-scale-pilot-2026-09-11/final-followups
copying reviews/native-scale-pilot-2026-09-11/final-followups/workflow512-after.log -> nwkit-0.43.15/reviews/native-scale-pilot-2026-09-11/final-followups
copying reviews/native-scale-pilot-2026-09-11/final-followups/workflow512-after.process.json -> nwkit-0.43.15/reviews/native-scale-pilot-2026-09-11/final-followups
copying reviews/native-scale-pilot-2026-09-11/final-followups/workflow512-before.json -> nwkit-0.43.15/reviews/native-scale-pilot-2026-09-11/final-followups
copying reviews/native-scale-pilot-2026-09-11/final-followups/workflow512-before.log -> nwkit-0.43.15/reviews/native-scale-pilot-2026-09-11/final-followups
copying reviews/native-scale-pilot-2026-09-11/final-followups/workflow512-before.process.json -> nwkit-0.43.15/reviews/native-scale-pilot-2026-09-11/final-followups
copying reviews/native-scale-pilot-2026-09-11/measured-source/gaussian_whitening.py -> nwkit-0.43.15/reviews/native-scale-pilot-2026-09-11/measured-source
copying reviews/native-scale-pilot-2026-09-11/measured-source/shift_native_model.py -> nwkit-0.43.15/reviews/native-scale-pilot-2026-09-11/measured-source
copying reviews/native-scale-pilot-2026-09-11/results/fit10-none.json -> nwkit-0.43.15/reviews/native-scale-pilot-2026-09-11/results
copying reviews/native-scale-pilot-2026-09-11/results/fit10-none.log -> nwkit-0.43.15/reviews/native-scale-pilot-2026-09-11/results
copying reviews/native-scale-pilot-2026-09-11/results/fit10-none.process.json -> nwkit-0.43.15/reviews/native-scale-pilot-2026-09-11/results
copying reviews/native-scale-pilot-2026-09-11/results/fit10-pectinate.json -> nwkit-0.43.15/reviews/native-scale-pilot-2026-09-11/results
copying reviews/native-scale-pilot-2026-09-11/results/fit10-pectinate.log -> nwkit-0.43.15/reviews/native-scale-pilot-2026-09-11/results
copying reviews/native-scale-pilot-2026-09-11/results/fit10-pectinate.process.json -> nwkit-0.43.15/reviews/native-scale-pilot-2026-09-11/results
copying reviews/native-scale-pilot-2026-09-11/results/fit10-profile.json -> nwkit-0.43.15/reviews/native-scale-pilot-2026-09-11/results
copying reviews/native-scale-pilot-2026-09-11/results/fit10-profile.profile.txt -> nwkit-0.43.15/reviews/native-scale-pilot-2026-09-11/results
copying reviews/native-scale-pilot-2026-09-11/results/fit100-estimated-after.json -> nwkit-0.43.15/reviews/native-scale-pilot-2026-09-11/results
copying reviews/native-scale-pilot-2026-09-11/results/fit100-estimated-after.log -> nwkit-0.43.15/reviews/native-scale-pilot-2026-09-11/results
copying reviews/native-scale-pilot-2026-09-11/results/fit100-estimated-after.process.json -> nwkit-0.43.15/reviews/native-scale-pilot-2026-09-11/results
copying reviews/native-scale-pilot-2026-09-11/results/fit100-estimated-exact.json -> nwkit-0.43.15/reviews/native-scale-pilot-2026-09-11/results
copying reviews/native-scale-pilot-2026-09-11/results/fit100-estimated.json -> nwkit-0.43.15/reviews/native-scale-pilot-2026-09-11/results
copying reviews/native-scale-pilot-2026-09-11/results/fit100-estimated.log -> nwkit-0.43.15/reviews/native-scale-pilot-2026-09-11/results
copying reviews/native-scale-pilot-2026-09-11/results/fit100-estimated.process.json -> nwkit-0.43.15/reviews/native-scale-pilot-2026-09-11/results
copying reviews/native-scale-pilot-2026-09-11/results/fit100-four.json -> nwkit-0.43.15/reviews/native-scale-pilot-2026-09-11/results
copying reviews/native-scale-pilot-2026-09-11/results/fit100-four.log -> nwkit-0.43.15/reviews/native-scale-pilot-2026-09-11/results
copying reviews/native-scale-pilot-2026-09-11/results/fit100-four.process.json -> nwkit-0.43.15/reviews/native-scale-pilot-2026-09-11/results
copying reviews/native-scale-pilot-2026-09-11/results/fit100-known.json -> nwkit-0.43.15/reviews/native-scale-pilot-2026-09-11/results
copying reviews/native-scale-pilot-2026-09-11/results/fit100-known.log -> nwkit-0.43.15/reviews/native-scale-pilot-2026-09-11/results
copying reviews/native-scale-pilot-2026-09-11/results/fit100-known.process.json -> nwkit-0.43.15/reviews/native-scale-pilot-2026-09-11/results
copying reviews/native-scale-pilot-2026-09-11/results/fit100-none.json -> nwkit-0.43.15/reviews/native-scale-pilot-2026-09-11/results
copying reviews/native-scale-pilot-2026-09-11/results/fit100-none.log -> nwkit-0.43.15/reviews/native-scale-pilot-2026-09-11/results
copying reviews/native-scale-pilot-2026-09-11/results/fit100-none.process.json -> nwkit-0.43.15/reviews/native-scale-pilot-2026-09-11/results
copying reviews/native-scale-pilot-2026-09-11/results/fit100-profile.json -> nwkit-0.43.15/reviews/native-scale-pilot-2026-09-11/results
copying reviews/native-scale-pilot-2026-09-11/results/fit100-profile.profile.txt -> nwkit-0.43.15/reviews/native-scale-pilot-2026-09-11/results
copying reviews/native-scale-pilot-2026-09-11/results/search10-estimated.json -> nwkit-0.43.15/reviews/native-scale-pilot-2026-09-11/results
copying reviews/native-scale-pilot-2026-09-11/results/search10-estimated.log -> nwkit-0.43.15/reviews/native-scale-pilot-2026-09-11/results
copying reviews/native-scale-pilot-2026-09-11/results/search10-estimated.process.json -> nwkit-0.43.15/reviews/native-scale-pilot-2026-09-11/results
copying reviews/native-scale-pilot-2026-09-11/results/search10-known.log -> nwkit-0.43.15/reviews/native-scale-pilot-2026-09-11/results
copying reviews/native-scale-pilot-2026-09-11/results/search10-known.process.json -> nwkit-0.43.15/reviews/native-scale-pilot-2026-09-11/results
copying reviews/native-scale-pilot-2026-09-11/results/search10-profile.json -> nwkit-0.43.15/reviews/native-scale-pilot-2026-09-11/results
copying reviews/native-scale-pilot-2026-09-11/results/search10-profile.profile.txt -> nwkit-0.43.15/reviews/native-scale-pilot-2026-09-11/results
copying reviews/native-scale-pilot-2026-09-11/results/search10-shared.json -> nwkit-0.43.15/reviews/native-scale-pilot-2026-09-11/results
copying reviews/native-scale-pilot-2026-09-11/results/search10-shared.log -> nwkit-0.43.15/reviews/native-scale-pilot-2026-09-11/results
copying reviews/native-scale-pilot-2026-09-11/results/search10-shared.process.json -> nwkit-0.43.15/reviews/native-scale-pilot-2026-09-11/results
copying reviews/native-scale-pilot-2026-09-11/results/search10.json -> nwkit-0.43.15/reviews/native-scale-pilot-2026-09-11/results
copying reviews/native-scale-pilot-2026-09-11/results/search10.log -> nwkit-0.43.15/reviews/native-scale-pilot-2026-09-11/results
copying reviews/native-scale-pilot-2026-09-11/results/search10.process.json -> nwkit-0.43.15/reviews/native-scale-pilot-2026-09-11/results
copying reviews/native-scale-pilot-2026-09-11/results/search100-after.log -> nwkit-0.43.15/reviews/native-scale-pilot-2026-09-11/results
copying reviews/native-scale-pilot-2026-09-11/results/search100-after.process.json -> nwkit-0.43.15/reviews/native-scale-pilot-2026-09-11/results
copying reviews/native-scale-pilot-2026-09-11/results/search100-shared.json -> nwkit-0.43.15/reviews/native-scale-pilot-2026-09-11/results
copying reviews/native-scale-pilot-2026-09-11/results/search100-shared.log -> nwkit-0.43.15/reviews/native-scale-pilot-2026-09-11/results
copying reviews/native-scale-pilot-2026-09-11/results/search100-shared.process.json -> nwkit-0.43.15/reviews/native-scale-pilot-2026-09-11/results
copying reviews/native-scale-pilot-2026-09-11/results/search100.json -> nwkit-0.43.15/reviews/native-scale-pilot-2026-09-11/results
copying reviews/native-scale-pilot-2026-09-11/results/search100.log -> nwkit-0.43.15/reviews/native-scale-pilot-2026-09-11/results
copying reviews/native-scale-pilot-2026-09-11/results/search100.process.json -> nwkit-0.43.15/reviews/native-scale-pilot-2026-09-11/results
copying reviews/native-scale-pilot-2026-09-11/results/workflow.json -> nwkit-0.43.15/reviews/native-scale-pilot-2026-09-11/results
copying reviews/native-scale-pilot-2026-09-11/results/workflow.log -> nwkit-0.43.15/reviews/native-scale-pilot-2026-09-11/results
copying reviews/native-scale-pilot-2026-09-11/results/workflow.process.json -> nwkit-0.43.15/reviews/native-scale-pilot-2026-09-11/results
copying reviews/native-scale-pilot-2026-09-11/results/workflow128-after.json -> nwkit-0.43.15/reviews/native-scale-pilot-2026-09-11/results
copying reviews/native-scale-pilot-2026-09-11/results/workflow128-after.log -> nwkit-0.43.15/reviews/native-scale-pilot-2026-09-11/results
copying reviews/native-scale-pilot-2026-09-11/results/workflow128-after.process.json -> nwkit-0.43.15/reviews/native-scale-pilot-2026-09-11/results
copying reviews/native-scale-pilot-2026-09-11/results/workflow128-before.json -> nwkit-0.43.15/reviews/native-scale-pilot-2026-09-11/results
copying reviews/native-scale-pilot-2026-09-11/results/workflow128-before.log -> nwkit-0.43.15/reviews/native-scale-pilot-2026-09-11/results
copying reviews/native-scale-pilot-2026-09-11/results/workflow128-before.process.json -> nwkit-0.43.15/reviews/native-scale-pilot-2026-09-11/results
copying reviews/native-scale-pilot-2026-09-11/results/workflow32-after.json -> nwkit-0.43.15/reviews/native-scale-pilot-2026-09-11/results
copying reviews/native-scale-pilot-2026-09-11/results/workflow32-after.log -> nwkit-0.43.15/reviews/native-scale-pilot-2026-09-11/results
copying reviews/native-scale-pilot-2026-09-11/results/workflow32-after.process.json -> nwkit-0.43.15/reviews/native-scale-pilot-2026-09-11/results
copying reviews/native-scale-pilot-2026-09-11/rounded-comparisons/fit10-known-after-0.json -> nwkit-0.43.15/reviews/native-scale-pilot-2026-09-11/rounded-comparisons
copying reviews/native-scale-pilot-2026-09-11/rounded-comparisons/fit10-known-after-0.log -> nwkit-0.43.15/reviews/native-scale-pilot-2026-09-11/rounded-comparisons
copying reviews/native-scale-pilot-2026-09-11/rounded-comparisons/fit10-known-after-1.json -> nwkit-0.43.15/reviews/native-scale-pilot-2026-09-11/rounded-comparisons
copying reviews/native-scale-pilot-2026-09-11/rounded-comparisons/fit10-known-after-1.log -> nwkit-0.43.15/reviews/native-scale-pilot-2026-09-11/rounded-comparisons
copying reviews/native-scale-pilot-2026-09-11/rounded-comparisons/fit10-known-after-2.json -> nwkit-0.43.15/reviews/native-scale-pilot-2026-09-11/rounded-comparisons
copying reviews/native-scale-pilot-2026-09-11/rounded-comparisons/fit10-known-after-2.log -> nwkit-0.43.15/reviews/native-scale-pilot-2026-09-11/rounded-comparisons
copying reviews/native-scale-pilot-2026-09-11/rounded-comparisons/fit10-known-before-0.json -> nwkit-0.43.15/reviews/native-scale-pilot-2026-09-11/rounded-comparisons
copying reviews/native-scale-pilot-2026-09-11/rounded-comparisons/fit10-known-before-0.log -> nwkit-0.43.15/reviews/native-scale-pilot-2026-09-11/rounded-comparisons
copying reviews/native-scale-pilot-2026-09-11/rounded-comparisons/fit10-known-before-1.json -> nwkit-0.43.15/reviews/native-scale-pilot-2026-09-11/rounded-comparisons
copying reviews/native-scale-pilot-2026-09-11/rounded-comparisons/fit10-known-before-1.log -> nwkit-0.43.15/reviews/native-scale-pilot-2026-09-11/rounded-comparisons
copying reviews/native-scale-pilot-2026-09-11/rounded-comparisons/fit10-known-before-2.json -> nwkit-0.43.15/reviews/native-scale-pilot-2026-09-11/rounded-comparisons
copying reviews/native-scale-pilot-2026-09-11/rounded-comparisons/fit10-known-before-2.log -> nwkit-0.43.15/reviews/native-scale-pilot-2026-09-11/rounded-comparisons
copying reviews/native-scale-pilot-2026-09-11/rounded-comparisons/fit10-pectinate-after-0.json -> nwkit-0.43.15/reviews/native-scale-pilot-2026-09-11/rounded-comparisons
copying reviews/native-scale-pilot-2026-09-11/rounded-comparisons/fit10-pectinate-after-0.log -> nwkit-0.43.15/reviews/native-scale-pilot-2026-09-11/rounded-comparisons
copying reviews/native-scale-pilot-2026-09-11/rounded-comparisons/fit10-pectinate-after-1.json -> nwkit-0.43.15/reviews/native-scale-pilot-2026-09-11/rounded-comparisons
copying reviews/native-scale-pilot-2026-09-11/rounded-comparisons/fit10-pectinate-after-1.log -> nwkit-0.43.15/reviews/native-scale-pilot-2026-09-11/rounded-comparisons
copying reviews/native-scale-pilot-2026-09-11/rounded-comparisons/fit10-pectinate-after-2.json -> nwkit-0.43.15/reviews/native-scale-pilot-2026-09-11/rounded-comparisons
copying reviews/native-scale-pilot-2026-09-11/rounded-comparisons/fit10-pectinate-after-2.log -> nwkit-0.43.15/reviews/native-scale-pilot-2026-09-11/rounded-comparisons
copying reviews/native-scale-pilot-2026-09-11/rounded-comparisons/fit10-pectinate-before-0.json -> nwkit-0.43.15/reviews/native-scale-pilot-2026-09-11/rounded-comparisons
copying reviews/native-scale-pilot-2026-09-11/rounded-comparisons/fit10-pectinate-before-0.log -> nwkit-0.43.15/reviews/native-scale-pilot-2026-09-11/rounded-comparisons
copying reviews/native-scale-pilot-2026-09-11/rounded-comparisons/fit10-pectinate-before-1.json -> nwkit-0.43.15/reviews/native-scale-pilot-2026-09-11/rounded-comparisons
copying reviews/native-scale-pilot-2026-09-11/rounded-comparisons/fit10-pectinate-before-1.log -> nwkit-0.43.15/reviews/native-scale-pilot-2026-09-11/rounded-comparisons
copying reviews/native-scale-pilot-2026-09-11/rounded-comparisons/fit10-pectinate-before-2.json -> nwkit-0.43.15/reviews/native-scale-pilot-2026-09-11/rounded-comparisons
copying reviews/native-scale-pilot-2026-09-11/rounded-comparisons/fit10-pectinate-before-2.log -> nwkit-0.43.15/reviews/native-scale-pilot-2026-09-11/rounded-comparisons
copying reviews/native-scale-pilot-2026-09-11/rounded-comparisons/fit100-after-0.json -> nwkit-0.43.15/reviews/native-scale-pilot-2026-09-11/rounded-comparisons
copying reviews/native-scale-pilot-2026-09-11/rounded-comparisons/fit100-after-0.log -> nwkit-0.43.15/reviews/native-scale-pilot-2026-09-11/rounded-comparisons
copying reviews/native-scale-pilot-2026-09-11/rounded-comparisons/fit100-after-1.json -> nwkit-0.43.15/reviews/native-scale-pilot-2026-09-11/rounded-comparisons
copying reviews/native-scale-pilot-2026-09-11/rounded-comparisons/fit100-after-1.log -> nwkit-0.43.15/reviews/native-scale-pilot-2026-09-11/rounded-comparisons
copying reviews/native-scale-pilot-2026-09-11/rounded-comparisons/fit100-after-2.json -> nwkit-0.43.15/reviews/native-scale-pilot-2026-09-11/rounded-comparisons
copying reviews/native-scale-pilot-2026-09-11/rounded-comparisons/fit100-after-2.log -> nwkit-0.43.15/reviews/native-scale-pilot-2026-09-11/rounded-comparisons
copying reviews/native-scale-pilot-2026-09-11/rounded-comparisons/fit100-before-0.json -> nwkit-0.43.15/reviews/native-scale-pilot-2026-09-11/rounded-comparisons
copying reviews/native-scale-pilot-2026-09-11/rounded-comparisons/fit100-before-0.log -> nwkit-0.43.15/reviews/native-scale-pilot-2026-09-11/rounded-comparisons
copying reviews/native-scale-pilot-2026-09-11/rounded-comparisons/fit100-before-1.json -> nwkit-0.43.15/reviews/native-scale-pilot-2026-09-11/rounded-comparisons
copying reviews/native-scale-pilot-2026-09-11/rounded-comparisons/fit100-before-1.log -> nwkit-0.43.15/reviews/native-scale-pilot-2026-09-11/rounded-comparisons
copying reviews/native-scale-pilot-2026-09-11/rounded-comparisons/fit100-before-2.json -> nwkit-0.43.15/reviews/native-scale-pilot-2026-09-11/rounded-comparisons
copying reviews/native-scale-pilot-2026-09-11/rounded-comparisons/fit100-before-2.log -> nwkit-0.43.15/reviews/native-scale-pilot-2026-09-11/rounded-comparisons
copying reviews/native-scale-pilot-2026-09-11/rounded-comparisons/search10-after-0.json -> nwkit-0.43.15/reviews/native-scale-pilot-2026-09-11/rounded-comparisons
copying reviews/native-scale-pilot-2026-09-11/rounded-comparisons/search10-after-0.log -> nwkit-0.43.15/reviews/native-scale-pilot-2026-09-11/rounded-comparisons
copying reviews/native-scale-pilot-2026-09-11/rounded-comparisons/search10-after-1.json -> nwkit-0.43.15/reviews/native-scale-pilot-2026-09-11/rounded-comparisons
copying reviews/native-scale-pilot-2026-09-11/rounded-comparisons/search10-after-1.log -> nwkit-0.43.15/reviews/native-scale-pilot-2026-09-11/rounded-comparisons
copying reviews/native-scale-pilot-2026-09-11/rounded-comparisons/search10-after-2.json -> nwkit-0.43.15/reviews/native-scale-pilot-2026-09-11/rounded-comparisons
copying reviews/native-scale-pilot-2026-09-11/rounded-comparisons/search10-after-2.log -> nwkit-0.43.15/reviews/native-scale-pilot-2026-09-11/rounded-comparisons
copying reviews/native-scale-pilot-2026-09-11/rounded-comparisons/search10-before-0.json -> nwkit-0.43.15/reviews/native-scale-pilot-2026-09-11/rounded-comparisons
copying reviews/native-scale-pilot-2026-09-11/rounded-comparisons/search10-before-0.log -> nwkit-0.43.15/reviews/native-scale-pilot-2026-09-11/rounded-comparisons
copying reviews/native-scale-pilot-2026-09-11/rounded-comparisons/search10-before-1.json -> nwkit-0.43.15/reviews/native-scale-pilot-2026-09-11/rounded-comparisons
copying reviews/native-scale-pilot-2026-09-11/rounded-comparisons/search10-before-1.log -> nwkit-0.43.15/reviews/native-scale-pilot-2026-09-11/rounded-comparisons
copying reviews/native-scale-pilot-2026-09-11/rounded-comparisons/search10-before-2.json -> nwkit-0.43.15/reviews/native-scale-pilot-2026-09-11/rounded-comparisons
copying reviews/native-scale-pilot-2026-09-11/rounded-comparisons/search10-before-2.log -> nwkit-0.43.15/reviews/native-scale-pilot-2026-09-11/rounded-comparisons
copying scripts/make_draw_layout_gallery.py -> nwkit-0.43.15/scripts
copying tests/__init__.py -> nwkit-0.43.15/tests
copying tests/conftest.py -> nwkit-0.43.15/tests
copying tests/helpers.py -> nwkit-0.43.15/tests
copying tests/image_test_support.py -> nwkit-0.43.15/tests
copying tests/root_test_support.py -> nwkit-0.43.15/tests
copying tests/test_annotate.py -> nwkit-0.43.15/tests
copying tests/test_asr.py -> nwkit-0.43.15/tests
copying tests/test_asr_averaging.py -> nwkit-0.43.15/tests
copying tests/test_asr_bootstrap_intervals.py -> nwkit-0.43.15/tests
copying tests/test_asr_compare_panels.py -> nwkit-0.43.15/tests
copying tests/test_asr_comparison.py -> nwkit-0.43.15/tests
copying tests/test_asr_continuous_cli.py -> nwkit-0.43.15/tests
copying tests/test_asr_continuous_diagnostic_cli.py -> nwkit-0.43.15/tests
copying tests/test_asr_cross_validation.py -> nwkit-0.43.15/tests
copying tests/test_asr_diagnostics.py -> nwkit-0.43.15/tests
copying tests/test_asr_discrete_cross_validation.py -> nwkit-0.43.15/tests
copying tests/test_asr_figure.py -> nwkit-0.43.15/tests
copying tests/test_asr_heatmap.py -> nwkit-0.43.15/tests
copying tests/test_asr_multivariate_diagnostics.py -> nwkit-0.43.15/tests
copying tests/test_asr_output.py -> nwkit-0.43.15/tests
copying tests/test_asr_paths.py -> nwkit-0.43.15/tests
copying tests/test_asr_polytomy.py -> nwkit-0.43.15/tests
copying tests/test_asr_regimes.py -> nwkit-0.43.15/tests
copying tests/test_asr_review_regressions.py -> nwkit-0.43.15/tests
copying tests/test_branch_gaussian.py -> nwkit-0.43.15/tests
copying tests/test_branch_gaussian_asr.py -> nwkit-0.43.15/tests
copying tests/test_branch_gaussian_cli.py -> nwkit-0.43.15/tests
copying tests/test_branch_gaussian_estimation.py -> nwkit-0.43.15/tests
copying tests/test_check_tools.py -> nwkit-0.43.15/tests
copying tests/test_clade_index.py -> nwkit-0.43.15/tests
copying tests/test_clade_mapping.py -> nwkit-0.43.15/tests
copying tests/test_cladefreq.py -> nwkit-0.43.15/tests
copying tests/test_cli.py -> nwkit-0.43.15/tests
copying tests/test_cli_contracts.py -> nwkit-0.43.15/tests
copying tests/test_collapse.py -> nwkit-0.43.15/tests
copying tests/test_compose.py -> nwkit-0.43.15/tests
copying tests/test_consensus.py -> nwkit-0.43.15/tests
copying tests/test_constrain.py -> nwkit-0.43.15/tests
copying tests/test_continuous_asr.py -> nwkit-0.43.15/tests
copying tests/test_continuous_asr_optimization.py -> nwkit-0.43.15/tests
copying tests/test_continuous_observation.py -> nwkit-0.43.15/tests
copying tests/test_contrast.py -> nwkit-0.43.15/tests
copying tests/test_convert.py -> nwkit-0.43.15/tests
copying tests/test_covarion_asr.py -> nwkit-0.43.15/tests
copying tests/test_diff.py -> nwkit-0.43.15/tests
copying tests/test_discrete_asr_models.py -> nwkit-0.43.15/tests
copying tests/test_discrete_observation.py -> nwkit-0.43.15/tests
copying tests/test_dist.py -> nwkit-0.43.15/tests
copying tests/test_distribution_reproducibility.py -> nwkit-0.43.15/tests
copying tests/test_draw.py -> nwkit-0.43.15/tests
copying tests/test_draw_branch_ids.py -> nwkit-0.43.15/tests
copying tests/test_draw_robustness.py -> nwkit-0.43.15/tests
copying tests/test_drop.py -> nwkit-0.43.15/tests
copying tests/test_dtt.py -> nwkit-0.43.15/tests
copying tests/test_dtt_audit.py -> nwkit-0.43.15/tests
copying tests/test_evolution.py -> nwkit-0.43.15/tests
copying tests/test_fasta.py -> nwkit-0.43.15/tests
copying tests/test_full_ou.py -> nwkit-0.43.15/tests
copying tests/test_gaussian.py -> nwkit-0.43.15/tests
copying tests/test_gaussian_inference.py -> nwkit-0.43.15/tests
copying tests/test_gaussian_tree.py -> nwkit-0.43.15/tests
copying tests/test_gaussian_whitening.py -> nwkit-0.43.15/tests
copying tests/test_general_ou_asr.py -> nwkit-0.43.15/tests
copying tests/test_global_audit_regressions.py -> nwkit-0.43.15/tests
copying tests/test_image_cli.py -> nwkit-0.43.15/tests
copying tests/test_image_helpers.py -> nwkit-0.43.15/tests
copying tests/test_image_media.py -> nwkit-0.43.15/tests
copying tests/test_image_providers.py -> nwkit-0.43.15/tests
copying tests/test_individual_asr.py -> nwkit-0.43.15/tests
copying tests/test_individual_asr_audit.py -> nwkit-0.43.15/tests
copying tests/test_info.py -> nwkit-0.43.15/tests
copying tests/test_interface_conventions.py -> nwkit-0.43.15/tests
copying tests/test_intersection.py -> nwkit-0.43.15/tests
copying tests/test_iqtree_library.py -> nwkit-0.43.15/tests
copying tests/test_iqtree_worker.py -> nwkit-0.43.15/tests
copying tests/test_label.py -> nwkit-0.43.15/tests
copying tests/test_latent_gaussian.py -> nwkit-0.43.15/tests
copying tests/test_mark.py -> nwkit-0.43.15/tests
copying tests/test_mcmc_diagnostics.py -> nwkit-0.43.15/tests
copying tests/test_mcmctree.py -> nwkit-0.43.15/tests
copying tests/test_measurement_error.py -> nwkit-0.43.15/tests
copying tests/test_mk_mixture_asr.py -> nwkit-0.43.15/tests
copying tests/test_monophyly.py -> nwkit-0.43.15/tests
copying tests/test_multivariate_asr.py -> nwkit-0.43.15/tests
copying tests/test_multivariate_gaussian_asr.py -> nwkit-0.43.15/tests
copying tests/test_multivariate_numerics.py -> nwkit-0.43.15/tests
copying tests/test_native_optimization_audit.py -> nwkit-0.43.15/tests
copying tests/test_nhx2nwk.py -> nwkit-0.43.15/tests
copying tests/test_nonstationary_continuous_asr.py -> nwkit-0.43.15/tests
copying tests/test_numerical_invariance.py -> nwkit-0.43.15/tests
copying tests/test_nwk2table.py -> nwkit-0.43.15/tests
copying tests/test_ordinary_regression.py -> nwkit-0.43.15/tests
copying tests/test_ou_asr.py -> nwkit-0.43.15/tests
copying tests/test_output_transaction.py -> nwkit-0.43.15/tests
copying tests/test_pagel_asr.py -> nwkit-0.43.15/tests
copying tests/test_pca.py -> nwkit-0.43.15/tests
copying tests/test_printlabel.py -> nwkit-0.43.15/tests
copying tests/test_properties.py -> nwkit-0.43.15/tests
copying tests/test_provenance.py -> nwkit-0.43.15/tests
copying tests/test_prune.py -> nwkit-0.43.15/tests
copying tests/test_radte.py -> nwkit-0.43.15/tests
copying tests/test_radte_codon.py -> nwkit-0.43.15/tests
copying tests/test_radte_default_profile_validation.py -> nwkit-0.43.15/tests
copying tests/test_radte_ensemble.py -> nwkit-0.43.15/tests
copying tests/test_radte_initial_boundary.py -> nwkit-0.43.15/tests
copying tests/test_radte_interval_calibration.py -> nwkit-0.43.15/tests
copying tests/test_radte_interval_tools.py -> nwkit-0.43.15/tests
copying tests/test_radte_iqtree.py -> nwkit-0.43.15/tests
copying tests/test_radte_marginal.py -> nwkit-0.43.15/tests
copying tests/test_radte_paml.py -> nwkit-0.43.15/tests
copying tests/test_radte_profile.py -> nwkit-0.43.15/tests
copying tests/test_radte_sequence.py -> nwkit-0.43.15/tests
copying tests/test_radte_species.py -> nwkit-0.43.15/tests
copying tests/test_radte_studentized.py -> nwkit-0.43.15/tests
copying tests/test_rate_design_asr.py -> nwkit-0.43.15/tests
copying tests/test_reconcile.py -> nwkit-0.43.15/tests
copying tests/test_reconciliation_exports.py -> nwkit-0.43.15/tests
copying tests/test_refactor_validation.py -> nwkit-0.43.15/tests
copying tests/test_regime_continuous_asr.py -> nwkit-0.43.15/tests
copying tests/test_regime_drift_asr.py -> nwkit-0.43.15/tests
copying tests/test_regime_gaussian_asr.py -> nwkit-0.43.15/tests
copying tests/test_regress.py -> nwkit-0.43.15/tests
copying tests/test_regression_calibration.py -> nwkit-0.43.15/tests
copying tests/test_regression_inference_contract.py -> nwkit-0.43.15/tests
copying tests/test_regression_selection.py -> nwkit-0.43.15/tests
copying tests/test_rename.py -> nwkit-0.43.15/tests
copying tests/test_replicates.py -> nwkit-0.43.15/tests
copying tests/test_rescale.py -> nwkit-0.43.15/tests
copying tests/test_result_plot.py -> nwkit-0.43.15/tests
copying tests/test_rf_distance.py -> nwkit-0.43.15/tests
copying tests/test_root_algorithms.py -> nwkit-0.43.15/tests
copying tests/test_root_cli.py -> nwkit-0.43.15/tests
copying tests/test_root_compare.py -> nwkit-0.43.15/tests
copying tests/test_root_taxonomy.py -> nwkit-0.43.15/tests
copying tests/test_rooting_state.py -> nwkit-0.43.15/tests
copying tests/test_sample.py -> nwkit-0.43.15/tests
copying tests/test_sanitize.py -> nwkit-0.43.15/tests
copying tests/test_shift.py -> nwkit-0.43.15/tests
copying tests/test_shift_alpha.py -> nwkit-0.43.15/tests
copying tests/test_shift_audit.py -> nwkit-0.43.15/tests
copying tests/test_shift_backend_probe.py -> nwkit-0.43.15/tests
copying tests/test_shift_bootstrap.py -> nwkit-0.43.15/tests
copying tests/test_shift_calibration.py -> nwkit-0.43.15/tests
copying tests/test_shift_calibration_audit.py -> nwkit-0.43.15/tests
copying tests/test_shift_confidence_calibration.py -> nwkit-0.43.15/tests
copying tests/test_shift_continuous_reference.py -> nwkit-0.43.15/tests
copying tests/test_shift_convergence.py -> nwkit-0.43.15/tests
copying tests/test_shift_joint.py -> nwkit-0.43.15/tests
copying tests/test_shift_joint_covariance.py -> nwkit-0.43.15/tests
copying tests/test_shift_joint_dense.py -> nwkit-0.43.15/tests
copying tests/test_shift_joint_simulation.py -> nwkit-0.43.15/tests
copying tests/test_shift_known_error_diagnostic.py -> nwkit-0.43.15/tests
copying tests/test_shift_layout_intervals.py -> nwkit-0.43.15/tests
copying tests/test_shift_native_bootstrap.py -> nwkit-0.43.15/tests
copying tests/test_shift_native_cli.py -> nwkit-0.43.15/tests
copying tests/test_shift_native_fit.py -> nwkit-0.43.15/tests
copying tests/test_shift_native_heuristic.py -> nwkit-0.43.15/tests
copying tests/test_shift_native_ic.py -> nwkit-0.43.15/tests
copying tests/test_shift_native_identifiability.py -> nwkit-0.43.15/tests
copying tests/test_shift_native_limits.py -> nwkit-0.43.15/tests
copying tests/test_shift_native_model.py -> nwkit-0.43.15/tests
copying tests/test_shift_native_path.py -> nwkit-0.43.15/tests
copying tests/test_shift_native_quick.py -> nwkit-0.43.15/tests
copying tests/test_shift_native_rank.py -> nwkit-0.43.15/tests
copying tests/test_shift_native_search.py -> nwkit-0.43.15/tests
copying tests/test_shift_null_contract_audit.py -> nwkit-0.43.15/tests
copying tests/test_shift_numerics.py -> nwkit-0.43.15/tests
copying tests/test_shift_reference.py -> nwkit-0.43.15/tests
copying tests/test_shift_screen_blocks.py -> nwkit-0.43.15/tests
copying tests/test_shift_simulations.py -> nwkit-0.43.15/tests
copying tests/test_shuffle.py -> nwkit-0.43.15/tests
copying tests/test_signal.py -> nwkit-0.43.15/tests
copying tests/test_skim.py -> nwkit-0.43.15/tests
copying tests/test_stochastic_history.py -> nwkit-0.43.15/tests
copying tests/test_stochastic_history_audit.py -> nwkit-0.43.15/tests
copying tests/test_subtree.py -> nwkit-0.43.15/tests
copying tests/test_table2nwk.py -> nwkit-0.43.15/tests
copying tests/test_threshold_asr.py -> nwkit-0.43.15/tests
copying tests/test_threshold_reference.py -> nwkit-0.43.15/tests
copying tests/test_time_tree.py -> nwkit-0.43.15/tests
copying tests/test_transfer.py -> nwkit-0.43.15/tests
copying tests/test_transfer_extended.py -> nwkit-0.43.15/tests
copying tests/test_transformed_continuous_asr.py -> nwkit-0.43.15/tests
copying tests/test_tree_outputs.py -> nwkit-0.43.15/tests
copying tests/test_util_cache.py -> nwkit-0.43.15/tests
copying tests/test_util_tree_helpers.py -> nwkit-0.43.15/tests
copying tests/test_util_tree_io.py -> nwkit-0.43.15/tests
copying tests/test_validate.py -> nwkit-0.43.15/tests
copying tests/test_vector_fit.py -> nwkit-0.43.15/tests
copying tests/test_vector_gaussian.py -> nwkit-0.43.15/tests
copying tests/test_vector_simulation.py -> nwkit-0.43.15/tests
copying tests/test_vector_whitening.py -> nwkit-0.43.15/tests
copying tests/test_whitening_levels.py -> nwkit-0.43.15/tests
copying tests/test_wiki_examples.py -> nwkit-0.43.15/tests
copying tests/threshold_diagnostic_support.py -> nwkit-0.43.15/tests
copying tests/threshold_posterior_support.py -> nwkit-0.43.15/tests
copying tests/util_test_support.py -> nwkit-0.43.15/tests
copying tests/data/rootcompare_gene.nwk -> nwkit-0.43.15/tests/data
copying tests/data/rootcompare_reference.nwk -> nwkit-0.43.15/tests/data
copying tests/data/rootcompare_species.nwk -> nwkit-0.43.15/tests/data
copying tests/data/rootcompare_ties.nwk -> nwkit-0.43.15/tests/data
copying tests/data/threshold_diagnostic_draws.npz -> nwkit-0.43.15/tests/data
copying tests/data/threshold_diagnostics.json -> nwkit-0.43.15/tests/data
copying tests/data/radte-initial-boundary/README.md -> nwkit-0.43.15/tests/data/radte-initial-boundary
copying tests/data/radte-initial-boundary/alignment.fa -> nwkit-0.43.15/tests/data/radte-initial-boundary
copying tests/data/radte-initial-boundary/gene.nwk -> nwkit-0.43.15/tests/data/radte-initial-boundary
copying tests/data/radte-initial-boundary/mapping.tsv -> nwkit-0.43.15/tests/data/radte-initial-boundary
copying tests/data/radte-initial-boundary/species.nwk -> nwkit-0.43.15/tests/data/radte-initial-boundary
copying tests/data/radte-initial-boundary/truth.json -> nwkit-0.43.15/tests/data/radte-initial-boundary
copying tools/benchmark.py -> nwkit-0.43.15/tools
copying tools/benchmark_asr_models.py -> nwkit-0.43.15/tools
copying tools/benchmark_core.py -> nwkit-0.43.15/tools
copying tools/benchmark_joint_engines.py -> nwkit-0.43.15/tools
copying tools/benchmark_multivariate.py -> nwkit-0.43.15/tools
copying tools/benchmark_native_profiles.py -> nwkit-0.43.15/tools
copying tools/benchmark_native_screen.py -> nwkit-0.43.15/tools
copying tools/benchmark_native_search.py -> nwkit-0.43.15/tools
copying tools/benchmark_native_shift.py -> nwkit-0.43.15/tools
copying tools/benchmark_radte.py -> nwkit-0.43.15/tools
copying tools/benchmark_radte_iqtree.py -> nwkit-0.43.15/tools
copying tools/benchmark_radte_marginal.py -> nwkit-0.43.15/tools
copying tools/benchmark_radte_reference.py -> nwkit-0.43.15/tools
copying tools/benchmark_shift_alpha_errors.py -> nwkit-0.43.15/tools
copying tools/benchmark_shift_alpha_models.py -> nwkit-0.43.15/tools
copying tools/benchmark_shift_covariance.py -> nwkit-0.43.15/tools
copying tools/benchmark_ten_shift_kernel.py -> nwkit-0.43.15/tools
copying tools/benchmark_ten_shifts_missing.py -> nwkit-0.43.15/tools
copying tools/benchmark_vector_asr.py -> nwkit-0.43.15/tools
copying tools/build_ete_windows.py -> nwkit-0.43.15/tools
copying tools/check.py -> nwkit-0.43.15/tools
copying tools/check_dist.py -> nwkit-0.43.15/tools
copying tools/check_maintainability.py -> nwkit-0.43.15/tools
copying tools/ci_matrix.py -> nwkit-0.43.15/tools
copying tools/compare_regression_calibration.py -> nwkit-0.43.15/tools
copying tools/compare_shift_null_calibration.py -> nwkit-0.43.15/tools
copying tools/complexity_baseline.json -> nwkit-0.43.15/tools
copying tools/complexity_exceptions.json -> nwkit-0.43.15/tools
copying tools/diagnose_radte_default_profile.py -> nwkit-0.43.15/tools
copying tools/diagnose_shift_known_error.py -> nwkit-0.43.15/tools
copying tools/normalize_sdist.py -> nwkit-0.43.15/tools
copying tools/plot_regression_calibration.py -> nwkit-0.43.15/tools
copying tools/plot_ten_shift_benchmark.py -> nwkit-0.43.15/tools
copying tools/radte_benchmark_cases.py -> nwkit-0.43.15/tools
copying tools/radte_interval_reference.py -> nwkit-0.43.15/tools
copying tools/radte_interval_simulation.py -> nwkit-0.43.15/tools
copying tools/regression_calibration_design.py -> nwkit-0.43.15/tools
copying tools/regression_calibration_engine.py -> nwkit-0.43.15/tools
copying tools/regression_calibration_laplace.py -> nwkit-0.43.15/tools
copying tools/report_radte_default_profile.py -> nwkit-0.43.15/tools
copying tools/report_shift_alpha.py -> nwkit-0.43.15/tools
copying tools/run_ten_shift_benchmark.py -> nwkit-0.43.15/tools
copying tools/shift_alpha_audit.py -> nwkit-0.43.15/tools
copying tools/shift_alpha_backend.R -> nwkit-0.43.15/tools
copying tools/shift_alpha_design.py -> nwkit-0.43.15/tools
copying tools/shift_alpha_null_diagnostic.py -> nwkit-0.43.15/tools
copying tools/shift_calibration_audit.py -> nwkit-0.43.15/tools
copying tools/shift_confidence_calibration.py -> nwkit-0.43.15/tools
copying tools/shift_continuous_reference.py -> nwkit-0.43.15/tools
copying tools/shift_joint_backend.py -> nwkit-0.43.15/tools
copying tools/shift_joint_candidates.py -> nwkit-0.43.15/tools
copying tools/shift_known_error_envelope.py -> nwkit-0.43.15/tools
copying tools/shift_simulation_audit.py -> nwkit-0.43.15/tools
copying tools/shift_simulation_cases.py -> nwkit-0.43.15/tools
copying tools/shift_variance_tail.py -> nwkit-0.43.15/tools
copying tools/stress_shift_calibration.py -> nwkit-0.43.15/tools
copying tools/summarize_shift_alpha.py -> nwkit-0.43.15/tools
copying tools/summarize_shift_alpha_models.py -> nwkit-0.43.15/tools
copying tools/summarize_shift_joint.py -> nwkit-0.43.15/tools
copying tools/summarize_shift_validation.py -> nwkit-0.43.15/tools
copying tools/summarize_ten_shift_benchmark.py -> nwkit-0.43.15/tools
copying tools/try_shift_confidence_calibration.py -> nwkit-0.43.15/tools
copying tools/validate_joint_engine_benchmark.py -> nwkit-0.43.15/tools
copying tools/validate_native_shift_development.py -> nwkit-0.43.15/tools
copying tools/validate_radte_default_profile.py -> nwkit-0.43.15/tools
copying tools/validate_radte_exact_intervals.py -> nwkit-0.43.15/tools
copying tools/validate_radte_intervals.py -> nwkit-0.43.15/tools
copying tools/validate_regression_calibration.py -> nwkit-0.43.15/tools
copying tools/validate_shift_alpha.py -> nwkit-0.43.15/tools
copying tools/validate_shift_calibration.py -> nwkit-0.43.15/tools
copying tools/validate_shift_joint.py -> nwkit-0.43.15/tools
copying tools/validate_shift_joint_pilot.py -> nwkit-0.43.15/tools
copying tools/validate_shift_null_contract.py -> nwkit-0.43.15/tools
copying tools/validate_shift_simulations.py -> nwkit-0.43.15/tools
copying tools/validate_ten_shift_benchmark.py -> nwkit-0.43.15/tools
copying tools/validate_threshold_asr.py -> nwkit-0.43.15/tools
copying tools/validate_threshold_diagnostics.py -> nwkit-0.43.15/tools
copying tools/verify_regression_calibration.py -> nwkit-0.43.15/tools
copying tools/verify_shift_alpha_evidence.py -> nwkit-0.43.15/tools
copying tools/verify_shift_calibration.py -> nwkit-0.43.15/tools
copying tools/verify_shift_confidence_calibration.py -> nwkit-0.43.15/tools
copying tools/verify_shift_known_error.py -> nwkit-0.43.15/tools
copying tools/verify_shift_null_contract.py -> nwkit-0.43.15/tools
copying tools/verify_shift_paired.py -> nwkit-0.43.15/tools
copying tools/verify_shift_stress.py -> nwkit-0.43.15/tools
Writing nwkit-0.43.15/setup.cfg
Creating tar archive
removing 'nwkit-0.43.15' (and everything under it)
* Building wheel from sdist
* Creating isolated environment: venv+pip...
* Installing packages in isolated environment:
  - setuptools>=77.0.3
* Getting build dependencies for wheel...
running egg_info
writing nwkit.egg-info/PKG-INFO
writing dependency_links to nwkit.egg-info/dependency_links.txt
writing entry points to nwkit.egg-info/entry_points.txt
writing requirements to nwkit.egg-info/requires.txt
writing top-level names to nwkit.egg-info/top_level.txt
reading manifest file 'nwkit.egg-info/SOURCES.txt'
reading manifest template 'MANIFEST.in'
warning: no previously-included files matching '__pycache__' found anywhere in distribution
warning: no previously-included files matching '*.py[cod]' found anywhere in distribution
adding license file 'LICENSE'
writing manifest file 'nwkit.egg-info/SOURCES.txt'
* Installed build dependency versions:
  - setuptools==84.0.0
* Building wheel...
running bdist_wheel
running build
running build_py
creating build/lib/nwkit
copying nwkit/transformed_continuous_asr.py -> build/lib/nwkit
copying nwkit/clade_index.py -> build/lib/nwkit
copying nwkit/mark.py -> build/lib/nwkit
copying nwkit/draw_types.py -> build/lib/nwkit
copying nwkit/shift_native_path.py -> build/lib/nwkit
copying nwkit/radte.py -> build/lib/nwkit
copying nwkit/species_parser.py -> build/lib/nwkit
copying nwkit/full_ou_fit.py -> build/lib/nwkit
copying nwkit/drop.py -> build/lib/nwkit
copying nwkit/shift_simulation.py -> build/lib/nwkit
copying nwkit/signal.py -> build/lib/nwkit
copying nwkit/provenance.py -> build/lib/nwkit
copying nwkit/image_metadata.py -> build/lib/nwkit
copying nwkit/regime_gaussian_asr.py -> build/lib/nwkit
copying nwkit/nwk2table.py -> build/lib/nwkit
copying nwkit/branch_gaussian_fit_spec.py -> build/lib/nwkit
copying nwkit/asr_paths.py -> build/lib/nwkit
copying nwkit/draw_setup.py -> build/lib/nwkit
copying nwkit/regression_pipeline.py -> build/lib/nwkit
copying nwkit/dtt.py -> build/lib/nwkit
copying nwkit/radte_marginal.py -> build/lib/nwkit
copying nwkit/shift_calibrated_output.py -> build/lib/nwkit
copying nwkit/shift_native_search.py -> build/lib/nwkit
copying nwkit/image.py -> build/lib/nwkit
copying nwkit/shift_native_identifiability.py -> build/lib/nwkit
copying nwkit/evolution.py -> build/lib/nwkit
copying nwkit/vector_whitening.py -> build/lib/nwkit
copying nwkit/radte_exact_interval.py -> build/lib/nwkit
copying nwkit/shift_native_selection.py -> build/lib/nwkit
copying nwkit/stochastic_history.py -> build/lib/nwkit
copying nwkit/discrete_observation.py -> build/lib/nwkit
copying nwkit/asr_input.py -> build/lib/nwkit
copying nwkit/continuous_asr_optimize.py -> build/lib/nwkit
copying nwkit/intersection.py -> build/lib/nwkit
copying nwkit/root_compare.py -> build/lib/nwkit
copying nwkit/regress.py -> build/lib/nwkit
copying nwkit/shift_native_provenance.py -> build/lib/nwkit
copying nwkit/shift_native_input.py -> build/lib/nwkit
copying nwkit/shift_native_screen.py -> build/lib/nwkit
copying nwkit/sparse_laplace.py -> build/lib/nwkit
copying nwkit/radte_cli.py -> build/lib/nwkit
copying nwkit/regression_selection.py -> build/lib/nwkit
copying nwkit/gaussian_tree.py -> build/lib/nwkit
copying nwkit/regression_inference.py -> build/lib/nwkit
copying nwkit/sample.py -> build/lib/nwkit
copying nwkit/mcmc_diagnostics.py -> build/lib/nwkit
copying nwkit/shift_results.py -> build/lib/nwkit
copying nwkit/tree_formats.py -> build/lib/nwkit
copying nwkit/markov_gaussian_asr.py -> build/lib/nwkit
copying nwkit/asr_tip_labels.py -> build/lib/nwkit
copying nwkit/shift_simulation_cli.py -> build/lib/nwkit
copying nwkit/reconciliation_properties.py -> build/lib/nwkit
copying nwkit/regime_continuous_asr.py -> build/lib/nwkit
copying nwkit/validate.py -> build/lib/nwkit
copying nwkit/branch_gaussian_paths.py -> build/lib/nwkit
copying nwkit/branch_gaussian_input.py -> build/lib/nwkit
copying nwkit/shift_native_output.py -> build/lib/nwkit
copying nwkit/gaussian.py -> build/lib/nwkit
copying nwkit/draw_quality.py -> build/lib/nwkit
copying nwkit/vector_mean.py -> build/lib/nwkit
copying nwkit/pca.py -> build/lib/nwkit
copying nwkit/shift_backend.py -> build/lib/nwkit
copying nwkit/asr_regimes.py -> build/lib/nwkit
copying nwkit/ou_asr.py -> build/lib/nwkit
copying nwkit/root.py -> build/lib/nwkit
copying nwkit/vector_simulation.py -> build/lib/nwkit
copying nwkit/full_ou.py -> build/lib/nwkit
copying nwkit/shift_cli.py -> build/lib/nwkit
copying nwkit/iqtree_worker.py -> build/lib/nwkit
copying nwkit/rescale.py -> build/lib/nwkit
copying nwkit/util.py -> build/lib/nwkit
copying nwkit/rooting_state.py -> build/lib/nwkit
copying nwkit/gaussian_inference.py -> build/lib/nwkit
copying nwkit/shift_joint_dense.py -> build/lib/nwkit
copying nwkit/table2nwk.py -> build/lib/nwkit
copying nwkit/sanitize.py -> build/lib/nwkit
copying nwkit/branch_gaussian_estimation.py -> build/lib/nwkit
copying nwkit/tree_outputs.py -> build/lib/nwkit
copying nwkit/continuous_asr_io.py -> build/lib/nwkit
copying nwkit/mcmctree.py -> build/lib/nwkit
copying nwkit/radte_sequence_fit.py -> build/lib/nwkit
copying nwkit/stochastic_map_io.py -> build/lib/nwkit
copying nwkit/draw_render.py -> build/lib/nwkit
copying nwkit/jump_asr.py -> build/lib/nwkit
copying nwkit/radte_species.py -> build/lib/nwkit
copying nwkit/shift_native_ic.py -> build/lib/nwkit
copying nwkit/compose.py -> build/lib/nwkit
copying nwkit/vector_fit.py -> build/lib/nwkit
copying nwkit/cli.py -> build/lib/nwkit
copying nwkit/output_transaction.py -> build/lib/nwkit
copying nwkit/shift_native_limits.py -> build/lib/nwkit
copying nwkit/draw_prep.py -> build/lib/nwkit
copying nwkit/branch_gaussian_asr.py -> build/lib/nwkit
copying nwkit/clade_mapping.py -> build/lib/nwkit
copying nwkit/rf_distance.py -> build/lib/nwkit
copying nwkit/shift_joint_screen.py -> build/lib/nwkit
copying nwkit/radte_simulation.py -> build/lib/nwkit
copying nwkit/trait_input.py -> build/lib/nwkit
copying nwkit/pca_figure.py -> build/lib/nwkit
copying nwkit/shift_candidates.py -> build/lib/nwkit
copying nwkit/fasta.py -> build/lib/nwkit
copying nwkit/asr_comparison.py -> build/lib/nwkit
copying nwkit/label.py -> build/lib/nwkit
copying nwkit/cladefreq.py -> build/lib/nwkit
copying nwkit/phylogenetic_pca.py -> build/lib/nwkit
copying nwkit/model_specs.py -> build/lib/nwkit
copying nwkit/asr_compare_panels.py -> build/lib/nwkit
copying nwkit/individual_covariance.py -> build/lib/nwkit
copying nwkit/draw.py -> build/lib/nwkit
copying nwkit/constrain.py -> build/lib/nwkit
copying nwkit/continuous_asr.py -> build/lib/nwkit
copying nwkit/pca_cli.py -> build/lib/nwkit
copying nwkit/transfer.py -> build/lib/nwkit
copying nwkit/branch_gaussian_options.py -> build/lib/nwkit
copying nwkit/stochastic_map_tables.py -> build/lib/nwkit
copying nwkit/shift_bootstrap.py -> build/lib/nwkit
copying nwkit/nhx2nwk.py -> build/lib/nwkit
copying nwkit/result_plot.py -> build/lib/nwkit
copying nwkit/latent_gaussian.py -> build/lib/nwkit
copying nwkit/shift_joint_model.py -> build/lib/nwkit
copying nwkit/shift_native_model.py -> build/lib/nwkit
copying nwkit/asr_models.py -> build/lib/nwkit
copying nwkit/radte_iqtree.py -> build/lib/nwkit
copying nwkit/regression_observation.py -> build/lib/nwkit
copying nwkit/shift.py -> build/lib/nwkit
copying nwkit/dtt_figure.py -> build/lib/nwkit
copying nwkit/rename.py -> build/lib/nwkit
copying nwkit/radte_compare_plot.py -> build/lib/nwkit
copying nwkit/gaussian_whitening.py -> build/lib/nwkit
copying nwkit/event_regression.py -> build/lib/nwkit
copying nwkit/subtree.py -> build/lib/nwkit
copying nwkit/threshold_asr.py -> build/lib/nwkit
copying nwkit/shift_native_quick.py -> build/lib/nwkit
copying nwkit/__init__.py -> build/lib/nwkit
copying nwkit/vector_gaussian.py -> build/lib/nwkit
copying nwkit/asr_tree_ensemble.py -> build/lib/nwkit
copying nwkit/radte_compare.py -> build/lib/nwkit
copying nwkit/asr.py -> build/lib/nwkit
copying nwkit/prune.py -> build/lib/nwkit
copying nwkit/dist.py -> build/lib/nwkit
copying nwkit/printlabel.py -> build/lib/nwkit
copying nwkit/branch_gaussian_output.py -> build/lib/nwkit
copying nwkit/shift_calibration.py -> build/lib/nwkit
copying nwkit/result_plot_data.py -> build/lib/nwkit
copying nwkit/ordinary_regression.py -> build/lib/nwkit
copying nwkit/branch_gaussian.py -> build/lib/nwkit
copying nwkit/shift_convergence.py -> build/lib/nwkit
copying nwkit/regime_drift_asr.py -> build/lib/nwkit
copying nwkit/signal_cli.py -> build/lib/nwkit
copying nwkit/multivariate_gaussian_asr.py -> build/lib/nwkit
copying nwkit/collapse.py -> build/lib/nwkit
copying nwkit/__main__.py -> build/lib/nwkit
copying nwkit/annotate.py -> build/lib/nwkit
copying nwkit/continuous_observation.py -> build/lib/nwkit
copying nwkit/conventions.py -> build/lib/nwkit
copying nwkit/radte_paml.py -> build/lib/nwkit
copying nwkit/root_evaluation.py -> build/lib/nwkit
copying nwkit/compiled_tree.py -> build/lib/nwkit
copying nwkit/nonstationary_continuous_asr.py -> build/lib/nwkit
copying nwkit/dtt_cli.py -> build/lib/nwkit
copying nwkit/draw_helpers.py -> build/lib/nwkit
copying nwkit/vector_ou_fit.py -> build/lib/nwkit
copying nwkit/model_matrix.py -> build/lib/nwkit
copying nwkit/hidden_rate_asr.py -> build/lib/nwkit
copying nwkit/diff.py -> build/lib/nwkit
copying nwkit/rsc_diagnostics.py -> build/lib/nwkit
copying nwkit/radte_sequence.py -> build/lib/nwkit
copying nwkit/radte_calibrated.py -> build/lib/nwkit
copying nwkit/regression_selection_cli.py -> build/lib/nwkit
copying nwkit/asr_multivariate_diagnostics.py -> build/lib/nwkit
copying nwkit/asr_latent.py -> build/lib/nwkit
copying nwkit/asr_discrete_cross_validation.py -> build/lib/nwkit
copying nwkit/shift_native_fit.py -> build/lib/nwkit
copying nwkit/shift_reference.py -> build/lib/nwkit
copying nwkit/asr_output.py -> build/lib/nwkit
copying nwkit/measurement_error.py -> build/lib/nwkit
copying nwkit/asr_averaging.py -> build/lib/nwkit
copying nwkit/radte_model.py -> build/lib/nwkit
copying nwkit/shift_joint_fit.py -> build/lib/nwkit
copying nwkit/multivariate_asr.py -> build/lib/nwkit
copying nwkit/consensus.py -> build/lib/nwkit
copying nwkit/shift_native_bootstrap.py -> build/lib/nwkit
copying nwkit/time_tree.py -> build/lib/nwkit
copying nwkit/asr_cross_validation.py -> build/lib/nwkit
copying nwkit/skim.py -> build/lib/nwkit
copying nwkit/radte_ensemble.py -> build/lib/nwkit
copying nwkit/radte_components.py -> build/lib/nwkit
copying nwkit/radte_studentized.py -> build/lib/nwkit
copying nwkit/pagel_asr.py -> build/lib/nwkit
copying nwkit/continuous_asr_process.py -> build/lib/nwkit
copying nwkit/asr_diagnostics.py -> build/lib/nwkit
copying nwkit/phylogenetic_predictive.py -> build/lib/nwkit
copying nwkit/individual_asr.py -> build/lib/nwkit
copying nwkit/optimization.py -> build/lib/nwkit
copying nwkit/radte_uncertainty.py -> build/lib/nwkit
copying nwkit/shuffle.py -> build/lib/nwkit
copying nwkit/asr_continuous_diagnostics.py -> build/lib/nwkit
copying nwkit/signal_stats.py -> build/lib/nwkit
copying nwkit/replicates.py -> build/lib/nwkit
copying nwkit/draw_layouts.py -> build/lib/nwkit
copying nwkit/threshold_diagnostics.py -> build/lib/nwkit
copying nwkit/convert.py -> build/lib/nwkit
copying nwkit/asr_compare_figure.py -> build/lib/nwkit
copying nwkit/radte_inputs.py -> build/lib/nwkit
copying nwkit/draw_output.py -> build/lib/nwkit
copying nwkit/asr_figure.py -> build/lib/nwkit
copying nwkit/shift_backend_probe.py -> build/lib/nwkit
copying nwkit/result_plot_cli.py -> build/lib/nwkit
copying nwkit/disparity.py -> build/lib/nwkit
copying nwkit/phylogenetic_glmm.py -> build/lib/nwkit
copying nwkit/radte_codon.py -> build/lib/nwkit
copying nwkit/shift_math.py -> build/lib/nwkit
copying nwkit/general_ou_asr.py -> build/lib/nwkit
copying nwkit/contrast.py -> build/lib/nwkit
copying nwkit/info.py -> build/lib/nwkit
copying nwkit/monophyly.py -> build/lib/nwkit
copying nwkit/discrete_asr_models.py -> build/lib/nwkit
copying nwkit/shift_native_heuristic.py -> build/lib/nwkit
copying nwkit/asr_heatmap.py -> build/lib/nwkit
copying nwkit/vector_processes.py -> build/lib/nwkit
copying nwkit/penalized_phylogenetic.py -> build/lib/nwkit
copying nwkit/asr_compare.py -> build/lib/nwkit
copying nwkit/iqtree_library.py -> build/lib/nwkit
copying nwkit/asr_bootstrap_intervals.py -> build/lib/nwkit
copying nwkit/multivariate_pgls.py -> build/lib/nwkit
copying nwkit/file_paths.py -> build/lib/nwkit
copying nwkit/reconcile.py -> build/lib/nwkit
creating build/lib/nwkit/data_tree
copying nwkit/data_tree/apgiv.nwk -> build/lib/nwkit/data_tree
creating build/lib/nwkit/data_model
copying nwkit/data_model/ECMrest.txt -> build/lib/nwkit/data_model
copying nwkit/data_model/lg.txt -> build/lib/nwkit/data_model
copying nwkit/data_model/ECMunrest.txt -> build/lib/nwkit/data_model
creating build/lib/nwkit/data_iqtree
copying nwkit/data_iqtree/worker.cpp -> build/lib/nwkit/data_iqtree
installing to build/bdist.linux-aarch64/wheel
running install
running install_lib
creating build/bdist.linux-aarch64/wheel
creating build/bdist.linux-aarch64/wheel/nwkit
copying build/lib/nwkit/transformed_continuous_asr.py -> build/bdist.linux-aarch64/wheel/./nwkit
copying build/lib/nwkit/clade_index.py -> build/bdist.linux-aarch64/wheel/./nwkit
copying build/lib/nwkit/mark.py -> build/bdist.linux-aarch64/wheel/./nwkit
copying build/lib/nwkit/draw_types.py -> build/bdist.linux-aarch64/wheel/./nwkit
copying build/lib/nwkit/shift_native_path.py -> build/bdist.linux-aarch64/wheel/./nwkit
copying build/lib/nwkit/radte.py -> build/bdist.linux-aarch64/wheel/./nwkit
copying build/lib/nwkit/species_parser.py -> build/bdist.linux-aarch64/wheel/./nwkit
copying build/lib/nwkit/full_ou_fit.py -> build/bdist.linux-aarch64/wheel/./nwkit
copying build/lib/nwkit/drop.py -> build/bdist.linux-aarch64/wheel/./nwkit
copying build/lib/nwkit/shift_simulation.py -> build/bdist.linux-aarch64/wheel/./nwkit
copying build/lib/nwkit/signal.py -> build/bdist.linux-aarch64/wheel/./nwkit
copying build/lib/nwkit/provenance.py -> build/bdist.linux-aarch64/wheel/./nwkit
copying build/lib/nwkit/image_metadata.py -> build/bdist.linux-aarch64/wheel/./nwkit
copying build/lib/nwkit/regime_gaussian_asr.py -> build/bdist.linux-aarch64/wheel/./nwkit
copying build/lib/nwkit/nwk2table.py -> build/bdist.linux-aarch64/wheel/./nwkit
copying build/lib/nwkit/branch_gaussian_fit_spec.py -> build/bdist.linux-aarch64/wheel/./nwkit
copying build/lib/nwkit/asr_paths.py -> build/bdist.linux-aarch64/wheel/./nwkit
copying build/lib/nwkit/draw_setup.py -> build/bdist.linux-aarch64/wheel/./nwkit
copying build/lib/nwkit/regression_pipeline.py -> build/bdist.linux-aarch64/wheel/./nwkit
copying build/lib/nwkit/dtt.py -> build/bdist.linux-aarch64/wheel/./nwkit
copying build/lib/nwkit/radte_marginal.py -> build/bdist.linux-aarch64/wheel/./nwkit
copying build/lib/nwkit/shift_calibrated_output.py -> build/bdist.linux-aarch64/wheel/./nwkit
copying build/lib/nwkit/shift_native_search.py -> build/bdist.linux-aarch64/wheel/./nwkit
copying build/lib/nwkit/image.py -> build/bdist.linux-aarch64/wheel/./nwkit
copying build/lib/nwkit/shift_native_identifiability.py -> build/bdist.linux-aarch64/wheel/./nwkit
copying build/lib/nwkit/evolution.py -> build/bdist.linux-aarch64/wheel/./nwkit
copying build/lib/nwkit/vector_whitening.py -> build/bdist.linux-aarch64/wheel/./nwkit
copying build/lib/nwkit/radte_exact_interval.py -> build/bdist.linux-aarch64/wheel/./nwkit
copying build/lib/nwkit/shift_native_selection.py -> build/bdist.linux-aarch64/wheel/./nwkit
copying build/lib/nwkit/stochastic_history.py -> build/bdist.linux-aarch64/wheel/./nwkit
copying build/lib/nwkit/discrete_observation.py -> build/bdist.linux-aarch64/wheel/./nwkit
copying build/lib/nwkit/asr_input.py -> build/bdist.linux-aarch64/wheel/./nwkit
copying build/lib/nwkit/continuous_asr_optimize.py -> build/bdist.linux-aarch64/wheel/./nwkit
copying build/lib/nwkit/intersection.py -> build/bdist.linux-aarch64/wheel/./nwkit
copying build/lib/nwkit/root_compare.py -> build/bdist.linux-aarch64/wheel/./nwkit
copying build/lib/nwkit/regress.py -> build/bdist.linux-aarch64/wheel/./nwkit
copying build/lib/nwkit/shift_native_provenance.py -> build/bdist.linux-aarch64/wheel/./nwkit
copying build/lib/nwkit/shift_native_input.py -> build/bdist.linux-aarch64/wheel/./nwkit
copying build/lib/nwkit/shift_native_screen.py -> build/bdist.linux-aarch64/wheel/./nwkit
copying build/lib/nwkit/sparse_laplace.py -> build/bdist.linux-aarch64/wheel/./nwkit
copying build/lib/nwkit/radte_cli.py -> build/bdist.linux-aarch64/wheel/./nwkit
copying build/lib/nwkit/regression_selection.py -> build/bdist.linux-aarch64/wheel/./nwkit
copying build/lib/nwkit/gaussian_tree.py -> build/bdist.linux-aarch64/wheel/./nwkit
copying build/lib/nwkit/regression_inference.py -> build/bdist.linux-aarch64/wheel/./nwkit
copying build/lib/nwkit/sample.py -> build/bdist.linux-aarch64/wheel/./nwkit
copying build/lib/nwkit/mcmc_diagnostics.py -> build/bdist.linux-aarch64/wheel/./nwkit
copying build/lib/nwkit/shift_results.py -> build/bdist.linux-aarch64/wheel/./nwkit
copying build/lib/nwkit/tree_formats.py -> build/bdist.linux-aarch64/wheel/./nwkit
copying build/lib/nwkit/markov_gaussian_asr.py -> build/bdist.linux-aarch64/wheel/./nwkit
copying build/lib/nwkit/asr_tip_labels.py -> build/bdist.linux-aarch64/wheel/./nwkit
copying build/lib/nwkit/shift_simulation_cli.py -> build/bdist.linux-aarch64/wheel/./nwkit
copying build/lib/nwkit/reconciliation_properties.py -> build/bdist.linux-aarch64/wheel/./nwkit
copying build/lib/nwkit/regime_continuous_asr.py -> build/bdist.linux-aarch64/wheel/./nwkit
copying build/lib/nwkit/validate.py -> build/bdist.linux-aarch64/wheel/./nwkit
copying build/lib/nwkit/branch_gaussian_paths.py -> build/bdist.linux-aarch64/wheel/./nwkit
copying build/lib/nwkit/branch_gaussian_input.py -> build/bdist.linux-aarch64/wheel/./nwkit
copying build/lib/nwkit/shift_native_output.py -> build/bdist.linux-aarch64/wheel/./nwkit
copying build/lib/nwkit/gaussian.py -> build/bdist.linux-aarch64/wheel/./nwkit
copying build/lib/nwkit/draw_quality.py -> build/bdist.linux-aarch64/wheel/./nwkit
copying build/lib/nwkit/vector_mean.py -> build/bdist.linux-aarch64/wheel/./nwkit
copying build/lib/nwkit/pca.py -> build/bdist.linux-aarch64/wheel/./nwkit
copying build/lib/nwkit/shift_backend.py -> build/bdist.linux-aarch64/wheel/./nwkit
copying build/lib/nwkit/asr_regimes.py -> build/bdist.linux-aarch64/wheel/./nwkit
copying build/lib/nwkit/ou_asr.py -> build/bdist.linux-aarch64/wheel/./nwkit
copying build/lib/nwkit/root.py -> build/bdist.linux-aarch64/wheel/./nwkit
copying build/lib/nwkit/vector_simulation.py -> build/bdist.linux-aarch64/wheel/./nwkit
copying build/lib/nwkit/full_ou.py -> build/bdist.linux-aarch64/wheel/./nwkit
copying build/lib/nwkit/shift_cli.py -> build/bdist.linux-aarch64/wheel/./nwkit
copying build/lib/nwkit/iqtree_worker.py -> build/bdist.linux-aarch64/wheel/./nwkit
copying build/lib/nwkit/rescale.py -> build/bdist.linux-aarch64/wheel/./nwkit
copying build/lib/nwkit/util.py -> build/bdist.linux-aarch64/wheel/./nwkit
copying build/lib/nwkit/rooting_state.py -> build/bdist.linux-aarch64/wheel/./nwkit
copying build/lib/nwkit/gaussian_inference.py -> build/bdist.linux-aarch64/wheel/./nwkit
copying build/lib/nwkit/shift_joint_dense.py -> build/bdist.linux-aarch64/wheel/./nwkit
copying build/lib/nwkit/table2nwk.py -> build/bdist.linux-aarch64/wheel/./nwkit
copying build/lib/nwkit/sanitize.py -> build/bdist.linux-aarch64/wheel/./nwkit
copying build/lib/nwkit/branch_gaussian_estimation.py -> build/bdist.linux-aarch64/wheel/./nwkit
copying build/lib/nwkit/tree_outputs.py -> build/bdist.linux-aarch64/wheel/./nwkit
copying build/lib/nwkit/continuous_asr_io.py -> build/bdist.linux-aarch64/wheel/./nwkit
creating build/bdist.linux-aarch64/wheel/nwkit/data_model
copying build/lib/nwkit/data_model/ECMrest.txt -> build/bdist.linux-aarch64/wheel/./nwkit/data_model
copying build/lib/nwkit/data_model/lg.txt -> build/bdist.linux-aarch64/wheel/./nwkit/data_model
copying build/lib/nwkit/data_model/ECMunrest.txt -> build/bdist.linux-aarch64/wheel/./nwkit/data_model
copying build/lib/nwkit/mcmctree.py -> build/bdist.linux-aarch64/wheel/./nwkit
copying build/lib/nwkit/radte_sequence_fit.py -> build/bdist.linux-aarch64/wheel/./nwkit
copying build/lib/nwkit/stochastic_map_io.py -> build/bdist.linux-aarch64/wheel/./nwkit
copying build/lib/nwkit/draw_render.py -> build/bdist.linux-aarch64/wheel/./nwkit
copying build/lib/nwkit/jump_asr.py -> build/bdist.linux-aarch64/wheel/./nwkit
copying build/lib/nwkit/radte_species.py -> build/bdist.linux-aarch64/wheel/./nwkit
copying build/lib/nwkit/shift_native_ic.py -> build/bdist.linux-aarch64/wheel/./nwkit
copying build/lib/nwkit/compose.py -> build/bdist.linux-aarch64/wheel/./nwkit
copying build/lib/nwkit/vector_fit.py -> build/bdist.linux-aarch64/wheel/./nwkit
copying build/lib/nwkit/cli.py -> build/bdist.linux-aarch64/wheel/./nwkit
copying build/lib/nwkit/output_transaction.py -> build/bdist.linux-aarch64/wheel/./nwkit
copying build/lib/nwkit/shift_native_limits.py -> build/bdist.linux-aarch64/wheel/./nwkit
copying build/lib/nwkit/draw_prep.py -> build/bdist.linux-aarch64/wheel/./nwkit
copying build/lib/nwkit/branch_gaussian_asr.py -> build/bdist.linux-aarch64/wheel/./nwkit
copying build/lib/nwkit/clade_mapping.py -> build/bdist.linux-aarch64/wheel/./nwkit
copying build/lib/nwkit/rf_distance.py -> build/bdist.linux-aarch64/wheel/./nwkit
copying build/lib/nwkit/shift_joint_screen.py -> build/bdist.linux-aarch64/wheel/./nwkit
copying build/lib/nwkit/radte_simulation.py -> build/bdist.linux-aarch64/wheel/./nwkit
copying build/lib/nwkit/trait_input.py -> build/bdist.linux-aarch64/wheel/./nwkit
copying build/lib/nwkit/pca_figure.py -> build/bdist.linux-aarch64/wheel/./nwkit
copying build/lib/nwkit/shift_candidates.py -> build/bdist.linux-aarch64/wheel/./nwkit
copying build/lib/nwkit/fasta.py -> build/bdist.linux-aarch64/wheel/./nwkit
copying build/lib/nwkit/asr_comparison.py -> build/bdist.linux-aarch64/wheel/./nwkit
copying build/lib/nwkit/label.py -> build/bdist.linux-aarch64/wheel/./nwkit
copying build/lib/nwkit/cladefreq.py -> build/bdist.linux-aarch64/wheel/./nwkit
copying build/lib/nwkit/phylogenetic_pca.py -> build/bdist.linux-aarch64/wheel/./nwkit
copying build/lib/nwkit/model_specs.py -> build/bdist.linux-aarch64/wheel/./nwkit
copying build/lib/nwkit/asr_compare_panels.py -> build/bdist.linux-aarch64/wheel/./nwkit
copying build/lib/nwkit/individual_covariance.py -> build/bdist.linux-aarch64/wheel/./nwkit
copying build/lib/nwkit/draw.py -> build/bdist.linux-aarch64/wheel/./nwkit
copying build/lib/nwkit/constrain.py -> build/bdist.linux-aarch64/wheel/./nwkit
copying build/lib/nwkit/continuous_asr.py -> build/bdist.linux-aarch64/wheel/./nwkit
copying build/lib/nwkit/pca_cli.py -> build/bdist.linux-aarch64/wheel/./nwkit
copying build/lib/nwkit/transfer.py -> build/bdist.linux-aarch64/wheel/./nwkit
copying build/lib/nwkit/branch_gaussian_options.py -> build/bdist.linux-aarch64/wheel/./nwkit
copying build/lib/nwkit/stochastic_map_tables.py -> build/bdist.linux-aarch64/wheel/./nwkit
copying build/lib/nwkit/shift_bootstrap.py -> build/bdist.linux-aarch64/wheel/./nwkit
copying build/lib/nwkit/nhx2nwk.py -> build/bdist.linux-aarch64/wheel/./nwkit
copying build/lib/nwkit/result_plot.py -> build/bdist.linux-aarch64/wheel/./nwkit
copying build/lib/nwkit/latent_gaussian.py -> build/bdist.linux-aarch64/wheel/./nwkit
copying build/lib/nwkit/shift_joint_model.py -> build/bdist.linux-aarch64/wheel/./nwkit
copying build/lib/nwkit/shift_native_model.py -> build/bdist.linux-aarch64/wheel/./nwkit
copying build/lib/nwkit/asr_models.py -> build/bdist.linux-aarch64/wheel/./nwkit
copying build/lib/nwkit/radte_iqtree.py -> build/bdist.linux-aarch64/wheel/./nwkit
copying build/lib/nwkit/regression_observation.py -> build/bdist.linux-aarch64/wheel/./nwkit
copying build/lib/nwkit/shift.py -> build/bdist.linux-aarch64/wheel/./nwkit
copying build/lib/nwkit/dtt_figure.py -> build/bdist.linux-aarch64/wheel/./nwkit
copying build/lib/nwkit/rename.py -> build/bdist.linux-aarch64/wheel/./nwkit
copying build/lib/nwkit/radte_compare_plot.py -> build/bdist.linux-aarch64/wheel/./nwkit
copying build/lib/nwkit/gaussian_whitening.py -> build/bdist.linux-aarch64/wheel/./nwkit
copying build/lib/nwkit/event_regression.py -> build/bdist.linux-aarch64/wheel/./nwkit
copying build/lib/nwkit/subtree.py -> build/bdist.linux-aarch64/wheel/./nwkit
copying build/lib/nwkit/threshold_asr.py -> build/bdist.linux-aarch64/wheel/./nwkit
copying build/lib/nwkit/shift_native_quick.py -> build/bdist.linux-aarch64/wheel/./nwkit
copying build/lib/nwkit/__init__.py -> build/bdist.linux-aarch64/wheel/./nwkit
copying build/lib/nwkit/vector_gaussian.py -> build/bdist.linux-aarch64/wheel/./nwkit
copying build/lib/nwkit/asr_tree_ensemble.py -> build/bdist.linux-aarch64/wheel/./nwkit
copying build/lib/nwkit/radte_compare.py -> build/bdist.linux-aarch64/wheel/./nwkit
copying build/lib/nwkit/asr.py -> build/bdist.linux-aarch64/wheel/./nwkit
copying build/lib/nwkit/prune.py -> build/bdist.linux-aarch64/wheel/./nwkit
copying build/lib/nwkit/dist.py -> build/bdist.linux-aarch64/wheel/./nwkit
copying build/lib/nwkit/printlabel.py -> build/bdist.linux-aarch64/wheel/./nwkit
copying build/lib/nwkit/branch_gaussian_output.py -> build/bdist.linux-aarch64/wheel/./nwkit
copying build/lib/nwkit/shift_calibration.py -> build/bdist.linux-aarch64/wheel/./nwkit
copying build/lib/nwkit/result_plot_data.py -> build/bdist.linux-aarch64/wheel/./nwkit
copying build/lib/nwkit/ordinary_regression.py -> build/bdist.linux-aarch64/wheel/./nwkit
copying build/lib/nwkit/branch_gaussian.py -> build/bdist.linux-aarch64/wheel/./nwkit
copying build/lib/nwkit/shift_convergence.py -> build/bdist.linux-aarch64/wheel/./nwkit
copying build/lib/nwkit/regime_drift_asr.py -> build/bdist.linux-aarch64/wheel/./nwkit
copying build/lib/nwkit/signal_cli.py -> build/bdist.linux-aarch64/wheel/./nwkit
copying build/lib/nwkit/multivariate_gaussian_asr.py -> build/bdist.linux-aarch64/wheel/./nwkit
copying build/lib/nwkit/collapse.py -> build/bdist.linux-aarch64/wheel/./nwkit
copying build/lib/nwkit/__main__.py -> build/bdist.linux-aarch64/wheel/./nwkit
copying build/lib/nwkit/annotate.py -> build/bdist.linux-aarch64/wheel/./nwkit
copying build/lib/nwkit/continuous_observation.py -> build/bdist.linux-aarch64/wheel/./nwkit
copying build/lib/nwkit/conventions.py -> build/bdist.linux-aarch64/wheel/./nwkit
copying build/lib/nwkit/radte_paml.py -> build/bdist.linux-aarch64/wheel/./nwkit
copying build/lib/nwkit/root_evaluation.py -> build/bdist.linux-aarch64/wheel/./nwkit
copying build/lib/nwkit/compiled_tree.py -> build/bdist.linux-aarch64/wheel/./nwkit
creating build/bdist.linux-aarch64/wheel/nwkit/data_iqtree
copying build/lib/nwkit/data_iqtree/worker.cpp -> build/bdist.linux-aarch64/wheel/./nwkit/data_iqtree
copying build/lib/nwkit/nonstationary_continuous_asr.py -> build/bdist.linux-aarch64/wheel/./nwkit
copying build/lib/nwkit/dtt_cli.py -> build/bdist.linux-aarch64/wheel/./nwkit
copying build/lib/nwkit/draw_helpers.py -> build/bdist.linux-aarch64/wheel/./nwkit
copying build/lib/nwkit/vector_ou_fit.py -> build/bdist.linux-aarch64/wheel/./nwkit
copying build/lib/nwkit/model_matrix.py -> build/bdist.linux-aarch64/wheel/./nwkit
copying build/lib/nwkit/hidden_rate_asr.py -> build/bdist.linux-aarch64/wheel/./nwkit
copying build/lib/nwkit/diff.py -> build/bdist.linux-aarch64/wheel/./nwkit
copying build/lib/nwkit/rsc_diagnostics.py -> build/bdist.linux-aarch64/wheel/./nwkit
copying build/lib/nwkit/radte_sequence.py -> build/bdist.linux-aarch64/wheel/./nwkit
copying build/lib/nwkit/radte_calibrated.py -> build/bdist.linux-aarch64/wheel/./nwkit
copying build/lib/nwkit/regression_selection_cli.py -> build/bdist.linux-aarch64/wheel/./nwkit
copying build/lib/nwkit/asr_multivariate_diagnostics.py -> build/bdist.linux-aarch64/wheel/./nwkit
copying build/lib/nwkit/asr_latent.py -> build/bdist.linux-aarch64/wheel/./nwkit
copying build/lib/nwkit/asr_discrete_cross_validation.py -> build/bdist.linux-aarch64/wheel/./nwkit
copying build/lib/nwkit/shift_native_fit.py -> build/bdist.linux-aarch64/wheel/./nwkit
copying build/lib/nwkit/shift_reference.py -> build/bdist.linux-aarch64/wheel/./nwkit
copying build/lib/nwkit/asr_output.py -> build/bdist.linux-aarch64/wheel/./nwkit
copying build/lib/nwkit/measurement_error.py -> build/bdist.linux-aarch64/wheel/./nwkit
copying build/lib/nwkit/asr_averaging.py -> build/bdist.linux-aarch64/wheel/./nwkit
copying build/lib/nwkit/radte_model.py -> build/bdist.linux-aarch64/wheel/./nwkit
copying build/lib/nwkit/shift_joint_fit.py -> build/bdist.linux-aarch64/wheel/./nwkit
copying build/lib/nwkit/multivariate_asr.py -> build/bdist.linux-aarch64/wheel/./nwkit
copying build/lib/nwkit/consensus.py -> build/bdist.linux-aarch64/wheel/./nwkit
copying build/lib/nwkit/shift_native_bootstrap.py -> build/bdist.linux-aarch64/wheel/./nwkit
copying build/lib/nwkit/time_tree.py -> build/bdist.linux-aarch64/wheel/./nwkit
copying build/lib/nwkit/asr_cross_validation.py -> build/bdist.linux-aarch64/wheel/./nwkit
copying build/lib/nwkit/skim.py -> build/bdist.linux-aarch64/wheel/./nwkit
copying build/lib/nwkit/radte_ensemble.py -> build/bdist.linux-aarch64/wheel/./nwkit
copying build/lib/nwkit/radte_components.py -> build/bdist.linux-aarch64/wheel/./nwkit
copying build/lib/nwkit/radte_studentized.py -> build/bdist.linux-aarch64/wheel/./nwkit
copying build/lib/nwkit/pagel_asr.py -> build/bdist.linux-aarch64/wheel/./nwkit
copying build/lib/nwkit/continuous_asr_process.py -> build/bdist.linux-aarch64/wheel/./nwkit
copying build/lib/nwkit/asr_diagnostics.py -> build/bdist.linux-aarch64/wheel/./nwkit
copying build/lib/nwkit/phylogenetic_predictive.py -> build/bdist.linux-aarch64/wheel/./nwkit
copying build/lib/nwkit/individual_asr.py -> build/bdist.linux-aarch64/wheel/./nwkit
copying build/lib/nwkit/optimization.py -> build/bdist.linux-aarch64/wheel/./nwkit
copying build/lib/nwkit/radte_uncertainty.py -> build/bdist.linux-aarch64/wheel/./nwkit
copying build/lib/nwkit/shuffle.py -> build/bdist.linux-aarch64/wheel/./nwkit
copying build/lib/nwkit/asr_continuous_diagnostics.py -> build/bdist.linux-aarch64/wheel/./nwkit
copying build/lib/nwkit/signal_stats.py -> build/bdist.linux-aarch64/wheel/./nwkit
copying build/lib/nwkit/replicates.py -> build/bdist.linux-aarch64/wheel/./nwkit
copying build/lib/nwkit/draw_layouts.py -> build/bdist.linux-aarch64/wheel/./nwkit
creating build/bdist.linux-aarch64/wheel/nwkit/data_tree
copying build/lib/nwkit/data_tree/apgiv.nwk -> build/bdist.linux-aarch64/wheel/./nwkit/data_tree
copying build/lib/nwkit/threshold_diagnostics.py -> build/bdist.linux-aarch64/wheel/./nwkit
copying build/lib/nwkit/convert.py -> build/bdist.linux-aarch64/wheel/./nwkit
copying build/lib/nwkit/asr_compare_figure.py -> build/bdist.linux-aarch64/wheel/./nwkit
copying build/lib/nwkit/radte_inputs.py -> build/bdist.linux-aarch64/wheel/./nwkit
copying build/lib/nwkit/draw_output.py -> build/bdist.linux-aarch64/wheel/./nwkit
copying build/lib/nwkit/asr_figure.py -> build/bdist.linux-aarch64/wheel/./nwkit
copying build/lib/nwkit/shift_backend_probe.py -> build/bdist.linux-aarch64/wheel/./nwkit
copying build/lib/nwkit/result_plot_cli.py -> build/bdist.linux-aarch64/wheel/./nwkit
copying build/lib/nwkit/disparity.py -> build/bdist.linux-aarch64/wheel/./nwkit
copying build/lib/nwkit/phylogenetic_glmm.py -> build/bdist.linux-aarch64/wheel/./nwkit
copying build/lib/nwkit/radte_codon.py -> build/bdist.linux-aarch64/wheel/./nwkit
copying build/lib/nwkit/shift_math.py -> build/bdist.linux-aarch64/wheel/./nwkit
copying build/lib/nwkit/general_ou_asr.py -> build/bdist.linux-aarch64/wheel/./nwkit
copying build/lib/nwkit/contrast.py -> build/bdist.linux-aarch64/wheel/./nwkit
copying build/lib/nwkit/info.py -> build/bdist.linux-aarch64/wheel/./nwkit
copying build/lib/nwkit/monophyly.py -> build/bdist.linux-aarch64/wheel/./nwkit
copying build/lib/nwkit/discrete_asr_models.py -> build/bdist.linux-aarch64/wheel/./nwkit
copying build/lib/nwkit/shift_native_heuristic.py -> build/bdist.linux-aarch64/wheel/./nwkit
copying build/lib/nwkit/asr_heatmap.py -> build/bdist.linux-aarch64/wheel/./nwkit
copying build/lib/nwkit/vector_processes.py -> build/bdist.linux-aarch64/wheel/./nwkit
copying build/lib/nwkit/penalized_phylogenetic.py -> build/bdist.linux-aarch64/wheel/./nwkit
copying build/lib/nwkit/asr_compare.py -> build/bdist.linux-aarch64/wheel/./nwkit
copying build/lib/nwkit/iqtree_library.py -> build/bdist.linux-aarch64/wheel/./nwkit
copying build/lib/nwkit/asr_bootstrap_intervals.py -> build/bdist.linux-aarch64/wheel/./nwkit
copying build/lib/nwkit/multivariate_pgls.py -> build/bdist.linux-aarch64/wheel/./nwkit
copying build/lib/nwkit/file_paths.py -> build/bdist.linux-aarch64/wheel/./nwkit
copying build/lib/nwkit/reconcile.py -> build/bdist.linux-aarch64/wheel/./nwkit
running install_egg_info
running egg_info
writing nwkit.egg-info/PKG-INFO
writing dependency_links to nwkit.egg-info/dependency_links.txt
writing entry points to nwkit.egg-info/entry_points.txt
writing requirements to nwkit.egg-info/requires.txt
writing top-level names to nwkit.egg-info/top_level.txt
reading manifest file 'nwkit.egg-info/SOURCES.txt'
reading manifest template 'MANIFEST.in'
warning: no previously-included files matching '__pycache__' found anywhere in distribution
warning: no previously-included files matching '*.py[cod]' found anywhere in distribution
adding license file 'LICENSE'
writing manifest file 'nwkit.egg-info/SOURCES.txt'
Copying nwkit.egg-info to build/bdist.linux-aarch64/wheel/./nwkit-0.43.15-py3.12.egg-info
running install_scripts
creating build/bdist.linux-aarch64/wheel/nwkit-0.43.15.dist-info/WHEEL
creating '/tmp/nwkit-package-check/dist/.tmp-rj_ay7xy/nwkit-0.43.15-py3-none-any.whl' and adding 'build/bdist.linux-aarch64/wheel' to it
adding 'nwkit/__init__.py'
adding 'nwkit/__main__.py'
adding 'nwkit/annotate.py'
adding 'nwkit/asr.py'
adding 'nwkit/asr_averaging.py'
adding 'nwkit/asr_bootstrap_intervals.py'
adding 'nwkit/asr_compare.py'
adding 'nwkit/asr_compare_figure.py'
adding 'nwkit/asr_compare_panels.py'
adding 'nwkit/asr_comparison.py'
adding 'nwkit/asr_continuous_diagnostics.py'
adding 'nwkit/asr_cross_validation.py'
adding 'nwkit/asr_diagnostics.py'
adding 'nwkit/asr_discrete_cross_validation.py'
adding 'nwkit/asr_figure.py'
adding 'nwkit/asr_heatmap.py'
adding 'nwkit/asr_input.py'
adding 'nwkit/asr_latent.py'
adding 'nwkit/asr_models.py'
adding 'nwkit/asr_multivariate_diagnostics.py'
adding 'nwkit/asr_output.py'
adding 'nwkit/asr_paths.py'
adding 'nwkit/asr_regimes.py'
adding 'nwkit/asr_tip_labels.py'
adding 'nwkit/asr_tree_ensemble.py'
adding 'nwkit/branch_gaussian.py'
adding 'nwkit/branch_gaussian_asr.py'
adding 'nwkit/branch_gaussian_estimation.py'
adding 'nwkit/branch_gaussian_fit_spec.py'
adding 'nwkit/branch_gaussian_input.py'
adding 'nwkit/branch_gaussian_options.py'
adding 'nwkit/branch_gaussian_output.py'
adding 'nwkit/branch_gaussian_paths.py'
adding 'nwkit/clade_index.py'
adding 'nwkit/clade_mapping.py'
adding 'nwkit/cladefreq.py'
adding 'nwkit/cli.py'
adding 'nwkit/collapse.py'
adding 'nwkit/compiled_tree.py'
adding 'nwkit/compose.py'
adding 'nwkit/consensus.py'
adding 'nwkit/constrain.py'
adding 'nwkit/continuous_asr.py'
adding 'nwkit/continuous_asr_io.py'
adding 'nwkit/continuous_asr_optimize.py'
adding 'nwkit/continuous_asr_process.py'
adding 'nwkit/continuous_observation.py'
adding 'nwkit/contrast.py'
adding 'nwkit/conventions.py'
adding 'nwkit/convert.py'
adding 'nwkit/diff.py'
adding 'nwkit/discrete_asr_models.py'
adding 'nwkit/discrete_observation.py'
adding 'nwkit/disparity.py'
adding 'nwkit/dist.py'
adding 'nwkit/draw.py'
adding 'nwkit/draw_helpers.py'
adding 'nwkit/draw_layouts.py'
adding 'nwkit/draw_output.py'
adding 'nwkit/draw_prep.py'
adding 'nwkit/draw_quality.py'
adding 'nwkit/draw_render.py'
adding 'nwkit/draw_setup.py'
adding 'nwkit/draw_types.py'
adding 'nwkit/drop.py'
adding 'nwkit/dtt.py'
adding 'nwkit/dtt_cli.py'
adding 'nwkit/dtt_figure.py'
adding 'nwkit/event_regression.py'
adding 'nwkit/evolution.py'
adding 'nwkit/fasta.py'
adding 'nwkit/file_paths.py'
adding 'nwkit/full_ou.py'
adding 'nwkit/full_ou_fit.py'
adding 'nwkit/gaussian.py'
adding 'nwkit/gaussian_inference.py'
adding 'nwkit/gaussian_tree.py'
adding 'nwkit/gaussian_whitening.py'
adding 'nwkit/general_ou_asr.py'
adding 'nwkit/hidden_rate_asr.py'
adding 'nwkit/image.py'
adding 'nwkit/image_metadata.py'
adding 'nwkit/individual_asr.py'
adding 'nwkit/individual_covariance.py'
adding 'nwkit/info.py'
adding 'nwkit/intersection.py'
adding 'nwkit/iqtree_library.py'
adding 'nwkit/iqtree_worker.py'
adding 'nwkit/jump_asr.py'
adding 'nwkit/label.py'
adding 'nwkit/latent_gaussian.py'
adding 'nwkit/mark.py'
adding 'nwkit/markov_gaussian_asr.py'
adding 'nwkit/mcmc_diagnostics.py'
adding 'nwkit/mcmctree.py'
adding 'nwkit/measurement_error.py'
adding 'nwkit/model_matrix.py'
adding 'nwkit/model_specs.py'
adding 'nwkit/monophyly.py'
adding 'nwkit/multivariate_asr.py'
adding 'nwkit/multivariate_gaussian_asr.py'
adding 'nwkit/multivariate_pgls.py'
adding 'nwkit/nhx2nwk.py'
adding 'nwkit/nonstationary_continuous_asr.py'
adding 'nwkit/nwk2table.py'
adding 'nwkit/optimization.py'
adding 'nwkit/ordinary_regression.py'
adding 'nwkit/ou_asr.py'
adding 'nwkit/output_transaction.py'
adding 'nwkit/pagel_asr.py'
adding 'nwkit/pca.py'
adding 'nwkit/pca_cli.py'
adding 'nwkit/pca_figure.py'
adding 'nwkit/penalized_phylogenetic.py'
adding 'nwkit/phylogenetic_glmm.py'
adding 'nwkit/phylogenetic_pca.py'
adding 'nwkit/phylogenetic_predictive.py'
adding 'nwkit/printlabel.py'
adding 'nwkit/provenance.py'
adding 'nwkit/prune.py'
adding 'nwkit/radte.py'
adding 'nwkit/radte_calibrated.py'
adding 'nwkit/radte_cli.py'
adding 'nwkit/radte_codon.py'
adding 'nwkit/radte_compare.py'
adding 'nwkit/radte_compare_plot.py'
adding 'nwkit/radte_components.py'
adding 'nwkit/radte_ensemble.py'
adding 'nwkit/radte_exact_interval.py'
adding 'nwkit/radte_inputs.py'
adding 'nwkit/radte_iqtree.py'
adding 'nwkit/radte_marginal.py'
adding 'nwkit/radte_model.py'
adding 'nwkit/radte_paml.py'
adding 'nwkit/radte_sequence.py'
adding 'nwkit/radte_sequence_fit.py'
adding 'nwkit/radte_simulation.py'
adding 'nwkit/radte_species.py'
adding 'nwkit/radte_studentized.py'
adding 'nwkit/radte_uncertainty.py'
adding 'nwkit/reconcile.py'
adding 'nwkit/reconciliation_properties.py'
adding 'nwkit/regime_continuous_asr.py'
adding 'nwkit/regime_drift_asr.py'
adding 'nwkit/regime_gaussian_asr.py'
adding 'nwkit/regress.py'
adding 'nwkit/regression_inference.py'
adding 'nwkit/regression_observation.py'
adding 'nwkit/regression_pipeline.py'
adding 'nwkit/regression_selection.py'
adding 'nwkit/regression_selection_cli.py'
adding 'nwkit/rename.py'
adding 'nwkit/replicates.py'
adding 'nwkit/rescale.py'
adding 'nwkit/result_plot.py'
adding 'nwkit/result_plot_cli.py'
adding 'nwkit/result_plot_data.py'
adding 'nwkit/rf_distance.py'
adding 'nwkit/root.py'
adding 'nwkit/root_compare.py'
adding 'nwkit/root_evaluation.py'
adding 'nwkit/rooting_state.py'
adding 'nwkit/rsc_diagnostics.py'
adding 'nwkit/sample.py'
adding 'nwkit/sanitize.py'
adding 'nwkit/shift.py'
adding 'nwkit/shift_backend.py'
adding 'nwkit/shift_backend_probe.py'
adding 'nwkit/shift_bootstrap.py'
adding 'nwkit/shift_calibrated_output.py'
adding 'nwkit/shift_calibration.py'
adding 'nwkit/shift_candidates.py'
adding 'nwkit/shift_cli.py'
adding 'nwkit/shift_convergence.py'
adding 'nwkit/shift_joint_dense.py'
adding 'nwkit/shift_joint_fit.py'
adding 'nwkit/shift_joint_model.py'
adding 'nwkit/shift_joint_screen.py'
adding 'nwkit/shift_math.py'
adding 'nwkit/shift_native_bootstrap.py'
adding 'nwkit/shift_native_fit.py'
adding 'nwkit/shift_native_heuristic.py'
adding 'nwkit/shift_native_ic.py'
adding 'nwkit/shift_native_identifiability.py'
adding 'nwkit/shift_native_input.py'
adding 'nwkit/shift_native_limits.py'
adding 'nwkit/shift_native_model.py'
adding 'nwkit/shift_native_output.py'
adding 'nwkit/shift_native_path.py'
adding 'nwkit/shift_native_provenance.py'
adding 'nwkit/shift_native_quick.py'
adding 'nwkit/shift_native_screen.py'
adding 'nwkit/shift_native_search.py'
adding 'nwkit/shift_native_selection.py'
adding 'nwkit/shift_reference.py'
adding 'nwkit/shift_results.py'
adding 'nwkit/shift_simulation.py'
adding 'nwkit/shift_simulation_cli.py'
adding 'nwkit/shuffle.py'
adding 'nwkit/signal.py'
adding 'nwkit/signal_cli.py'
adding 'nwkit/signal_stats.py'
adding 'nwkit/skim.py'
adding 'nwkit/sparse_laplace.py'
adding 'nwkit/species_parser.py'
adding 'nwkit/stochastic_history.py'
adding 'nwkit/stochastic_map_io.py'
adding 'nwkit/stochastic_map_tables.py'
adding 'nwkit/subtree.py'
adding 'nwkit/table2nwk.py'
adding 'nwkit/threshold_asr.py'
adding 'nwkit/threshold_diagnostics.py'
adding 'nwkit/time_tree.py'
adding 'nwkit/trait_input.py'
adding 'nwkit/transfer.py'
adding 'nwkit/transformed_continuous_asr.py'
adding 'nwkit/tree_formats.py'
adding 'nwkit/tree_outputs.py'
adding 'nwkit/util.py'
adding 'nwkit/validate.py'
adding 'nwkit/vector_fit.py'
adding 'nwkit/vector_gaussian.py'
adding 'nwkit/vector_mean.py'
adding 'nwkit/vector_ou_fit.py'
adding 'nwkit/vector_processes.py'
adding 'nwkit/vector_simulation.py'
adding 'nwkit/vector_whitening.py'
adding 'nwkit/data_iqtree/worker.cpp'
adding 'nwkit/data_model/ECMrest.txt'
adding 'nwkit/data_model/ECMunrest.txt'
adding 'nwkit/data_model/lg.txt'
adding 'nwkit/data_tree/apgiv.nwk'
adding 'nwkit-0.43.15.dist-info/licenses/LICENSE'
adding 'nwkit-0.43.15.dist-info/METADATA'
adding 'nwkit-0.43.15.dist-info/WHEEL'
adding 'nwkit-0.43.15.dist-info/entry_points.txt'
adding 'nwkit-0.43.15.dist-info/top_level.txt'
adding 'nwkit-0.43.15.dist-info/RECORD'
removing build/bdist.linux-aarch64/wheel
Successfully built nwkit-0.43.15.tar.gz and nwkit-0.43.15-py3-none-any.whl
+ /tmp/nwkit-qa/bin/python tools/normalize_sdist.py dist/nwkit-0.43.15.tar.gz
+ /tmp/nwkit-qa/bin/python tools/check_dist.py
Checking /tmp/nwkit-package-check/dist/nwkit-0.43.15-py3-none-any.whl: [32mPASSED[0m
Checking /tmp/nwkit-package-check/dist/nwkit-0.43.15.tar.gz: [32mPASSED[0m
Traceback (most recent call last):
  File "/tmp/nwkit-package-check/tools/check_dist.py", line 310, in <module>
    raise SystemExit(main())
                     ^^^^^^
  File "/tmp/nwkit-package-check/tools/check_dist.py", line 304, in main
    subprocess.run(["check-wheel-contents", str(wheel)], check=True)
  File "/opt/conda/lib/python3.12/subprocess.py", line 548, in run
    with Popen(*popenargs, **kwargs) as process:
         ^^^^^^^^^^^^^^^^^^^^^^^^^^^
  File "/opt/conda/lib/python3.12/subprocess.py", line 1026, in __init__
    self._execute_child(args, executable, preexec_fn, close_fds,
  File "/opt/conda/lib/python3.12/subprocess.py", line 1955, in _execute_child
    raise child_exception_type(errno_num, err_msg, err_filename)
FileNotFoundError: [Errno 2] No such file or directory: 'check-wheel-contents'
Traceback (most recent call last):
  File "/tmp/nwkit-package-check/tools/check.py", line 150, in <module>
    raise SystemExit(main())
                     ^^^^^^
  File "/tmp/nwkit-package-check/tools/check.py", line 142, in main
    build_and_check_distributions()
  File "/tmp/nwkit-package-check/tools/check.py", line 111, in build_and_check_distributions
    run(PYTHON, "tools/check_dist.py")
  File "/tmp/nwkit-package-check/tools/check.py", line 20, in run
    subprocess.run(command, cwd=PROJECT_ROOT, check=True, env=env)
  File "/opt/conda/lib/python3.12/subprocess.py", line 571, in run
    raise CalledProcessError(retcode, process.args,
subprocess.CalledProcessError: Command '('/tmp/nwkit-qa/bin/python', 'tools/check_dist.py')' returned non-zero exit status 1.
Traceback (most recent call last):
  File "/work/reviews/joint-engine-optimization-2026-09-11/package_check.py", line 30, in <module>
    subprocess.run([sys.executable, 'tools/check.py', 'dist'], cwd=target, env=environment, check=True)
  File "/opt/conda/lib/python3.12/subprocess.py", line 571, in run
    raise CalledProcessError(retcode, process.args,
subprocess.CalledProcessError: Command '['/tmp/nwkit-qa/bin/python', 'tools/check.py', 'dist']' returned non-zero exit status 1.
