fossil_id	fossil_taxon	minimum_age_ma	placement	clade	source_row	node_calibrated	safe_minimum_age	age_quality_score	node_assignment_score	reconciliation_score	relationship_reference	age_reference
330	†earliest angiosperm-like pollen grains	132.1	stem	Angiospermae	3	stem Angiospermae	132.1 Ma	4 / revised (stratigraphic)	4 / apomorphy-based (apomorphies listed and tested)	3 / molecular tree only	Magallón S, Gómez-Acevedo S, Sánchez-Reyes LL, Hernández-Hernández T. 2015. A metacalibrated time-tree documents the early rise of flowering plant phylogenetic diversity. New Phytologist 207: 437–453.	Magallón S, Gómez-Acevedo S, Sánchez-Reyes LL, Hernández-Hernández T. 2015. A metacalibrated time-tree documents the early rise of flowering plant phylogenetic diversity. New Phytologist 207: 437–453.
378	†Hauterivian-Cactisulc	129.4	stem	Angiospermae	4	stem Angiospermae	129.4 Ma	2 / unrevised (old source < 2000)	4 / apomorphy-based (apomorphies listed and tested)	3 / molecular tree only	Magallón S, Gómez-Acevedo S, Sánchez-Reyes LL, Hernández-Hernández T. 2015. A metacalibrated time-tree documents the early rise of flowering plant phylogenetic diversity. New Phytologist 207: 437–453.	Hughes NF, McDougall AB. 1987. Records of angiospermid pollen entry into the English Early Cretaceous succession. Review of Palaeobotany and Palynology 50: 255–272.
377	†Hauterivian-Colthick	129.4	stem	Angiospermae	5	stem Angiospermae	129.4 Ma	2 / unrevised (old source < 2000)	4 / apomorphy-based (apomorphies listed and tested)	3 / molecular tree only	Magallón S, Gómez-Acevedo S, Sánchez-Reyes LL, Hernández-Hernández T. 2015. A metacalibrated time-tree documents the early rise of flowering plant phylogenetic diversity. New Phytologist 207: 437–453.	Hughes N, McDougall A, Chapman J. 1991. Exceptional new record of Cretaceous Hauterivian angiospermid pollen from Southern England. Journal of Micropalaeontology 10: 75–82.
376	†Retisulc-Muribeaded	129.4	stem	Angiospermae	6	stem Angiospermae	129.4 Ma	2 / unrevised (old source < 2000)	4 / apomorphy-based (apomorphies listed and tested)	3 / molecular tree only	Magallón S, Gómez-Acevedo S, Sánchez-Reyes LL, Hernández-Hernández T. 2015. A metacalibrated time-tree documents the early rise of flowering plant phylogenetic diversity. New Phytologist 207: 437–453.	Hughes NF, McDougall AB. 1987. Records of angiospermid pollen entry into the English Early Cretaceous succession. Review of Palaeobotany and Palynology 50: 255–272.
375	†Retisulc-Muriverm	129.4	stem	Angiospermae	7	stem Angiospermae	129.4 Ma	2 / unrevised (old source < 2000)	4 / apomorphy-based (apomorphies listed and tested)	3 / molecular tree only	Magallón S, Gómez-Acevedo S, Sánchez-Reyes LL, Hernández-Hernández T. 2015. A metacalibrated time-tree documents the early rise of flowering plant phylogenetic diversity. New Phytologist 207: 437–453.	Hughes NF, McDougall AB. 1987. Records of angiospermid pollen entry into the English Early Cretaceous succession. Review of Palaeobotany and Palynology 50: 255–272.
164	†unnamed cuticle 3	113.0	crown	Austrobaileyales	8	crown Austrobaileyales	113 Ma	4 / revised (stratigraphic)	3 / apomorphy-based (apomorphies unlisted or untested)	3 / molecular tree only	Doyle JA, Upchurch GR. 2014. Angiosperm Clades in the Potomac Group: What Have We Learned since 1977? Bulletin of the Peabody Museum of Natural History 55: 111–134.	Upchurch GR. 1984. Cuticular Anatomy of Angiosperm Leaves from the Lower Cretaceous Potomac Group. I. Zone I Leaves. American Journal of Botany 71: 192–202.
163	†Anacostia marylandensis	107.7	stem	Schisandraceae	9	stem Schisandraceae (Austrobaileyales)	107.7 Ma	4 / revised (stratigraphic)	5 / phylogenetic analysis	5 / combined morphological and molecular analysis (total evidence or backbone)	Doyle JA, Endress PK. 2014. Integrating Early Cretaceous fossils into the phylogeny of living angiosperms: ANITA lines and relatives of Chloranthaceae. International Journal of Plant Sciences 175: 555–600.	Magallón S, Gómez-Acevedo S, Sánchez-Reyes LL, Hernández-Hernández T. 2015. A metacalibrated time-tree documents the early rise of flowering plant phylogenetic diversity. New Phytologist 207: 437–453.
359	†Anacostia portugallica	110.8	stem	Schisandraceae	10	stem Schisandraceae (Austrobaileyales)	110.8 Ma	4 / revised (stratigraphic)	5 / phylogenetic analysis	5 / combined morphological and molecular analysis (total evidence or backbone)	Doyle JA, Endress PK. 2014. Integrating Early Cretaceous fossils into the phylogeny of living angiosperms: ANITA lines and relatives of Chloranthaceae. International Journal of Plant Sciences 175: 555–600.	Magallón S, Gómez-Acevedo S, Sánchez-Reyes LL, Hernández-Hernández T. 2015. A metacalibrated time-tree documents the early rise of flowering plant phylogenetic diversity. New Phytologist 207: 437–453.
166	†Jaguariba wiersemana	113.0	crown	Cabombaceae+Nymphaeaceae	11	crown Cabombaceae+Nymphaeaceae	113 Ma	4 / revised (stratigraphic)	5 / phylogenetic analysis	2 / morphological tree only	Coiffard C, Mohr BAR, Bernardes-de-Oliveira MEC. 2013. Jaguariba wiersemana gen. nov. et sp. nov., an Early Cretaceous member of crown group Nymphaeales (Nymphaeaceae) from northern Gondwana. Taxon 62: 141–151.	Massoni J, Doyle J, Sauquet H. 2015. Fossil calibration of Magnoliidae, an ancient lineage of angiosperms. Palaeontologia Electronica: 18.1.2FC.
167	†Scutifolium jordanicum	100.5	stem	Cabombaceae	12	stem Cabombaceae (Nymphaeales)	100.5 Ma	3 / unrevised (recent source >= 2000)	5 / phylogenetic analysis	2 / morphological tree only	Taylor DW, Brenner GJ, Basha SH. 2008. Scutifolium jordanicum gen. et sp. nov. (Cabombaceae), an aquatic fossil plant from the Lower Cretaceous of Jordan, and the relationships of related leaf fossils to living genera. American Journal of Botany 95: 340–352.	Taylor DW, Brenner GJ, Basha SH. 2008. Scutifolium jordanicum gen. et sp. nov. (Cabombaceae), an aquatic fossil plant from the Lower Cretaceous of Jordan, and the relationships of related leaf fossils to living genera. American Journal of Botany 95: 340–352.
165	†Monetianthus mirus	110.8	stem	Nymphaeaceae	13	stem Nymphaeaceae (Nymphaeales)	110.8 Ma	4 / revised (stratigraphic)	5 / phylogenetic analysis	4 / morphological and molecular trees compared	Magallón S, Gómez-Acevedo S, Sánchez-Reyes LL, Hernández-Hernández T. 2015. A metacalibrated time-tree documents the early rise of flowering plant phylogenetic diversity. New Phytologist 207: 437–453.	Friis EM, Crane PR, Pedersen KR. 2011. Early flowers and angiosperm evolution. Cambridge University Press.
182	†Donlesia dakotensis	100.5	stem	Ceratophyllaceae	14	stem Ceratophyllaceae (Ceratophyllales)	100.5 Ma	4 / revised (stratigraphic)	2 / intuitive or unspecified (trusted source)	3 / molecular tree only	Dilcher DL, Wang H. 2009. An Early Cretaceous fruit with affinities to Ceratophyllaceae. American Journal of Botany 96: 2256–2269.	Dilcher DL, Wang H. 2009. An Early Cretaceous fruit with affinities to Ceratophyllaceae. American Journal of Botany 96: 2256–2269.
358	†Montsechia vidalii	127.2	stem	Ceratophyllum	15	stem Ceratophyllum (Ceratophyllaceae, Ceratophyllales)	127.2 Ma	4 / revised (stratigraphic)	5 / phylogenetic analysis	5 / combined morphological and molecular analysis (total evidence or backbone)	Gomez B, Daviero-Gomez V, Coiffard C, Martín-Closas C, Dilcher DL. 2015. Montsechia, an ancient aquatic angiosperm. Proceedings of the National Academy of Sciences 112: 10985–10988.	Gomez B, Daviero-Gomez V, Coiffard C, Martín-Closas C, Dilcher DL. 2015. Montsechia, an ancient aquatic angiosperm. Proceedings of the National Academy of Sciences 112: 10985–10988.
178	†Canrightiopsis crassitesta	113.0	stem	Chloranthaceae	16	stem Chloranthaceae (Chloranthales)	113 Ma	3 / unrevised (recent source >= 2000)	5 / phylogenetic analysis	4 / morphological and molecular trees compared	Friis EM, Grimm GW, Mendes MM, Pedersen KR. 2015. Canrightiopsis, a new Early Cretaceous fossil with Clavatipollenites-type pollen bridge the gap between extinct Canrightia and extant Chloranthaceae. Grana 54: 184–212.	Friis EM, Grimm GW, Mendes MM, Pedersen KR. 2015. Canrightiopsis, a new Early Cretaceous fossil with Clavatipollenites-type pollen bridge the gap between extinct Canrightia and extant Chloranthaceae. Grana 54: 184–212.
179	†Hedyosmum-like flowers (Asteropollis plant)	123.0	stem	Hedyosmum	17	stem Hedyosmum (Chloranthaceae, Chloranthales)	123 Ma	4 / revised (stratigraphic)	5 / phylogenetic analysis	5 / combined morphological and molecular analysis (total evidence or backbone)	Doyle JA, Endress PK. 2014. Integrating Early Cretaceous fossils into the phylogeny of living angiosperms: ANITA lines and relatives of Chloranthaceae. International Journal of Plant Sciences 175: 555–600.	Magallón S, Gómez-Acevedo S, Sánchez-Reyes LL, Hernández-Hernández T. 2015. A metacalibrated time-tree documents the early rise of flowering plant phylogenetic diversity. New Phytologist 207: 437–453.
177	†unnamed Chloranthaceae androecium	100.5	stem	Chloranthus+Sarcandra	18	stem Chloranthus+Sarcandra (Chloranthaceae, Chloranthales)	100.5 Ma	4 / revised (stratigraphic)	5 / phylogenetic analysis	5 / combined morphological and molecular analysis (total evidence or backbone)	Magallón S, Gómez-Acevedo S, Sánchez-Reyes LL, Hernández-Hernández T. 2015. A metacalibrated time-tree documents the early rise of flowering plant phylogenetic diversity. New Phytologist 207: 437–453.	Magallón S, Gómez-Acevedo S, Sánchez-Reyes LL, Hernández-Hernández T. 2015. A metacalibrated time-tree documents the early rise of flowering plant phylogenetic diversity. New Phytologist 207: 437–453.
5	†Walkeripollis gabonensis	125.0	stem	Winteraceae	19	stem Winteraceae (Canellales)	125 Ma	4 / revised (stratigraphic)	5 / phylogenetic analysis	5 / combined morphological and molecular analysis (total evidence or backbone)	Massoni J, Doyle J, Sauquet H. 2015. Fossil calibration of Magnoliidae, an ancient lineage of angiosperms. Palaeontologia Electronica: 18.1.2FC.	Massoni J, Doyle J, Sauquet H. 2015. Fossil calibration of Magnoliidae, an ancient lineage of angiosperms. Palaeontologia Electronica: 18.1.2FC.
172	†Araripia florifera	113.0	stem	Laurales	20	stem Laurales	113 Ma	4 / revised (stratigraphic)	3 / apomorphy-based (apomorphies unlisted or untested)	3 / molecular tree only	Mohr BAR, Eklund H. 2003. Araripia florifera, a magnoliid angiosperm from the Lower Cretaceous Crato Formation (Brazil). Review of Palaeobotany and Palynology 126: 279–292.	Massoni J, Doyle J, Sauquet H. 2015. Fossil calibration of Magnoliidae, an ancient lineage of angiosperms. Palaeontologia Electronica: 18.1.2FC.
116	†Cohongarootonia hispida	107.7	crown	core Laurales	21	crown core Laurales	107.7 Ma	4 / revised (stratigraphic)	5 / phylogenetic analysis	5 / combined morphological and molecular analysis (total evidence or backbone)	Massoni J, Doyle J, Sauquet H. 2015. Fossil calibration of Magnoliidae, an ancient lineage of angiosperms. Palaeontologia Electronica: 18.1.2FC.	Massoni J, Doyle J, Sauquet H. 2015. Fossil calibration of Magnoliidae, an ancient lineage of angiosperms. Palaeontologia Electronica: 18.1.2FC.
114	†Lovellea wintonensis	100.5	crown	Laurales	22	crown Laurales	100.5 Ma	4 / revised (stratigraphic)	5 / phylogenetic analysis	5 / combined morphological and molecular analysis (total evidence or backbone)	Massoni J, Doyle J, Sauquet H. 2015. Fossil calibration of Magnoliidae, an ancient lineage of angiosperms. Palaeontologia Electronica: 18.1.2FC.	Massoni J, Doyle J, Sauquet H. 2015. Fossil calibration of Magnoliidae, an ancient lineage of angiosperms. Palaeontologia Electronica: 18.1.2FC.
117	†Mauldinia mirabilis	95.5	crown	core Laurales	23	crown core Laurales	95.5 Ma	4 / revised (stratigraphic)	5 / phylogenetic analysis	5 / combined morphological and molecular analysis (total evidence or backbone)	Massoni J, Doyle J, Sauquet H. 2015. Fossil calibration of Magnoliidae, an ancient lineage of angiosperms. Palaeontologia Electronica: 18.1.2FC.	Massoni J, Doyle J, Sauquet H. 2015. Fossil calibration of Magnoliidae, an ancient lineage of angiosperms. Palaeontologia Electronica: 18.1.2FC.
113	†Virginianthus calycanthoides	107.7	crown	Laurales	24	crown Laurales	107.7 Ma	4 / revised (stratigraphic)	5 / phylogenetic analysis	5 / combined morphological and molecular analysis (total evidence or backbone)	Massoni J, Doyle J, Sauquet H. 2015. Fossil calibration of Magnoliidae, an ancient lineage of angiosperms. Palaeontologia Electronica: 18.1.2FC.	Massoni J, Doyle J, Sauquet H. 2015. Fossil calibration of Magnoliidae, an ancient lineage of angiosperms. Palaeontologia Electronica: 18.1.2FC.
115	†Jerseyanthus calycanthoides	86.3	crown	Calycanthoideae	25	crown Calycanthoideae (Calycanthaceae, Laurales)	86.3 Ma	4 / revised (stratigraphic)	5 / phylogenetic analysis	5 / combined morphological and molecular analysis (total evidence or backbone)	Massoni J, Doyle J, Sauquet H. 2015. Fossil calibration of Magnoliidae, an ancient lineage of angiosperms. Palaeontologia Electronica: 18.1.2FC.	Massoni J, Doyle J, Sauquet H. 2015. Fossil calibration of Magnoliidae, an ancient lineage of angiosperms. Palaeontologia Electronica: 18.1.2FC.
168	†Illigera eocenica	41.2	crown	Hernandiaceae	26	crown Hernandiaceae (Laurales)	41.2 Ma	4 / revised (stratigraphic)	2 / intuitive or unspecified (trusted source)	3 / molecular tree only	Manchester SR, O’Leary EL. 2010. Phylogenetic distribution and identification of fin-winged fruits. Botanical Review 76: 1–82.	Dillhoff RM, Dillhoff TA, Dunn RE, Myers JA, Strömberg CAE. 2009. Cenozoic paleobotany of the John Day Basin, central Oregon. Geological Society of America Field Guide 15: 135–164.
169	†Cinnamomum sezannense	56.0	stem	Lauraceae	27	stem Lauraceae (Laurales)	56 Ma	2 / unrevised (old source < 2000)	2 / intuitive or unspecified (trusted source)	1 / pre-molecular era (before 1990)	Brown RW 1962. Paleocene flora of the Rocky Mountains and Great Plains. Geological Survey Professional Paper 375: 1-119.	Brown RW 1962. Paleocene flora of the Rocky Mountains and Great Plains. Geological Survey Professional Paper 375: 1-119.
11	†Potomacanthus lobatus	107.7	stem	Lauraceae	28	stem Lauraceae (Laurales)	107.7 Ma	4 / revised (stratigraphic)	4 / apomorphy-based (apomorphies listed and tested)	3 / molecular tree only	Magallón S, Gómez-Acevedo S, Sánchez-Reyes LL, Hernández-Hernández T. 2015. A metacalibrated time-tree documents the early rise of flowering plant phylogenetic diversity. New Phytologist 207: 437–453.	Massoni J, Doyle J, Sauquet H. 2015. Fossil calibration of Magnoliidae, an ancient lineage of angiosperms. Palaeontologia Electronica: 18.1.2FC.
171	†Monimiophyllum callidentatum	52.22	crown	Monimiaceae	29	crown Monimiaceae (Laurales)	52.22 Ma	5 / revised (radioisotopic)	2 / intuitive or unspecified (trusted source)	3 / molecular tree only	Knight C, Wilf P. 2013. Rare leaf fossils of Monimiaceae and Atherospermataceae (Laurales) from Eocene Patagonian rainforests and their biogeographic significance. Palaeontologia Electronica 16: 26A.	Knight C, Wilf P. 2013. Rare leaf fossils of Monimiaceae and Atherospermataceae (Laurales) from Eocene Patagonian rainforests and their biogeographic significance. Palaeontologia Electronica 16: 26A.
10	†Endressinia brasiliana	113.0	crown	Magnoliineae	30	crown Magnoliineae	113 Ma	4 / revised (stratigraphic)	5 / phylogenetic analysis	5 / combined morphological and molecular analysis (total evidence or backbone)	Massoni J, Doyle J, Sauquet H. 2015. Fossil calibration of Magnoliidae, an ancient lineage of angiosperms. Palaeontologia Electronica: 18.1.2FC.	Massoni J, Doyle J, Sauquet H. 2015. Fossil calibration of Magnoliidae, an ancient lineage of angiosperms. Palaeontologia Electronica: 18.1.2FC.
6	†Archaeanthus linnenbergeri	96.5	stem	Magnoliaceae	31	stem Magnoliaceae (Magnoliales)	96.5 Ma	4 / revised (stratigraphic)	5 / phylogenetic analysis	5 / combined morphological and molecular analysis (total evidence or backbone)	Massoni J, Doyle J, Sauquet H. 2015. Fossil calibration of Magnoliidae, an ancient lineage of angiosperms. Palaeontologia Electronica: 18.1.2FC.	Massoni J, Doyle J, Sauquet H. 2015. Fossil calibration of Magnoliidae, an ancient lineage of angiosperms. Palaeontologia Electronica: 18.1.2FC.
174	†Myristicoxylon princeps	61.6	stem	Myristicaceae	32	stem Myristicaceae (Magnoliales)	61.6 Ma	2 / unrevised (old source < 2000)	3 / apomorphy-based (apomorphies unlisted or untested)	3 / molecular tree only	Doyle JA, Sauquet H, Scharaschkin T, Le Thomas A. 2004. Phylogeny, molecular and fossil dating, and biogeographic history of Annonaceae and Myristicaceae (Magnoliales). International Journal of Plant Sciences 165: S55–S67.	Boureau E. 1950. Étude paléoxylologique du Sahara (IX). Sur un Myristicoxylon princeps n. gen., n. sp., du Danien d’Asselar (Sahara soudanais). Bulletin du Muséum National d’Histoire Naturelle, 2e Série 22: 523–528.
175	†Aristolochiacidites viluiensis	72.1	stem	Aristolochioideae	33	stem Aristolochioideae (Aristolochiaceae, Piperales)	72.1 Ma	4 / revised (stratigraphic)	2 / intuitive or unspecified (trusted source)	3 / molecular tree only	Hofmann C-C, Zetter R. 2010. Upper Cretaceous sulcate pollen from the Timerdyakh Formation, Vilui Basin (Siberia). Grana 49: 170–193.	Hofmann C-C, Zetter R. 2010. Upper Cretaceous sulcate pollen from the Timerdyakh Formation, Vilui Basin (Siberia). Grana 49: 170–193.
176	†Lactoripollenites africanus	72.1	stem	Lactoris	34	stem Lactoris (Aristolochiaceae, Piperales)	72.1 Ma	2 / unrevised (old source < 2000)	2 / intuitive or unspecified (trusted source)	3 / molecular tree only	Magallón S, Gómez-Acevedo S, Sánchez-Reyes LL, Hernández-Hernández T. 2015. A metacalibrated time-tree documents the early rise of flowering plant phylogenetic diversity. New Phytologist 207: 437–453.	Magallón S, Gómez-Acevedo S, Sánchez-Reyes LL, Hernández-Hernández T. 2015. A metacalibrated time-tree documents the early rise of flowering plant phylogenetic diversity. New Phytologist 207: 437–453.
118	†Saururus tuckerae	44.3	stem	Saururus	35	stem Saururus (Saururaceae, Piperales)	44.3 Ma	5 / revised (radioisotopic)	5 / phylogenetic analysis	5 / combined morphological and molecular analysis (total evidence or backbone)	Massoni J, Doyle J, Sauquet H. 2015. Fossil calibration of Magnoliidae, an ancient lineage of angiosperms. Palaeontologia Electronica: 18.1.2FC.	Massoni J, Doyle J, Sauquet H. 2015. Fossil calibration of Magnoliidae, an ancient lineage of angiosperms. Palaeontologia Electronica: 18.1.2FC.
121	†Liliacidites sp. A	113.0	crown	Monocotyledoneae	36	crown Monocotyledoneae	113 Ma	4 / revised (stratigraphic)	5 / phylogenetic analysis	5 / combined morphological and molecular analysis (total evidence or backbone)	Iles WJD, Smith SY, Gandolfo MA, Graham SW. 2015. Monocot fossils suitable for molecular dating analyses. Botanical Journal of the Linnean Society 178: 346–374.	Iles WJD, Smith SY, Gandolfo MA, Graham SW. 2015. Monocot fossils suitable for molecular dating analyses. Botanical Journal of the Linnean Society 178: 346–374.
122	†Caldesia brandoniana	23.03	crown	Alismataceae	37	crown Alismataceae (Alismatales)	23.03 Ma	4 / revised (stratigraphic)	2 / intuitive or unspecified (trusted source)	3 / molecular tree only	Iles WJD, Smith SY, Gandolfo MA, Graham SW. 2015. Monocot fossils suitable for molecular dating analyses. Botanical Journal of the Linnean Society 178: 346–374.	Iles WJD, Smith SY, Gandolfo MA, Graham SW. 2015. Monocot fossils suitable for molecular dating analyses. Botanical Journal of the Linnean Society 178: 346–374.
123	†Cardstonia toldmanii	72.1	stem	Alismataceae	38	stem Alismataceae (Alismatales)	72.1 Ma	3 / unrevised (recent source >= 2000)	2 / intuitive or unspecified (trusted source)	3 / molecular tree only	Iles WJD, Smith SY, Gandolfo MA, Graham SW. 2015. Monocot fossils suitable for molecular dating analyses. Botanical Journal of the Linnean Society 178: 346–374.	Riley MG, Stockey RA. 2004. Cardstonia tolmanii gen. et sp. nov. (Limnocharitaceae) from the Upper Cretaceous of Alberta, Canada. International Journal of Plant Sciences 165: 897–916.
120	†Aponogeton harryi	81.13	stem	Aponogetonaceae	39	stem Aponogetonaceae (Alismatales)	81.13 Ma	5 / revised (radioisotopic)	3 / apomorphy-based (apomorphies unlisted or untested)	3 / molecular tree only	Iles WJD, Smith SY, Gandolfo MA, Graham SW. 2015. Monocot fossils suitable for molecular dating analyses. Botanical Journal of the Linnean Society 178: 346–374.	Iles WJD, Smith SY, Gandolfo MA, Graham SW. 2015. Monocot fossils suitable for molecular dating analyses. Botanical Journal of the Linnean Society 178: 346–374.
124	†Araciphyllites tertiarius	47.0	stem	Monsteroideae	40	stem Monsteroideae (Araceae, Alismatales)	47 Ma	5 / revised (radioisotopic)	3 / apomorphy-based (apomorphies unlisted or untested)	3 / molecular tree only	Iles WJD, Smith SY, Gandolfo MA, Graham SW. 2015. Monocot fossils suitable for molecular dating analyses. Botanical Journal of the Linnean Society 178: 346–374.	Iles WJD, Smith SY, Gandolfo MA, Graham SW. 2015. Monocot fossils suitable for molecular dating analyses. Botanical Journal of the Linnean Society 178: 346–374.
125	†Limnobiophyllum scutatum	66.0	stem	Lemnoideae	41	stem Lemnoideae (Araceae, Alismatales)	66 Ma	4 / revised (stratigraphic)	5 / phylogenetic analysis	5 / combined morphological and molecular analysis (total evidence or backbone)	Iles WJD, Smith SY, Gandolfo MA, Graham SW. 2015. Monocot fossils suitable for molecular dating analyses. Botanical Journal of the Linnean Society 178: 346–374.	Iles WJD, Smith SY, Gandolfo MA, Graham SW. 2015. Monocot fossils suitable for molecular dating analyses. Botanical Journal of the Linnean Society 178: 346–374.
4	†Mayoa portugallica	123.0	stem	Monsteroideae	42	stem Monsteroideae (Araceae, Alismatales)	123 Ma	3 / unrevised (recent source >= 2000)	2 / intuitive or unspecified (trusted source)	4 / morphological and molecular trees compared	Magallón S, Gómez-Acevedo S, Sánchez-Reyes LL, Hernández-Hernández T. 2015. A metacalibrated time-tree documents the early rise of flowering plant phylogenetic diversity. New Phytologist 207: 437–453.	Friis EM, Pedersen KR, Crane PR. 2004. Araceae from the Early Cretaceous of Portugal: evidence on the emergence of monocotyledons. Proceedings of the National Academy of Sciences of the United States of America 101: 16565–16570.
151	†Spixiarum kipea	113.0	stem	Orontioideae	43	stem Orontioideae (Araceae, Alismatales)	113 Ma	3 / unrevised (recent source >= 2000)	2 / intuitive or unspecified (trusted source)	3 / molecular tree only	Coiffard C, Mohr BAR, Bernardes-de-Oliveira MEC. 2013. The Early Cretaceous Aroid, Spixiarum kipea gen. et sp. nov., and implications on early dispersal and ecology of basal monocots. Taxon 62: 997–1008.	Massoni J, Doyle J, Sauquet H. 2015. Fossil calibration of Magnoliidae, an ancient lineage of angiosperms. Palaeontologia Electronica: 18.1.2FC.
126	†Stratiotes sp.	55.9	crown	Hydrocharitaceae	44	crown Hydrocharitaceae (Alismatales)	55.9 Ma	5 / revised (radioisotopic)	3 / apomorphy-based (apomorphies unlisted or untested)	3 / molecular tree only	Iles WJD, Smith SY, Gandolfo MA, Graham SW. 2015. Monocot fossils suitable for molecular dating analyses. Botanical Journal of the Linnean Society 178: 346–374.	Iles WJD, Smith SY, Gandolfo MA, Graham SW. 2015. Monocot fossils suitable for molecular dating analyses. Botanical Journal of the Linnean Society 178: 346–374.
155	†Thalassotaenia debeyi	66.0	stem	Posidoniaceae	45	stem Posidoniaceae (Alismatales)	66 Ma	3 / unrevised (recent source >= 2000)	2 / intuitive or unspecified (trusted source)	3 / molecular tree only	van der Ham RWJM, van Konijnenburg-van Cittert JHA, Indeherberge L. 2007. Seagrass foliage from the Maastrichtian type area (Maastrichtian, Danian, NE Belgium, SE Netherlands). Review of Palaeobotany and Palynology 144: 301–321.	van der Ham RWJM, van Konijnenburg-van Cittert JHA, Indeherberge L. 2007. Seagrass foliage from the Maastrichtian type area (Maastrichtian, Danian, NE Belgium, SE Netherlands). Review of Palaeobotany and Palynology 144: 301–321.
132	†Paracordyline kerguelensis	22.0	crown	Lomandroideae	46	crown Lomandroideae (Asparagaceae, Asparagales)	22 Ma	5 / revised (radioisotopic)	4 / apomorphy-based (apomorphies listed and tested)	3 / molecular tree only	Iles WJD, Smith SY, Gandolfo MA, Graham SW. 2015. Monocot fossils suitable for molecular dating analyses. Botanical Journal of the Linnean Society 178: 346–374.	Iles WJD, Smith SY, Gandolfo MA, Graham SW. 2015. Monocot fossils suitable for molecular dating analyses. Botanical Journal of the Linnean Society 178: 346–374.
131	†Protoyucca shadishii	14.5	crown	Agavoideae	47	crown Agavoideae (Asparagaceae, Asparagales)	14.5 Ma	5 / revised (radioisotopic)	3 / apomorphy-based (apomorphies unlisted or untested)	3 / molecular tree only	Iles WJD, Smith SY, Gandolfo MA, Graham SW. 2015. Monocot fossils suitable for molecular dating analyses. Botanical Journal of the Linnean Society 178: 346–374.	Iles WJD, Smith SY, Gandolfo MA, Graham SW. 2015. Monocot fossils suitable for molecular dating analyses. Botanical Journal of the Linnean Society 178: 346–374.
136	†Dianellophyllum eocenicum	41.2	crown	Asphodelaceae	48	crown Asphodelaceae (Asparagales)	41.2 Ma	4 / revised (stratigraphic)	2 / intuitive or unspecified (trusted source)	3 / molecular tree only	Iles WJD, Smith SY, Gandolfo MA, Graham SW. 2015. Monocot fossils suitable for molecular dating analyses. Botanical Journal of the Linnean Society 178: 346–374.	Iles WJD, Smith SY, Gandolfo MA, Graham SW. 2015. Monocot fossils suitable for molecular dating analyses. Botanical Journal of the Linnean Society 178: 346–374.
133	†Astelia antiquua	23.2	crown	Asteliaceae	49	crown Asteliaceae (Asparagales)	23.2 Ma	5 / revised (radioisotopic)	5 / phylogenetic analysis	5 / combined morphological and molecular analysis (total evidence or backbone)	Iles WJD, Smith SY, Gandolfo MA, Graham SW. 2015. Monocot fossils suitable for molecular dating analyses. Botanical Journal of the Linnean Society 178: 346–374.	Iles WJD, Smith SY, Gandolfo MA, Graham SW. 2015. Monocot fossils suitable for molecular dating analyses. Botanical Journal of the Linnean Society 178: 346–374.
134	†Dendrobium winikaphyllum	23.2	crown	Epidendroideae	50	crown Epidendroideae (Orchidaceae, Asparagales)	23.2 Ma	5 / revised (radioisotopic)	2 / intuitive or unspecified (trusted source)	3 / molecular tree only	Iles WJD, Smith SY, Gandolfo MA, Graham SW. 2015. Monocot fossils suitable for molecular dating analyses. Botanical Journal of the Linnean Society 178: 346–374.	Iles WJD, Smith SY, Gandolfo MA, Graham SW. 2015. Monocot fossils suitable for molecular dating analyses. Botanical Journal of the Linnean Society 178: 346–374.
135	†Meliorchis caribea	15.0	crown	Orchidoideae	51	crown Orchidoideae (Orchidaceae, Asparagales)	15 Ma	4 / revised (stratigraphic)	5 / phylogenetic analysis	5 / combined morphological and molecular analysis (total evidence or backbone)	Iles WJD, Smith SY, Gandolfo MA, Graham SW. 2015. Monocot fossils suitable for molecular dating analyses. Botanical Journal of the Linnean Society 178: 346–374.	Iles WJD, Smith SY, Gandolfo MA, Graham SW. 2015. Monocot fossils suitable for molecular dating analyses. Botanical Journal of the Linnean Society 178: 346–374.
137	†Dioscorea wilkinii	27.23	stem	Dioscorea	52	stem Dioscorea (Dioscoreaceae, Dioscoreales)	27.23 Ma	5 / revised (radioisotopic)	2 / intuitive or unspecified (trusted source)	3 / molecular tree only	Iles WJD, Smith SY, Gandolfo MA, Graham SW. 2015. Monocot fossils suitable for molecular dating analyses. Botanical Journal of the Linnean Society 178: 346–374.	Pan AD, Jacobs BF, Currano ED. 2014. Dioscoreaceae fossils from the late Oligocene and early Miocene of Ethiopia. Botanical Journal of the Linnean Society 175: 17–28.
139	†Luzuriaga peterbannisteri	23.2	crown	Alstroemeriaceae	53	crown Alstroemeriaceae (Liliales)	23.2 Ma	5 / revised (radioisotopic)	4 / apomorphy-based (apomorphies listed and tested)	3 / molecular tree only	Iles WJD, Smith SY, Gandolfo MA, Graham SW. 2015. Monocot fossils suitable for molecular dating analyses. Botanical Journal of the Linnean Society 178: 346–374.	Iles WJD, Smith SY, Gandolfo MA, Graham SW. 2015. Monocot fossils suitable for molecular dating analyses. Botanical Journal of the Linnean Society 178: 346–374.
153	†Petermanniopsis angleseaensis	33.9	stem	Petermannia	54	stem Petermannia (Petermanniaceae, Liliales)	33.9 Ma	2 / unrevised (old source < 2000)	2 / intuitive or unspecified (trusted source)	2 / morphological tree only	Conran J, Christophel D. 1999. A redescription of the Australian Eocene fossil monocotyledon Petermanniopsis (Lilianae: aff. Petermanniaceae).  Transactions of the Royal Society of South Australia 123:61-67.	Conran J, Christophel D. 1999. A redescription of the Australian Eocene fossil monocotyledon Petermanniopsis (Lilianae: aff. Petermanniaceae).  Transactions of the Royal Society of South Australia 123:61-67.
140	†Ripogonum tasmanicum	51.0	stem	Ripogonaceae	55	stem Ripogonaceae (Liliales)	51 Ma	5 / revised (radioisotopic)	5 / phylogenetic analysis	4 / morphological and molecular trees compared	Iles WJD, Smith SY, Gandolfo MA, Graham SW. 2015. Monocot fossils suitable for molecular dating analyses. Botanical Journal of the Linnean Society 178: 346–374.	Iles WJD, Smith SY, Gandolfo MA, Graham SW. 2015. Monocot fossils suitable for molecular dating analyses. Botanical Journal of the Linnean Society 178: 346–374.
152	†Smilax sp. 1	37.8	stem	Smilacaceae	56	stem Smilacaceae (Liliales)	37.8 Ma	4 / revised (stratigraphic)	2 / intuitive or unspecified (trusted source)	3 / molecular tree only	Dilcher DL, Lott TA. 2005. A middle Eocene fossil plant assemblage (Powers Clay Pit) from western Tennessee. Bulletin of the Florida Museum of Natural History 45: 1–43.	Sauquet H, Ho SYW, Gandolfo MA, Jordan GJ, Wilf P, Cantrill DJ, Bayly MJ, Bromham L, Brown GK, Carpenter RJ, Lee DM, Murphy DJ, Sniderman JMK, Udovicic F. 2012. Testing the impact of calibration on molecular divergence times using a fossil-rich group: the case of Nothofagus (Fagales). Systematic Biology 61: 289–313.
141	†Cyclanthus messelensis	47.0	crown	Cyclanthaceae	57	crown Cyclanthaceae (Pandanales)	47 Ma	5 / revised (radioisotopic)	4 / apomorphy-based (apomorphies listed and tested)	3 / molecular tree only	Iles WJD, Smith SY, Gandolfo MA, Graham SW. 2015. Monocot fossils suitable for molecular dating analyses. Botanical Journal of the Linnean Society 178: 346–374.	Iles WJD, Smith SY, Gandolfo MA, Graham SW. 2015. Monocot fossils suitable for molecular dating analyses. Botanical Journal of the Linnean Society 178: 346–374.
156	†Pandanus sp.? cf. P. shiabensis	56.0	stem	Pandanus	58	stem Pandanus (Pandanaceae, Pandanales)	56 Ma	2 / unrevised (old source < 2000)	1 / intuitive or unspecified	1 / pre-molecular era (before 1990)	Snead RG. 1969. Microfloral diagnosis of the Creaceous-Tertiary boundary, Central Alberta. Research Council of Alberta Bulletin 25: 1-84	Snead RG. 1969. Microfloral diagnosis of the Creaceous-Tertiary boundary, Central Alberta. Research Council of Alberta Bulletin 25: 1-84
130	†Arengapollenites achinatus	47.8	stem	Caryoteae	59	stem Caryoteae (Arecaceae, Arecales)	47.8 Ma	4 / revised (stratigraphic)	3 / apomorphy-based (apomorphies unlisted or untested)	3 / molecular tree only	Iles WJD, Smith SY, Gandolfo MA, Graham SW. 2015. Monocot fossils suitable for molecular dating analyses. Botanical Journal of the Linnean Society 178: 346–374.	Iles WJD, Smith SY, Gandolfo MA, Graham SW. 2015. Monocot fossils suitable for molecular dating analyses. Botanical Journal of the Linnean Society 178: 346–374.
128	†Mauritiidites crassibaculatus	66.0	crown	Calamoideae	60	crown Calamoideae (Arecaceae, Arecales)	66 Ma	4 / revised (stratigraphic)	4 / apomorphy-based (apomorphies listed and tested)	3 / molecular tree only	Iles WJD, Smith SY, Gandolfo MA, Graham SW. 2015. Monocot fossils suitable for molecular dating analyses. Botanical Journal of the Linnean Society 178: 346–374.	Iles WJD, Smith SY, Gandolfo MA, Graham SW. 2015. Monocot fossils suitable for molecular dating analyses. Botanical Journal of the Linnean Society 178: 346–374.
129	†Sabalites carolinensis	83.6	stem	Arecaceae	61	stem Arecaceae (Arecales)	83.6 Ma	4 / revised (stratigraphic)	3 / apomorphy-based (apomorphies unlisted or untested)	3 / molecular tree only	Iles WJD, Smith SY, Gandolfo MA, Graham SW. 2015. Monocot fossils suitable for molecular dating analyses. Botanical Journal of the Linnean Society 178: 346–374.	Iles WJD, Smith SY, Gandolfo MA, Graham SW. 2015. Monocot fossils suitable for molecular dating analyses. Botanical Journal of the Linnean Society 178: 346–374.
127	†Tripylocarpa aestuaria	63.49	crown	Arecoideae	62	crown Arecoideae (Arecaceae, Arecales)	63.49 Ma	5 / revised (radioisotopic)	3 / apomorphy-based (apomorphies unlisted or untested)	3 / molecular tree only	Iles WJD, Smith SY, Gandolfo MA, Graham SW. 2015. Monocot fossils suitable for molecular dating analyses. Botanical Journal of the Linnean Society 178: 346–374.	Iles WJD, Smith SY, Gandolfo MA, Graham SW. 2015. Monocot fossils suitable for molecular dating analyses. Botanical Journal of the Linnean Society 178: 346–374.
157	†Pollia tugenensis	12.2	stem	Pollia	63	stem Pollia (Commelinaceae, Commelinales)	12.2 Ma	5 / revised (radioisotopic)	2 / intuitive or unspecified (trusted source)	1 / pre-molecular era (before 1990)	Jacobs, BF, Kabuye CHS. 1989. An extinct species of Pollia Thunberg (Commelinaceae) from the Miocene Ngorora Formation, Kenya. Review of Palaeobotany and Palynology 59: 67-76.	Jacobs, BF, Kabuye CHS. 1989. An extinct species of Pollia Thunberg (Commelinaceae) from the Miocene Ngorora Formation, Kenya. Review of Palaeobotany and Palynology 59: 67-76.
333	†Ethela sargantiana	44.3	stem	Cyperaceae+Juncaceae	64	stem Cyperaceae+Juncaceae	44.3 Ma	5 / revised (radioisotopic)	2 / intuitive or unspecified (trusted source)	3 / molecular tree only	Magallón S, Gómez-Acevedo S, Sánchez-Reyes LL, Hernández-Hernández T. 2015. A metacalibrated time-tree documents the early rise of flowering plant phylogenetic diversity. New Phytologist 207: 437–453.	Massoni J, Doyle J, Sauquet H. 2015. Fossil calibration of Magnoliidae, an ancient lineage of angiosperms. Palaeontologia Electronica: 18.1.2FC.
154	†Tillandsia-type pollen	41.2	crown	Bromeliaceae	65	crown Bromeliaceae (Poales)	41.2 Ma	2 / unrevised (old source < 2000)	2 / intuitive or unspecified (trusted source)	1 / pre-molecular era (before 1990)	Graham A. 1985. Studies in Neotropical Paleobotany. IV. The Eocene Communities of Panama. Annals of the Missouri Botanical Garden 72: 504–534.	Graham A. 1985. Studies in Neotropical Paleobotany. IV. The Eocene Communities of Panama. Annals of the Missouri Botanical Garden 72: 504–534.
143	†Volkeria messelensis	47.0	crown	Cyperaceae	66	crown Cyperaceae (Poales)	47 Ma	5 / revised (radioisotopic)	3 / apomorphy-based (apomorphies unlisted or untested)	3 / molecular tree only	Iles WJD, Smith SY, Gandolfo MA, Graham SW. 2015. Monocot fossils suitable for molecular dating analyses. Botanical Journal of the Linnean Society 178: 346–374.	Iles WJD, Smith SY, Gandolfo MA, Graham SW. 2015. Monocot fossils suitable for molecular dating analyses. Botanical Journal of the Linnean Society 178: 346–374.
158	†Juncus vectensis	27.82	stem	Juncus	67	stem Juncus (Juncaceae, Poales)	27.82 Ma	2 / unrevised (old source < 2000)	1 / intuitive or unspecified	1 / pre-molecular era (before 1990)	Collinson ME. 1983. Palaeofloristic assemblages and palaeoecology of the Lower Oligocene Bembridge Marls, Hamstead Ledge, Isle of Wight. Botanical Journal of the Linnean Society 86: 177-225.	Collinson ME. 1983. Palaeofloristic assemblages and palaeoecology of the Lower Oligocene Bembridge Marls, Hamstead Ledge, Isle of Wight. Botanical Journal of the Linnean Society 86: 177-225.
144	†Changii indicum	66.0	stem	Ehrhartoideae	68	stem Ehrhartoideae (Poaceae, Poales)	66 Ma	5 / revised (radioisotopic)	5 / phylogenetic analysis	5 / combined morphological and molecular analysis (total evidence or backbone)	Iles WJD, Smith SY, Gandolfo MA, Graham SW. 2015. Monocot fossils suitable for molecular dating analyses. Botanical Journal of the Linnean Society 178: 346–374.	Iles WJD, Smith SY, Gandolfo MA, Graham SW. 2015. Monocot fossils suitable for molecular dating analyses. Botanical Journal of the Linnean Society 178: 346–374.
145	†Leersia seifhennersdorfensis	30.44	crown	Ehrhartoideae	69	crown Ehrhartoideae (Poaceae, Poales)	30.44 Ma	5 / revised (radioisotopic)	3 / apomorphy-based (apomorphies unlisted or untested)	3 / molecular tree only	Iles WJD, Smith SY, Gandolfo MA, Graham SW. 2015. Monocot fossils suitable for molecular dating analyses. Botanical Journal of the Linnean Society 178: 346–374.	Iles WJD, Smith SY, Gandolfo MA, Graham SW. 2015. Monocot fossils suitable for molecular dating analyses. Botanical Journal of the Linnean Society 178: 346–374.
146	†Stipa florissanti	34.07	stem	Pooideae	70	stem Pooideae (Poaceae, Poales)	34.07 Ma	5 / revised (radioisotopic)	3 / apomorphy-based (apomorphies unlisted or untested)	3 / molecular tree only	Iles WJD, Smith SY, Gandolfo MA, Graham SW. 2015. Monocot fossils suitable for molecular dating analyses. Botanical Journal of the Linnean Society 178: 346–374.	Iles WJD, Smith SY, Gandolfo MA, Graham SW. 2015. Monocot fossils suitable for molecular dating analyses. Botanical Journal of the Linnean Society 178: 346–374.
147	†Restiocarpum latericum	27.7	stem	Restionaceae	71	stem Restionaceae (Poales)	27.7 Ma	5 / revised (radioisotopic)	3 / apomorphy-based (apomorphies unlisted or untested)	3 / molecular tree only	Iles WJD, Smith SY, Gandolfo MA, Graham SW. 2015. Monocot fossils suitable for molecular dating analyses. Botanical Journal of the Linnean Society 178: 346–374.	Iles WJD, Smith SY, Gandolfo MA, Graham SW. 2015. Monocot fossils suitable for molecular dating analyses. Botanical Journal of the Linnean Society 178: 346–374.
148	†Typha sp.	51.66	crown	Typhaceae	72	crown Typhaceae (Poales)	51.66 Ma	5 / revised (radioisotopic)	2 / intuitive or unspecified (trusted source)	3 / molecular tree only	Iles WJD, Smith SY, Gandolfo MA, Graham SW. 2015. Monocot fossils suitable for molecular dating analyses. Botanical Journal of the Linnean Society 178: 346–374.	Iles WJD, Smith SY, Gandolfo MA, Graham SW. 2015. Monocot fossils suitable for molecular dating analyses. Botanical Journal of the Linnean Society 178: 346–374.
149	†Spirematospermum chandlerae	72.1	crown	Zingiberales	73	crown Zingiberales	72.1 Ma	4 / revised (stratigraphic)	3 / apomorphy-based (apomorphies unlisted or untested)	3 / molecular tree only	Iles WJD, Smith SY, Gandolfo MA, Graham SW. 2015. Monocot fossils suitable for molecular dating analyses. Botanical Journal of the Linnean Society 178: 346–374.	Iles WJD, Smith SY, Gandolfo MA, Graham SW. 2015. Monocot fossils suitable for molecular dating analyses. Botanical Journal of the Linnean Society 178: 346–374.
159	†Zingiberopsis magnifolia	66.0	stem	Zingiberaceae	74	stem Zingiberaceae (Zingiberales)	66 Ma	2 / unrevised (old source < 2000)	2 / intuitive or unspecified (trusted source)	1 / pre-molecular era (before 1990)	Hickey LJ, Peterson RK. 1978. Zingiberopsis, a fossil genus of the ginger family from Late Cretaceous to early Eocene sediments of Western Interior North America. Canadian Journal of Botany 56: 1136–1152.	Peppe DJ, Erickson JM, Hickey LJ. 2007. Fossil leaf species from the Fox Hills Formation (Upper Cretaceous: North Dakota, USA) and their paleogeographic significance. Journal of Paleontology 81: 550–567.
12	†Hyrcantha decussata	125.0	stem	Eudicotyledoneae	75	stem Eudicotyledoneae	125 Ma	5 / revised (radioisotopic)	3 / apomorphy-based (apomorphies unlisted or untested)	3 / molecular tree only	Magallón S, Gómez-Acevedo S, Sánchez-Reyes LL, Hernández-Hernández T. 2015. A metacalibrated time-tree documents the early rise of flowering plant phylogenetic diversity. New Phytologist 207: 437–453.	Dilcher DL, Sun G, Ji Q, Li H. 2007. An early infructescence Hyrcantha decussata (comb. nov.) from the Yixian Formation in northeastern China. Proceedings of the National Academy of Sciences 104: 9370–9374.
183	†Tricolpites micromunus	125.0	stem	Eudicotyledoneae	76	stem Eudicotyledoneae	125 Ma	2 / unrevised (old source < 2000)	4 / apomorphy-based (apomorphies listed and tested)	3 / molecular tree only	Magallón S, Gómez-Acevedo S, Sánchez-Reyes LL, Hernández-Hernández T. 2015. A metacalibrated time-tree documents the early rise of flowering plant phylogenetic diversity. New Phytologist 207: 437–453.	Magallón S, Gómez-Acevedo S, Sánchez-Reyes LL, Hernández-Hernández T. 2015. A metacalibrated time-tree documents the early rise of flowering plant phylogenetic diversity. New Phytologist 207: 437–453.
185	†Erdtmanipollis sp.	66.0	crown	Buxaceae	77	crown Buxaceae (Buxales)	66 Ma	2 / unrevised (old source < 2000)	2 / intuitive or unspecified (trusted source)	1 / pre-molecular era (before 1990)	Chmura CA. 1973. Upper Cretaceous (Campanian-Maastrichtian) angiosperm pollen from the western San Joaquin Valley, California, U.S.A. Palaeontographica Abteilung B 141: 89–171.	Chmura CA. 1973. Upper Cretaceous (Campanian-Maastrichtian) angiosperm pollen from the western San Joaquin Valley, California, U.S.A. Palaeontographica Abteilung B 141: 89–171.
184	†Lusistemon striatus	110.8	stem	Buxaceae	78	stem Buxaceae (Buxales)	110.8 Ma	4 / revised (stratigraphic)	2 / intuitive or unspecified (trusted source)	3 / molecular tree only	Pedersen KR, von Balthazar M, Crane PR, Friis EM. 2007. Early Cretaceous floral structures and in situ tricolpate-striate pollen: New early eudicots from Portugal. Grana 46: 176–196.	Friis EM, Crane PR, Pedersen KR. 2011. Early flowers and angiosperm evolution. Cambridge University Press.
19	†Spanomera marylandensis	100.5	stem	Buxaceae	79	stem Buxaceae (Buxales)	100.5 Ma	2 / unrevised (old source < 2000)	5 / phylogenetic analysis	5 / combined morphological and molecular analysis (total evidence or backbone)	Magallón S, Gómez-Acevedo S, Sánchez-Reyes LL, Hernández-Hernández T. 2015. A metacalibrated time-tree documents the early rise of flowering plant phylogenetic diversity. New Phytologist 207: 437–453.	Magallón S, Gómez-Acevedo S, Sánchez-Reyes LL, Hernández-Hernández T. 2015. A metacalibrated time-tree documents the early rise of flowering plant phylogenetic diversity. New Phytologist 207: 437–453.
186	†Nelumbites extenuinervis	100.5	stem	Nelumbonaceae	80	stem Nelumbonaceae (Proteales)	100.5 Ma	2 / unrevised (old source < 2000)	5 / phylogenetic analysis	5 / combined morphological and molecular analysis (total evidence or backbone)	Magallón S, Gómez-Acevedo S, Sánchez-Reyes LL, Hernández-Hernández T. 2015. A metacalibrated time-tree documents the early rise of flowering plant phylogenetic diversity. New Phytologist 207: 437–453.	Magallón S, Gómez-Acevedo S, Sánchez-Reyes LL, Hernández-Hernández T. 2015. A metacalibrated time-tree documents the early rise of flowering plant phylogenetic diversity. New Phytologist 207: 437–453.
188	†Platanocarpus brookensis/Aquia brookensis (Sapindopsis)	107.7	stem	Platanaceae	81	stem Platanaceae (Proteales)	107.7 Ma	4 / revised (stratigraphic)	5 / phylogenetic analysis	5 / combined morphological and molecular analysis (total evidence or backbone)	Doyle JA, Endress PK. 2010. Integrating Early Cretaceous fossils into the phylogeny of living angiosperms: Magnoliidae and eudicots. Journal of Systematics and Evolution 48: 1–35.	Doyle JA, Endress PK. 2010. Integrating Early Cretaceous fossils into the phylogeny of living angiosperms: Magnoliidae and eudicots. Journal of Systematics and Evolution 48: 1–35.
187	†Platanus basicordata	56.0	crown	Platanaceae	82	crown Platanaceae (Proteales)	56 Ma	2 / unrevised (old source < 2000)	1 / intuitive or unspecified	3 / molecular tree only	Maslova NP. 1996. Genus Platanus L. (Platanaceae Dumortier) in the Paleocene of Kamchatka. Paleontol. J. 2:88-93.	Maslova NP. 1996. Genus Platanus L. (Platanaceae Dumortier) in the Paleocene of Kamchatka. Paleontol. J. 2:88-93.
189	†HUC11 Taxon 1	72.1	crown	Proteaceae	83	crown Proteaceae (Proteales)	72.1 Ma	3 / unrevised (recent source >= 2000)	2 / intuitive or unspecified (trusted source)	3 / molecular tree only	Carpenter RJ, Macphail MK, Jordan GJ, Hill RS. 2015. Fossil evidence for open, proteaceae-dominated heathlands and fire in the late cretaceous of Australia. American Journal of Botany 102: 2092–2107.	Carpenter RJ, Macphail MK, Jordan GJ, Hill RS. 2015. Fossil evidence for open, proteaceae-dominated heathlands and fire in the late cretaceous of Australia. American Journal of Botany 102: 2092–2107.
195	†Meliosma praealba	66.0	crown	Sabiaceae	84	crown Sabiaceae (Proteales)	66 Ma	2 / unrevised (old source < 2000)	1 / intuitive or unspecified	3 / molecular tree only	Magallón S, Gómez-Acevedo S, Sánchez-Reyes LL, Hernández-Hernández T. 2015. A metacalibrated time-tree documents the early rise of flowering plant phylogenetic diversity. New Phytologist 207: 437–453.	Magallón S, Gómez-Acevedo S, Sánchez-Reyes LL, Hernández-Hernández T. 2015. A metacalibrated time-tree documents the early rise of flowering plant phylogenetic diversity. New Phytologist 207: 437–453.
196	†Sabia menispermoides	89.8	crown	Sabiaceae	85	crown Sabiaceae (Proteales)	89.8 Ma	2 / unrevised (old source < 2000)	2 / intuitive or unspecified (trusted source)	1 / pre-molecular era (before 1990)	Knobloch E, Mai DH. 1986. Monographie der Früchte und Samen in der Kreide von Mitteleuropa. Rozpravy ústredního ústavu geologichénho. Praha 47: 1-219.	Knobloch E, Mai DH. 1986. Monographie der Früchte und Samen in der Kreide von Mitteleuropa. Rozpravy ústredního ústavu geologichénho. Praha 47: 1-219.
194	†Teixeiraea lusitanica	110.8	stem	Ranunculales	86	stem Ranunculales	110.8 Ma	3 / unrevised (recent source >= 2000)	2 / intuitive or unspecified (trusted source)	3 / molecular tree only	Magallón S, Gómez-Acevedo S, Sánchez-Reyes LL, Hernández-Hernández T. 2015. A metacalibrated time-tree documents the early rise of flowering plant phylogenetic diversity. New Phytologist 207: 437–453.	von Balthazar M, Pedersen KR, Friis EM. 2005. Teixeiraea lusitanica, a new fossil flower from the Early Cretaceous of Portugal with affinities to Ranunculales. Plant Systematics and Evolution 255: 55–75.
190	†Sargentodoxa globosa	41.2	crown	Lardizabalaceae	87	crown Lardizabalaceae (Ranunculales)	41.2 Ma	2 / unrevised (old source < 2000)	2 / intuitive or unspecified (trusted source)	3 / molecular tree only	Magallón S, Gómez-Acevedo S, Sánchez-Reyes LL, Hernández-Hernández T. 2015. A metacalibrated time-tree documents the early rise of flowering plant phylogenetic diversity. New Phytologist 207: 437–453.	Sauquet H, Ho SYW, Gandolfo MA, Jordan GJ, Wilf P, Cantrill DJ, Bayly MJ, Bromham L, Brown GK, Carpenter RJ, Lee DM, Murphy DJ, Sniderman JMK, Udovicic F. 2012. Testing the impact of calibration on molecular divergence times using a fossil-rich group: the case of Nothofagus (Fagales). Systematic Biology 61: 289–313.
336	†Menispina evidens	56.0	stem	Cissampelideae	88	stem Cissampelideae (Menispermaceae, Ranunculales)	56 Ma	3 / unrevised (recent source >= 2000)	5 / phylogenetic analysis	5 / combined morphological and molecular analysis (total evidence or backbone)	Herrera F, Manchester SR, Hoot SB, Wefferling KM, Carvalho MR, Jaramillo C. 2011. Phytogeographic implications of fossil endocarps of Menispermaceae from the Paleocene of Colombia. American Journal of Botany 98: 2004–2017.	Herrera F, Manchester SR, Hoot SB, Wefferling KM, Carvalho MR, Jaramillo C. 2011. Phytogeographic implications of fossil endocarps of Menispermaceae from the Paleocene of Colombia. American Journal of Botany 98: 2004–2017.
360	†Palaeoluna bogotensis	56.0	stem	Cissampelideae	89	stem Cissampelideae (Menispermaceae, Ranunculales)	56 Ma	3 / unrevised (recent source >= 2000)	5 / phylogenetic analysis	5 / combined morphological and molecular analysis (total evidence or backbone)	Herrera F, Manchester SR, Hoot SB, Wefferling KM, Carvalho MR, Jaramillo C. 2011. Phytogeographic implications of fossil endocarps of Menispermaceae from the Paleocene of Colombia. American Journal of Botany 98: 2004–2017.	Herrera F, Manchester SR, Hoot SB, Wefferling KM, Carvalho MR, Jaramillo C. 2011. Phytogeographic implications of fossil endocarps of Menispermaceae from the Paleocene of Colombia. American Journal of Botany 98: 2004–2017.
192	†Prototinomiscium vangerowii	89.8	stem	Menispermaceae	90	stem Menispermaceae (Ranunculales)	89.8 Ma	2 / unrevised (old source < 2000)	2 / intuitive or unspecified (trusted source)	1 / pre-molecular era (before 1990)	Friis EM, Crane PR, Pedersen KR. 2011. Early flowers and angiosperm evolution. Cambridge University Press.	Knobloch E, Mai DH. 1986. Monographie der Früchte und Samen in der Kreide von Mitteleuropa. Rozpravy ústredního ústavu geologichénho. Praha 47: 1-219.
191	†Stephania palaeosudamericana	60.0	stem	Cissampelideae	91	stem Cissampelideae (Menispermaceae, Ranunculales)	60 Ma	3 / unrevised (recent source >= 2000)	5 / phylogenetic analysis	5 / combined morphological and molecular analysis (total evidence or backbone)	Herrera F, Manchester SR, Hoot SB, Wefferling KM, Carvalho MR, Jaramillo C. 2011. Phytogeographic implications of fossil endocarps of Menispermaceae from the Paleocene of Colombia. American Journal of Botany 98: 2004–2017.	Herrera F, Manchester SR, Hoot SB, Wefferling KM, Carvalho MR, Jaramillo C. 2011. Phytogeographic implications of fossil endocarps of Menispermaceae from the Paleocene of Colombia. American Journal of Botany 98: 2004–2017.
193	†Paleoactaea nagelii	56.0	crown	Coptidoideae+Thalictroideae+Ranunculoideae	92	crown Coptidoideae+Thalictroideae+Ranunculoideae (Ranunculaceae, Ranunculales)	56 Ma	3 / unrevised (recent source >= 2000)	2 / intuitive or unspecified (trusted source)	3 / molecular tree only	Pigg KB, DeVore ML. 2005. Paleoactaea gen. nov. (Ranunculaceae) Fruits from the Paleogene of North Dakota and the London Clay. American Journal of Botany 92: 1650–1659.	Pigg KB, DeVore ML. 2005. Paleoactaea gen. nov. (Ranunculaceae) Fruits from the Paleogene of North Dakota and the London Clay. American Journal of Botany 92: 1650–1659.
197	†Nordenskioldia borealis	66.0	stem	Trochodendrales	93	stem Trochodendrales	66 Ma	4 / revised (stratigraphic)	2 / intuitive or unspecified (trusted source)	3 / molecular tree only	Magallón S, Gómez-Acevedo S, Sánchez-Reyes LL, Hernández-Hernández T. 2015. A metacalibrated time-tree documents the early rise of flowering plant phylogenetic diversity. New Phytologist 207: 437–453.	Magallón S, Gómez-Acevedo S, Sánchez-Reyes LL, Hernández-Hernández T. 2015. A metacalibrated time-tree documents the early rise of flowering plant phylogenetic diversity. New Phytologist 207: 437–453.
325	†Dakotanthus cordiformis	100.5	stem	Pentapetalae	94	stem Pentapetalae	100.5 Ma	4 / revised (stratigraphic)	4 / apomorphy-based (apomorphies listed and tested)	3 / molecular tree only	Magallón S, Gómez-Acevedo S, Sánchez-Reyes LL, Hernández-Hernández T. 2015. A metacalibrated time-tree documents the early rise of flowering plant phylogenetic diversity. New Phytologist 207: 437–453.	Manchester SR, Dilcher DL, Judd WS, Corder B, Basinger JF 2018. Early Eudicot flower and fruit: Dakotanthus gen. nov. from the Cretaceous Dakota Formation of Kansas and Nebraska, USA. Acta Palaeobotanica, 58: 27-40.
262	†Tetracera eocenica	47.8	crown	Dilleniaceae	95	crown Dilleniaceae (Dilleniales)	47.8 Ma	2 / unrevised (old source < 2000)	2 / intuitive or unspecified (trusted source)	3 / molecular tree only	Magallón S, Gómez-Acevedo S, Sánchez-Reyes LL, Hernández-Hernández T. 2015. A metacalibrated time-tree documents the early rise of flowering plant phylogenetic diversity. New Phytologist 207: 437–453.	Chandler MEJ. 1961. The Lower Tertiary floras of southern England. I. Paleocene Floras. London Clay Flora (Supplement). Text and Atlas. London: British Museum (Natural History).
198	†Joffrea speirsii	56.0	stem	Cercidiphyllaceae	96	stem Cercidiphyllaceae (Saxifragales)	56 Ma	4 / revised (stratigraphic)	2 / intuitive or unspecified (trusted source)	3 / molecular tree only	Magallón S, Gómez-Acevedo S, Sánchez-Reyes LL, Hernández-Hernández T. 2015. A metacalibrated time-tree documents the early rise of flowering plant phylogenetic diversity. New Phytologist 207: 437–453.	Crane PR, Stockey RA. 2010. Growth and reproductive biology of Joffrea speirsii gen. et sp. nov., a Cercidiphyllum -like plant from the Late Paleocene of Alberta, Canada. Canadian Journal of Botany 63: 340–364.
200	†Tarahumara sophiae	72.1	stem	Haloragaceae	97	stem Haloragaceae (Saxifragales)	72.1 Ma	2 / unrevised (old source < 2000)	2 / intuitive or unspecified (trusted source)	3 / molecular tree only	Magallón S, Gómez-Acevedo S, Sánchez-Reyes LL, Hernández-Hernández T. 2015. A metacalibrated time-tree documents the early rise of flowering plant phylogenetic diversity. New Phytologist 207: 437–453.	Hernandez-Castillo GR, Cevallos-Ferriz SRS. 1999. Reproductive and vegetative organs with affinities to Haloragaceae from the Upper Cretaceous Huepac Chert Locality of Sonora, Mexico. American Journal of Botany 86: 1717.
201	†Allonia decandra	83.6	crown	Hamamelidaceae	98	crown Hamamelidaceae (Saxifragales)	83.6 Ma	2 / unrevised (old source < 2000)	5 / phylogenetic analysis	2 / morphological tree only	Magallón-Puebla S, Herendeen PS, Endress PK. 1996. Allonia decandra: Floral remains of the tribe Hamamelideae (Hamamelidaceae) from Campanian strata of southeastern USA. Plant Systematics and Evolution 202: 177–198.	Magallón-Puebla S, Herendeen PS, Endress PK. 1996. Allonia decandra: Floral remains of the tribe Hamamelideae (Hamamelidaceae) from Campanian strata of southeastern USA. Plant Systematics and Evolution 202: 177–198.
199	†Itea sp.	48.0	crown	Iteaceae	99	crown Iteaceae (Saxifragales)	48 Ma	5 / revised (radioisotopic)	2 / intuitive or unspecified (trusted source)	1 / pre-molecular era (before 1990)	Wolfe JA, Wehr WC. 1987. Middle Eocene dicotyledonous plants from Republic, northeastern Washington. United States Geological Survey Bulletin 1597: 1–25.	Wolfe JA, Wehr WC. 1987. Middle Eocene dicotyledonous plants from Republic, northeastern Washington. United States Geological Survey Bulletin 1597: 1–25.
240	†Staphylea minutidens	56.0	crown	Staphyleaceae	100	crown Staphyleaceae (Crossosomatales)	56 Ma	4 / revised (stratigraphic)	1 / intuitive or unspecified	1 / pre-molecular era (before 1990)	Brown RW 1962. Paleocene flora of the Rocky Mountains and Great Plains. Geological Survey Professional Paper 375: 1-119.	Brown RW 1962. Paleocene flora of the Rocky Mountains and Great Plains. Geological Survey Professional Paper 375: 1-119.
345	†Turpinia uliginosa	27.82	crown	Staphyleaceae	101	crown Staphyleaceae (Crossosomatales)	27.82 Ma	2 / unrevised (old source < 2000)	2 / intuitive or unspecified (trusted source)	3 / molecular tree only	Magallón S, Gómez-Acevedo S, Sánchez-Reyes LL, Hernández-Hernández T. 2015. A metacalibrated time-tree documents the early rise of flowering plant phylogenetic diversity. New Phytologist 207: 437–453.	Magallón S, Gómez-Acevedo S, Sánchez-Reyes LL, Hernández-Hernández T. 2015. A metacalibrated time-tree documents the early rise of flowering plant phylogenetic diversity. New Phytologist 207: 437–453.
241	†Rhynchotheca type	15.97	crown	Francoaceae	102	crown Francoaceae (Geraniales)	15.97 Ma	3 / unrevised (recent source >= 2000)	2 / intuitive or unspecified (trusted source)	3 / molecular tree only	Palazzesi L, Gottschling M, Barreda V, Weigend M. 2012. First Miocene fossils of Vivianiaceae shed new light on phylogeny, divergence times, and historical biogeography of Geraniales. Biological Journal of the Linnean Society 107: 67–85.	Palazzesi L, Gottschling M, Barreda V, Weigend M. 2012. First Miocene fossils of Vivianiaceae shed new light on phylogeny, divergence times, and historical biogeography of Geraniales. Biological Journal of the Linnean Society 107: 67–85.
248	†Esgueiria futabensis	86.3	stem	Combretaceae	103	stem Combretaceae (Myrtales)	86.3 Ma	2 / unrevised (old source < 2000)	2 / intuitive or unspecified (trusted source)	3 / molecular tree only	Magallón S, Gómez-Acevedo S, Sánchez-Reyes LL, Hernández-Hernández T. 2015. A metacalibrated time-tree documents the early rise of flowering plant phylogenetic diversity. New Phytologist 207: 437–453.	Takahashi M, Crane PR, Ando H. 1999. Esgueiria futabensis sp. nov., a new angiosperm flower from the Upper Cretaceous (Lower Coniacian) of northeastern Honshu, Japan. Paleontological Research 3: 81–87.
249	†Decodon tiffneyi	72.1	crown	Lythraceae	104	crown Lythraceae (Myrtales)	72.1 Ma	4 / revised (stratigraphic)	2 / intuitive or unspecified (trusted source)	3 / molecular tree only	Magallón S, Gómez-Acevedo S, Sánchez-Reyes LL, Hernández-Hernández T. 2015. A metacalibrated time-tree documents the early rise of flowering plant phylogenetic diversity. New Phytologist 207: 437–453.	Estrada-Ruiz E, Calvillo-Canadell L, Cevallos-Ferriz SRS. 2009. Upper Cretaceous aquatic plants from Northern Mexico. Aquatic Botany 90: 282–288.
250	†Melastomites montanensis	56.0	stem	Melastomataceae	105	stem Melastomataceae (Myrtales)	56 Ma	2 / unrevised (old source < 2000)	1 / intuitive or unspecified	1 / pre-molecular era (before 1990)	Brown RW 1962. Paleocene flora of the Rocky Mountains and Great Plains. Geological Survey Professional Paper 375: 1-119.	Brown RW 1962. Paleocene flora of the Rocky Mountains and Great Plains. Geological Survey Professional Paper 375: 1-119.
253	†Flower type 3	83.6	stem	Myrtaceae	106	stem Myrtaceae (Myrtales)	83.6 Ma	3 / unrevised (recent source >= 2000)	2 / intuitive or unspecified (trusted source)	3 / molecular tree only	Eklund H. 2003. First Cretaceous flowers from Antarctica. Review of Palaeobotany and Palynology 127: 187-217.	Eklund H. 2003. First Cretaceous flowers from Antarctica. Review of Palaeobotany and Palynology 127: 187-217.
251	†Paleomyrtinaea princetonensis	44.3	crown	Myrtoideae	107	crown Myrtoideae (Myrtaceae, Myrtales)	44.3 Ma	5 / revised (radioisotopic)	2 / intuitive or unspecified (trusted source)	3 / molecular tree only	Pigg KB, Stockey RA, Maxwell SL. 1993. Paleomyrtinaea, a new genus of permineralized myrtaceous fruits and seeds from the Eocene of British Columbia and Paleocene of North Dakota. Canadian Journal of Botany 71: 1–9.	Massoni J, Doyle J, Sauquet H. 2015. Fossil calibration of Magnoliidae, an ancient lineage of angiosperms. Palaeontologia Electronica: 18.1.2FC.
252	†Paleomyrtinaea sp.	56.0	crown	Myrtoideae	108	crown Myrtoideae (Myrtaceae, Myrtales)	56 Ma	2 / unrevised (old source < 2000)	2 / intuitive or unspecified (trusted source)	3 / molecular tree only	Magallón S, Gómez-Acevedo S, Sánchez-Reyes LL, Hernández-Hernández T. 2015. A metacalibrated time-tree documents the early rise of flowering plant phylogenetic diversity. New Phytologist 207: 437–453.	Magallón S, Gómez-Acevedo S, Sánchez-Reyes LL, Hernández-Hernández T. 2015. A metacalibrated time-tree documents the early rise of flowering plant phylogenetic diversity. New Phytologist 207: 437–453.
344	†Ampelocissus parvisemina	56.0	crown	Vitaceae	109	crown Vitaceae (Vitales)	56 Ma	3 / unrevised (recent source >= 2000)	2 / intuitive or unspecified (trusted source)	3 / molecular tree only	Magallón S, Gómez-Acevedo S, Sánchez-Reyes LL, Hernández-Hernández T. 2015. A metacalibrated time-tree documents the early rise of flowering plant phylogenetic diversity. New Phytologist 207: 437–453.	Chen I, Manchester SR. 2007. Seed morphology of modern and fossil Ampelocissus (Vitaceae) and implications for phytogeography. American Journal of Botany 94: 1534–1553.
202	†Indovitis chitaleyae	61.6	crown	Vitaceae	110	crown Vitaceae (Vitales)	61.6 Ma	3 / unrevised (recent source >= 2000)	3 / apomorphy-based (apomorphies unlisted or untested)	3 / molecular tree only	Manchester SR, Kapgate DK, Wen J. 2013. Oldest fruits of the grape family (Vitaceae) from the Late Cretaceous Deccan Cherts of India. American Journal of Botany 100: 1849–1859.	Manchester SR, Kapgate DK, Wen J. 2013. Oldest fruits of the grape family (Vitaceae) from the Late Cretaceous Deccan Cherts of India. American Journal of Botany 100: 1849–1859.
239	†Dressiantha bicarpellata	86.3	stem	Brassicales	111	stem Brassicales	86.3 Ma	4 / revised (stratigraphic)	5 / phylogenetic analysis	4 / morphological and molecular trees compared	Magallón S, Gómez-Acevedo S, Sánchez-Reyes LL, Hernández-Hernández T. 2015. A metacalibrated time-tree documents the early rise of flowering plant phylogenetic diversity. New Phytologist 207: 437–453.	Massoni J, Doyle J, Sauquet H. 2015. Fossil calibration of Magnoliidae, an ancient lineage of angiosperms. Palaeontologia Electronica: 18.1.2FC.
238	†Akania sp.	61.6	crown	Akaniaceae	112	crown Akaniaceae (Brassicales)	61.6 Ma	4 / revised (stratigraphic)	1 / intuitive or unspecified	3 / molecular tree only	Iglesias A, Wilf P, Johnson KR, Zamuner AB, Cúneo NR, Matheos SD, Singer BS. 2007. A Paleocene lowland macroflora from Patagonia reveals significantly greater richness than North American analogs. Geology 35: 947–950.	Iglesias A, Wilf P, Johnson KR, Zamuner AB, Cúneo NR, Matheos SD, Singer BS. 2007. A Paleocene lowland macroflora from Patagonia reveals significantly greater richness than North American analogs. Geology 35: 947–950.
242	†Tapiscia occidentalis	41.2	crown	Tapisciaceae	113	crown Tapisciaceae (Huerteales)	41.2 Ma	4 / revised (stratigraphic)	2 / intuitive or unspecified (trusted source)	3 / molecular tree only	Magallón S, Gómez-Acevedo S, Sánchez-Reyes LL, Hernández-Hernández T. 2015. A metacalibrated time-tree documents the early rise of flowering plant phylogenetic diversity. New Phytologist 207: 437–453.	Sauquet H, Ho SYW, Gandolfo MA, Jordan GJ, Wilf P, Cantrill DJ, Bayly MJ, Bromham L, Brown GK, Carpenter RJ, Lee DM, Murphy DJ, Sniderman JMK, Udovicic F. 2012. Testing the impact of calibration on molecular divergence times using a fossil-rich group: the case of Nothofagus (Fagales). Systematic Biology 61: 289–313.
243	†Cochlospermum previtifolium	15.97	crown	Bixaceae	114	crown Bixaceae (Malvales)	15.97 Ma	2 / unrevised (old source < 2000)	1 / intuitive or unspecified	1 / pre-molecular era (before 1990)	Berry EW. 1938. Tertiary flora from the RioPichileufu, Argentina. Geological Society of America, Volume 12.	Berry EW. 1938. Tertiary flora from the RioPichileufu, Argentina. Geological Society of America, Volume 12.
244	†Albertipollenites kutchensis	47.8	crown	Dipterocarpaceae	115	crown Dipterocarpaceae (Malvales)	47.8 Ma	4 / revised (stratigraphic)	1 / intuitive or unspecified	3 / molecular tree only	Dutta S, Tripathi SM, Mallick M, Mathews RP, Greenwood PF, Rao MR, Summons RE. 2011. Eocene out-of-India dispersal of Asian dipterocarps. Review of Palaeobotany and Palynology 166: 63–68.	Dutta S, Tripathi SM, Mallick M, Mathews RP, Greenwood PF, Rao MR, Summons RE. 2011. Eocene out-of-India dispersal of Asian dipterocarps. Review of Palaeobotany and Palynology 166: 63–68.
245	†Foveotricolpites alveolatus	56.0	crown	Dipterocarpaceae	116	crown Dipterocarpaceae (Malvales)	56 Ma	3 / unrevised (recent source >= 2000)	1 / intuitive or unspecified	3 / molecular tree only	Dutta S, Tripathi SM, Mallick M, Mathews RP, Greenwood PF, Rao MR, Summons RE. 2011. Eocene out-of-India dispersal of Asian dipterocarps. Review of Palaeobotany and Palynology 166: 63–68.	Mandal J, Rao MR. 2001. Taxonomic revision of tricolpate pollen from Indian Tertiary. Palaeobotanist 50: 341–368.
346	†Florissantia ashwillii	33.9	stem	Malvaceae	117	stem Malvaceae (Malvales)	33.9 Ma	2 / unrevised (old source < 2000)	2 / intuitive or unspecified (trusted source)	3 / molecular tree only	Magallón S, Gómez-Acevedo S, Sánchez-Reyes LL, Hernández-Hernández T. 2015. A metacalibrated time-tree documents the early rise of flowering plant phylogenetic diversity. New Phytologist 207: 437–453.	Manchester SR. 1992. Flowers, fruits, and pollen of Florissantia, an extinct malvalean genus from the Eocene and Oligocene of Western North America. American Journal of Botany 79: 996–1008.
361	†Florissantia quilchenensis	37.8	stem	Malvaceae	118	stem Malvaceae (Malvales)	37.8 Ma	2 / unrevised (old source < 2000)	2 / intuitive or unspecified (trusted source)	3 / molecular tree only	Magallón S, Gómez-Acevedo S, Sánchez-Reyes LL, Hernández-Hernández T. 2015. A metacalibrated time-tree documents the early rise of flowering plant phylogenetic diversity. New Phytologist 207: 437–453.	Manchester SR. 1992. Flowers, fruits, and pollen of Florissantia, an extinct malvalean genus from the Eocene and Oligocene of Western North America. American Journal of Botany 79: 996–1008.
247	†Javelinoxylon weberi	72.1	stem	Malvaceae	119	stem Malvaceae (Malvales)	72.1 Ma	4 / revised (stratigraphic)	2 / intuitive or unspecified (trusted source)	3 / molecular tree only	Estrada-Ruiz E, Martínez-Cabrera HI, Cevallos-Ferriz SRS. 2007. Fossil woods from the late Campanian-early Maastrichtian Olmos Formation, Coahuila, Mexico. Review of Palaeobotany and Palynology 145: 123–133.	Estrada-Ruiz E, Martínez-Cabrera HI, Cevallos-Ferriz SRS. 2007. Fossil woods from the late Campanian-early Maastrichtian Olmos Formation, Coahuila, Mexico. Review of Palaeobotany and Palynology 145: 123–133.
246	†Malvaciphyllum macondicus	59.2	stem	Malvatheca clade	120	stem Malvatheca clade	59.2 Ma	3 / unrevised (recent source >= 2000)	4 / apomorphy-based (apomorphies listed and tested)	4 / morphological and molecular trees compared	Carvalho MR, Herrera FA, Jaramillo CA, Wing SL, Callejas R. 2011. Paleocene Malvaceae from northern South America and their biogeographical implications. American Journal of Botany 98: 1337–1355.	Carvalho MR, Herrera FA, Jaramillo CA, Wing SL, Callejas R. 2011. Paleocene Malvaceae from northern South America and their biogeographical implications. American Journal of Botany 98: 1337–1355.
254	†Choerospondias sheppeyensis	47.8	crown	Anacardiaceae	121	crown Anacardiaceae (Sapindales)	47.8 Ma	2 / unrevised (old source < 2000)	2 / intuitive or unspecified (trusted source)	1 / pre-molecular era (before 1990)	Chandler MEJ. 1961. The Lower Tertiary floras of southern England. I. Paleocene Floras. London Clay Flora (Supplement). Text and Atlas. London: British Museum (Natural History).	Chandler MEJ. 1961. The Lower Tertiary floras of southern England. I. Paleocene Floras. London Clay Flora (Supplement). Text and Atlas. London: British Museum (Natural History).
255	†Coahuiloxylon terrazasiae	72.1	stem	Anacardiaceae	122	stem Anacardiaceae (Sapindales)	72.1 Ma	4 / revised (stratigraphic)	2 / intuitive or unspecified (trusted source)	3 / molecular tree only	Estrada-Ruiz E, Martínez-Cabrera HI, Cevallos-Ferriz SRS. 2010. Upper Cretaceous woods from the Olmos Formation (late Campanian-early Maastrichtian), Coahuila, Mexico. American Journal of Botany 97: 1179–1194.	Estrada-Ruiz E, Martínez-Cabrera HI, Cevallos-Ferriz SRS. 2010. Upper Cretaceous woods from the Olmos Formation (late Campanian-early Maastrichtian), Coahuila, Mexico. American Journal of Botany 97: 1179–1194.
256	†Bursericarpum aldwickense	47.8	crown	Burseraceae	123	crown Burseraceae (Sapindales)	47.8 Ma	2 / unrevised (old source < 2000)	2 / intuitive or unspecified (trusted source)	3 / molecular tree only	Magallón S, Gómez-Acevedo S, Sánchez-Reyes LL, Hernández-Hernández T. 2015. A metacalibrated time-tree documents the early rise of flowering plant phylogenetic diversity. New Phytologist 207: 437–453.	Chandler MEJ. 1961. The Lower Tertiary floras of southern England. I. Paleocene Floras. London Clay Flora (Supplement). Text and Atlas. London: British Museum (Natural History).
257	†Toona sulcata	47.8	crown	Meliaceae	124	crown Meliaceae (Sapindales)	47.8 Ma	2 / unrevised (old source < 2000)	2 / intuitive or unspecified (trusted source)	3 / molecular tree only	Magallón S, Gómez-Acevedo S, Sánchez-Reyes LL, Hernández-Hernández T. 2015. A metacalibrated time-tree documents the early rise of flowering plant phylogenetic diversity. New Phytologist 207: 437–453.	Chandler MEJ. 1961. The Lower Tertiary floras of southern England. I. Paleocene Floras. London Clay Flora (Supplement). Text and Atlas. London: British Museum (Natural History).
258	†Rutaspermum biornatum	66.0	stem	Amyridoideae	125	stem Amyridoideae (Rutaceae, Sapindales)	66 Ma	2 / unrevised (old source < 2000)	2 / intuitive or unspecified (trusted source)	3 / molecular tree only	Magallón S, Gómez-Acevedo S, Sánchez-Reyes LL, Hernández-Hernández T. 2015. A metacalibrated time-tree documents the early rise of flowering plant phylogenetic diversity. New Phytologist 207: 437–453.	Magallón S, Gómez-Acevedo S, Sánchez-Reyes LL, Hernández-Hernández T. 2015. A metacalibrated time-tree documents the early rise of flowering plant phylogenetic diversity. New Phytologist 207: 437–453.
259	†Aesculus hickeyi	56.0	crown	Sapindaceae	126	crown Sapindaceae (Sapindales)	56 Ma	2 / unrevised (old source < 2000)	2 / intuitive or unspecified (trusted source)	3 / molecular tree only	Magallón S, Gómez-Acevedo S, Sánchez-Reyes LL, Hernández-Hernández T. 2015. A metacalibrated time-tree documents the early rise of flowering plant phylogenetic diversity. New Phytologist 207: 437–453.	Manchester SR. 2001. Leaves and fruits of Aesculus (Sapindales) from the Paleocene of North America. International Journal of Plant Sciences 162: 985-998.
260	†Sapindospermum nitidum	89.8	stem	Sapindaceae	127	stem Sapindaceae (Sapindales)	89.8 Ma	2 / unrevised (old source < 2000)	2 / intuitive or unspecified (trusted source)	1 / pre-molecular era (before 1990)	Knobloch E, Mai DH. 1986. Monographie der Früchte und Samen in der Kreide von Mitteleuropa. Rozpravy ústredního ústavu geologichénho. Praha 47: 1-219.	Knobloch E, Mai DH. 1986. Monographie der Früchte und Samen in der Kreide von Mitteleuropa. Rozpravy ústredního ústavu geologichénho. Praha 47: 1-219.
261	†Ailanthus confucii	41.2	crown	Simaroubaceae	128	crown Simaroubaceae (Sapindales)	41.2 Ma	4 / revised (stratigraphic)	2 / intuitive or unspecified (trusted source)	3 / molecular tree only	Collinson ME, Manchester SR, Wilde V. 2012. Fossil fruits and seeds of the Middle Eocene Messel biota, Germany. Abh. Senckenberg Ges. Naturforsch. 570: 1–251.	Collinson ME, Manchester SR, Wilde V. 2012. Fossil fruits and seeds of the Middle Eocene Messel biota, Germany. Abh. Senckenberg Ges. Naturforsch. 570: 1–251.
203	†Celastrus comparabilis	37.8	crown	Celastraceae	129	crown Celastraceae (Celastrales)	37.8 Ma	2 / unrevised (old source < 2000)	2 / intuitive or unspecified (trusted source)	1 / pre-molecular era (before 1990)	Wolfe JA. 1977. Paleogene floras from the Gulf of Alaska region. U.S. Geol. Surv. Profess. Pap. 997: 1-108.	Wolfe JA. 1977. Paleogene floras from the Gulf of Alaska region. U.S. Geol. Surv. Profess. Pap. 997: 1-108.
204	†Lophopetalumoxylon indicum	46.3	stem	Celastraceae	130	stem Celastraceae (Celastrales)	46.3 Ma	5 / revised (radioisotopic)	1 / intuitive or unspecified	1 / pre-molecular era (before 1990)	Mehrotra RC, Prakash U, Bande MB. 1984. Fossil woods of Lophopetalum and Artocarpus from the Deccan Intertrappean Beds of Mandla district, Madhya Pradesh, India. Palaeobotanist 32: 310–320.	Srivastava A, Rajagopalan G, Ambwani K. 1986. Fission-track dating of fossil palm wood from Shahpura, Mandla District, Madhya Pradesh. Geophytology 16: 136–137.
205	†Combretocarpus rotundatus	11.63	crown	Anisophylleaceae	131	crown Anisophylleaceae (Cucurbitales)	11.63 Ma	2 / unrevised (old source < 2000)	1 / intuitive or unspecified	1 / pre-molecular era (before 1990)	Anderson JAR, Muller J. 1975. Palynological study of a holocene peat and a miocene coal deposit from NW Borneo. Review of Palaeobotany and Palynology 19: 291–351.	Morley RJ. 1977. Palynology of Tertiary and Quaternary sediments in southeast Asia. Proc. Petroleum Association 6th Annual Convention, pp. 255–276.
206	†Begonia sp.	2.58	crown	Begoniaceae	132	crown Begoniaceae (Cucurbitales)	2.58 Ma	4 / revised (stratigraphic)	2 / intuitive or unspecified (trusted source)	3 / molecular tree only	Magallón S, Gómez-Acevedo S, Sánchez-Reyes LL, Hernández-Hernández T. 2015. A metacalibrated time-tree documents the early rise of flowering plant phylogenetic diversity. New Phytologist 207: 437–453.	Stults DZ, Axsmith BJ. 2011. First macrofossil record of Begonia (Begoniaceae). American Journal of Botany 98: 150–153.
207	†Corynocarpus sp.	15.97	crown	Corynocarpaceae	133	crown Corynocarpaceae (Cucurbitales)	15.97 Ma	4 / revised (stratigraphic)	2 / intuitive or unspecified (trusted source)	3 / molecular tree only	Campbell, JD. 2002. Angiosperm fruit and leaf fossils from Miocene silcrete, Landslip Hill, northern Southland, New Zealand. J. R. Soc. New Zealand 32: 149–154.	Lindqvist JK. 1990. Deposition and diagenesis of landslip hill silcrete, gore lignite measures (Miocene), New Zealand. New Zealand Journal of Geology and Geophysics 33: 137–150.
208	†Cucurbitospermum sheppeyense	47.8	stem	Cucurbitaceae	134	stem Cucurbitaceae (Cucurbitales)	47.8 Ma	2 / unrevised (old source < 2000)	2 / intuitive or unspecified (trusted source)	1 / pre-molecular era (before 1990)	Chandler MEJ. 1961. The Lower Tertiary floras of southern England. I. Paleocene Floras. London Clay Flora (Supplement). Text and Atlas. London: British Museum (Natural History).	Chandler MEJ. 1961. The Lower Tertiary floras of southern England. I. Paleocene Floras. London Clay Flora (Supplement). Text and Atlas. London: British Museum (Natural History).
368	†Acacia eocaribbeanensis	15.0	crown	The mimosoid clade	135	crown The mimosoid clade	15 Ma	4 / revised (stratigraphic)	3 / apomorphy-based (apomorphies unlisted or untested)	3 / molecular tree only	Lavin M, Herendeen PS, Wojciechowski MF. 2005. Evolutionary rates analysis of Leguminosae implicates a rapid diversification of lineages during the Tertiary. Systematic Biology 54: 575–594.	Lavin M, Herendeen PS, Wojciechowski MF. 2005. Evolutionary rates analysis of Leguminosae implicates a rapid diversification of lineages during the Tertiary. Systematic Biology 54: 575–594.
369	†Barnebyanthus buchananensis	37.8	stem	Faboideae	136	stem Faboideae (Fabaceae, Fabales)	37.8 Ma	4 / revised (stratigraphic)	5 / phylogenetic analysis	4 / morphological and molecular trees compared	Lavin M, Herendeen PS, Wojciechowski MF. 2005. Evolutionary rates analysis of Leguminosae implicates a rapid diversification of lineages during the Tertiary. Systematic Biology 54: 575–594.	Sauquet H, Ho SYW, Gandolfo MA, Jordan GJ, Wilf P, Cantrill DJ, Bayly MJ, Bromham L, Brown GK, Carpenter RJ, Lee DM, Murphy DJ, Sniderman JMK, Udovicic F. 2012. Testing the impact of calibration on molecular divergence times using a fossil-rich group: the case of Nothofagus (Fagales). Systematic Biology 61: 289–313.
367	†Caesalpinia flumen-viridensis	48.5	crown	Caesalpinia	137	crown Caesalpinia (Fabaceae, Fabales)	48.5 Ma	5 / revised (radioisotopic)	3 / apomorphy-based (apomorphies unlisted or untested)	3 / molecular tree only	Lavin M, Herendeen PS, Wojciechowski MF. 2005. Evolutionary rates analysis of Leguminosae implicates a rapid diversification of lineages during the Tertiary. Systematic Biology 54: 575–594.	Smith ME. 2003. 40Ar/39 Ar geochronology of the Eocene Green River Formation, Wyoming. Geological Society of America Bulletin: 549–565.
363	†Cercis parvifolia	34.07	stem	Cercis	138	stem Cercis (Fabaceae, Fabales)	34.07 Ma	5 / revised (radioisotopic)	3 / apomorphy-based (apomorphies unlisted or untested)	3 / molecular tree only	Lavin M, Herendeen PS, Wojciechowski MF. 2005. Evolutionary rates analysis of Leguminosae implicates a rapid diversification of lineages during the Tertiary. Systematic Biology 54: 575–594.	Evanhoff E, McIntosh W, Murphey P. 2001. Stratigraphic summary and 40Ar/39Ar geochronology of the Florissant Formation, Colorado. Proceedings of the Denver Museum of Nature & Science 4: 1–16.
371	†Diplotropis-like leaves and fruits	56.0	crown	Faboideae	139	crown Faboideae (Fabaceae, Fabales)	56 Ma	2 / unrevised (old source < 2000)	3 / apomorphy-based (apomorphies unlisted or untested)	3 / molecular tree only	Lavin M, Herendeen PS, Wojciechowski MF. 2005. Evolutionary rates analysis of Leguminosae implicates a rapid diversification of lineages during the Tertiary. Systematic Biology 54: 575–594.	Herendeen PS, Wing S. 2001. Papilionoid legume fruits and leaves from the Paleocene of northwestern Wyoming. Botany 2001 Abstracts, published by Botanical Society of America (http://www.botany2001.org/).
364	†Hymenaea protera	33.9	stem	Hymenaea	140	stem Hymenaea (Fabaceae, Fabales)	33.9 Ma	2 / unrevised (old source < 2000)	1 / intuitive or unspecified	3 / molecular tree only	Lavin M, Herendeen PS, Wojciechowski MF. 2005. Evolutionary rates analysis of Leguminosae implicates a rapid diversification of lineages during the Tertiary. Systematic Biology 54: 575–594.	Lavin M, Herendeen PS, Wojciechowski MF. 2005. Evolutionary rates analysis of Leguminosae implicates a rapid diversification of lineages during the Tertiary. Systematic Biology 54: 575–594.
209	†Leguminocarpon gardneri	56.0	stem	Fabaceae	141	stem Fabaceae (Fabales)	56 Ma	4 / revised (stratigraphic)	2 / intuitive or unspecified (trusted source)	3 / molecular tree only	Magallón S, Gómez-Acevedo S, Sánchez-Reyes LL, Hernández-Hernández T. 2015. A metacalibrated time-tree documents the early rise of flowering plant phylogenetic diversity. New Phytologist 207: 437–453.	Herendeen PS, Crane PR. 1992. Early caesalpinioid fruits from the Palaeogene of southern England. Pp. 57-68 in P.S. Herendeen and D.L. Dilcher (eds.) Advances in legume systematics. Pt. 4. The fossil Record. Royal Botanic Gardens, Kew, U.K.
350	†Protomimosoidea buchananensis	37.8	stem	The mimosoid clade	142	stem The mimosoid clade	37.8 Ma	4 / revised (stratigraphic)	3 / apomorphy-based (apomorphies unlisted or untested)	3 / molecular tree only	Magallón S, Gómez-Acevedo S, Sánchez-Reyes LL, Hernández-Hernández T. 2015. A metacalibrated time-tree documents the early rise of flowering plant phylogenetic diversity. New Phytologist 207: 437–453.	Sauquet H, Ho SYW, Gandolfo MA, Jordan GJ, Wilf P, Cantrill DJ, Bayly MJ, Bromham L, Brown GK, Carpenter RJ, Lee DM, Murphy DJ, Sniderman JMK, Udovicic F. 2012. Testing the impact of calibration on molecular divergence times using a fossil-rich group: the case of Nothofagus (Fagales). Systematic Biology 61: 289–313.
349	†Paleosecuridaca curtissi	56.0	crown	Polygalaceae	143	crown Polygalaceae (Fabales)	56 Ma	3 / unrevised (recent source >= 2000)	2 / intuitive or unspecified (trusted source)	3 / molecular tree only	Magallón S, Gómez-Acevedo S, Sánchez-Reyes LL, Hernández-Hernández T. 2015. A metacalibrated time-tree documents the early rise of flowering plant phylogenetic diversity. New Phytologist 207: 437–453.	Magallón S, Gómez-Acevedo S, Sánchez-Reyes LL, Hernández-Hernández T. 2015. A metacalibrated time-tree documents the early rise of flowering plant phylogenetic diversity. New Phytologist 207: 437–453.
210	†Suriana inordinata	48.5	crown	Surianaceae	144	crown Surianaceae (Fabales)	48.5 Ma	5 / revised (radioisotopic)	1 / intuitive or unspecified	1 / pre-molecular era (before 1990)	Kruse H. 1954. Some Eocene dicotyledonous Woods from Eden Valley, Wyoming. Ohio Journal of Science 54: 243–268.	Smith ME. 2003. 40Ar/39 Ar geochronology of the Eocene Green River Formation, Wyoming. Geological Society of America Bulletin: 549–565.
215	†Archaefagacea futabensis	86.3	stem	Fagales	145	stem Fagales	86.3 Ma	4 / revised (stratigraphic)	2 / intuitive or unspecified (trusted source)	3 / molecular tree only	Magallón S, Gómez-Acevedo S, Sánchez-Reyes LL, Hernández-Hernández T. 2015. A metacalibrated time-tree documents the early rise of flowering plant phylogenetic diversity. New Phytologist 207: 437–453.	Magallón S, Gómez-Acevedo S, Sánchez-Reyes LL, Hernández-Hernández T. 2015. A metacalibrated time-tree documents the early rise of flowering plant phylogenetic diversity. New Phytologist 207: 437–453.
216	†Caryanthus sp.	83.6	stem	Myricaceae+Juglandaceae	146	stem Myricaceae+Juglandaceae	83.6 Ma	2 / unrevised (old source < 2000)	2 / intuitive or unspecified (trusted source)	3 / molecular tree only	Magallón S, Gómez-Acevedo S, Sánchez-Reyes LL, Hernández-Hernández T. 2015. A metacalibrated time-tree documents the early rise of flowering plant phylogenetic diversity. New Phytologist 207: 437–453.	Sims HJ, Herendeen PS, Lupia R, Christopher RA, Crane PR. 1999. Fossil flowers with Normapolles pollen from the Upper Cretaceous of southeastern North America. Review of Palaeobotany and Palynology 106: 131–151.
218	†Normapolles pollen	93.9	stem	Normapolles group	147	stem Normapolles group	93.9 Ma	2 / unrevised (old source < 2000)	2 / intuitive or unspecified (trusted source)	3 / molecular tree only	Magallón S, Gómez-Acevedo S, Sánchez-Reyes LL, Hernández-Hernández T. 2015. A metacalibrated time-tree documents the early rise of flowering plant phylogenetic diversity. New Phytologist 207: 437–453.	Magallón S, Gómez-Acevedo S, Sánchez-Reyes LL, Hernández-Hernández T. 2015. A metacalibrated time-tree documents the early rise of flowering plant phylogenetic diversity. New Phytologist 207: 437–453.
1	†Protofagacea allonensis	83.6	stem	Fagales	148	stem Fagales	83.6 Ma	4 / revised (stratigraphic)	3 / apomorphy-based (apomorphies unlisted or untested)	3 / molecular tree only	Sauquet H, Ho SYW, Gandolfo MA, Jordan GJ, Wilf P, Cantrill DJ, Bayly MJ, Bromham L, Brown GK, Carpenter RJ, Lee DM, Murphy DJ, Sniderman JMK, Udovicic F. 2012. Testing the impact of calibration on molecular divergence times using a fossil-rich group: the case of Nothofagus (Fagales). Systematic Biology 61: 289–313.	Sauquet H, Ho SYW, Gandolfo MA, Jordan GJ, Wilf P, Cantrill DJ, Bayly MJ, Bromham L, Brown GK, Carpenter RJ, Lee DM, Murphy DJ, Sniderman JMK, Udovicic F. 2012. Testing the impact of calibration on molecular divergence times using a fossil-rich group: the case of Nothofagus (Fagales). Systematic Biology 61: 289–313.
211	†Bedellia pusilla	83.6	stem	Betulaceae	149	stem Betulaceae (Fagales)	83.6 Ma	2 / unrevised (old source < 2000)	2 / intuitive or unspecified (trusted source)	3 / molecular tree only	Magallón S, Gómez-Acevedo S, Sánchez-Reyes LL, Hernández-Hernández T. 2015. A metacalibrated time-tree documents the early rise of flowering plant phylogenetic diversity. New Phytologist 207: 437–453.	Sims HJ, Herendeen PS, Lupia R, Christopher RA, Crane PR. 1999. Fossil flowers with Normapolles pollen from the Upper Cretaceous of southeastern North America. Review of Palaeobotany and Palynology 106: 131–151.
212	†Palaeocarpinus dakotensis	56.0	crown	Betulaceae	150	crown Betulaceae (Fagales)	56 Ma	3 / unrevised (recent source >= 2000)	3 / apomorphy-based (apomorphies unlisted or untested)	3 / molecular tree only	Sauquet H, Ho SYW, Gandolfo MA, Jordan GJ, Wilf P, Cantrill DJ, Bayly MJ, Bromham L, Brown GK, Carpenter RJ, Lee DM, Murphy DJ, Sniderman JMK, Udovicic F. 2012. Testing the impact of calibration on molecular divergence times using a fossil-rich group: the case of Nothofagus (Fagales). Systematic Biology 61: 289–313.	Manchester SR, Pigg K, Crane PR. 2004. Palaeocarpinus dakotaensis sp. nov. (Betulaceae: Coryloideae) and associated staminate catkins, pollen and leaves from the Paleocene of North Dakota. International Journal of Plant Sciences 165: 1135–1148.
213	†Gymnostoma antiquum	56.0	stem	Casuarinaceae	151	stem Casuarinaceae (Fagales)	56 Ma	4 / revised (stratigraphic)	3 / apomorphy-based (apomorphies unlisted or untested)	3 / molecular tree only	Sauquet H, Ho SYW, Gandolfo MA, Jordan GJ, Wilf P, Cantrill DJ, Bayly MJ, Bromham L, Brown GK, Carpenter RJ, Lee DM, Murphy DJ, Sniderman JMK, Udovicic F. 2012. Testing the impact of calibration on molecular divergence times using a fossil-rich group: the case of Nothofagus (Fagales). Systematic Biology 61: 289–313.	Sauquet H, Ho SYW, Gandolfo MA, Jordan GJ, Wilf P, Cantrill DJ, Bayly MJ, Bromham L, Brown GK, Carpenter RJ, Lee DM, Murphy DJ, Sniderman JMK, Udovicic F. 2012. Testing the impact of calibration on molecular divergence times using a fossil-rich group: the case of Nothofagus (Fagales). Systematic Biology 61: 289–313.
353	†Castaneoidea puryearensis	37.8	crown	Fagaceae	152	crown Fagaceae (Fagales)	37.8 Ma	4 / revised (stratigraphic)	2 / intuitive or unspecified (trusted source)	3 / molecular tree only	Magallón S, Gómez-Acevedo S, Sánchez-Reyes LL, Hernández-Hernández T. 2015. A metacalibrated time-tree documents the early rise of flowering plant phylogenetic diversity. New Phytologist 207: 437–453.	Sauquet H, Ho SYW, Gandolfo MA, Jordan GJ, Wilf P, Cantrill DJ, Bayly MJ, Bromham L, Brown GK, Carpenter RJ, Lee DM, Murphy DJ, Sniderman JMK, Udovicic F. 2012. Testing the impact of calibration on molecular divergence times using a fossil-rich group: the case of Nothofagus (Fagales). Systematic Biology 61: 289–313.
2	†Castanopsoidea columbiana	37.8	crown	Quercoideae	153	crown Quercoideae (Fagaceae, Fagales)	37.8 Ma	4 / revised (stratigraphic)	5 / phylogenetic analysis	4 / morphological and molecular trees compared	Sauquet H, Ho SYW, Gandolfo MA, Jordan GJ, Wilf P, Cantrill DJ, Bayly MJ, Bromham L, Brown GK, Carpenter RJ, Lee DM, Murphy DJ, Sniderman JMK, Udovicic F. 2012. Testing the impact of calibration on molecular divergence times using a fossil-rich group: the case of Nothofagus (Fagales). Systematic Biology 61: 289–313.	Sauquet H, Ho SYW, Gandolfo MA, Jordan GJ, Wilf P, Cantrill DJ, Bayly MJ, Bromham L, Brown GK, Carpenter RJ, Lee DM, Murphy DJ, Sniderman JMK, Udovicic F. 2012. Testing the impact of calibration on molecular divergence times using a fossil-rich group: the case of Nothofagus (Fagales). Systematic Biology 61: 289–313.
217	†Polyptera manningii	64.4	crown	Juglandaceae	154	crown Juglandaceae (Fagales)	64.4 Ma	5 / revised (radioisotopic)	5 / phylogenetic analysis	5 / combined morphological and molecular analysis (total evidence or backbone)	Sauquet H, Ho SYW, Gandolfo MA, Jordan GJ, Wilf P, Cantrill DJ, Bayly MJ, Bromham L, Brown GK, Carpenter RJ, Lee DM, Murphy DJ, Sniderman JMK, Udovicic F. 2012. Testing the impact of calibration on molecular divergence times using a fossil-rich group: the case of Nothofagus (Fagales). Systematic Biology 61: 289–313.	Sauquet H, Ho SYW, Gandolfo MA, Jordan GJ, Wilf P, Cantrill DJ, Bayly MJ, Bromham L, Brown GK, Carpenter RJ, Lee DM, Murphy DJ, Sniderman JMK, Udovicic F. 2012. Testing the impact of calibration on molecular divergence times using a fossil-rich group: the case of Nothofagus (Fagales). Systematic Biology 61: 289–313.
352	†Nothofagidites senectus	83.5	stem	Nothofagaceae	155	stem Nothofagaceae (Fagales)	83.5 Ma	4 / revised (stratigraphic)	2 / intuitive or unspecified (trusted source)	3 / molecular tree only	Sauquet H, Ho SYW, Gandolfo MA, Jordan GJ, Wilf P, Cantrill DJ, Bayly MJ, Bromham L, Brown GK, Carpenter RJ, Lee DM, Murphy DJ, Sniderman JMK, Udovicic F. 2012. Testing the impact of calibration on molecular divergence times using a fossil-rich group: the case of Nothofagus (Fagales). Systematic Biology 61: 289–313.	Sauquet H, Ho SYW, Gandolfo MA, Jordan GJ, Wilf P, Cantrill DJ, Bayly MJ, Bromham L, Brown GK, Carpenter RJ, Lee DM, Murphy DJ, Sniderman JMK, Udovicic F. 2012. Testing the impact of calibration on molecular divergence times using a fossil-rich group: the case of Nothofagus (Fagales). Systematic Biology 61: 289–313.
219	†Chrysobalanus lacustris	48.5	crown	Chrysobalanaceae	156	crown Chrysobalanaceae (Malpighiales)	48.5 Ma	5 / revised (radioisotopic)	1 / intuitive or unspecified	1 / pre-molecular era (before 1990)	Brown RW. 1929. Additions to the flora of the Green River formation. U.S. Geological Survey Professional Paper 154: 279–292.	Smith ME. 2003. 40Ar/39 Ar geochronology of the Eocene Green River Formation, Wyoming. Geological Society of America Bulletin: 549–565.
220	†Pachydermites diederixi	41.2	crown	Clusiaceae	157	crown Clusiaceae (Malpighiales)	41.2 Ma	2 / unrevised (old source < 2000)	1 / intuitive or unspecified	1 / pre-molecular era (before 1990)	Germeraad JH, Hopping CA, Muller J. 1968. Palynology of Tertiary sediments from tropical areas. Review of Palaeobotany and Palynology 6: 189–348.	Germeraad JH, Hopping CA, Muller J. 1968. Palynology of Tertiary sediments from tropical areas. Review of Palaeobotany and Palynology 6: 189–348.
221	†Paleoclusia chevalieri	86.3	stem	Clusiaceae	158	stem Clusiaceae (Malpighiales)	86.3 Ma	4 / revised (stratigraphic)	5 / phylogenetic analysis	5 / combined morphological and molecular analysis (total evidence or backbone)	Ruhfel BR, Stevens PF, Davis CC. 2013. Combined morphological and molecular phylogeny of the clusioid clade (Malpighiales) and the placement of the ancient rosid macrofossil Paleoclusia. International Journal of Plant Sciences 174: 910–936.	Massoni J, Doyle J, Sauquet H. 2015. Fossil calibration of Magnoliidae, an ancient lineage of angiosperms. Palaeontologia Electronica: 18.1.2FC.
222	†Ctenolophonidites costatus	66.0	stem	Ctenolophonaceae	159	stem Ctenolophonaceae (Malpighiales)	66 Ma	2 / unrevised (old source < 2000)	1 / intuitive or unspecified	1 / pre-molecular era (before 1990)	Van Hoeken-Klinkenberg PMJ. 1966. Maastrichtian, Palaeocene and Eocene pollen and spores from Nigeria. Leidse Geol. Meded., 38: 37-48.	Edet JJ, Nyong EE. 1994. Palynostratigraphy of Nkporo Shale exposures (late Campanian-Maastrichtian) on the Calabar Flank, SE Nigeria. Review of Palaeobotany and Palynology 80: 131–147.
223	†Hippomaneoidea warmanensis	37.8	crown	Euphorbioideae	160	crown Euphorbioideae (Euphorbiaceae, Malpighiales)	37.8 Ma	4 / revised (stratigraphic)	2 / intuitive or unspecified (trusted source)	3 / molecular tree only	Magallón S, Gómez-Acevedo S, Sánchez-Reyes LL, Hernández-Hernández T. 2015. A metacalibrated time-tree documents the early rise of flowering plant phylogenetic diversity. New Phytologist 207: 437–453.	Sauquet H, Ho SYW, Gandolfo MA, Jordan GJ, Wilf P, Cantrill DJ, Bayly MJ, Bromham L, Brown GK, Carpenter RJ, Lee DM, Murphy DJ, Sniderman JMK, Udovicic F. 2012. Testing the impact of calibration on molecular divergence times using a fossil-rich group: the case of Nothofagus (Fagales). Systematic Biology 61: 289–313.
224	†Humiriaceoxylon ocuensis	33.9	crown	Humiriaceae	161	crown Humiriaceae (Malpighiales)	33.9 Ma	3 / unrevised (recent source >= 2000)	2 / intuitive or unspecified (trusted source)	3 / molecular tree only	Herrera F, Manchester SR, Vélez-Juarbe J, Jaramillo C. 2014. Phytogeographic history of the Humiriaceae (part 2). International Journal of Plant Sciences 175: 828–840.	Herrera F, Manchester SR, Vélez-Juarbe J, Jaramillo C. 2014. Phytogeographic history of the Humiriaceae (part 2). International Journal of Plant Sciences 175: 828–840.
226	†Eoglandulosa warmanensis	37.8	stem	Malpighiaceae	162	stem Malpighiaceae (Malpighiales)	37.8 Ma	4 / revised (stratigraphic)	2 / intuitive or unspecified (trusted source)	1 / pre-molecular era (before 1990)	Magallón S, Gómez-Acevedo S, Sánchez-Reyes LL, Hernández-Hernández T. 2015. A metacalibrated time-tree documents the early rise of flowering plant phylogenetic diversity. New Phytologist 207: 437–453.	Sauquet H, Ho SYW, Gandolfo MA, Jordan GJ, Wilf P, Cantrill DJ, Bayly MJ, Bromham L, Brown GK, Carpenter RJ, Lee DM, Murphy DJ, Sniderman JMK, Udovicic F. 2012. Testing the impact of calibration on molecular divergence times using a fossil-rich group: the case of Nothofagus (Fagales). Systematic Biology 61: 289–313.
225	†Tetrapterys harpyiarum	27.82	crown	Malpighioideae	163	crown Malpighioideae (Malpighiaceae, Malpighiales)	27.82 Ma	4 / revised (stratigraphic)	2 / intuitive or unspecified (trusted source)	3 / molecular tree only	Magallón S, Gómez-Acevedo S, Sánchez-Reyes LL, Hernández-Hernández T. 2015. A metacalibrated time-tree documents the early rise of flowering plant phylogenetic diversity. New Phytologist 207: 437–453.	Hably L, Manchester SR. 2000. Fruits of Tetrapterys (Malpighiaceae) from the Oligocene of Hungary and Slovenia. Review of Palaeobotany and Palynology 111: 93–101.
227	†Phyllanthus sp.	33.9	crown	Phyllanthoideae	164	crown Phyllanthoideae (Phyllanthaceae, Malpighiales)	33.9 Ma	2 / unrevised (old source < 2000)	1 / intuitive or unspecified	1 / pre-molecular era (before 1990)	Zaklinskaya ED. 1978. Palylonogy of the Paleogene Clay from DSDP Site 368, Cape Verde Rise. Deep Sea Drilling Project (U.S. Government Printing Office) 41: 933-937	Zaklinskaya ED. 1978. Palylonogy of the Paleogene Clay from DSDP Site 368, Cape Verde Rise. Deep Sea Drilling Project (U.S. Government Printing Office) 41: 933-937
357	†Rhizophora sp.	33.9	stem	Rhizophora	165	stem Rhizophora (Rhizophoraceae, Malpighiales)	33.9 Ma	2 / unrevised (old source < 2000)	2 / intuitive or unspecified (trusted source)	3 / molecular tree only	Magallón S, Gómez-Acevedo S, Sánchez-Reyes LL, Hernández-Hernández T. 2015. A metacalibrated time-tree documents the early rise of flowering plant phylogenetic diversity. New Phytologist 207: 437–453.	Magallón S, Gómez-Acevedo S, Sánchez-Reyes LL, Hernández-Hernández T. 2015. A metacalibrated time-tree documents the early rise of flowering plant phylogenetic diversity. New Phytologist 207: 437–453.
228	†Zonocostites ramonae	33.9	crown	Rhizophoraceae	166	crown Rhizophoraceae (Malpighiales)	33.9 Ma	2 / unrevised (old source < 2000)	2 / intuitive or unspecified (trusted source)	3 / molecular tree only	Magallón S, Gómez-Acevedo S, Sánchez-Reyes LL, Hernández-Hernández T. 2015. A metacalibrated time-tree documents the early rise of flowering plant phylogenetic diversity. New Phytologist 207: 437–453.	Magallón S, Gómez-Acevedo S, Sánchez-Reyes LL, Hernández-Hernández T. 2015. A metacalibrated time-tree documents the early rise of flowering plant phylogenetic diversity. New Phytologist 207: 437–453.
229	†Populus tidwelli	48.5	crown	Salicoideae	167	crown Salicoideae (Salicaceae, Malpighiales)	48.5 Ma	5 / revised (radioisotopic)	2 / intuitive or unspecified (trusted source)	3 / molecular tree only	Magallón S, Gómez-Acevedo S, Sánchez-Reyes LL, Hernández-Hernández T. 2015. A metacalibrated time-tree documents the early rise of flowering plant phylogenetic diversity. New Phytologist 207: 437–453.	Smith ME. 2003. 40Ar/39 Ar geochronology of the Eocene Green River Formation, Wyoming. Geological Society of America Bulletin: 549–565.
356	†Populus wilmattae	48.5	stem	Populus	168	stem Populus (Salicaceae, Malpighiales)	48.5 Ma	5 / revised (radioisotopic)	2 / intuitive or unspecified (trusted source)	3 / molecular tree only	Magallón S, Gómez-Acevedo S, Sánchez-Reyes LL, Hernández-Hernández T. 2015. A metacalibrated time-tree documents the early rise of flowering plant phylogenetic diversity. New Phytologist 207: 437–453.	Smith ME. 2003. 40Ar/39 Ar geochronology of the Eocene Green River Formation, Wyoming. Geological Society of America Bulletin: 549–565.
230	†Eucryphia falcata	56.0	crown	Cunoniaceae	169	crown Cunoniaceae (Oxalidales)	56 Ma	2 / unrevised (old source < 2000)	2 / intuitive or unspecified (trusted source)	3 / molecular tree only	Hill RS. 1991. Leaves of Eucryphia (Eucryphiaceae) from Tertiary Sediments in South-eastern Australia. Australian Systematic Botany 4: 481-497.	Hill RS. 1991. Leaves of Eucryphia (Eucryphiaceae) from Tertiary Sediments in South-eastern Australia. Australian Systematic Botany 4: 481-497.
362	†Lacinipetalum spectabilum	63.49	stem	Schizomerieae	170	stem Schizomerieae (Cunoniaceae, Oxalidales)	63.49 Ma	5 / revised (radioisotopic)	5 / phylogenetic analysis	5 / combined morphological and molecular analysis (total evidence or backbone)	Jud NA, Gandolfo MA, Iglesias A, Wilf P. 2018. Fossil flowers from the early Palaeocene of Patagonia, Argentina, with affinity to Schizomerieae (Cunoniaceae). Annals of Botany: 431–442.	Jud NA, Gandolfo MA, Iglesias A, Wilf P. 2018. Fossil flowers from the early Palaeocene of Patagonia, Argentina, with affinity to Schizomerieae (Cunoniaceae). Annals of Botany: 431–442.
76	†Platydiscus peltatus	80.7	stem	Cunoniaceae	171	stem Cunoniaceae (Oxalidales)	80.7 Ma	3 / unrevised (recent source >= 2000)	3 / apomorphy-based (apomorphies unlisted or untested)	3 / molecular tree only	Magallón S, Castillo A. 2009. Angiosperm diversification through time. American Journal of Botany 96: 349–365.	Magallón S, Gómez-Acevedo S, Sánchez-Reyes LL, Hernández-Hernández T. 2015. A metacalibrated time-tree documents the early rise of flowering plant phylogenetic diversity. New Phytologist 207: 437–453.
231	†Sloanea ungeri	61.6	crown	Elaeocarpaceae	172	crown Elaeocarpaceae (Oxalidales)	61.6 Ma	3 / unrevised (recent source >= 2000)	3 / apomorphy-based (apomorphies unlisted or untested)	3 / molecular tree only	Magallón S, Gómez-Acevedo S, Sánchez-Reyes LL, Hernández-Hernández T. 2015. A metacalibrated time-tree documents the early rise of flowering plant phylogenetic diversity. New Phytologist 207: 437–453.	Manchester SR, Kvacek Z. 2009. Fruits of Sloanea (Elaeocarpaceae) in the Paleogene of North America and Greenland. International Journal of Plant Sciences 170: 941–950.
232	†Aphananthe cretacea	66.0	crown	Cannabaceae	173	crown Cannabaceae (Rosales)	66 Ma	2 / unrevised (old source < 2000)	2 / intuitive or unspecified (trusted source)	3 / molecular tree only	Magallón S, Gómez-Acevedo S, Sánchez-Reyes LL, Hernández-Hernández T. 2015. A metacalibrated time-tree documents the early rise of flowering plant phylogenetic diversity. New Phytologist 207: 437–453.	Friis EM, Crane PR, Pedersen KR. 2011. Early flowers and angiosperm evolution. Cambridge University Press.
233	†Morus poolensis	47.8	crown	Moraceae	174	crown Moraceae (Rosales)	47.8 Ma	2 / unrevised (old source < 2000)	2 / intuitive or unspecified (trusted source)	1 / pre-molecular era (before 1990)	Chandler MEJ. 1963. The Lower Tertiary floras of Southern England. III. Flora of the Bournemouth Beds; the Boscombe, and the Highcliff Sands. London: British Museum (Natural History).	Collinson M. 1989. The fossil history of the Moraceae, Urticaceae (including Cecropiaceae), and Cannabaceae. In: Crane PR, Blackmore S, eds. Evolution, systematics, and fossil history of the Hamamelidae 2. 319–339.
234	†Coahuilanthus belindae	72.1	stem	Rhamnaceae	175	stem Rhamnaceae (Rosales)	72.1 Ma	3 / unrevised (recent source >= 2000)	2 / intuitive or unspecified (trusted source)	3 / molecular tree only	Calvillo-Canadell L, Cevallos-Ferriz SRS. 2007. Reproductive structures of Rhamnaceae from the Cerro del Pueblo (Late Cretaceous, Coahuila) and Coatzingo (Oligocene, Puebla) Formations, Mexico. American Journal of Botany 94: 1658–1669.	Calvillo-Canadell L, Cevallos-Ferriz SRS. 2007. Reproductive structures of Rhamnaceae from the Cerro del Pueblo (Late Cretaceous, Coahuila) and Coatzingo (Oligocene, Puebla) Formations, Mexico. American Journal of Botany 94: 1658–1669.
235	†Solanites pusilus	37.8	crown	Rhamnaceae	176	crown Rhamnaceae (Rosales)	37.8 Ma	4 / revised (stratigraphic)	5 / phylogenetic analysis	2 / morphological tree only	Millan M, Crepet W. 2014. The Fossil Record of the Solanaceae Revisited and Revised---The Fossil Record of Rhamnaceae Enhanced. The Botanical Review 80: 73–106.	Sauquet H, Ho SYW, Gandolfo MA, Jordan GJ, Wilf P, Cantrill DJ, Bayly MJ, Bromham L, Brown GK, Carpenter RJ, Lee DM, Murphy DJ, Sniderman JMK, Udovicic F. 2012. Testing the impact of calibration on molecular divergence times using a fossil-rich group: the case of Nothofagus (Fagales). Systematic Biology 61: 289–313.
236	†Prunus wutuensis	47.8	stem	Amygdaloideae	177	stem Amygdaloideae (Rosaceae, Rosales)	47.8 Ma	3 / unrevised (recent source >= 2000)	2 / intuitive or unspecified (trusted source)	3 / molecular tree only	Li Y, Smith T, Liu C-J, Awasthi N, Yang J, Wang Y-F, Li C-S. 2011. Endocarps of Prunus (Rosaceae: Prunoideae) from the early Eocene of Wutu, Shandong Province, China. TAXON 60: 555–564.	Li Y, Smith T, Liu C-J, Awasthi N, Yang J, Wang Y-F, Li C-S. 2011. Endocarps of Prunus (Rosaceae: Prunoideae) from the early Eocene of Wutu, Shandong Province, China. TAXON 60: 555–564.
237	†Cedrelospermum nervosum	48.5	crown	Ulmaceae	178	crown Ulmaceae (Rosales)	48.5 Ma	5 / revised (radioisotopic)	2 / intuitive or unspecified (trusted source)	1 / pre-molecular era (before 1990)	Manchester SR. 1989. Attached reproductive and vegetative remains of the extinct American-European genus Cedrelospermum (Ulmaceae) from the early Tertiary of Utah and Colorado, USA. Amer. J. Bot. 76: 256-276.	Smith ME. 2003. 40Ar/39 Ar geochronology of the Eocene Green River Formation, Wyoming. Geological Society of America Bulletin: 549–565.
263	†Caryophylloflora paleogenica	41.2	stem	Alsineae+Caryophylleae+Sperguleae+Sagineae+Sclerantheae	179	stem Alsineae+Caryophylleae+Sperguleae+Sagineae+Sclerantheae (Caryophyllaceae, Caryophyllales)	41.2 Ma	4 / revised (stratigraphic)	5 / phylogenetic analysis	5 / combined morphological and molecular analysis (total evidence or backbone)	Jordan GJ, Macphail MK. 2003. A Middle-Late Eocene Inflorescence of Caryophyllaceae from Tasmania, Australia. American Journal of Botany 90: 761–768.	Jordan GJ, Macphail MK. 2003. A Middle-Late Eocene Inflorescence of Caryophyllaceae from Tasmania, Australia. American Journal of Botany 90: 761–768.
264	†Coahuilacarpon phytolaccoides	72.1	stem	Phytolacca	180	stem Phytolacca (Phytolaccaceae, Caryophyllales)	72.1 Ma	3 / unrevised (recent source >= 2000)	2 / intuitive or unspecified (trusted source)	3 / molecular tree only	Magallón S, Gómez-Acevedo S, Sánchez-Reyes LL, Hernández-Hernández T. 2015. A metacalibrated time-tree documents the early rise of flowering plant phylogenetic diversity. New Phytologist 207: 437–453.	Cevallos-Ferriz SRS, Estrada-Ruiz E, Pérez-Hernández BR. 2008. Phytolaccaceae Infructescence from Cerro del Pueblo Formation, Upper Cretaceous (Late Campanian), Coahuila, Mexico. American Journal of Botany 95: 77–83.
265	†Polygonocarpum johnsonii	66.0	stem	Polygonaceae	181	stem Polygonaceae (Caryophyllales)	66 Ma	3 / unrevised (recent source >= 2000)	2 / intuitive or unspecified (trusted source)	3 / molecular tree only	Magallón S, Gómez-Acevedo S, Sánchez-Reyes LL, Hernández-Hernández T. 2015. A metacalibrated time-tree documents the early rise of flowering plant phylogenetic diversity. New Phytologist 207: 437–453.	Manchester SR, O’Leary EL. 2010. Phylogenetic distribution and identification of fin-winged fruits. Botanical Review 76: 1–82.
270	†Cranwellia edmontonensis	63.0	stem	Santalales	182	stem Santalales	63 Ma	2 / unrevised (old source < 2000)	2 / intuitive or unspecified (trusted source)	3 / molecular tree only	Magallón S, Gómez-Acevedo S, Sánchez-Reyes LL, Hernández-Hernández T. 2015. A metacalibrated time-tree documents the early rise of flowering plant phylogenetic diversity. New Phytologist 207: 437–453.	Srivastava SK. 1966. Upper Cretaceous microflora (Maastrichtian) from Scollard, Alberta, Canada. Pollen and Spores 8: 497-552.
337	†Cranwellia sachalinensis	80.7	stem	Santalales	183	stem Santalales	80.7 Ma	2 / unrevised (old source < 2000)	2 / intuitive or unspecified (trusted source)	3 / molecular tree only	Magallón S, Gómez-Acevedo S, Sánchez-Reyes LL, Hernández-Hernández T. 2015. A metacalibrated time-tree documents the early rise of flowering plant phylogenetic diversity. New Phytologist 207: 437–453.	Markevich V. 1986. ????? ??? ?????? ?????????? ? BEPXHE ???? ???????? [A new species of Loranthaceae pollen in the Upper Cretaceous of Sakhalin]. Paleontologicheskii Zhurnal 4: 118–121.
271	†Anacolosidites meyeorum	66.0	stem	Olacaceae	184	stem Olacaceae (Santalales)	66 Ma	2 / unrevised (old source < 2000)	2 / intuitive or unspecified (trusted source)	1 / pre-molecular era (before 1990)	Chmura CA. 1973. Upper Cretaceous (Campanian-Maastrichtian) angiosperm pollen from the western San Joaquin Valley, California, U.S.A. Palaeontographica Abteilung B 141: 89–171.	Chmura CA. 1973. Upper Cretaceous (Campanian-Maastrichtian) angiosperm pollen from the western San Joaquin Valley, California, U.S.A. Palaeontographica Abteilung B 141: 89–171.
272	†Schoepfia republicensis	48.0	crown	Schoepfiaceae	185	crown Schoepfiaceae (Santalales)	48 Ma	5 / revised (radioisotopic)	2 / intuitive or unspecified (trusted source)	1 / pre-molecular era (before 1990)	Wolfe JA, Wehr WC. 1987. Middle Eocene dicotyledonous plants from Republic, northeastern Washington. United States Geological Survey Bulletin 1597: 1–25.	Wolfe JA, Wehr WC. 1987. Middle Eocene dicotyledonous plants from Republic, northeastern Washington. United States Geological Survey Bulletin 1597: 1–25.
267	†Hironoia fusiformis	86.3	crown	Cornales	186	crown Cornales	86.3 Ma	3 / unrevised (recent source >= 2000)	3 / apomorphy-based (apomorphies unlisted or untested)	3 / molecular tree only	Magallón S, Gómez-Acevedo S, Sánchez-Reyes LL, Hernández-Hernández T. 2015. A metacalibrated time-tree documents the early rise of flowering plant phylogenetic diversity. New Phytologist 207: 437–453.	Takahashi M, Crane PR, Manchester SR. 2002. Hironoia fusiformis gen. et sp. nov.; a cornalean fruit from the Kamikitaba locality (Upper Cretaceous, Lower Coniacian) in northeastern Japan. Journal of Plant Research 115: 463–473.
266	†Cornus hyperborea	56.0	crown	Cornaceae	187	crown Cornaceae (Cornales)	56 Ma	2 / unrevised (old source < 2000)	2 / intuitive or unspecified (trusted source)	3 / molecular tree only	Manchester SR. 1999. Biogeographical relationships of North American Tertiary floras. Annals of the Missouri Botanical Garden 86: 472–522.	Hickey LJ. 1977. Stratigraphy and paleobotany of the Golden Valley Formation (Early Tertiary) of western North Dakota. Geological Society of America Memoir 150: 1–181.
268	†Hydrangea antica	56.0	crown	Hydrangeaceae	188	crown Hydrangeaceae (Cornales)	56 Ma	2 / unrevised (old source < 2000)	1 / intuitive or unspecified	1 / pre-molecular era (before 1990)	Brown RW 1962. Paleocene flora of the Rocky Mountains and Great Plains. Geological Survey Professional Paper 375: 1-119.	Brown RW 1962. Paleocene flora of the Rocky Mountains and Great Plains. Geological Survey Professional Paper 375: 1-119.
269	†Beckettia samuelis	66.0	stem	Nyssaceae	189	stem Nyssaceae (Cornales)	66 Ma	2 / unrevised (old source < 2000)	2 / intuitive or unspecified (trusted source)	1 / pre-molecular era (before 1990)	Magallón S, Gómez-Acevedo S, Sánchez-Reyes LL, Hernández-Hernández T. 2015. A metacalibrated time-tree documents the early rise of flowering plant phylogenetic diversity. New Phytologist 207: 437–453.	Magallón S, Gómez-Acevedo S, Sánchez-Reyes LL, Hernández-Hernández T. 2015. A metacalibrated time-tree documents the early rise of flowering plant phylogenetic diversity. New Phytologist 207: 437–453.
285	†Actinocalyx bohrii	80.7	crown	Ericales	190	crown Ericales	80.7 Ma	2 / unrevised (old source < 2000)	2 / intuitive or unspecified (trusted source)	3 / molecular tree only	Magallón S, Gómez-Acevedo S, Sánchez-Reyes LL, Hernández-Hernández T. 2015. A metacalibrated time-tree documents the early rise of flowering plant phylogenetic diversity. New Phytologist 207: 437–453.	Friis EM. 1985. Actinocalyx gen. nov., sympetalous angiosperm flowers from the upper cretaceous of southern Sweden. Review of Palaeobotany and Palynology 45: 171–183.
288	†Paleoenkianthus sayrevillensis	86.3	crown	Ericales	191	crown Ericales	86.3 Ma	4 / revised (stratigraphic)	1 / intuitive or unspecified	3 / molecular tree only	Magallón S, Gómez-Acevedo S, Sánchez-Reyes LL, Hernández-Hernández T. 2015. A metacalibrated time-tree documents the early rise of flowering plant phylogenetic diversity. New Phytologist 207: 437–453.	Massoni J, Doyle J, Sauquet H. 2015. Fossil calibration of Magnoliidae, an ancient lineage of angiosperms. Palaeontologia Electronica: 18.1.2FC.
286	†Paradinandra suecica	80.7	crown	Ericales	192	crown Ericales	80.7 Ma	3 / unrevised (recent source >= 2000)	2 / intuitive or unspecified (trusted source)	3 / molecular tree only	Magallón S, Gómez-Acevedo S, Sánchez-Reyes LL, Hernández-Hernández T. 2015. A metacalibrated time-tree documents the early rise of flowering plant phylogenetic diversity. New Phytologist 207: 437–453.	Magallón S, Gómez-Acevedo S, Sánchez-Reyes LL, Hernández-Hernández T. 2015. A metacalibrated time-tree documents the early rise of flowering plant phylogenetic diversity. New Phytologist 207: 437–453.
287	†Pentapetalum trifasciculandricus	86.3	crown	Ericales	193	crown Ericales	86.3 Ma	4 / revised (stratigraphic)	5 / phylogenetic analysis	5 / combined morphological and molecular analysis (total evidence or backbone)	Magallón S, Gómez-Acevedo S, Sánchez-Reyes LL, Hernández-Hernández T. 2015. A metacalibrated time-tree documents the early rise of flowering plant phylogenetic diversity. New Phytologist 207: 437–453.	Massoni J, Doyle J, Sauquet H. 2015. Fossil calibration of Magnoliidae, an ancient lineage of angiosperms. Palaeontologia Electronica: 18.1.2FC.
273	†Parasaurauia allonensis	83.6	crown	Actinidiaceae	194	crown Actinidiaceae (Ericales)	83.6 Ma	4 / revised (stratigraphic)	5 / phylogenetic analysis	4 / morphological and molecular trees compared	Magallón S, Gómez-Acevedo S, Sánchez-Reyes LL, Hernández-Hernández T. 2015. A metacalibrated time-tree documents the early rise of flowering plant phylogenetic diversity. New Phytologist 207: 437–453.	Magallón S, Gómez-Acevedo S, Sánchez-Reyes LL, Hernández-Hernández T. 2015. A metacalibrated time-tree documents the early rise of flowering plant phylogenetic diversity. New Phytologist 207: 437–453.
274	†Austrodiospyros cryptostoma	33.9	crown	Ebenaceae	195	crown Ebenaceae (Ericales)	33.9 Ma	2 / unrevised (old source < 2000)	2 / intuitive or unspecified (trusted source)	1 / pre-molecular era (before 1990)	Basinger JF, Christophel DC. 1985. Fossil flowers and leaves of the Ebenaceae from the Eocene of southern Australia. Canadian Journal of Botany 63: 1825–1843.	Basinger JF, Christophel DC. 1985. Fossil flowers and leaves of the Ebenaceae from the Eocene of southern Australia. Canadian Journal of Botany 63: 1825–1843.
275	†Leucothoe praecox	66.0	crown	Vaccinioideae	196	crown Vaccinioideae (Ericaceae, Ericales)	66 Ma	2 / unrevised (old source < 2000)	2 / intuitive or unspecified (trusted source)	1 / pre-molecular era (before 1990)	Knobloch E, Mai DH. 1986. Monographie der Früchte und Samen in der Kreide von Mitteleuropa. Rozpravy ústredního ústavu geologichénho. Praha 47: 1-219.	Knobloch E, Mai DH. 1986. Monographie der Früchte und Samen in der Kreide von Mitteleuropa. Rozpravy ústredního ústavu geologichénho. Praha 47: 1-219.
276	†Visnea minima	66.0	stem	Pentaphylacaceae	197	stem Pentaphylacaceae (Ericales)	66 Ma	2 / unrevised (old source < 2000)	2 / intuitive or unspecified (trusted source)	3 / molecular tree only	Magallón S, Gómez-Acevedo S, Sánchez-Reyes LL, Hernández-Hernández T. 2015. A metacalibrated time-tree documents the early rise of flowering plant phylogenetic diversity. New Phytologist 207: 437–453.	Magallón S, Gómez-Acevedo S, Sánchez-Reyes LL, Hernández-Hernández T. 2015. A metacalibrated time-tree documents the early rise of flowering plant phylogenetic diversity. New Phytologist 207: 437–453.
277	†Gilisenium hueberi	48.5	crown	Polemoniaceae	198	crown Polemoniaceae (Ericales)	48.5 Ma	5 / revised (radioisotopic)	2 / intuitive or unspecified (trusted source)	3 / molecular tree only	Magallón S, Gómez-Acevedo S, Sánchez-Reyes LL, Hernández-Hernández T. 2015. A metacalibrated time-tree documents the early rise of flowering plant phylogenetic diversity. New Phytologist 207: 437–453.	Smith ME. 2003. 40Ar/39 Ar geochronology of the Eocene Green River Formation, Wyoming. Geological Society of America Bulletin: 549–565.
278	†unnamed Roridulaceae	33.9	crown	Roridulaceae	199	crown Roridulaceae (Ericales)	33.9 Ma	4 / revised (stratigraphic)	3 / apomorphy-based (apomorphies unlisted or untested)	3 / molecular tree only	Sadowski E-M, Seyfullah LJ, Sadowski F, Fleischmann A, Behling H, Schmidt AR. 2015. Carnivorous leaves from Baltic amber. Proceedings of the National Academy of Sciences 112: 190–195.	Sadowski E-M, Seyfullah LJ, Sadowski F, Fleischmann A, Behling H, Schmidt AR. 2015. Carnivorous leaves from Baltic amber. Proceedings of the National Academy of Sciences 112: 190–195.
279	†Chrysophyllum tertiarum	56.0	crown	Sapotaceae	200	crown Sapotaceae (Ericales)	56 Ma	2 / unrevised (old source < 2000)	2 / intuitive or unspecified (trusted source)	3 / molecular tree only	Martínez-Millán M. 2010. Fossil record and age of the Asteridae. Botanical Review 76: 83–135.	Mehrotra, R. C. 2000. Study of plant megafossils from the Tura Formation of Nangwalbibra, Garo Hills, Meghalaya, India. The Palaeobotanist 49(2): 255–237.
280	†Rehderodendron stonei	47.8	stem	Styracaceae	201	stem Styracaceae (Ericales)	47.8 Ma	2 / unrevised (old source < 2000)	2 / intuitive or unspecified (trusted source)	3 / molecular tree only	Magallón S, Gómez-Acevedo S, Sánchez-Reyes LL, Hernández-Hernández T. 2015. A metacalibrated time-tree documents the early rise of flowering plant phylogenetic diversity. New Phytologist 207: 437–453.	Chandler MEJ. 1961. The Lower Tertiary floras of southern England. I. Paleocene Floras. London Clay Flora (Supplement). Text and Atlas. London: British Museum (Natural History).
281	†Styrax transversa	48.5	crown	Styracaceae	202	crown Styracaceae (Ericales)	48.5 Ma	5 / revised (radioisotopic)	1 / intuitive or unspecified	1 / pre-molecular era (before 1990)	MacGinitie 1969. The Eocene Green River flora of northwestern Colorado and northeastern Utah. Univ. Calif. Publ. Geo. Sci. 83: 1-140	Smith ME. 2003. 40Ar/39 Ar geochronology of the Eocene Green River Formation, Wyoming. Geological Society of America Bulletin: 549–565.
282	†Symplocos grimsleyi	47.8	crown	Symplocaceae	203	crown Symplocaceae (Ericales)	47.8 Ma	2 / unrevised (old source < 2000)	2 / intuitive or unspecified (trusted source)	3 / molecular tree only	Martínez-Millán M. 2010. Fossil record and age of the Asteridae. Botanical Review 76: 83–135.	Martínez-Millán M. 2010. Fossil record and age of the Asteridae. Botanical Review 76: 83–135.
283	†Psilatricolporites crassus	23.03	crown	Tetrameristaceae	204	crown Tetrameristaceae (Ericales)	23.03 Ma	2 / unrevised (old source < 2000)	1 / intuitive or unspecified	1 / pre-molecular era (before 1990)	Germeraad JH, Hopping CA, Muller J. 1968. Palynology of Tertiary sediments from tropical areas. Review of Palaeobotany and Palynology 6: 189–348.	Van der Hammen T, Wymstra TA. 1964. A palynological study on the tertiary and Upper Cretaceous of British Guiana. Leidse Geologische Mededelingen 30: 183–241.
284	†Andrewsiocarpon henryense	37.8	crown	Theaceae	205	crown Theaceae (Ericales)	37.8 Ma	4 / revised (stratigraphic)	3 / apomorphy-based (apomorphies unlisted or untested)	3 / molecular tree only	Martínez-Millán M. 2010. Fossil record and age of the Asteridae. Botanical Review 76: 83–135.	Sauquet H, Ho SYW, Gandolfo MA, Jordan GJ, Wilf P, Cantrill DJ, Bayly MJ, Bromham L, Brown GK, Carpenter RJ, Lee DM, Murphy DJ, Sniderman JMK, Udovicic F. 2012. Testing the impact of calibration on molecular divergence times using a fossil-rich group: the case of Nothofagus (Fagales). Systematic Biology 61: 289–313.
313	†Carpites ulmiformis	66.0	stem	Apiaceae	206	stem Apiaceae (Apiales)	66 Ma	4 / revised (stratigraphic)	2 / intuitive or unspecified (trusted source)	3 / molecular tree only	Manchester SR, O’Leary EL. 2010. Phylogenetic distribution and identification of fin-winged fruits. Botanical Review 76: 1–82.	Dorf E. 1942. Upper Cretaceous floras of the Rocky Mountain Region. II. Flora of the Lance Formation at its type locality, Niobrara County, Wyoming. Carnegie Inst. Wash. Contrib. Palaeont. 508: 79–159.
312	†Umbelliferospermum latahense	41.2	stem	Apiaceae	207	stem Apiaceae (Apiales)	41.2 Ma	3 / unrevised (recent source >= 2000)	3 / apomorphy-based (apomorphies unlisted or untested)	3 / molecular tree only	Magallón S, Gómez-Acevedo S, Sánchez-Reyes LL, Hernández-Hernández T. 2015. A metacalibrated time-tree documents the early rise of flowering plant phylogenetic diversity. New Phytologist 207: 437–453.	Magallón S, Gómez-Acevedo S, Sánchez-Reyes LL, Hernández-Hernández T. 2015. A metacalibrated time-tree documents the early rise of flowering plant phylogenetic diversity. New Phytologist 207: 437–453.
314	†Paleopanax oregonensis	41.2	crown	Aralioideae	208	crown Aralioideae (Araliaceae, Apiales)	41.2 Ma	2 / unrevised (old source < 2000)	3 / apomorphy-based (apomorphies unlisted or untested)	3 / molecular tree only	Magallón S, Gómez-Acevedo S, Sánchez-Reyes LL, Hernández-Hernández T. 2015. A metacalibrated time-tree documents the early rise of flowering plant phylogenetic diversity. New Phytologist 207: 437–453.	Sauquet H, Ho SYW, Gandolfo MA, Jordan GJ, Wilf P, Cantrill DJ, Bayly MJ, Bromham L, Brown GK, Carpenter RJ, Lee DM, Murphy DJ, Sniderman JMK, Udovicic F. 2012. Testing the impact of calibration on molecular divergence times using a fossil-rich group: the case of Nothofagus (Fagales). Systematic Biology 61: 289–313.
315	†Toricellia bonensii	56.0	crown	Torricelliaceae	209	crown Torricelliaceae (Apiales)	56 Ma	3 / unrevised (recent source >= 2000)	2 / intuitive or unspecified (trusted source)	3 / molecular tree only	Magallón S, Gómez-Acevedo S, Sánchez-Reyes LL, Hernández-Hernández T. 2015. A metacalibrated time-tree documents the early rise of flowering plant phylogenetic diversity. New Phytologist 207: 437–453.	Manchester SR, Chen ZD, Lu AM, Uemura K. 2009. Eastern Asian endemic seed plant genera and their paleogeographic history throughout the Northern Hemisphere. Journal of Systematics and Evolution 47: 1–42.
316	†Ilex hercynica	61.6	stem	Aquifoliaceae	210	stem Aquifoliaceae (Aquifoliales)	61.6 Ma	2 / unrevised (old source < 2000)	2 / intuitive or unspecified (trusted source)	3 / molecular tree only	Magallón S, Gómez-Acevedo S, Sánchez-Reyes LL, Hernández-Hernández T. 2015. A metacalibrated time-tree documents the early rise of flowering plant phylogenetic diversity. New Phytologist 207: 437–453.	Martínez-Millán M. 2010. Fossil record and age of the Asteridae. Botanical Review 76: 83–135.
317	†Raiguenrayun cura	47.46	crown	Asteraceae	211	crown Asteraceae (Asterales)	47.46 Ma	5 / revised (radioisotopic)	3 / apomorphy-based (apomorphies unlisted or untested)	3 / molecular tree only	Barreda VD, Palazzesi L, Katinas L, Crisci J V, Tellería MC, Bremer K, Passala MG, Bechis F, Corsolini R. 2012. An extinct Eocene taxon of the daisy family (Asteraceae): evolutionary, ecological and biogeographical implications. Annals of Botany 109: 127–134.	Barreda VD, Palazzesi L, Katinas L, Crisci J V, Tellería MC, Bremer K, Passala MG, Bechis F, Corsolini R. 2012. An extinct Eocene taxon of the daisy family (Asteraceae): evolutionary, ecological and biogeographical implications. Annals of Botany 109: 127–134.
328	†Tubulifloridites lilliei type A	72.1	stem	Asteraceae	212	stem Asteraceae (Asterales)	72.1 Ma	4 / revised (stratigraphic)	5 / phylogenetic analysis	5 / combined morphological and molecular analysis (total evidence or backbone)	Barreda VD, Palazzesi L, Tellería MC, Olivero EB, Raine JI, Forest F. 2015. Early evolution of the angiosperm clade Asteraceae in the Cretaceous of Antarctica. Proceedings of the National Academy of Sciences 112: 10989–10994.	Barreda VD, Palazzesi L, Tellería MC, Olivero EB, Raine JI, Forest F. 2015. Early evolution of the angiosperm clade Asteraceae in the Cretaceous of Antarctica. Proceedings of the National Academy of Sciences 112: 10989–10994.
318	†Campanula palaeopyramidalis	5.33	crown	Campanuloideae	213	crown Campanuloideae (Campanulaceae, Asterales)	5.333 Ma	4 / revised (stratigraphic)	2 / intuitive or unspecified (trusted source)	3 / molecular tree only	Magallón S, Gómez-Acevedo S, Sánchez-Reyes LL, Hernández-Hernández T. 2015. A metacalibrated time-tree documents the early rise of flowering plant phylogenetic diversity. New Phytologist 207: 437–453.	Lancucka-Srodoniowa M. 1977. New herbs described from the Tertiary of Poland. Acta Palaeobotanica 18: 37–44.
319	†Poluspissusites ramus	23.03	crown	Goodeniaceae	214	crown Goodeniaceae (Asterales)	23.03 Ma	2 / unrevised (old source < 2000)	2 / intuitive or unspecified (trusted source)	1 / pre-molecular era (before 1990)	Pocknall DT. 1982. Palynology of late Oligocene Pomahaka Estuarine Bed sediments, Waikoikoi, Southland, New Zealand, New Zealand Journal of Botany, 20:3, 263-287	Pocknall DT. 1982. Palynology of late Oligocene Pomahaka Estuarine Bed sediments, Waikoikoi, Southland, New Zealand, New Zealand Journal of Botany, 20:3, 263-287
320	†Menyanthes cf. trifoliata	5.33	crown	Menyanthaceae	215	crown Menyanthaceae (Asterales)	5.333 Ma	2 / unrevised (old source < 2000)	2 / intuitive or unspecified (trusted source)	3 / molecular tree only	Lancucka-Srodoniowa M. 1979. Macroscopical plant remains from the freshwater Miocene of the Nowy Sacz Basin (West Carpathians, Poland). Acta Palaeobotanica 20: 3–117.	Lancucka-Srodoniowa M. 1979. Macroscopical plant remains from the freshwater Miocene of the Nowy Sacz Basin (West Carpathians, Poland). Acta Palaeobotanica 20: 3–117.
322	†Diervilla echinata	27.82	crown	Diervilloideae	216	crown Diervilloideae (Caprifoliaceae, Dipsacales)	27.82 Ma	2 / unrevised (old source < 2000)	2 / intuitive or unspecified (trusted source)	3 / molecular tree only	Martínez-Millán M. 2010. Fossil record and age of the Asteridae. Botanical Review 76: 83–135.	Piel KM. 1971. Palynology of Oligocene sediments from central British Columbia. Canadian Journal of Botany 49: 1885–1920.
323	†Diplodipelta reniptera	34.07	crown	Linnaeoideae	217	crown Linnaeoideae (Caprifoliaceae, Dipsacales)	34.07 Ma	5 / revised (radioisotopic)	5 / phylogenetic analysis	4 / morphological and molecular trees compared	Martínez-Millán M. 2010. Fossil record and age of the Asteridae. Botanical Review 76: 83–135.	Evanhoff E, McIntosh W, Murphey P. 2001. Stratigraphic summary and 40Ar/39Ar geochronology of the Florissant Formation, Colorado. Proceedings of the Denver Museum of Nature & Science 4: 1–16.
321	†Patrinia paleosibirica	5.33	crown	Valerianoideae	218	crown Valerianoideae (Caprifoliaceae, Dipsacales)	5.333 Ma	2 / unrevised (old source < 2000)	2 / intuitive or unspecified (trusted source)	3 / molecular tree only	Magallón S, Gómez-Acevedo S, Sánchez-Reyes LL, Hernández-Hernández T. 2015. A metacalibrated time-tree documents the early rise of flowering plant phylogenetic diversity. New Phytologist 207: 437–453.	Lancucka-Srodoniowa M. 1979. Macroscopical plant remains from the freshwater Miocene of the Nowy Sacz Basin (West Carpathians, Poland). Acta Palaeobotanica 20: 3–117.
289	†Lithospermum dakotense	5.33	crown	Boraginaceae	219	crown Boraginaceae (Boraginales)	5.333 Ma	2 / unrevised (old source < 2000)	3 / apomorphy-based (apomorphies unlisted or untested)	3 / molecular tree only	Gabel ML. 1987. A Fossil Lithospermum (Boraginaceae) from the Tertiary of South Dakota. American Journal of Botany 74: 1690–1693.	Gabel ML. 1987. A Fossil Lithospermum (Boraginaceae) from the Tertiary of South Dakota. American Journal of Botany 74: 1690–1693.
290	†Cordia platanifolia	23.03	crown	Cordiaceae	220	crown Cordiaceae (Boraginales)	23.03 Ma	2 / unrevised (old source < 2000)	1 / intuitive or unspecified	3 / molecular tree only	Martínez-Millán M. 2010. Fossil record and age of the Asteridae. Botanical Review 76: 83–135.	Martínez-Millán M. 2010. Fossil record and age of the Asteridae. Botanical Review 76: 83–135.
291	†Ehretia clausentia	47.8	crown	Ehretiaceae	221	crown Ehretiaceae (Boraginales)	47.8 Ma	4 / revised (stratigraphic)	2 / intuitive or unspecified (trusted source)	3 / molecular tree only	Martínez-Millán M. 2010. Fossil record and age of the Asteridae. Botanical Review 76: 83–135.	Chandler MEJ. 1961. The Lower Tertiary floras of southern England. I. Paleocene Floras. London Clay Flora (Supplement). Text and Atlas. London: British Museum (Natural History).
339	†Eucommia eocenica	37.8	stem	Eucommiaceae	222	stem Eucommiaceae (Garryales)	37.8 Ma	4 / revised (stratigraphic)	2 / intuitive or unspecified (trusted source)	1 / pre-molecular era (before 1990)	Magallón S, Gómez-Acevedo S, Sánchez-Reyes LL, Hernández-Hernández T. 2015. A metacalibrated time-tree documents the early rise of flowering plant phylogenetic diversity. New Phytologist 207: 437–453.	Sauquet H, Ho SYW, Gandolfo MA, Jordan GJ, Wilf P, Cantrill DJ, Bayly MJ, Bromham L, Brown GK, Carpenter RJ, Lee DM, Murphy DJ, Sniderman JMK, Udovicic F. 2012. Testing the impact of calibration on molecular divergence times using a fossil-rich group: the case of Nothofagus (Fagales). Systematic Biology 61: 289–313.
292	†Eucommia montana	47.8	stem	Eucommiaceae	223	stem Eucommiaceae (Garryales)	47.8 Ma	2 / unrevised (old source < 2000)	3 / apomorphy-based (apomorphies unlisted or untested)	3 / molecular tree only	Martínez-Millán M. 2010. Fossil record and age of the Asteridae. Botanical Review 76: 83–135.	Call VB, Dilcher DL. 1997. The fossil record of Eucommia (Eucommiaceae) in North America. American Journal of Botany 84: 798–814.
293	†Garrya axelrodi	11.63	crown	Garryaceae	224	crown Garryaceae (Garryales)	11.63 Ma	4 / revised (stratigraphic)	2 / intuitive or unspecified (trusted source)	3 / molecular tree only	Wolfe JA. 1964. The Miocene floras from Fingerrock Wash Southwestern Nevada. U.S. Geological Survey Professional Paper 454–N: N1–N36	Wolfe JA. 1964. The Miocene floras from Fingerrock Wash Southwestern Nevada. U.S. Geological Survey Professional Paper 454–N: N1–N36
294	†Apocynospermum coloradensis	48.5	crown	Apocynaceae	225	crown Apocynaceae (Gentianales)	48.5 Ma	5 / revised (radioisotopic)	2 / intuitive or unspecified (trusted source)	3 / molecular tree only	Brown RW. 1929. Additions to the flora of the Green River formation. U.S. Geological Survey Professional Paper 154: 279–292.	Smith ME. 2003. 40Ar/39 Ar geochronology of the Eocene Green River Formation, Wyoming. Geological Society of America Bulletin: 549–565.
296	†Voyrioseminites magnus	33.9	crown	Gentianaceae	226	crown Gentianaceae (Gentianales)	33.9 Ma	2 / unrevised (old source < 2000)	2 / intuitive or unspecified (trusted source)	3 / molecular tree only	Martínez-Millán M. 2010. Fossil record and age of the Asteridae. Botanical Review 76: 83–135.	Martínez-Millán M. 2010. Fossil record and age of the Asteridae. Botanical Review 76: 83–135.
297	†Emmenopterys dilcheri	41.2	crown	Ixoroideae	227	crown Ixoroideae (Rubiaceae, Gentianales)	41.2 Ma	4 / revised (stratigraphic)	3 / apomorphy-based (apomorphies unlisted or untested)	3 / molecular tree only	Magallón S, Gómez-Acevedo S, Sánchez-Reyes LL, Hernández-Hernández T. 2015. A metacalibrated time-tree documents the early rise of flowering plant phylogenetic diversity. New Phytologist 207: 437–453.	Sauquet H, Ho SYW, Gandolfo MA, Jordan GJ, Wilf P, Cantrill DJ, Bayly MJ, Bromham L, Brown GK, Carpenter RJ, Lee DM, Murphy DJ, Sniderman JMK, Udovicic F. 2012. Testing the impact of calibration on molecular divergence times using a fossil-rich group: the case of Nothofagus (Fagales). Systematic Biology 61: 289–313.
329	†Icacinanthium tainiaphorum	47.8	crown	Icacinaceae	228	crown Icacinaceae (Icacinales)	47.8 Ma	4 / revised (stratigraphic)	5 / phylogenetic analysis	5 / combined morphological and molecular analysis (total evidence or backbone)	Del Rio C, Haevermans T, De Franceschi D. 2017. First record of an Icacinaceae Miers fossil flower from le Quesnoy (Ypresian, France) amber. Scientific Reports 7: 1–8.	Del Rio C, Haevermans T, De Franceschi D. 2017. First record of an Icacinaceae Miers fossil flower from le Quesnoy (Ypresian, France) amber. Scientific Reports 7: 1–8.
301	†Acanthus rugatus	27.82	crown	Acanthoideae	229	crown Acanthoideae (Acanthaceae, Lamiales)	27.82 Ma	2 / unrevised (old source < 2000)	4 / apomorphy-based (apomorphies listed and tested)	3 / molecular tree only	Tripp EA, McDade LA. 2014. A rich fossil record yields calibrated phylogeny for acanthaceae (Lamiales) and evidence for marked biases in timing and directionality of intercontinental disjunctions. Systematic Biology 63: 660–684.	Reid EM, Chandler MEJ. 1926. Catalogue of Cainozoic plants in the Department of Geology. The Bembridge Flora. Catalogue of Cainozoic Plants in the Department of Geology, British Museum.
300	†unnamed cf. Avicennia	37.8	stem	Avicennioideae	230	stem Avicennioideae (Acanthaceae, Lamiales)	37.8 Ma	3 / unrevised (recent source >= 2000)	3 / apomorphy-based (apomorphies unlisted or untested)	3 / molecular tree only	Tripp EA, McDade LA. 2014. A rich fossil record yields calibrated phylogeny for acanthaceae (Lamiales) and evidence for marked biases in timing and directionality of intercontinental disjunctions. Systematic Biology 63: 660–684.	Cavagnetto C, Anadón P. 1996. Preliminary palynological data on floristic and climatic changes during the Middle Eocene-Early Oligocene of the eastern Ebro Basin, northeast Spain. Review of Palaeobotany and Palynology 92: 281–305.
303	†Catalpa sp.	38.4	stem	Catalpa	231	stem Catalpa (Bignoniaceae, Lamiales)	38.4 Ma	5 / revised (radioisotopic)	2 / intuitive or unspecified (trusted source)	3 / molecular tree only	Manchester SR. 2000. Late Eocene fossil plants of the John Day Formation, Wheeler County, Oregon. Oregon Geology 62: 51-63.	Manchester SR. 2000. Late Eocene fossil plants of the John Day Formation, Wheeler County, Oregon. Oregon Geology 62: 51-63.
304	†Golden Grove Byblidaceae parataxon	41.2	crown	Byblidaceae	232	crown Byblidaceae (Lamiales)	41.2 Ma	3 / unrevised (recent source >= 2000)	2 / intuitive or unspecified (trusted source)	3 / molecular tree only	Magallón S, Gómez-Acevedo S, Sánchez-Reyes LL, Hernández-Hernández T. 2015. A metacalibrated time-tree documents the early rise of flowering plant phylogenetic diversity. New Phytologist 207: 437–453.	Conran JG, Christophel DC. 2004. A Fossil Byblidaceae Seed from Eocene South Australia. International Journal of Plant Sciences 165: 691–694.
305	†Ajuginucula smithii	27.82	stem	Ajugoideae	233	stem Ajugoideae (Lamiaceae, Lamiales)	27.82 Ma	2 / unrevised (old source < 2000)	2 / intuitive or unspecified (trusted source)	3 / molecular tree only	Martínez-Millán M. 2010. Fossil record and age of the Asteridae. Botanical Review 76: 83–135.	Reid EM, Chandler MEJ. 1926. Catalogue of Cainozoic plants in the Department of Geology. The Bembridge Flora. Catalogue of Cainozoic Plants in the Department of Geology, British Museum.
306	†Melissa parva	27.82	crown	Nepetoideae	234	crown Nepetoideae (Lamiaceae, Lamiales)	27.82 Ma	2 / unrevised (old source < 2000)	2 / intuitive or unspecified (trusted source)	3 / molecular tree only	Reid EM, Chandler MEJ. 1926. Catalogue of Cainozoic plants in the Department of Geology. The Bembridge Flora. Catalogue of Cainozoic Plants in the Department of Geology, British Museum.	Reid EM, Chandler MEJ. 1926. Catalogue of Cainozoic plants in the Department of Geology. The Bembridge Flora. Catalogue of Cainozoic Plants in the Department of Geology, British Museum.
307	†Fraxinus rupinarum	27.82	crown	Oleaceae	235	crown Oleaceae (Lamiales)	27.82 Ma	4 / revised (stratigraphic)	1 / intuitive or unspecified	1 / pre-molecular era (before 1990)	Becker, HF. 1961. Oligocene plants from the Upper Ruby River Basin, South-Western Montana. The Geological Society of America Memoir 82. Waverly Press, New York.	Lielke KJ. 2012. The climatic, biotic and tectonic evolution of the Paleogene Renova formation of Southwestern Montana. PhD Thesis, University of Montana, U.S.A.
341	†Paulownia inopinata	11.63	stem	Paulowniaceae	236	stem Paulowniaceae (Lamiales)	11.63 Ma	2 / unrevised (old source < 2000)	1 / intuitive or unspecified	3 / molecular tree only	Magallón S, Gómez-Acevedo S, Sánchez-Reyes LL, Hernández-Hernández T. 2015. A metacalibrated time-tree documents the early rise of flowering plant phylogenetic diversity. New Phytologist 207: 437–453.	Butzmann R, Fischer T. 1997. Description of the fossil fruit Paulownia inopinata nov. sp. from the Middle Miocene of Unterwohlbach (Bavaria) and other possible occurrences of the genus in the Tertiary. Documenta Naturae 115: 1–13.
308	†Trapella weylandi	2.58	crown	Pedaliaceae	237	crown Pedaliaceae (Lamiales)	2.58 Ma	2 / unrevised (old source < 2000)	1 / intuitive or unspecified	3 / molecular tree only	Magallón S, Gómez-Acevedo S, Sánchez-Reyes LL, Hernández-Hernández T. 2015. A metacalibrated time-tree documents the early rise of flowering plant phylogenetic diversity. New Phytologist 207: 437–453.	Magallón S, Gómez-Acevedo S, Sánchez-Reyes LL, Hernández-Hernández T. 2015. A metacalibrated time-tree documents the early rise of flowering plant phylogenetic diversity. New Phytologist 207: 437–453.
310	†Calystegiapollis microechinatus	47.8	crown	Convolvulaceae	238	crown Convolvulaceae (Solanales)	47.8 Ma	2 / unrevised (old source < 2000)	1 / intuitive or unspecified	1 / pre-molecular era (before 1990)	Muller J. 1981. Fossil pollen records of extant angiosperms. Botanical Review 47: 1-142.	Muller J. 1981. Fossil pollen records of extant angiosperms. Botanical Review 47: 1-142.
327	†Physalis infinemundi	52.22	crown	Solanaceae	239	crown Solanaceae (Solanales)	52.22 Ma	5 / revised (radioisotopic)	5 / phylogenetic analysis	5 / combined morphological and molecular analysis (total evidence or backbone)	Wilf P, Carvalho MR, Gandolfo MA, Cu´neo NRC. 2017. Eocene lantern fruits from Gondwanan Patagonia and the early origins of Solanaceae. Science 355: 71-75.	Wilf P, Carvalho MR, Gandolfo MA, Cu´neo NRC. 2017. Eocene lantern fruits from Gondwanan Patagonia and the early origins of Solanaceae. Science 355: 71-75.
311	†Solanispermum reniforme	33.9	crown	Solanaceae	240	crown Solanaceae (Solanales)	33.9 Ma	2 / unrevised (old source < 2000)	2 / intuitive or unspecified (trusted source)	3 / molecular tree only	Magallón S, Gómez-Acevedo S, Sánchez-Reyes LL, Hernández-Hernández T. 2015. A metacalibrated time-tree documents the early rise of flowering plant phylogenetic diversity. New Phytologist 207: 437–453.	Magallón S, Gómez-Acevedo S, Sánchez-Reyes LL, Hernández-Hernández T. 2015. A metacalibrated time-tree documents the early rise of flowering plant phylogenetic diversity. New Phytologist 207: 437–453.
